trueup_id,loan_id,posting_month,trueup_amount,trueup_reason
TU00000001,LN00000006,2025-01-31,1.65,SYNTHETIC_RECLASS
TU00000002,LN00000010,2025-05-31,813.98,SYNTHETIC_RECLASS
TU00000003,LN00000022,2026-05-31,404.54,SYNTHETIC_RECLASS
TU00000004,LN00000037,2025-08-31,660.59,SYNTHETIC_RECLASS
TU00000005,LN00000053,2024-12-31,-412.02,SYNTHETIC_RECLASS
TU00000006,LN00000063,2025-10-31,-561.45,SYNTHETIC_RECLASS
TU00000007,LN00000064,2025-11-30,1111.02,SYNTHETIC_RECLASS
TU00000008,LN00000067,2026-02-28,855.18,SYNTHETIC_RECLASS
TU00000009,LN00000072,2026-07-31,-707.43,SYNTHETIC_RECLASS
TU00000010,LN00000073,2024-08-31,1246.24,SYNTHETIC_RECLASS
TU00000011,LN00000094,2026-05-31,796.92,SYNTHETIC_RECLASS
TU00000012,LN00000095,2026-06-30,788.00,SYNTHETIC_RECLASS
TU00000013,LN00000111,2025-10-31,382.95,SYNTHETIC_RECLASS
TU00000014,LN00000123,2024-10-31,-590.65,SYNTHETIC_RECLASS
TU00000015,LN00000140,2026-03-31,380.34,SYNTHETIC_RECLASS
TU00000016,LN00000166,2026-05-31,99.29,SYNTHETIC_RECLASS
TU00000017,LN00000169,2024-08-31,1238.55,SYNTHETIC_RECLASS
TU00000018,LN00000198,2025-01-31,257.78,SYNTHETIC_RECLASS
TU00000019,LN00000205,2025-08-31,1215.97,SYNTHETIC_RECLASS
TU00000020,LN00000206,2025-09-30,41.10,SYNTHETIC_RECLASS
TU00000021,LN00000211,2026-02-28,766.45,SYNTHETIC_RECLASS
TU00000022,LN00000212,2026-03-31,-264.46,SYNTHETIC_RECLASS
TU00000023,LN00000220,2024-11-30,-573.94,SYNTHETIC_RECLASS
TU00000024,LN00000228,2025-07-31,16.65,SYNTHETIC_RECLASS
TU00000025,LN00000234,2026-01-31,-535.65,SYNTHETIC_RECLASS
TU00000026,LN00000237,2026-04-30,64.65,SYNTHETIC_RECLASS
TU00000027,LN00000249,2025-04-30,-116.77,SYNTHETIC_RECLASS
TU00000028,LN00000251,2025-06-30,670.99,SYNTHETIC_RECLASS
TU00000029,LN00000255,2025-10-31,62.25,SYNTHETIC_RECLASS
TU00000030,LN00000256,2025-11-30,991.93,SYNTHETIC_RECLASS
TU00000031,LN00000259,2026-02-28,621.11,SYNTHETIC_RECLASS
TU00000032,LN00000266,2024-09-30,583.96,SYNTHETIC_RECLASS
TU00000033,LN00000272,2025-03-31,-614.18,SYNTHETIC_RECLASS
TU00000034,LN00000276,2025-07-31,-395.44,SYNTHETIC_RECLASS
TU00000035,LN00000307,2026-02-28,-186.85,SYNTHETIC_RECLASS
TU00000036,LN00000310,2026-05-31,598.05,SYNTHETIC_RECLASS
TU00000037,LN00000312,2026-07-31,-681.47,SYNTHETIC_RECLASS
TU00000038,LN00000316,2024-11-30,103.52,SYNTHETIC_RECLASS
TU00000039,LN00000328,2025-11-30,-321.25,SYNTHETIC_RECLASS
TU00000040,LN00000334,2026-05-31,565.15,SYNTHETIC_RECLASS
TU00000041,LN00000335,2026-06-30,275.93,SYNTHETIC_RECLASS
TU00000042,LN00000336,2026-07-31,1070.96,SYNTHETIC_RECLASS
TU00000043,LN00000352,2025-11-30,-713.92,SYNTHETIC_RECLASS
TU00000044,LN00000360,2026-07-31,-216.25,SYNTHETIC_RECLASS
TU00000045,LN00000369,2025-04-30,-650.68,SYNTHETIC_RECLASS
TU00000046,LN00000372,2025-07-31,811.14,SYNTHETIC_RECLASS
TU00000047,LN00000410,2024-09-30,134.63,SYNTHETIC_RECLASS
TU00000048,LN00000417,2025-04-30,-674.54,SYNTHETIC_RECLASS
TU00000049,LN00000419,2025-06-30,-45.09,SYNTHETIC_RECLASS
TU00000050,LN00000420,2025-07-31,-308.88,SYNTHETIC_RECLASS
TU00000051,LN00000422,2025-09-30,1083.67,SYNTHETIC_RECLASS
TU00000052,LN00000426,2026-01-31,814.58,SYNTHETIC_RECLASS
TU00000053,LN00000439,2025-02-28,1221.23,SYNTHETIC_RECLASS
TU00000054,LN00000463,2025-02-28,1141.54,SYNTHETIC_RECLASS
TU00000055,LN00000471,2025-10-31,-411.58,SYNTHETIC_RECLASS
TU00000056,LN00000476,2026-03-31,13.61,SYNTHETIC_RECLASS
TU00000057,LN00000484,2024-11-30,-296.62,SYNTHETIC_RECLASS
TU00000058,LN00000508,2024-11-30,-422.17,SYNTHETIC_RECLASS
TU00000059,LN00000520,2025-11-30,-288.06,SYNTHETIC_RECLASS
TU00000060,LN00000527,2026-06-30,145.03,SYNTHETIC_RECLASS
TU00000061,LN00000528,2026-07-31,-682.75,SYNTHETIC_RECLASS
TU00000062,LN00000529,2024-08-31,1041.69,SYNTHETIC_RECLASS
TU00000063,LN00000542,2025-09-30,-222.20,SYNTHETIC_RECLASS
TU00000064,LN00000544,2025-11-30,370.90,SYNTHETIC_RECLASS
TU00000065,LN00000546,2026-01-31,420.51,SYNTHETIC_RECLASS
TU00000066,LN00000549,2026-04-30,674.12,SYNTHETIC_RECLASS
TU00000067,LN00000560,2025-03-31,640.33,SYNTHETIC_RECLASS
TU00000068,LN00000572,2026-03-31,829.91,SYNTHETIC_RECLASS
TU00000069,LN00000574,2026-05-31,571.19,SYNTHETIC_RECLASS
TU00000070,LN00000584,2025-03-31,-219.81,SYNTHETIC_RECLASS
TU00000071,LN00000585,2025-04-30,431.60,SYNTHETIC_RECLASS
TU00000072,LN00000589,2025-08-31,-599.62,SYNTHETIC_RECLASS
TU00000073,LN00000597,2026-04-30,770.39,SYNTHETIC_RECLASS
TU00000074,LN00000605,2024-12-31,476.68,SYNTHETIC_RECLASS
TU00000075,LN00000606,2025-01-31,935.74,SYNTHETIC_RECLASS
TU00000076,LN00000608,2025-03-31,41.99,SYNTHETIC_RECLASS
TU00000077,LN00000615,2025-10-31,47.43,SYNTHETIC_RECLASS
TU00000078,LN00000641,2025-12-31,-456.45,SYNTHETIC_RECLASS
TU00000079,LN00000652,2024-11-30,-253.12,SYNTHETIC_RECLASS
TU00000080,LN00000653,2024-12-31,193.69,SYNTHETIC_RECLASS
TU00000081,LN00000654,2025-01-31,-70.48,SYNTHETIC_RECLASS
TU00000082,LN00000662,2025-09-30,168.21,SYNTHETIC_RECLASS
TU00000083,LN00000664,2025-11-30,-618.89,SYNTHETIC_RECLASS
TU00000084,LN00000674,2024-09-30,371.27,SYNTHETIC_RECLASS
TU00000085,LN00000675,2024-10-31,75.47,SYNTHETIC_RECLASS
TU00000086,LN00000684,2025-07-31,-727.97,SYNTHETIC_RECLASS
TU00000087,LN00000690,2026-01-31,280.46,SYNTHETIC_RECLASS
TU00000088,LN00000696,2026-07-31,258.10,SYNTHETIC_RECLASS
TU00000089,LN00000708,2025-07-31,114.94,SYNTHETIC_RECLASS
TU00000090,LN00000713,2025-12-31,-597.80,SYNTHETIC_RECLASS
TU00000091,LN00000719,2026-06-30,51.52,SYNTHETIC_RECLASS
TU00000092,LN00000720,2026-07-31,183.61,SYNTHETIC_RECLASS
TU00000093,LN00000725,2024-12-31,737.81,SYNTHETIC_RECLASS
TU00000094,LN00000726,2025-01-31,167.27,SYNTHETIC_RECLASS
TU00000095,LN00000734,2025-09-30,303.61,SYNTHETIC_RECLASS
TU00000096,LN00000738,2026-01-31,-269.62,SYNTHETIC_RECLASS
TU00000097,LN00000752,2025-03-31,-415.95,SYNTHETIC_RECLASS
TU00000098,LN00000754,2025-05-31,-565.30,SYNTHETIC_RECLASS
TU00000099,LN00000755,2025-06-30,-623.56,SYNTHETIC_RECLASS
TU00000100,LN00000765,2026-04-30,681.01,SYNTHETIC_RECLASS
TU00000101,LN00000783,2025-10-31,-55.49,SYNTHETIC_RECLASS
TU00000102,LN00000800,2025-03-31,944.18,SYNTHETIC_RECLASS
TU00000103,LN00000815,2026-06-30,929.67,SYNTHETIC_RECLASS
TU00000104,LN00000817,2024-08-31,1051.29,SYNTHETIC_RECLASS
TU00000105,LN00000833,2025-12-31,401.67,SYNTHETIC_RECLASS
TU00000106,LN00000838,2026-05-31,798.84,SYNTHETIC_RECLASS
TU00000107,LN00000844,2024-11-30,770.13,SYNTHETIC_RECLASS
TU00000108,LN00000849,2025-04-30,413.61,SYNTHETIC_RECLASS
TU00000109,LN00000850,2025-05-31,1002.46,SYNTHETIC_RECLASS
TU00000110,LN00000854,2025-09-30,830.86,SYNTHETIC_RECLASS
TU00000111,LN00000861,2026-04-30,339.98,SYNTHETIC_RECLASS
TU00000112,LN00000862,2026-05-31,1050.95,SYNTHETIC_RECLASS
TU00000113,LN00000870,2025-01-31,-559.00,SYNTHETIC_RECLASS
TU00000114,LN00000874,2025-05-31,850.03,SYNTHETIC_RECLASS
TU00000115,LN00000875,2025-06-30,951.32,SYNTHETIC_RECLASS
TU00000116,LN00000879,2025-10-31,-175.49,SYNTHETIC_RECLASS
TU00000117,LN00000884,2026-03-31,37.67,SYNTHETIC_RECLASS
TU00000118,LN00000892,2024-11-30,-347.86,SYNTHETIC_RECLASS
TU00000119,LN00000908,2026-03-31,258.52,SYNTHETIC_RECLASS
TU00000120,LN00000914,2024-09-30,817.23,SYNTHETIC_RECLASS
TU00000121,LN00000918,2025-01-31,454.34,SYNTHETIC_RECLASS
TU00000122,LN00000919,2025-02-28,1130.19,SYNTHETIC_RECLASS
TU00000123,LN00000920,2025-03-31,398.13,SYNTHETIC_RECLASS
TU00000124,LN00000927,2025-10-31,-165.97,SYNTHETIC_RECLASS
TU00000125,LN00000942,2025-01-31,296.95,SYNTHETIC_RECLASS
TU00000126,LN00000948,2025-07-31,-722.25,SYNTHETIC_RECLASS
TU00000127,LN00000951,2025-10-31,1018.46,SYNTHETIC_RECLASS
TU00000128,LN00000954,2026-01-31,1056.62,SYNTHETIC_RECLASS
TU00000129,LN00000981,2026-04-30,925.31,SYNTHETIC_RECLASS
TU00000130,LN00000985,2024-08-31,-206.70,SYNTHETIC_RECLASS
TU00000131,LN00000993,2025-04-30,1079.77,SYNTHETIC_RECLASS
TU00000132,LN00001002,2026-01-31,387.09,SYNTHETIC_RECLASS
TU00000133,LN00001006,2026-05-31,-365.06,SYNTHETIC_RECLASS
TU00000134,LN00001017,2025-04-30,-332.63,SYNTHETIC_RECLASS
TU00000135,LN00001019,2025-06-30,1031.26,SYNTHETIC_RECLASS
TU00000136,LN00001025,2025-12-31,669.33,SYNTHETIC_RECLASS
TU00000137,LN00001039,2025-02-28,772.13,SYNTHETIC_RECLASS
TU00000138,LN00001043,2025-06-30,909.02,SYNTHETIC_RECLASS
TU00000139,LN00001044,2025-07-31,112.92,SYNTHETIC_RECLASS
TU00000140,LN00001058,2024-09-30,-38.28,SYNTHETIC_RECLASS
TU00000141,LN00001059,2024-10-31,142.60,SYNTHETIC_RECLASS
TU00000142,LN00001063,2025-02-28,100.96,SYNTHETIC_RECLASS
TU00000143,LN00001086,2025-01-31,15.01,SYNTHETIC_RECLASS
TU00000144,LN00001095,2025-10-31,-272.40,SYNTHETIC_RECLASS
TU00000145,LN00001103,2026-06-30,-573.85,SYNTHETIC_RECLASS
TU00000146,LN00001107,2024-10-31,584.89,SYNTHETIC_RECLASS
TU00000147,LN00001119,2025-10-31,-700.90,SYNTHETIC_RECLASS
TU00000148,LN00001132,2024-11-30,-351.45,SYNTHETIC_RECLASS
TU00000149,LN00001137,2025-04-30,1052.27,SYNTHETIC_RECLASS
TU00000150,LN00001139,2025-06-30,594.43,SYNTHETIC_RECLASS
TU00000151,LN00001152,2026-07-31,1242.82,SYNTHETIC_RECLASS
TU00000152,LN00001159,2025-02-28,513.25,SYNTHETIC_RECLASS
TU00000153,LN00001163,2025-06-30,160.05,SYNTHETIC_RECLASS
TU00000154,LN00001171,2026-02-28,789.10,SYNTHETIC_RECLASS
TU00000155,LN00001173,2026-04-30,-476.68,SYNTHETIC_RECLASS
TU00000156,LN00001174,2026-05-31,706.94,SYNTHETIC_RECLASS
TU00000157,LN00001185,2025-04-30,-563.64,SYNTHETIC_RECLASS
TU00000158,LN00001191,2025-10-31,427.40,SYNTHETIC_RECLASS
TU00000159,LN00001192,2025-11-30,1034.56,SYNTHETIC_RECLASS
TU00000160,LN00001195,2026-02-28,-71.21,SYNTHETIC_RECLASS
TU00000161,LN00001198,2026-05-31,1125.51,SYNTHETIC_RECLASS
TU00000162,LN00001222,2026-05-31,1064.51,SYNTHETIC_RECLASS
TU00000163,LN00001235,2025-06-30,991.80,SYNTHETIC_RECLASS
TU00000164,LN00001267,2026-02-28,175.38,SYNTHETIC_RECLASS
TU00000165,LN00001269,2026-04-30,-46.96,SYNTHETIC_RECLASS
TU00000166,LN00001272,2026-07-31,720.13,SYNTHETIC_RECLASS
TU00000167,LN00001296,2026-07-31,-648.61,SYNTHETIC_RECLASS
TU00000168,LN00001301,2024-12-31,778.46,SYNTHETIC_RECLASS
TU00000169,LN00001304,2025-03-31,1126.05,SYNTHETIC_RECLASS
TU00000170,LN00001306,2025-05-31,-587.75,SYNTHETIC_RECLASS
TU00000171,LN00001314,2026-01-31,-249.30,SYNTHETIC_RECLASS
TU00000172,LN00001317,2026-04-30,-234.81,SYNTHETIC_RECLASS
TU00000173,LN00001318,2026-05-31,1002.05,SYNTHETIC_RECLASS
TU00000174,LN00001319,2026-06-30,-653.72,SYNTHETIC_RECLASS
TU00000175,LN00001329,2025-04-30,72.09,SYNTHETIC_RECLASS
TU00000176,LN00001332,2025-07-31,645.97,SYNTHETIC_RECLASS
TU00000177,LN00001334,2025-09-30,254.91,SYNTHETIC_RECLASS
TU00000178,LN00001336,2025-11-30,-619.09,SYNTHETIC_RECLASS
TU00000179,LN00001338,2026-01-31,687.76,SYNTHETIC_RECLASS
TU00000180,LN00001339,2026-02-28,940.25,SYNTHETIC_RECLASS
TU00000181,LN00001345,2024-08-31,-277.13,SYNTHETIC_RECLASS
TU00000182,LN00001356,2025-07-31,-160.08,SYNTHETIC_RECLASS
TU00000183,LN00001360,2025-11-30,571.75,SYNTHETIC_RECLASS
TU00000184,LN00001364,2026-03-31,-76.37,SYNTHETIC_RECLASS
TU00000185,LN00001374,2025-01-31,45.31,SYNTHETIC_RECLASS
TU00000186,LN00001405,2025-08-31,1042.90,SYNTHETIC_RECLASS
TU00000187,LN00001411,2026-02-28,322.09,SYNTHETIC_RECLASS
TU00000188,LN00001422,2025-01-31,-130.75,SYNTHETIC_RECLASS
TU00000189,LN00001437,2026-04-30,1003.24,SYNTHETIC_RECLASS
TU00000190,LN00001441,2024-08-31,503.15,SYNTHETIC_RECLASS
TU00000191,LN00001448,2025-03-31,1022.37,SYNTHETIC_RECLASS
TU00000192,LN00001454,2025-09-30,-400.05,SYNTHETIC_RECLASS
TU00000193,LN00001456,2025-11-30,969.22,SYNTHETIC_RECLASS
TU00000194,LN00001470,2025-01-31,488.84,SYNTHETIC_RECLASS
TU00000195,LN00001478,2025-09-30,280.81,SYNTHETIC_RECLASS
TU00000196,LN00001479,2025-10-31,-327.96,SYNTHETIC_RECLASS
TU00000197,LN00001485,2026-04-30,635.72,SYNTHETIC_RECLASS
TU00000198,LN00001491,2024-10-31,317.19,SYNTHETIC_RECLASS
TU00000199,LN00001492,2024-11-30,-460.76,SYNTHETIC_RECLASS
TU00000200,LN00001501,2025-08-31,300.69,SYNTHETIC_RECLASS
TU00000201,LN00001502,2025-09-30,-19.51,SYNTHETIC_RECLASS
TU00000202,LN00001519,2025-02-28,134.00,SYNTHETIC_RECLASS
TU00000203,LN00001522,2025-05-31,868.49,SYNTHETIC_RECLASS
TU00000204,LN00001530,2026-01-31,-167.46,SYNTHETIC_RECLASS
TU00000205,LN00001536,2026-07-31,556.88,SYNTHETIC_RECLASS
TU00000206,LN00001537,2024-08-31,-677.39,SYNTHETIC_RECLASS
TU00000207,LN00001548,2025-07-31,-192.56,SYNTHETIC_RECLASS
TU00000208,LN00001550,2025-09-30,-75.42,SYNTHETIC_RECLASS
TU00000209,LN00001555,2026-02-28,-380.84,SYNTHETIC_RECLASS
TU00000210,LN00001559,2026-06-30,919.63,SYNTHETIC_RECLASS
TU00000211,LN00001563,2024-10-31,122.34,SYNTHETIC_RECLASS
TU00000212,LN00001567,2025-02-28,853.14,SYNTHETIC_RECLASS
TU00000213,LN00001570,2025-05-31,-128.40,SYNTHETIC_RECLASS
TU00000214,LN00001582,2026-05-31,232.86,SYNTHETIC_RECLASS
TU00000215,LN00001584,2026-07-31,514.99,SYNTHETIC_RECLASS
TU00000216,LN00001587,2024-10-31,250.49,SYNTHETIC_RECLASS
TU00000217,LN00001592,2025-03-31,1038.83,SYNTHETIC_RECLASS
TU00000218,LN00001608,2026-07-31,744.49,SYNTHETIC_RECLASS
TU00000219,LN00001611,2024-10-31,-252.59,SYNTHETIC_RECLASS
TU00000220,LN00001618,2025-05-31,665.08,SYNTHETIC_RECLASS
TU00000221,LN00001628,2026-03-31,-197.30,SYNTHETIC_RECLASS
TU00000222,LN00001630,2026-05-31,-174.70,SYNTHETIC_RECLASS
TU00000223,LN00001669,2025-08-31,97.10,SYNTHETIC_RECLASS
TU00000224,LN00001671,2025-10-31,547.77,SYNTHETIC_RECLASS
TU00000225,LN00001676,2026-03-31,-318.99,SYNTHETIC_RECLASS
TU00000226,LN00001679,2026-06-30,-360.90,SYNTHETIC_RECLASS
TU00000227,LN00001680,2026-07-31,309.25,SYNTHETIC_RECLASS
TU00000228,LN00001689,2025-04-30,184.15,SYNTHETIC_RECLASS
TU00000229,LN00001691,2025-06-30,308.51,SYNTHETIC_RECLASS
TU00000230,LN00001708,2024-11-30,690.12,SYNTHETIC_RECLASS
TU00000231,LN00001712,2025-03-31,45.06,SYNTHETIC_RECLASS
TU00000232,LN00001717,2025-08-31,351.78,SYNTHETIC_RECLASS
TU00000233,LN00001726,2026-05-31,1056.12,SYNTHETIC_RECLASS
TU00000234,LN00001731,2024-10-31,187.14,SYNTHETIC_RECLASS
TU00000235,LN00001737,2025-04-30,1178.15,SYNTHETIC_RECLASS
TU00000236,LN00001738,2025-05-31,-727.82,SYNTHETIC_RECLASS
TU00000237,LN00001744,2025-11-30,201.72,SYNTHETIC_RECLASS
TU00000238,LN00001751,2026-06-30,1194.88,SYNTHETIC_RECLASS
TU00000239,LN00001756,2024-11-30,-564.24,SYNTHETIC_RECLASS
TU00000240,LN00001758,2025-01-31,588.72,SYNTHETIC_RECLASS
TU00000241,LN00001771,2026-02-28,-39.12,SYNTHETIC_RECLASS
TU00000242,LN00001788,2025-07-31,675.31,SYNTHETIC_RECLASS
TU00000243,LN00001791,2025-10-31,-33.77,SYNTHETIC_RECLASS
TU00000244,LN00001809,2025-04-30,-377.29,SYNTHETIC_RECLASS
TU00000245,LN00001812,2025-07-31,858.54,SYNTHETIC_RECLASS
TU00000246,LN00001816,2025-11-30,1089.90,SYNTHETIC_RECLASS
TU00000247,LN00001842,2026-01-31,493.69,SYNTHETIC_RECLASS
TU00000248,LN00001849,2024-08-31,406.63,SYNTHETIC_RECLASS
TU00000249,LN00001866,2026-01-31,-89.34,SYNTHETIC_RECLASS
TU00000250,LN00001868,2026-03-31,91.83,SYNTHETIC_RECLASS
TU00000251,LN00001870,2026-05-31,-524.06,SYNTHETIC_RECLASS
TU00000252,LN00001892,2026-03-31,-483.88,SYNTHETIC_RECLASS
TU00000253,LN00001904,2025-03-31,-633.61,SYNTHETIC_RECLASS
TU00000254,LN00001918,2026-05-31,-341.95,SYNTHETIC_RECLASS
TU00000255,LN00001940,2026-03-31,-553.58,SYNTHETIC_RECLASS
TU00000256,LN00001943,2026-06-30,451.05,SYNTHETIC_RECLASS
TU00000257,LN00001945,2024-08-31,-320.50,SYNTHETIC_RECLASS
TU00000258,LN00001946,2024-09-30,808.78,SYNTHETIC_RECLASS
TU00000259,LN00001948,2024-11-30,983.99,SYNTHETIC_RECLASS
TU00000260,LN00001956,2025-07-31,-543.97,SYNTHETIC_RECLASS
TU00000261,LN00001958,2025-09-30,617.19,SYNTHETIC_RECLASS
TU00000262,LN00001965,2026-04-30,-616.07,SYNTHETIC_RECLASS
TU00000263,LN00001968,2026-07-31,-603.36,SYNTHETIC_RECLASS
TU00000264,LN00002007,2025-10-31,-747.18,SYNTHETIC_RECLASS
TU00000265,LN00002010,2026-01-31,737.49,SYNTHETIC_RECLASS
TU00000266,LN00002016,2026-07-31,820.42,SYNTHETIC_RECLASS
TU00000267,LN00002017,2024-08-31,-156.37,SYNTHETIC_RECLASS
TU00000268,LN00002022,2025-01-31,-524.08,SYNTHETIC_RECLASS
TU00000269,LN00002034,2026-01-31,-80.89,SYNTHETIC_RECLASS
TU00000270,LN00002043,2024-10-31,-659.18,SYNTHETIC_RECLASS
TU00000271,LN00002062,2026-05-31,839.23,SYNTHETIC_RECLASS
TU00000272,LN00002066,2024-09-30,396.92,SYNTHETIC_RECLASS
TU00000273,LN00002077,2025-08-31,715.10,SYNTHETIC_RECLASS
TU00000274,LN00002095,2025-02-28,763.06,SYNTHETIC_RECLASS
TU00000275,LN00002100,2025-07-31,659.00,SYNTHETIC_RECLASS
TU00000276,LN00002113,2024-08-31,324.32,SYNTHETIC_RECLASS
TU00000277,LN00002129,2025-12-31,943.40,SYNTHETIC_RECLASS
TU00000278,LN00002162,2024-09-30,-360.51,SYNTHETIC_RECLASS
TU00000279,LN00002167,2025-02-28,623.99,SYNTHETIC_RECLASS
TU00000280,LN00002173,2025-08-31,247.24,SYNTHETIC_RECLASS
TU00000281,LN00002176,2025-11-30,-196.82,SYNTHETIC_RECLASS
TU00000282,LN00002177,2025-12-31,232.83,SYNTHETIC_RECLASS
TU00000283,LN00002179,2026-02-28,93.40,SYNTHETIC_RECLASS
TU00000284,LN00002180,2026-03-31,-594.94,SYNTHETIC_RECLASS
TU00000285,LN00002185,2024-08-31,-514.02,SYNTHETIC_RECLASS
TU00000286,LN00002186,2024-09-30,822.66,SYNTHETIC_RECLASS
TU00000287,LN00002201,2025-12-31,-589.73,SYNTHETIC_RECLASS
TU00000288,LN00002226,2026-01-31,703.39,SYNTHETIC_RECLASS
TU00000289,LN00002227,2026-02-28,1058.80,SYNTHETIC_RECLASS
TU00000290,LN00002230,2026-05-31,194.66,SYNTHETIC_RECLASS
TU00000291,LN00002235,2024-10-31,139.64,SYNTHETIC_RECLASS
TU00000292,LN00002236,2024-11-30,434.90,SYNTHETIC_RECLASS
TU00000293,LN00002249,2025-12-31,1027.32,SYNTHETIC_RECLASS
TU00000294,LN00002255,2026-06-30,-659.50,SYNTHETIC_RECLASS
TU00000295,LN00002257,2024-08-31,817.41,SYNTHETIC_RECLASS
TU00000296,LN00002287,2025-02-28,738.92,SYNTHETIC_RECLASS
TU00000297,LN00002297,2025-12-31,-648.94,SYNTHETIC_RECLASS
TU00000298,LN00002303,2026-06-30,-663.56,SYNTHETIC_RECLASS
TU00000299,LN00002306,2024-09-30,1150.92,SYNTHETIC_RECLASS
TU00000300,LN00002310,2025-01-31,-607.00,SYNTHETIC_RECLASS
TU00000301,LN00002312,2025-03-31,930.06,SYNTHETIC_RECLASS
TU00000302,LN00002314,2025-05-31,-334.78,SYNTHETIC_RECLASS
TU00000303,LN00002315,2025-06-30,8.37,SYNTHETIC_RECLASS
TU00000304,LN00002318,2025-09-30,259.61,SYNTHETIC_RECLASS
TU00000305,LN00002323,2026-02-28,156.29,SYNTHETIC_RECLASS
TU00000306,LN00002324,2026-03-31,-273.67,SYNTHETIC_RECLASS
TU00000307,LN00002325,2026-04-30,534.57,SYNTHETIC_RECLASS
TU00000308,LN00002326,2026-05-31,1197.73,SYNTHETIC_RECLASS
TU00000309,LN00002327,2026-06-30,-389.19,SYNTHETIC_RECLASS
TU00000310,LN00002331,2024-10-31,-576.55,SYNTHETIC_RECLASS
TU00000311,LN00002365,2025-08-31,-603.58,SYNTHETIC_RECLASS
TU00000312,LN00002385,2025-04-30,-699.34,SYNTHETIC_RECLASS
TU00000313,LN00002409,2025-04-30,-503.21,SYNTHETIC_RECLASS
TU00000314,LN00002413,2025-08-31,1167.81,SYNTHETIC_RECLASS
TU00000315,LN00002427,2024-10-31,574.98,SYNTHETIC_RECLASS
TU00000316,LN00002447,2026-06-30,1167.53,SYNTHETIC_RECLASS
TU00000317,LN00002471,2026-06-30,736.06,SYNTHETIC_RECLASS
TU00000318,LN00002475,2024-10-31,-545.57,SYNTHETIC_RECLASS
TU00000319,LN00002479,2025-02-28,654.39,SYNTHETIC_RECLASS
TU00000320,LN00002515,2026-02-28,-656.43,SYNTHETIC_RECLASS
TU00000321,LN00002517,2026-04-30,-416.40,SYNTHETIC_RECLASS
TU00000322,LN00002529,2025-04-30,-242.57,SYNTHETIC_RECLASS
TU00000323,LN00002537,2025-12-31,-707.11,SYNTHETIC_RECLASS
TU00000324,LN00002549,2024-12-31,-712.28,SYNTHETIC_RECLASS
TU00000325,LN00002559,2025-10-31,787.89,SYNTHETIC_RECLASS
TU00000326,LN00002561,2025-12-31,-543.16,SYNTHETIC_RECLASS
TU00000327,LN00002571,2024-10-31,-304.58,SYNTHETIC_RECLASS
TU00000328,LN00002575,2025-02-28,275.38,SYNTHETIC_RECLASS
TU00000329,LN00002579,2025-06-30,97.20,SYNTHETIC_RECLASS
TU00000330,LN00002601,2025-04-30,803.69,SYNTHETIC_RECLASS
TU00000331,LN00002603,2025-06-30,716.33,SYNTHETIC_RECLASS
TU00000332,LN00002604,2025-07-31,732.26,SYNTHETIC_RECLASS
TU00000333,LN00002606,2025-09-30,594.50,SYNTHETIC_RECLASS
TU00000334,LN00002614,2026-05-31,-371.57,SYNTHETIC_RECLASS
TU00000335,LN00002618,2024-09-30,48.89,SYNTHETIC_RECLASS
TU00000336,LN00002622,2025-01-31,-341.31,SYNTHETIC_RECLASS
TU00000337,LN00002627,2025-06-30,230.63,SYNTHETIC_RECLASS
TU00000338,LN00002642,2024-09-30,-749.09,SYNTHETIC_RECLASS
TU00000339,LN00002647,2025-02-28,-509.15,SYNTHETIC_RECLASS
TU00000340,LN00002648,2025-03-31,401.27,SYNTHETIC_RECLASS
TU00000341,LN00002653,2025-08-31,-56.71,SYNTHETIC_RECLASS
TU00000342,LN00002685,2026-04-30,123.80,SYNTHETIC_RECLASS
TU00000343,LN00002691,2024-10-31,412.39,SYNTHETIC_RECLASS
TU00000344,LN00002709,2026-04-30,-710.10,SYNTHETIC_RECLASS
TU00000345,LN00002712,2026-07-31,229.20,SYNTHETIC_RECLASS
TU00000346,LN00002714,2024-09-30,791.22,SYNTHETIC_RECLASS
TU00000347,LN00002715,2024-10-31,-126.68,SYNTHETIC_RECLASS
TU00000348,LN00002719,2025-02-28,821.10,SYNTHETIC_RECLASS
TU00000349,LN00002721,2025-04-30,175.42,SYNTHETIC_RECLASS
TU00000350,LN00002725,2025-08-31,-255.69,SYNTHETIC_RECLASS
TU00000351,LN00002730,2026-01-31,18.60,SYNTHETIC_RECLASS
TU00000352,LN00002737,2024-08-31,-121.65,SYNTHETIC_RECLASS
TU00000353,LN00002740,2024-11-30,-378.69,SYNTHETIC_RECLASS
TU00000354,LN00002759,2026-06-30,479.77,SYNTHETIC_RECLASS
TU00000355,LN00002762,2024-09-30,43.74,SYNTHETIC_RECLASS
TU00000356,LN00002773,2025-08-31,-498.03,SYNTHETIC_RECLASS
TU00000357,LN00002776,2025-11-30,1176.55,SYNTHETIC_RECLASS
TU00000358,LN00002784,2026-07-31,-372.00,SYNTHETIC_RECLASS
TU00000359,LN00002789,2024-12-31,563.82,SYNTHETIC_RECLASS
TU00000360,LN00002793,2025-04-30,1122.47,SYNTHETIC_RECLASS
TU00000361,LN00002803,2026-02-28,1027.28,SYNTHETIC_RECLASS
TU00000362,LN00002811,2024-10-31,193.95,SYNTHETIC_RECLASS
TU00000363,LN00002812,2024-11-30,5.40,SYNTHETIC_RECLASS
TU00000364,LN00002819,2025-06-30,454.00,SYNTHETIC_RECLASS
TU00000365,LN00002828,2026-03-31,1142.77,SYNTHETIC_RECLASS
TU00000366,LN00002834,2024-09-30,-407.41,SYNTHETIC_RECLASS
TU00000367,LN00002840,2025-03-31,350.96,SYNTHETIC_RECLASS
TU00000368,LN00002841,2025-04-30,843.74,SYNTHETIC_RECLASS
TU00000369,LN00002845,2025-08-31,55.66,SYNTHETIC_RECLASS
TU00000370,LN00002848,2025-11-30,782.90,SYNTHETIC_RECLASS
TU00000371,LN00002849,2025-12-31,220.11,SYNTHETIC_RECLASS
TU00000372,LN00002855,2026-06-30,235.16,SYNTHETIC_RECLASS
TU00000373,LN00002861,2024-12-31,-422.69,SYNTHETIC_RECLASS
TU00000374,LN00002874,2026-01-31,571.28,SYNTHETIC_RECLASS
TU00000375,LN00002894,2025-09-30,1222.26,SYNTHETIC_RECLASS
TU00000376,LN00002903,2026-06-30,-703.51,SYNTHETIC_RECLASS
TU00000377,LN00002914,2025-05-31,527.58,SYNTHETIC_RECLASS
TU00000378,LN00002922,2026-01-31,108.74,SYNTHETIC_RECLASS
TU00000379,LN00002937,2025-04-30,567.98,SYNTHETIC_RECLASS
TU00000380,LN00002947,2026-02-28,695.47,SYNTHETIC_RECLASS
TU00000381,LN00002957,2024-12-31,1140.23,SYNTHETIC_RECLASS
TU00000382,LN00002974,2026-05-31,190.11,SYNTHETIC_RECLASS
TU00000383,LN00002981,2024-12-31,621.14,SYNTHETIC_RECLASS
TU00000384,LN00002993,2025-12-31,-25.93,SYNTHETIC_RECLASS
TU00000385,LN00003009,2025-04-30,-483.36,SYNTHETIC_RECLASS
TU00000386,LN00003020,2026-03-31,1203.43,SYNTHETIC_RECLASS
TU00000387,LN00003027,2024-10-31,558.71,SYNTHETIC_RECLASS
TU00000388,LN00003037,2025-08-31,-657.29,SYNTHETIC_RECLASS
TU00000389,LN00003039,2025-10-31,102.71,SYNTHETIC_RECLASS
TU00000390,LN00003048,2026-07-31,-374.24,SYNTHETIC_RECLASS
TU00000391,LN00003050,2024-09-30,657.05,SYNTHETIC_RECLASS
TU00000392,LN00003051,2024-10-31,994.07,SYNTHETIC_RECLASS
TU00000393,LN00003057,2025-04-30,91.02,SYNTHETIC_RECLASS
TU00000394,LN00003088,2025-11-30,-313.21,SYNTHETIC_RECLASS
TU00000395,LN00003090,2026-01-31,-355.50,SYNTHETIC_RECLASS
TU00000396,LN00003092,2026-03-31,133.34,SYNTHETIC_RECLASS
TU00000397,LN00003103,2025-02-28,1170.61,SYNTHETIC_RECLASS
TU00000398,LN00003106,2025-05-31,-380.94,SYNTHETIC_RECLASS
TU00000399,LN00003125,2024-12-31,-36.55,SYNTHETIC_RECLASS
TU00000400,LN00003127,2025-02-28,-660.05,SYNTHETIC_RECLASS
TU00000401,LN00003133,2025-08-31,91.99,SYNTHETIC_RECLASS
TU00000402,LN00003152,2025-03-31,632.15,SYNTHETIC_RECLASS
TU00000403,LN00003155,2025-06-30,238.29,SYNTHETIC_RECLASS
TU00000404,LN00003157,2025-08-31,783.00,SYNTHETIC_RECLASS
TU00000405,LN00003165,2026-04-30,392.84,SYNTHETIC_RECLASS
TU00000406,LN00003167,2026-06-30,649.61,SYNTHETIC_RECLASS
TU00000407,LN00003181,2025-08-31,-739.13,SYNTHETIC_RECLASS
TU00000408,LN00003193,2024-08-31,328.24,SYNTHETIC_RECLASS
TU00000409,LN00003196,2024-11-30,-59.85,SYNTHETIC_RECLASS
TU00000410,LN00003207,2025-10-31,246.60,SYNTHETIC_RECLASS
TU00000411,LN00003216,2026-07-31,1140.85,SYNTHETIC_RECLASS
TU00000412,LN00003218,2024-09-30,1024.45,SYNTHETIC_RECLASS
TU00000413,LN00003233,2025-12-31,192.26,SYNTHETIC_RECLASS
TU00000414,LN00003234,2026-01-31,121.46,SYNTHETIC_RECLASS
TU00000415,LN00003253,2025-08-31,934.75,SYNTHETIC_RECLASS
TU00000416,LN00003264,2026-07-31,701.86,SYNTHETIC_RECLASS
TU00000417,LN00003267,2024-10-31,-260.56,SYNTHETIC_RECLASS
TU00000418,LN00003274,2025-05-31,-133.89,SYNTHETIC_RECLASS
TU00000419,LN00003279,2025-10-31,-246.23,SYNTHETIC_RECLASS
TU00000420,LN00003280,2025-11-30,1053.81,SYNTHETIC_RECLASS
TU00000421,LN00003294,2025-01-31,-328.76,SYNTHETIC_RECLASS
TU00000422,LN00003295,2025-02-28,-324.16,SYNTHETIC_RECLASS
TU00000423,LN00003305,2025-12-31,19.55,SYNTHETIC_RECLASS
TU00000424,LN00003309,2026-04-30,-107.57,SYNTHETIC_RECLASS
TU00000425,LN00003313,2024-08-31,484.26,SYNTHETIC_RECLASS
TU00000426,LN00003331,2026-02-28,-576.32,SYNTHETIC_RECLASS
TU00000427,LN00003335,2026-06-30,272.78,SYNTHETIC_RECLASS
TU00000428,LN00003358,2026-05-31,-143.82,SYNTHETIC_RECLASS
TU00000429,LN00003368,2025-03-31,712.23,SYNTHETIC_RECLASS
TU00000430,LN00003369,2025-04-30,1103.17,SYNTHETIC_RECLASS
TU00000431,LN00003378,2026-01-31,727.80,SYNTHETIC_RECLASS
TU00000432,LN00003382,2026-05-31,-169.87,SYNTHETIC_RECLASS
TU00000433,LN00003392,2025-03-31,840.68,SYNTHETIC_RECLASS
TU00000434,LN00003393,2025-04-30,-133.13,SYNTHETIC_RECLASS
TU00000435,LN00003403,2026-02-28,139.21,SYNTHETIC_RECLASS
TU00000436,LN00003407,2026-06-30,-209.68,SYNTHETIC_RECLASS
TU00000437,LN00003411,2024-10-31,1193.35,SYNTHETIC_RECLASS
TU00000438,LN00003412,2024-11-30,1175.86,SYNTHETIC_RECLASS
TU00000439,LN00003413,2024-12-31,391.13,SYNTHETIC_RECLASS
TU00000440,LN00003414,2025-01-31,1083.31,SYNTHETIC_RECLASS
TU00000441,LN00003420,2025-07-31,-155.13,SYNTHETIC_RECLASS
TU00000442,LN00003423,2025-10-31,-98.64,SYNTHETIC_RECLASS
TU00000443,LN00003435,2024-10-31,248.36,SYNTHETIC_RECLASS
TU00000444,LN00003439,2025-02-28,937.12,SYNTHETIC_RECLASS
TU00000445,LN00003440,2025-03-31,180.00,SYNTHETIC_RECLASS
TU00000446,LN00003445,2025-08-31,484.83,SYNTHETIC_RECLASS
TU00000447,LN00003450,2026-01-31,216.96,SYNTHETIC_RECLASS
TU00000448,LN00003487,2025-02-28,572.57,SYNTHETIC_RECLASS
TU00000449,LN00003489,2025-04-30,123.49,SYNTHETIC_RECLASS
TU00000450,LN00003497,2025-12-31,-483.50,SYNTHETIC_RECLASS
TU00000451,LN00003518,2025-09-30,0.62,SYNTHETIC_RECLASS
TU00000452,LN00003521,2025-12-31,214.25,SYNTHETIC_RECLASS
TU00000453,LN00003532,2024-11-30,-139.00,SYNTHETIC_RECLASS
TU00000454,LN00003535,2025-02-28,687.24,SYNTHETIC_RECLASS
TU00000455,LN00003536,2025-03-31,-745.28,SYNTHETIC_RECLASS
TU00000456,LN00003544,2025-11-30,555.68,SYNTHETIC_RECLASS
TU00000457,LN00003545,2025-12-31,-164.79,SYNTHETIC_RECLASS
TU00000458,LN00003556,2024-11-30,-148.38,SYNTHETIC_RECLASS
TU00000459,LN00003557,2024-12-31,-387.72,SYNTHETIC_RECLASS
TU00000460,LN00003561,2025-04-30,744.87,SYNTHETIC_RECLASS
TU00000461,LN00003566,2025-09-30,920.29,SYNTHETIC_RECLASS
TU00000462,LN00003567,2025-10-31,562.62,SYNTHETIC_RECLASS
TU00000463,LN00003609,2025-04-30,-725.16,SYNTHETIC_RECLASS
TU00000464,LN00003616,2025-11-30,734.15,SYNTHETIC_RECLASS
TU00000465,LN00003621,2026-04-30,1171.41,SYNTHETIC_RECLASS
TU00000466,LN00003625,2024-08-31,210.83,SYNTHETIC_RECLASS
TU00000467,LN00003626,2024-09-30,-524.02,SYNTHETIC_RECLASS
TU00000468,LN00003627,2024-10-31,147.44,SYNTHETIC_RECLASS
TU00000469,LN00003628,2024-11-30,-277.30,SYNTHETIC_RECLASS
TU00000470,LN00003629,2024-12-31,-670.60,SYNTHETIC_RECLASS
TU00000471,LN00003644,2026-03-31,-643.73,SYNTHETIC_RECLASS
TU00000472,LN00003656,2025-03-31,650.55,SYNTHETIC_RECLASS
TU00000473,LN00003664,2025-11-30,620.42,SYNTHETIC_RECLASS
TU00000474,LN00003674,2024-09-30,175.70,SYNTHETIC_RECLASS
TU00000475,LN00003678,2025-01-31,-749.74,SYNTHETIC_RECLASS
TU00000476,LN00003683,2025-06-30,147.36,SYNTHETIC_RECLASS
TU00000477,LN00003693,2026-04-30,197.02,SYNTHETIC_RECLASS
TU00000478,LN00003700,2024-11-30,385.12,SYNTHETIC_RECLASS
TU00000479,LN00003702,2025-01-31,679.94,SYNTHETIC_RECLASS
TU00000480,LN00003705,2025-04-30,-279.52,SYNTHETIC_RECLASS
TU00000481,LN00003706,2025-05-31,-521.88,SYNTHETIC_RECLASS
TU00000482,LN00003725,2024-12-31,977.92,SYNTHETIC_RECLASS
TU00000483,LN00003728,2025-03-31,1246.93,SYNTHETIC_RECLASS
TU00000484,LN00003752,2025-03-31,688.04,SYNTHETIC_RECLASS
TU00000485,LN00003756,2025-07-31,1210.85,SYNTHETIC_RECLASS
TU00000486,LN00003759,2025-10-31,1104.92,SYNTHETIC_RECLASS
TU00000487,LN00003762,2026-01-31,809.58,SYNTHETIC_RECLASS
TU00000488,LN00003768,2026-07-31,688.38,SYNTHETIC_RECLASS
TU00000489,LN00003776,2025-03-31,551.71,SYNTHETIC_RECLASS
TU00000490,LN00003783,2025-10-31,1048.89,SYNTHETIC_RECLASS
TU00000491,LN00003788,2026-03-31,-132.71,SYNTHETIC_RECLASS
TU00000492,LN00003803,2025-06-30,-372.93,SYNTHETIC_RECLASS
TU00000493,LN00003806,2025-09-30,303.46,SYNTHETIC_RECLASS
TU00000494,LN00003810,2026-01-31,652.10,SYNTHETIC_RECLASS
TU00000495,LN00003813,2026-04-30,1170.34,SYNTHETIC_RECLASS
TU00000496,LN00003819,2024-10-31,275.49,SYNTHETIC_RECLASS
TU00000497,LN00003824,2025-03-31,834.59,SYNTHETIC_RECLASS
TU00000498,LN00003832,2025-11-30,253.83,SYNTHETIC_RECLASS
TU00000499,LN00003834,2026-01-31,570.51,SYNTHETIC_RECLASS
TU00000500,LN00003839,2026-06-30,1063.86,SYNTHETIC_RECLASS
TU00000501,LN00003841,2024-08-31,949.67,SYNTHETIC_RECLASS
TU00000502,LN00003845,2024-12-31,240.80,SYNTHETIC_RECLASS
TU00000503,LN00003851,2025-06-30,896.85,SYNTHETIC_RECLASS
TU00000504,LN00003859,2026-02-28,1.79,SYNTHETIC_RECLASS
TU00000505,LN00003864,2026-07-31,-702.19,SYNTHETIC_RECLASS
TU00000506,LN00003867,2024-10-31,999.72,SYNTHETIC_RECLASS
TU00000507,LN00003877,2025-08-31,-746.01,SYNTHETIC_RECLASS
TU00000508,LN00003887,2026-06-30,690.39,SYNTHETIC_RECLASS
TU00000509,LN00003888,2026-07-31,-89.35,SYNTHETIC_RECLASS
TU00000510,LN00003894,2025-01-31,603.38,SYNTHETIC_RECLASS
TU00000511,LN00003899,2025-06-30,-507.78,SYNTHETIC_RECLASS
TU00000512,LN00003904,2025-11-30,1018.20,SYNTHETIC_RECLASS
TU00000513,LN00003908,2026-03-31,31.46,SYNTHETIC_RECLASS
TU00000514,LN00003919,2025-02-28,-356.05,SYNTHETIC_RECLASS
TU00000515,LN00003928,2025-11-30,30.21,SYNTHETIC_RECLASS
TU00000516,LN00003929,2025-12-31,1010.88,SYNTHETIC_RECLASS
TU00000517,LN00003930,2026-01-31,107.35,SYNTHETIC_RECLASS
TU00000518,LN00003934,2026-05-31,823.81,SYNTHETIC_RECLASS
TU00000519,LN00003939,2024-10-31,447.56,SYNTHETIC_RECLASS
TU00000520,LN00003940,2024-11-30,-608.36,SYNTHETIC_RECLASS
TU00000521,LN00003950,2025-09-30,724.63,SYNTHETIC_RECLASS
TU00000522,LN00003954,2026-01-31,-585.51,SYNTHETIC_RECLASS
TU00000523,LN00003957,2026-04-30,1135.90,SYNTHETIC_RECLASS
TU00000524,LN00003968,2025-03-31,755.70,SYNTHETIC_RECLASS
TU00000525,LN00003983,2026-06-30,701.20,SYNTHETIC_RECLASS
TU00000526,LN00003989,2024-12-31,824.80,SYNTHETIC_RECLASS
TU00000527,LN00003995,2025-06-30,55.54,SYNTHETIC_RECLASS
TU00000528,LN00004000,2025-11-30,382.94,SYNTHETIC_RECLASS
TU00000529,LN00004019,2025-06-30,635.03,SYNTHETIC_RECLASS
TU00000530,LN00004020,2025-07-31,1218.10,SYNTHETIC_RECLASS
TU00000531,LN00004026,2026-01-31,-596.38,SYNTHETIC_RECLASS
TU00000532,LN00004033,2024-08-31,113.75,SYNTHETIC_RECLASS
TU00000533,LN00004036,2024-11-30,775.43,SYNTHETIC_RECLASS
TU00000534,LN00004037,2024-12-31,-334.69,SYNTHETIC_RECLASS
TU00000535,LN00004041,2025-04-30,1075.93,SYNTHETIC_RECLASS
TU00000536,LN00004055,2026-06-30,355.30,SYNTHETIC_RECLASS
TU00000537,LN00004061,2024-12-31,-733.47,SYNTHETIC_RECLASS
TU00000538,LN00004064,2025-03-31,314.45,SYNTHETIC_RECLASS
TU00000539,LN00004070,2025-09-30,746.32,SYNTHETIC_RECLASS
TU00000540,LN00004072,2025-11-30,638.54,SYNTHETIC_RECLASS
TU00000541,LN00004073,2025-12-31,72.44,SYNTHETIC_RECLASS
TU00000542,LN00004076,2026-03-31,230.29,SYNTHETIC_RECLASS
TU00000543,LN00004090,2025-05-31,-453.58,SYNTHETIC_RECLASS
TU00000544,LN00004100,2026-03-31,-60.26,SYNTHETIC_RECLASS
TU00000545,LN00004104,2026-07-31,-127.03,SYNTHETIC_RECLASS
TU00000546,LN00004105,2024-08-31,1119.78,SYNTHETIC_RECLASS
TU00000547,LN00004126,2026-05-31,890.88,SYNTHETIC_RECLASS
TU00000548,LN00004134,2025-01-31,116.40,SYNTHETIC_RECLASS
TU00000549,LN00004135,2025-02-28,953.84,SYNTHETIC_RECLASS
TU00000550,LN00004150,2026-05-31,740.35,SYNTHETIC_RECLASS
TU00000551,LN00004153,2024-08-31,833.09,SYNTHETIC_RECLASS
TU00000552,LN00004164,2025-07-31,604.34,SYNTHETIC_RECLASS
TU00000553,LN00004175,2026-06-30,-64.96,SYNTHETIC_RECLASS
TU00000554,LN00004190,2025-09-30,419.51,SYNTHETIC_RECLASS
TU00000555,LN00004191,2025-10-31,1064.16,SYNTHETIC_RECLASS
TU00000556,LN00004193,2025-12-31,-323.44,SYNTHETIC_RECLASS
TU00000557,LN00004195,2026-02-28,1157.39,SYNTHETIC_RECLASS
TU00000558,LN00004214,2025-09-30,124.58,SYNTHETIC_RECLASS
TU00000559,LN00004218,2026-01-31,1159.93,SYNTHETIC_RECLASS
TU00000560,LN00004227,2024-10-31,-148.43,SYNTHETIC_RECLASS
TU00000561,LN00004230,2025-01-31,133.32,SYNTHETIC_RECLASS
TU00000562,LN00004233,2025-04-30,-402.81,SYNTHETIC_RECLASS
TU00000563,LN00004234,2025-05-31,430.49,SYNTHETIC_RECLASS
TU00000564,LN00004237,2025-08-31,-37.29,SYNTHETIC_RECLASS
TU00000565,LN00004255,2025-02-28,-629.11,SYNTHETIC_RECLASS
TU00000566,LN00004259,2025-06-30,-162.74,SYNTHETIC_RECLASS
TU00000567,LN00004288,2025-11-30,1157.16,SYNTHETIC_RECLASS
TU00000568,LN00004295,2026-06-30,-140.73,SYNTHETIC_RECLASS
TU00000569,LN00004297,2024-08-31,159.16,SYNTHETIC_RECLASS
TU00000570,LN00004303,2025-02-28,-141.25,SYNTHETIC_RECLASS
TU00000571,LN00004307,2025-06-30,93.10,SYNTHETIC_RECLASS
TU00000572,LN00004345,2024-08-31,1078.47,SYNTHETIC_RECLASS
TU00000573,LN00004353,2025-04-30,1014.76,SYNTHETIC_RECLASS
TU00000574,LN00004366,2026-05-31,-40.51,SYNTHETIC_RECLASS
TU00000575,LN00004367,2026-06-30,28.79,SYNTHETIC_RECLASS
TU00000576,LN00004373,2024-12-31,914.38,SYNTHETIC_RECLASS
TU00000577,LN00004384,2025-11-30,-404.68,SYNTHETIC_RECLASS
TU00000578,LN00004389,2026-04-30,-456.03,SYNTHETIC_RECLASS
TU00000579,LN00004390,2026-05-31,-458.89,SYNTHETIC_RECLASS
TU00000580,LN00004399,2025-02-28,1109.69,SYNTHETIC_RECLASS
TU00000581,LN00004417,2024-08-31,269.64,SYNTHETIC_RECLASS
TU00000582,LN00004442,2024-09-30,880.13,SYNTHETIC_RECLASS
TU00000583,LN00004459,2026-02-28,359.23,SYNTHETIC_RECLASS
TU00000584,LN00004465,2024-08-31,831.36,SYNTHETIC_RECLASS
TU00000585,LN00004478,2025-09-30,-257.45,SYNTHETIC_RECLASS
TU00000586,LN00004479,2025-10-31,-348.64,SYNTHETIC_RECLASS
TU00000587,LN00004484,2026-03-31,-34.63,SYNTHETIC_RECLASS
TU00000588,LN00004487,2026-06-30,1122.78,SYNTHETIC_RECLASS
TU00000589,LN00004490,2024-09-30,1039.09,SYNTHETIC_RECLASS
TU00000590,LN00004491,2024-10-31,-303.54,SYNTHETIC_RECLASS
TU00000591,LN00004499,2025-06-30,698.42,SYNTHETIC_RECLASS
TU00000592,LN00004501,2025-08-31,-585.77,SYNTHETIC_RECLASS
TU00000593,LN00004502,2025-09-30,591.52,SYNTHETIC_RECLASS
TU00000594,LN00004510,2026-05-31,387.87,SYNTHETIC_RECLASS
TU00000595,LN00004513,2024-08-31,1187.07,SYNTHETIC_RECLASS
TU00000596,LN00004531,2026-02-28,246.58,SYNTHETIC_RECLASS
TU00000597,LN00004541,2024-12-31,995.48,SYNTHETIC_RECLASS
TU00000598,LN00004542,2025-01-31,759.66,SYNTHETIC_RECLASS
TU00000599,LN00004546,2025-05-31,-618.58,SYNTHETIC_RECLASS
TU00000600,LN00004562,2024-09-30,48.60,SYNTHETIC_RECLASS
TU00000601,LN00004566,2025-01-31,1111.20,SYNTHETIC_RECLASS
TU00000602,LN00004571,2025-06-30,-251.79,SYNTHETIC_RECLASS
TU00000603,LN00004582,2026-05-31,-671.33,SYNTHETIC_RECLASS
TU00000604,LN00004584,2026-07-31,383.93,SYNTHETIC_RECLASS
TU00000605,LN00004594,2025-05-31,704.60,SYNTHETIC_RECLASS
TU00000606,LN00004597,2025-08-31,929.07,SYNTHETIC_RECLASS
TU00000607,LN00004598,2025-09-30,482.88,SYNTHETIC_RECLASS
TU00000608,LN00004615,2025-02-28,114.83,SYNTHETIC_RECLASS
TU00000609,LN00004618,2025-05-31,399.83,SYNTHETIC_RECLASS
TU00000610,LN00004624,2025-11-30,529.13,SYNTHETIC_RECLASS
TU00000611,LN00004649,2025-12-31,-673.83,SYNTHETIC_RECLASS
TU00000612,LN00004650,2026-01-31,-426.27,SYNTHETIC_RECLASS
TU00000613,LN00004653,2026-04-30,1095.53,SYNTHETIC_RECLASS
TU00000614,LN00004674,2026-01-31,-559.69,SYNTHETIC_RECLASS
TU00000615,LN00004685,2024-12-31,-461.30,SYNTHETIC_RECLASS
TU00000616,LN00004701,2026-04-30,-538.21,SYNTHETIC_RECLASS
TU00000617,LN00004703,2026-06-30,1020.24,SYNTHETIC_RECLASS
TU00000618,LN00004712,2025-03-31,-49.05,SYNTHETIC_RECLASS
TU00000619,LN00004722,2026-01-31,877.26,SYNTHETIC_RECLASS
TU00000620,LN00004723,2026-02-28,516.08,SYNTHETIC_RECLASS
TU00000621,LN00004726,2026-05-31,-421.36,SYNTHETIC_RECLASS
TU00000622,LN00004736,2025-03-31,172.13,SYNTHETIC_RECLASS
TU00000623,LN00004752,2026-07-31,893.80,SYNTHETIC_RECLASS
TU00000624,LN00004757,2024-12-31,-495.17,SYNTHETIC_RECLASS
TU00000625,LN00004760,2025-03-31,835.03,SYNTHETIC_RECLASS
TU00000626,LN00004768,2025-11-30,631.91,SYNTHETIC_RECLASS
TU00000627,LN00004774,2026-05-31,907.40,SYNTHETIC_RECLASS
TU00000628,LN00004790,2025-09-30,-417.02,SYNTHETIC_RECLASS
TU00000629,LN00004802,2024-09-30,-350.90,SYNTHETIC_RECLASS
TU00000630,LN00004815,2025-10-31,579.51,SYNTHETIC_RECLASS
TU00000631,LN00004819,2026-02-28,237.42,SYNTHETIC_RECLASS
TU00000632,LN00004823,2026-06-30,-645.32,SYNTHETIC_RECLASS
TU00000633,LN00004842,2026-01-31,-421.81,SYNTHETIC_RECLASS
TU00000634,LN00004850,2024-09-30,261.27,SYNTHETIC_RECLASS
TU00000635,LN00004851,2024-10-31,-730.56,SYNTHETIC_RECLASS
TU00000636,LN00004855,2025-02-28,297.60,SYNTHETIC_RECLASS
TU00000637,LN00004860,2025-07-31,641.52,SYNTHETIC_RECLASS
TU00000638,LN00004890,2026-01-31,1144.94,SYNTHETIC_RECLASS
TU00000639,LN00004891,2026-02-28,810.19,SYNTHETIC_RECLASS
TU00000640,LN00004900,2024-11-30,-721.66,SYNTHETIC_RECLASS
TU00000641,LN00004913,2025-12-31,-91.35,SYNTHETIC_RECLASS
TU00000642,LN00004922,2024-09-30,-266.95,SYNTHETIC_RECLASS
TU00000643,LN00004932,2025-07-31,-152.31,SYNTHETIC_RECLASS
TU00000644,LN00004936,2025-11-30,-697.70,SYNTHETIC_RECLASS
TU00000645,LN00004939,2026-02-28,190.64,SYNTHETIC_RECLASS
TU00000646,LN00004977,2025-04-30,-390.93,SYNTHETIC_RECLASS
TU00000647,LN00004984,2025-11-30,396.06,SYNTHETIC_RECLASS
TU00000648,LN00004991,2026-06-30,1058.08,SYNTHETIC_RECLASS
TU00000649,LN00005000,2025-03-31,506.40,SYNTHETIC_RECLASS
TU00000650,LN00005009,2025-12-31,862.20,SYNTHETIC_RECLASS
TU00000651,LN00005010,2026-01-31,801.28,SYNTHETIC_RECLASS
TU00000652,LN00005015,2026-06-30,-644.88,SYNTHETIC_RECLASS
TU00000653,LN00005032,2025-11-30,1018.81,SYNTHETIC_RECLASS
TU00000654,LN00005044,2024-11-30,746.05,SYNTHETIC_RECLASS
TU00000655,LN00005054,2025-09-30,-566.31,SYNTHETIC_RECLASS
TU00000656,LN00005064,2026-07-31,-664.13,SYNTHETIC_RECLASS
TU00000657,LN00005098,2025-05-31,947.89,SYNTHETIC_RECLASS
TU00000658,LN00005103,2025-10-31,-619.01,SYNTHETIC_RECLASS
TU00000659,LN00005113,2024-08-31,1127.24,SYNTHETIC_RECLASS
TU00000660,LN00005116,2024-11-30,333.88,SYNTHETIC_RECLASS
TU00000661,LN00005168,2025-03-31,572.61,SYNTHETIC_RECLASS
TU00000662,LN00005169,2025-04-30,1179.69,SYNTHETIC_RECLASS
TU00000663,LN00005171,2025-06-30,-655.90,SYNTHETIC_RECLASS
TU00000664,LN00005175,2025-10-31,757.97,SYNTHETIC_RECLASS
TU00000665,LN00005177,2025-12-31,536.15,SYNTHETIC_RECLASS
TU00000666,LN00005183,2026-06-30,-190.51,SYNTHETIC_RECLASS
TU00000667,LN00005211,2024-10-31,654.28,SYNTHETIC_RECLASS
TU00000668,LN00005212,2024-11-30,689.24,SYNTHETIC_RECLASS
TU00000669,LN00005218,2025-05-31,1210.08,SYNTHETIC_RECLASS
TU00000670,LN00005220,2025-07-31,172.46,SYNTHETIC_RECLASS
TU00000671,LN00005224,2025-11-30,-288.47,SYNTHETIC_RECLASS
TU00000672,LN00005225,2025-12-31,1107.03,SYNTHETIC_RECLASS
TU00000673,LN00005238,2025-01-31,806.06,SYNTHETIC_RECLASS
TU00000674,LN00005250,2026-01-31,-221.15,SYNTHETIC_RECLASS
TU00000675,LN00005252,2026-03-31,-706.33,SYNTHETIC_RECLASS
TU00000676,LN00005272,2025-11-30,795.35,SYNTHETIC_RECLASS
TU00000677,LN00005277,2026-04-30,303.64,SYNTHETIC_RECLASS
TU00000678,LN00005279,2026-06-30,1020.10,SYNTHETIC_RECLASS
TU00000679,LN00005283,2024-10-31,678.00,SYNTHETIC_RECLASS
TU00000680,LN00005291,2025-06-30,1142.77,SYNTHETIC_RECLASS
TU00000681,LN00005295,2025-10-31,585.74,SYNTHETIC_RECLASS
TU00000682,LN00005312,2025-03-31,-483.82,SYNTHETIC_RECLASS
TU00000683,LN00005318,2025-09-30,663.65,SYNTHETIC_RECLASS
TU00000684,LN00005325,2026-04-30,1201.79,SYNTHETIC_RECLASS
TU00000685,LN00005326,2026-05-31,796.38,SYNTHETIC_RECLASS
TU00000686,LN00005350,2026-05-31,627.23,SYNTHETIC_RECLASS
TU00000687,LN00005362,2025-05-31,524.90,SYNTHETIC_RECLASS
TU00000688,LN00005382,2025-01-31,362.57,SYNTHETIC_RECLASS
TU00000689,LN00005400,2026-07-31,244.73,SYNTHETIC_RECLASS
TU00000690,LN00005406,2025-01-31,1110.47,SYNTHETIC_RECLASS
TU00000691,LN00005410,2025-05-31,-248.55,SYNTHETIC_RECLASS
TU00000692,LN00005411,2025-06-30,-245.71,SYNTHETIC_RECLASS
TU00000693,LN00005416,2025-11-30,-525.44,SYNTHETIC_RECLASS
TU00000694,LN00005422,2026-05-31,-491.76,SYNTHETIC_RECLASS
TU00000695,LN00005432,2025-03-31,496.80,SYNTHETIC_RECLASS
TU00000696,LN00005441,2025-12-31,945.48,SYNTHETIC_RECLASS
TU00000697,LN00005443,2026-02-28,1074.56,SYNTHETIC_RECLASS
TU00000698,LN00005448,2026-07-31,384.42,SYNTHETIC_RECLASS
TU00000699,LN00005452,2024-11-30,-646.98,SYNTHETIC_RECLASS
TU00000700,LN00005453,2024-12-31,18.72,SYNTHETIC_RECLASS
TU00000701,LN00005454,2025-01-31,-25.45,SYNTHETIC_RECLASS
TU00000702,LN00005460,2025-07-31,201.81,SYNTHETIC_RECLASS
TU00000703,LN00005469,2026-04-30,616.03,SYNTHETIC_RECLASS
TU00000704,LN00005480,2025-03-31,122.48,SYNTHETIC_RECLASS
TU00000705,LN00005484,2025-07-31,676.12,SYNTHETIC_RECLASS
TU00000706,LN00005486,2025-09-30,23.01,SYNTHETIC_RECLASS
TU00000707,LN00005490,2026-01-31,805.81,SYNTHETIC_RECLASS
TU00000708,LN00005496,2026-07-31,132.63,SYNTHETIC_RECLASS
TU00000709,LN00005512,2025-11-30,916.17,SYNTHETIC_RECLASS
TU00000710,LN00005523,2024-10-31,154.46,SYNTHETIC_RECLASS
TU00000711,LN00005534,2025-09-30,708.05,SYNTHETIC_RECLASS
TU00000712,LN00005539,2026-02-28,-595.42,SYNTHETIC_RECLASS
TU00000713,LN00005550,2025-01-31,557.12,SYNTHETIC_RECLASS
TU00000714,LN00005552,2025-03-31,1142.08,SYNTHETIC_RECLASS
TU00000715,LN00005556,2025-07-31,195.27,SYNTHETIC_RECLASS
TU00000716,LN00005564,2026-03-31,1074.65,SYNTHETIC_RECLASS
TU00000717,LN00005569,2024-08-31,-123.48,SYNTHETIC_RECLASS
TU00000718,LN00005571,2024-10-31,-698.31,SYNTHETIC_RECLASS
TU00000719,LN00005595,2024-10-31,303.69,SYNTHETIC_RECLASS
TU00000720,LN00005613,2026-04-30,430.10,SYNTHETIC_RECLASS
TU00000721,LN00005634,2026-01-31,220.86,SYNTHETIC_RECLASS
TU00000722,LN00005637,2026-04-30,-96.46,SYNTHETIC_RECLASS
TU00000723,LN00005638,2026-05-31,685.55,SYNTHETIC_RECLASS
TU00000724,LN00005639,2026-06-30,-58.77,SYNTHETIC_RECLASS
TU00000725,LN00005640,2026-07-31,-260.10,SYNTHETIC_RECLASS
TU00000726,LN00005642,2024-09-30,-297.30,SYNTHETIC_RECLASS
TU00000727,LN00005679,2025-10-31,-500.33,SYNTHETIC_RECLASS
TU00000728,LN00005687,2026-06-30,814.20,SYNTHETIC_RECLASS
TU00000729,LN00005689,2024-08-31,56.45,SYNTHETIC_RECLASS
TU00000730,LN00005690,2024-09-30,483.55,SYNTHETIC_RECLASS
TU00000731,LN00005695,2025-02-28,-581.23,SYNTHETIC_RECLASS
TU00000732,LN00005701,2025-08-31,1000.43,SYNTHETIC_RECLASS
TU00000733,LN00005706,2026-01-31,-375.35,SYNTHETIC_RECLASS
TU00000734,LN00005707,2026-02-28,537.13,SYNTHETIC_RECLASS
TU00000735,LN00005711,2026-06-30,297.11,SYNTHETIC_RECLASS
TU00000736,LN00005714,2024-09-30,-168.36,SYNTHETIC_RECLASS
TU00000737,LN00005733,2026-04-30,-300.11,SYNTHETIC_RECLASS
TU00000738,LN00005735,2026-06-30,422.84,SYNTHETIC_RECLASS
TU00000739,LN00005738,2024-09-30,-22.38,SYNTHETIC_RECLASS
TU00000740,LN00005742,2025-01-31,809.60,SYNTHETIC_RECLASS
TU00000741,LN00005743,2025-02-28,582.53,SYNTHETIC_RECLASS
TU00000742,LN00005755,2026-02-28,665.10,SYNTHETIC_RECLASS
TU00000743,LN00005756,2026-03-31,-296.09,SYNTHETIC_RECLASS
TU00000744,LN00005757,2026-04-30,1120.19,SYNTHETIC_RECLASS
TU00000745,LN00005761,2024-08-31,-111.86,SYNTHETIC_RECLASS
TU00000746,LN00005772,2025-07-31,938.26,SYNTHETIC_RECLASS
TU00000747,LN00005800,2025-11-30,777.68,SYNTHETIC_RECLASS
TU00000748,LN00005820,2025-07-31,1147.66,SYNTHETIC_RECLASS
TU00000749,LN00005822,2025-09-30,-212.78,SYNTHETIC_RECLASS
TU00000750,LN00005825,2025-12-31,862.54,SYNTHETIC_RECLASS
TU00000751,LN00005827,2026-02-28,-633.41,SYNTHETIC_RECLASS
TU00000752,LN00005835,2024-10-31,-126.60,SYNTHETIC_RECLASS
TU00000753,LN00005856,2026-07-31,-632.62,SYNTHETIC_RECLASS
TU00000754,LN00005859,2024-10-31,1057.56,SYNTHETIC_RECLASS
TU00000755,LN00005880,2026-07-31,778.90,SYNTHETIC_RECLASS
TU00000756,LN00005894,2025-09-30,-429.77,SYNTHETIC_RECLASS
TU00000757,LN00005900,2026-03-31,1073.74,SYNTHETIC_RECLASS
TU00000758,LN00005927,2026-06-30,185.86,SYNTHETIC_RECLASS
TU00000759,LN00005937,2025-04-30,-651.53,SYNTHETIC_RECLASS
TU00000760,LN00005948,2026-03-31,-89.06,SYNTHETIC_RECLASS
TU00000761,LN00005951,2026-06-30,858.06,SYNTHETIC_RECLASS
TU00000762,LN00005968,2025-11-30,104.42,SYNTHETIC_RECLASS
TU00000763,LN00005978,2024-09-30,1004.04,SYNTHETIC_RECLASS
TU00000764,LN00005981,2024-12-31,789.76,SYNTHETIC_RECLASS
TU00000765,LN00006005,2024-12-31,563.57,SYNTHETIC_RECLASS
TU00000766,LN00006008,2025-03-31,-614.05,SYNTHETIC_RECLASS
TU00000767,LN00006019,2026-02-28,-484.32,SYNTHETIC_RECLASS
TU00000768,LN00006028,2024-11-30,501.74,SYNTHETIC_RECLASS
TU00000769,LN00006029,2024-12-31,63.81,SYNTHETIC_RECLASS
TU00000770,LN00006039,2025-10-31,-641.37,SYNTHETIC_RECLASS
TU00000771,LN00006045,2026-04-30,1037.29,SYNTHETIC_RECLASS
TU00000772,LN00006054,2025-01-31,1139.99,SYNTHETIC_RECLASS
TU00000773,LN00006056,2025-03-31,1170.82,SYNTHETIC_RECLASS
TU00000774,LN00006060,2025-07-31,91.88,SYNTHETIC_RECLASS
TU00000775,LN00006097,2024-08-31,482.28,SYNTHETIC_RECLASS
TU00000776,LN00006106,2025-05-31,-295.18,SYNTHETIC_RECLASS
TU00000777,LN00006111,2025-10-31,583.81,SYNTHETIC_RECLASS
TU00000778,LN00006118,2026-05-31,-368.58,SYNTHETIC_RECLASS
TU00000779,LN00006120,2026-07-31,-384.22,SYNTHETIC_RECLASS
TU00000780,LN00006136,2025-11-30,244.52,SYNTHETIC_RECLASS
TU00000781,LN00006142,2026-05-31,65.84,SYNTHETIC_RECLASS
TU00000782,LN00006151,2025-02-28,6.65,SYNTHETIC_RECLASS
TU00000783,LN00006156,2025-07-31,157.03,SYNTHETIC_RECLASS
TU00000784,LN00006166,2026-05-31,-85.55,SYNTHETIC_RECLASS
TU00000785,LN00006167,2026-06-30,1077.78,SYNTHETIC_RECLASS
TU00000786,LN00006169,2024-08-31,1241.21,SYNTHETIC_RECLASS
TU00000787,LN00006177,2025-04-30,502.27,SYNTHETIC_RECLASS
TU00000788,LN00006188,2026-03-31,773.76,SYNTHETIC_RECLASS
TU00000789,LN00006208,2025-11-30,35.72,SYNTHETIC_RECLASS
TU00000790,LN00006214,2026-05-31,-206.16,SYNTHETIC_RECLASS
TU00000791,LN00006219,2024-10-31,-151.98,SYNTHETIC_RECLASS
TU00000792,LN00006220,2024-11-30,488.67,SYNTHETIC_RECLASS
TU00000793,LN00006224,2025-03-31,-356.77,SYNTHETIC_RECLASS
TU00000794,LN00006226,2025-05-31,417.79,SYNTHETIC_RECLASS
TU00000795,LN00006241,2024-08-31,-112.43,SYNTHETIC_RECLASS
TU00000796,LN00006244,2024-11-30,380.68,SYNTHETIC_RECLASS
TU00000797,LN00006248,2025-03-31,775.37,SYNTHETIC_RECLASS
TU00000798,LN00006249,2025-04-30,991.24,SYNTHETIC_RECLASS
TU00000799,LN00006251,2025-06-30,59.78,SYNTHETIC_RECLASS
TU00000800,LN00006265,2024-08-31,-294.05,SYNTHETIC_RECLASS
TU00000801,LN00006267,2024-10-31,121.51,SYNTHETIC_RECLASS
TU00000802,LN00006273,2025-04-30,-135.78,SYNTHETIC_RECLASS
TU00000803,LN00006276,2025-07-31,395.08,SYNTHETIC_RECLASS
TU00000804,LN00006284,2026-03-31,477.57,SYNTHETIC_RECLASS
TU00000805,LN00006288,2026-07-31,-363.66,SYNTHETIC_RECLASS
TU00000806,LN00006297,2025-04-30,712.41,SYNTHETIC_RECLASS
TU00000807,LN00006300,2025-07-31,-514.22,SYNTHETIC_RECLASS
TU00000808,LN00006318,2025-01-31,772.89,SYNTHETIC_RECLASS
TU00000809,LN00006329,2025-12-31,-348.46,SYNTHETIC_RECLASS
TU00000810,LN00006346,2025-05-31,1210.08,SYNTHETIC_RECLASS
TU00000811,LN00006352,2025-11-30,54.40,SYNTHETIC_RECLASS
TU00000812,LN00006356,2026-03-31,351.76,SYNTHETIC_RECLASS
TU00000813,LN00006360,2026-07-31,665.37,SYNTHETIC_RECLASS
TU00000814,LN00006369,2025-04-30,-721.15,SYNTHETIC_RECLASS
TU00000815,LN00006372,2025-07-31,-122.17,SYNTHETIC_RECLASS
TU00000816,LN00006377,2025-12-31,1048.89,SYNTHETIC_RECLASS
TU00000817,LN00006392,2025-03-31,268.41,SYNTHETIC_RECLASS
TU00000818,LN00006393,2025-04-30,-476.30,SYNTHETIC_RECLASS
TU00000819,LN00006394,2025-05-31,296.05,SYNTHETIC_RECLASS
TU00000820,LN00006397,2025-08-31,-579.12,SYNTHETIC_RECLASS
TU00000821,LN00006399,2025-10-31,590.28,SYNTHETIC_RECLASS
TU00000822,LN00006403,2026-02-28,-231.80,SYNTHETIC_RECLASS
TU00000823,LN00006409,2024-08-31,-499.78,SYNTHETIC_RECLASS
TU00000824,LN00006410,2024-09-30,-582.08,SYNTHETIC_RECLASS
TU00000825,LN00006411,2024-10-31,-468.79,SYNTHETIC_RECLASS
TU00000826,LN00006439,2025-02-28,530.09,SYNTHETIC_RECLASS
TU00000827,LN00006443,2025-06-30,952.26,SYNTHETIC_RECLASS
TU00000828,LN00006444,2025-07-31,545.63,SYNTHETIC_RECLASS
TU00000829,LN00006449,2025-12-31,-643.97,SYNTHETIC_RECLASS
TU00000830,LN00006450,2026-01-31,-215.68,SYNTHETIC_RECLASS
TU00000831,LN00006458,2024-09-30,-88.15,SYNTHETIC_RECLASS
TU00000832,LN00006481,2024-08-31,-88.14,SYNTHETIC_RECLASS
TU00000833,LN00006487,2025-02-28,-616.54,SYNTHETIC_RECLASS
TU00000834,LN00006488,2025-03-31,12.11,SYNTHETIC_RECLASS
TU00000835,LN00006495,2025-10-31,101.33,SYNTHETIC_RECLASS
TU00000836,LN00006501,2026-04-30,544.26,SYNTHETIC_RECLASS
TU00000837,LN00006508,2024-11-30,930.94,SYNTHETIC_RECLASS
TU00000838,LN00006535,2025-02-28,115.47,SYNTHETIC_RECLASS
TU00000839,LN00006541,2025-08-31,-197.41,SYNTHETIC_RECLASS
TU00000840,LN00006548,2026-03-31,769.91,SYNTHETIC_RECLASS
TU00000841,LN00006569,2025-12-31,-289.27,SYNTHETIC_RECLASS
TU00000842,LN00006579,2024-10-31,-574.01,SYNTHETIC_RECLASS
TU00000843,LN00006580,2024-11-30,1154.19,SYNTHETIC_RECLASS
TU00000844,LN00006581,2024-12-31,-436.33,SYNTHETIC_RECLASS
TU00000845,LN00006608,2025-03-31,305.55,SYNTHETIC_RECLASS
TU00000846,LN00006617,2025-12-31,-375.18,SYNTHETIC_RECLASS
TU00000847,LN00006627,2024-10-31,1089.73,SYNTHETIC_RECLASS
TU00000848,LN00006629,2024-12-31,732.84,SYNTHETIC_RECLASS
TU00000849,LN00006630,2025-01-31,949.43,SYNTHETIC_RECLASS
TU00000850,LN00006633,2025-04-30,1158.60,SYNTHETIC_RECLASS
TU00000851,LN00006643,2026-02-28,-220.75,SYNTHETIC_RECLASS
TU00000852,LN00006652,2024-11-30,138.28,SYNTHETIC_RECLASS
TU00000853,LN00006663,2025-10-31,1200.92,SYNTHETIC_RECLASS
TU00000854,LN00006666,2026-01-31,-474.85,SYNTHETIC_RECLASS
TU00000855,LN00006669,2026-04-30,295.13,SYNTHETIC_RECLASS
TU00000856,LN00006679,2025-02-28,300.26,SYNTHETIC_RECLASS
TU00000857,LN00006682,2025-05-31,-503.22,SYNTHETIC_RECLASS
TU00000858,LN00006691,2026-02-28,705.29,SYNTHETIC_RECLASS
TU00000859,LN00006692,2026-03-31,149.43,SYNTHETIC_RECLASS
TU00000860,LN00006695,2026-06-30,25.96,SYNTHETIC_RECLASS
TU00000861,LN00006698,2024-09-30,296.05,SYNTHETIC_RECLASS
TU00000862,LN00006717,2026-04-30,-464.75,SYNTHETIC_RECLASS
TU00000863,LN00006740,2026-03-31,898.07,SYNTHETIC_RECLASS
TU00000864,LN00006750,2025-01-31,357.08,SYNTHETIC_RECLASS
TU00000865,LN00006751,2025-02-28,-355.22,SYNTHETIC_RECLASS
TU00000866,LN00006765,2026-04-30,915.35,SYNTHETIC_RECLASS
TU00000867,LN00006769,2024-08-31,1087.44,SYNTHETIC_RECLASS
TU00000868,LN00006774,2025-01-31,753.24,SYNTHETIC_RECLASS
TU00000869,LN00006776,2025-03-31,1220.42,SYNTHETIC_RECLASS
TU00000870,LN00006780,2025-07-31,-144.71,SYNTHETIC_RECLASS
TU00000871,LN00006800,2025-03-31,649.81,SYNTHETIC_RECLASS
TU00000872,LN00006802,2025-05-31,-200.08,SYNTHETIC_RECLASS
TU00000873,LN00006806,2025-09-30,709.68,SYNTHETIC_RECLASS
TU00000874,LN00006807,2025-10-31,938.55,SYNTHETIC_RECLASS
TU00000875,LN00006815,2026-06-30,1172.43,SYNTHETIC_RECLASS
TU00000876,LN00006819,2024-10-31,-116.01,SYNTHETIC_RECLASS
TU00000877,LN00006820,2024-11-30,363.14,SYNTHETIC_RECLASS
TU00000878,LN00006834,2026-01-31,143.86,SYNTHETIC_RECLASS
TU00000879,LN00006858,2026-01-31,-25.56,SYNTHETIC_RECLASS
TU00000880,LN00006873,2025-04-30,1028.47,SYNTHETIC_RECLASS
TU00000881,LN00006886,2026-05-31,1171.57,SYNTHETIC_RECLASS
TU00000882,LN00006892,2024-11-30,152.31,SYNTHETIC_RECLASS
TU00000883,LN00006893,2024-12-31,878.67,SYNTHETIC_RECLASS
TU00000884,LN00006895,2025-02-28,799.77,SYNTHETIC_RECLASS
TU00000885,LN00006899,2025-06-30,921.45,SYNTHETIC_RECLASS
TU00000886,LN00006902,2025-09-30,-602.28,SYNTHETIC_RECLASS
TU00000887,LN00006903,2025-10-31,64.91,SYNTHETIC_RECLASS
TU00000888,LN00006905,2025-12-31,-367.32,SYNTHETIC_RECLASS
TU00000889,LN00006906,2026-01-31,-74.73,SYNTHETIC_RECLASS
TU00000890,LN00006908,2026-03-31,-448.80,SYNTHETIC_RECLASS
TU00000891,LN00006909,2026-04-30,319.62,SYNTHETIC_RECLASS
TU00000892,LN00006921,2025-04-30,178.78,SYNTHETIC_RECLASS
TU00000893,LN00006925,2025-08-31,-194.43,SYNTHETIC_RECLASS
TU00000894,LN00006954,2026-01-31,1123.88,SYNTHETIC_RECLASS
TU00000895,LN00006961,2024-08-31,-92.89,SYNTHETIC_RECLASS
TU00000896,LN00006965,2024-12-31,1002.53,SYNTHETIC_RECLASS
TU00000897,LN00006968,2025-03-31,849.28,SYNTHETIC_RECLASS
TU00000898,LN00006970,2025-05-31,162.17,SYNTHETIC_RECLASS
TU00000899,LN00006983,2026-06-30,122.26,SYNTHETIC_RECLASS
TU00000900,LN00006989,2024-12-31,388.49,SYNTHETIC_RECLASS
TU00000901,LN00006994,2025-05-31,-635.87,SYNTHETIC_RECLASS
TU00000902,LN00007006,2026-05-31,77.83,SYNTHETIC_RECLASS
TU00000903,LN00007014,2025-01-31,601.11,SYNTHETIC_RECLASS
TU00000904,LN00007025,2025-12-31,-675.53,SYNTHETIC_RECLASS
TU00000905,LN00007026,2026-01-31,-690.07,SYNTHETIC_RECLASS
TU00000906,LN00007088,2025-03-31,179.54,SYNTHETIC_RECLASS
TU00000907,LN00007120,2025-11-30,-254.34,SYNTHETIC_RECLASS
TU00000908,LN00007122,2026-01-31,-226.01,SYNTHETIC_RECLASS
TU00000909,LN00007139,2025-06-30,-390.97,SYNTHETIC_RECLASS
TU00000910,LN00007151,2026-06-30,-186.31,SYNTHETIC_RECLASS
TU00000911,LN00007153,2024-08-31,334.61,SYNTHETIC_RECLASS
TU00000912,LN00007156,2024-11-30,604.47,SYNTHETIC_RECLASS
TU00000913,LN00007163,2025-06-30,608.92,SYNTHETIC_RECLASS
TU00000914,LN00007169,2025-12-31,-244.47,SYNTHETIC_RECLASS
TU00000915,LN00007185,2025-04-30,100.98,SYNTHETIC_RECLASS
TU00000916,LN00007186,2025-05-31,-612.32,SYNTHETIC_RECLASS
TU00000917,LN00007192,2025-11-30,192.37,SYNTHETIC_RECLASS
TU00000918,LN00007195,2026-02-28,-735.96,SYNTHETIC_RECLASS
TU00000919,LN00007196,2026-03-31,114.20,SYNTHETIC_RECLASS
TU00000920,LN00007215,2025-10-31,-633.58,SYNTHETIC_RECLASS
TU00000921,LN00007219,2026-02-28,-430.66,SYNTHETIC_RECLASS
TU00000922,LN00007223,2026-06-30,1150.57,SYNTHETIC_RECLASS
TU00000923,LN00007230,2025-01-31,994.27,SYNTHETIC_RECLASS
TU00000924,LN00007231,2025-02-28,-606.79,SYNTHETIC_RECLASS
TU00000925,LN00007235,2025-06-30,33.20,SYNTHETIC_RECLASS
TU00000926,LN00007241,2025-12-31,-235.73,SYNTHETIC_RECLASS
TU00000927,LN00007243,2026-02-28,-121.36,SYNTHETIC_RECLASS
TU00000928,LN00007261,2025-08-31,599.32,SYNTHETIC_RECLASS
TU00000929,LN00007267,2026-02-28,1121.86,SYNTHETIC_RECLASS
TU00000930,LN00007286,2025-09-30,-733.61,SYNTHETIC_RECLASS
TU00000931,LN00007297,2024-08-31,634.14,SYNTHETIC_RECLASS
TU00000932,LN00007301,2024-12-31,-710.02,SYNTHETIC_RECLASS
TU00000933,LN00007304,2025-03-31,1181.40,SYNTHETIC_RECLASS
TU00000934,LN00007310,2025-09-30,342.52,SYNTHETIC_RECLASS
TU00000935,LN00007326,2025-01-31,-117.42,SYNTHETIC_RECLASS
TU00000936,LN00007334,2025-09-30,861.48,SYNTHETIC_RECLASS
TU00000937,LN00007338,2026-01-31,448.10,SYNTHETIC_RECLASS
TU00000938,LN00007342,2026-05-31,776.79,SYNTHETIC_RECLASS
TU00000939,LN00007349,2024-12-31,561.40,SYNTHETIC_RECLASS
TU00000940,LN00007361,2025-12-31,122.83,SYNTHETIC_RECLASS
TU00000941,LN00007369,2024-08-31,-717.01,SYNTHETIC_RECLASS
TU00000942,LN00007377,2025-04-30,-232.46,SYNTHETIC_RECLASS
TU00000943,LN00007401,2025-04-30,128.88,SYNTHETIC_RECLASS
TU00000944,LN00007402,2025-05-31,621.17,SYNTHETIC_RECLASS
TU00000945,LN00007405,2025-08-31,161.90,SYNTHETIC_RECLASS
TU00000946,LN00007437,2026-04-30,1083.86,SYNTHETIC_RECLASS
TU00000947,LN00007442,2024-09-30,981.63,SYNTHETIC_RECLASS
TU00000948,LN00007446,2025-01-31,-497.85,SYNTHETIC_RECLASS
TU00000949,LN00007451,2025-06-30,-546.54,SYNTHETIC_RECLASS
TU00000950,LN00007455,2025-10-31,436.66,SYNTHETIC_RECLASS
TU00000951,LN00007457,2025-12-31,332.73,SYNTHETIC_RECLASS
TU00000952,LN00007461,2026-04-30,118.96,SYNTHETIC_RECLASS
TU00000953,LN00007489,2024-08-31,295.18,SYNTHETIC_RECLASS
TU00000954,LN00007500,2025-07-31,-101.22,SYNTHETIC_RECLASS
TU00000955,LN00007507,2026-02-28,-339.39,SYNTHETIC_RECLASS
TU00000956,LN00007516,2024-11-30,1082.18,SYNTHETIC_RECLASS
TU00000957,LN00007519,2025-02-28,-270.67,SYNTHETIC_RECLASS
TU00000958,LN00007520,2025-03-31,-694.43,SYNTHETIC_RECLASS
TU00000959,LN00007522,2025-05-31,-1.52,SYNTHETIC_RECLASS
TU00000960,LN00007531,2026-02-28,494.15,SYNTHETIC_RECLASS
TU00000961,LN00007533,2026-04-30,1186.09,SYNTHETIC_RECLASS
TU00000962,LN00007550,2025-09-30,1107.75,SYNTHETIC_RECLASS
TU00000963,LN00007553,2025-12-31,1057.10,SYNTHETIC_RECLASS
TU00000964,LN00007571,2025-06-30,1185.94,SYNTHETIC_RECLASS
TU00000965,LN00007573,2025-08-31,755.87,SYNTHETIC_RECLASS
TU00000966,LN00007575,2025-10-31,445.45,SYNTHETIC_RECLASS
TU00000967,LN00007577,2025-12-31,987.50,SYNTHETIC_RECLASS
TU00000968,LN00007584,2026-07-31,-681.51,SYNTHETIC_RECLASS
TU00000969,LN00007588,2024-11-30,-42.31,SYNTHETIC_RECLASS
TU00000970,LN00007609,2024-08-31,-107.80,SYNTHETIC_RECLASS
TU00000971,LN00007613,2024-12-31,-262.94,SYNTHETIC_RECLASS
TU00000972,LN00007614,2025-01-31,682.94,SYNTHETIC_RECLASS
TU00000973,LN00007615,2025-02-28,-421.29,SYNTHETIC_RECLASS
TU00000974,LN00007628,2026-03-31,150.82,SYNTHETIC_RECLASS
TU00000975,LN00007657,2024-08-31,47.19,SYNTHETIC_RECLASS
TU00000976,LN00007667,2025-06-30,-395.40,SYNTHETIC_RECLASS
TU00000977,LN00007684,2024-11-30,817.65,SYNTHETIC_RECLASS
TU00000978,LN00007686,2025-01-31,18.81,SYNTHETIC_RECLASS
TU00000979,LN00007687,2025-02-28,388.42,SYNTHETIC_RECLASS
TU00000980,LN00007703,2026-06-30,-588.43,SYNTHETIC_RECLASS
TU00000981,LN00007704,2026-07-31,845.63,SYNTHETIC_RECLASS
TU00000982,LN00007718,2025-09-30,-462.98,SYNTHETIC_RECLASS
TU00000983,LN00007721,2025-12-31,250.05,SYNTHETIC_RECLASS
TU00000984,LN00007742,2025-09-30,-136.14,SYNTHETIC_RECLASS
TU00000985,LN00007754,2024-09-30,981.89,SYNTHETIC_RECLASS
TU00000986,LN00007765,2025-08-31,-613.79,SYNTHETIC_RECLASS
TU00000987,LN00007768,2025-11-30,-153.49,SYNTHETIC_RECLASS
TU00000988,LN00007775,2026-06-30,122.73,SYNTHETIC_RECLASS
TU00000989,LN00007777,2024-08-31,-416.03,SYNTHETIC_RECLASS
TU00000990,LN00007780,2024-11-30,100.26,SYNTHETIC_RECLASS
TU00000991,LN00007784,2025-03-31,-221.49,SYNTHETIC_RECLASS
TU00000992,LN00007790,2025-09-30,701.00,SYNTHETIC_RECLASS
TU00000993,LN00007805,2024-12-31,-620.79,SYNTHETIC_RECLASS
TU00000994,LN00007818,2026-01-31,-203.18,SYNTHETIC_RECLASS
TU00000995,LN00007841,2025-12-31,-484.19,SYNTHETIC_RECLASS
TU00000996,LN00007843,2026-02-28,1047.72,SYNTHETIC_RECLASS
TU00000997,LN00007849,2024-08-31,176.97,SYNTHETIC_RECLASS
TU00000998,LN00007850,2024-09-30,596.41,SYNTHETIC_RECLASS
TU00000999,LN00007852,2024-11-30,802.79,SYNTHETIC_RECLASS
TU00001000,LN00007863,2025-10-31,502.97,SYNTHETIC_RECLASS
TU00001001,LN00007875,2024-10-31,-172.75,SYNTHETIC_RECLASS
TU00001002,LN00007878,2025-01-31,-167.52,SYNTHETIC_RECLASS
TU00001003,LN00007885,2025-08-31,1096.46,SYNTHETIC_RECLASS
TU00001004,LN00007886,2025-09-30,443.27,SYNTHETIC_RECLASS
TU00001005,LN00007889,2025-12-31,-170.12,SYNTHETIC_RECLASS
TU00001006,LN00007890,2026-01-31,-546.72,SYNTHETIC_RECLASS
TU00001007,LN00007900,2024-11-30,238.79,SYNTHETIC_RECLASS
TU00001008,LN00007905,2025-04-30,177.30,SYNTHETIC_RECLASS
TU00001009,LN00007917,2026-04-30,883.16,SYNTHETIC_RECLASS
TU00001010,LN00007920,2026-07-31,1030.31,SYNTHETIC_RECLASS
TU00001011,LN00007924,2024-11-30,1019.87,SYNTHETIC_RECLASS
TU00001012,LN00007932,2025-07-31,-394.07,SYNTHETIC_RECLASS
TU00001013,LN00007938,2026-01-31,349.76,SYNTHETIC_RECLASS
TU00001014,LN00007939,2026-02-28,-205.10,SYNTHETIC_RECLASS
TU00001015,LN00007947,2024-10-31,-95.83,SYNTHETIC_RECLASS
TU00001016,LN00007949,2024-12-31,620.03,SYNTHETIC_RECLASS
TU00001017,LN00007961,2025-12-31,353.24,SYNTHETIC_RECLASS
TU00001018,LN00007964,2026-03-31,586.88,SYNTHETIC_RECLASS
TU00001019,LN00007970,2024-09-30,870.93,SYNTHETIC_RECLASS
TU00001020,LN00007978,2025-05-31,-42.67,SYNTHETIC_RECLASS
TU00001021,LN00007991,2026-06-30,73.52,SYNTHETIC_RECLASS
TU00001022,LN00007992,2026-07-31,580.58,SYNTHETIC_RECLASS
TU00001023,LN00007999,2025-02-28,551.84,SYNTHETIC_RECLASS
TU00001024,LN00008001,2025-04-30,910.70,SYNTHETIC_RECLASS
TU00001025,LN00008020,2024-11-30,739.99,SYNTHETIC_RECLASS
TU00001026,LN00008022,2025-01-31,628.74,SYNTHETIC_RECLASS
TU00001027,LN00008023,2025-02-28,1023.09,SYNTHETIC_RECLASS
TU00001028,LN00008024,2025-03-31,-567.47,SYNTHETIC_RECLASS
TU00001029,LN00008026,2025-05-31,868.12,SYNTHETIC_RECLASS
TU00001030,LN00008032,2025-11-30,312.91,SYNTHETIC_RECLASS
TU00001031,LN00008033,2025-12-31,250.42,SYNTHETIC_RECLASS
TU00001032,LN00008034,2026-01-31,594.90,SYNTHETIC_RECLASS
TU00001033,LN00008042,2024-09-30,-241.46,SYNTHETIC_RECLASS
TU00001034,LN00008048,2025-03-31,-298.14,SYNTHETIC_RECLASS
TU00001035,LN00008049,2025-04-30,1056.33,SYNTHETIC_RECLASS
TU00001036,LN00008057,2025-12-31,609.04,SYNTHETIC_RECLASS
TU00001037,LN00008058,2026-01-31,-629.21,SYNTHETIC_RECLASS
TU00001038,LN00008059,2026-02-28,-417.44,SYNTHETIC_RECLASS
TU00001039,LN00008070,2025-01-31,474.94,SYNTHETIC_RECLASS
TU00001040,LN00008078,2025-09-30,86.77,SYNTHETIC_RECLASS
TU00001041,LN00008090,2024-09-30,208.28,SYNTHETIC_RECLASS
TU00001042,LN00008101,2025-08-31,761.19,SYNTHETIC_RECLASS
TU00001043,LN00008111,2026-06-30,-334.71,SYNTHETIC_RECLASS
TU00001044,LN00008115,2024-10-31,864.63,SYNTHETIC_RECLASS
TU00001045,LN00008119,2025-02-28,601.04,SYNTHETIC_RECLASS
TU00001046,LN00008123,2025-06-30,877.88,SYNTHETIC_RECLASS
TU00001047,LN00008124,2025-07-31,82.17,SYNTHETIC_RECLASS
TU00001048,LN00008131,2026-02-28,975.11,SYNTHETIC_RECLASS
TU00001049,LN00008145,2025-04-30,282.67,SYNTHETIC_RECLASS
TU00001050,LN00008170,2025-05-31,-193.58,SYNTHETIC_RECLASS
TU00001051,LN00008176,2025-11-30,-213.73,SYNTHETIC_RECLASS
TU00001052,LN00008211,2024-10-31,550.56,SYNTHETIC_RECLASS
TU00001053,LN00008213,2024-12-31,1028.70,SYNTHETIC_RECLASS
TU00001054,LN00008236,2024-11-30,907.42,SYNTHETIC_RECLASS
TU00001055,LN00008242,2025-05-31,475.39,SYNTHETIC_RECLASS
TU00001056,LN00008247,2025-10-31,342.14,SYNTHETIC_RECLASS
TU00001057,LN00008259,2024-10-31,344.96,SYNTHETIC_RECLASS
TU00001058,LN00008272,2025-11-30,244.89,SYNTHETIC_RECLASS
TU00001059,LN00008274,2026-01-31,-603.55,SYNTHETIC_RECLASS
TU00001060,LN00008280,2026-07-31,1027.66,SYNTHETIC_RECLASS
TU00001061,LN00008299,2026-02-28,-216.70,SYNTHETIC_RECLASS
TU00001062,LN00008300,2026-03-31,-643.61,SYNTHETIC_RECLASS
TU00001063,LN00008305,2024-08-31,-94.22,SYNTHETIC_RECLASS
TU00001064,LN00008316,2025-07-31,-345.42,SYNTHETIC_RECLASS
TU00001065,LN00008319,2025-10-31,-250.70,SYNTHETIC_RECLASS
TU00001066,LN00008321,2025-12-31,-147.06,SYNTHETIC_RECLASS
TU00001067,LN00008323,2026-02-28,992.47,SYNTHETIC_RECLASS
TU00001068,LN00008340,2025-07-31,-463.75,SYNTHETIC_RECLASS
TU00001069,LN00008352,2026-07-31,346.30,SYNTHETIC_RECLASS
TU00001070,LN00008354,2024-09-30,-638.61,SYNTHETIC_RECLASS
TU00001071,LN00008368,2025-11-30,-256.54,SYNTHETIC_RECLASS
TU00001072,LN00008369,2025-12-31,1028.10,SYNTHETIC_RECLASS
TU00001073,LN00008370,2026-01-31,502.70,SYNTHETIC_RECLASS
TU00001074,LN00008377,2024-08-31,-560.21,SYNTHETIC_RECLASS
TU00001075,LN00008380,2024-11-30,418.52,SYNTHETIC_RECLASS
TU00001076,LN00008409,2025-04-30,476.73,SYNTHETIC_RECLASS
TU00001077,LN00008417,2025-12-31,1205.51,SYNTHETIC_RECLASS
TU00001078,LN00008420,2026-03-31,413.01,SYNTHETIC_RECLASS
TU00001079,LN00008424,2026-07-31,163.22,SYNTHETIC_RECLASS
TU00001080,LN00008426,2024-09-30,108.39,SYNTHETIC_RECLASS
TU00001081,LN00008429,2024-12-31,924.61,SYNTHETIC_RECLASS
TU00001082,LN00008445,2026-04-30,-695.87,SYNTHETIC_RECLASS
TU00001083,LN00008449,2024-08-31,1074.05,SYNTHETIC_RECLASS
TU00001084,LN00008451,2024-10-31,240.48,SYNTHETIC_RECLASS
TU00001085,LN00008452,2024-11-30,1030.83,SYNTHETIC_RECLASS
TU00001086,LN00008456,2025-03-31,-731.51,SYNTHETIC_RECLASS
TU00001087,LN00008469,2026-04-30,-613.91,SYNTHETIC_RECLASS
TU00001088,LN00008478,2025-01-31,-357.68,SYNTHETIC_RECLASS
TU00001089,LN00008483,2025-06-30,-238.89,SYNTHETIC_RECLASS
TU00001090,LN00008495,2026-06-30,113.68,SYNTHETIC_RECLASS
TU00001091,LN00008499,2024-10-31,473.42,SYNTHETIC_RECLASS
TU00001092,LN00008500,2024-11-30,-96.54,SYNTHETIC_RECLASS
TU00001093,LN00008510,2025-09-30,542.45,SYNTHETIC_RECLASS
TU00001094,LN00008511,2025-10-31,-497.00,SYNTHETIC_RECLASS
TU00001095,LN00008515,2026-02-28,1232.25,SYNTHETIC_RECLASS
TU00001096,LN00008561,2025-12-31,1058.14,SYNTHETIC_RECLASS
TU00001097,LN00008564,2026-03-31,124.45,SYNTHETIC_RECLASS
TU00001098,LN00008568,2026-07-31,-602.63,SYNTHETIC_RECLASS
TU00001099,LN00008573,2024-12-31,-537.89,SYNTHETIC_RECLASS
TU00001100,LN00008579,2025-06-30,-623.19,SYNTHETIC_RECLASS
TU00001101,LN00008582,2025-09-30,651.97,SYNTHETIC_RECLASS
TU00001102,LN00008585,2025-12-31,-262.24,SYNTHETIC_RECLASS
TU00001103,LN00008589,2026-04-30,-625.60,SYNTHETIC_RECLASS
TU00001104,LN00008594,2024-09-30,271.93,SYNTHETIC_RECLASS
TU00001105,LN00008610,2026-01-31,-6.89,SYNTHETIC_RECLASS
TU00001106,LN00008614,2026-05-31,-78.28,SYNTHETIC_RECLASS
TU00001107,LN00008624,2025-03-31,741.65,SYNTHETIC_RECLASS
TU00001108,LN00008644,2024-11-30,645.91,SYNTHETIC_RECLASS
TU00001109,LN00008647,2025-02-28,943.24,SYNTHETIC_RECLASS
TU00001110,LN00008653,2025-08-31,-361.29,SYNTHETIC_RECLASS
TU00001111,LN00008663,2026-06-30,163.55,SYNTHETIC_RECLASS
TU00001112,LN00008669,2024-12-31,495.66,SYNTHETIC_RECLASS
TU00001113,LN00008674,2025-05-31,-128.50,SYNTHETIC_RECLASS
TU00001114,LN00008680,2025-11-30,845.06,SYNTHETIC_RECLASS
TU00001115,LN00008681,2025-12-31,-61.49,SYNTHETIC_RECLASS
TU00001116,LN00008704,2025-11-30,540.13,SYNTHETIC_RECLASS
TU00001117,LN00008705,2025-12-31,38.10,SYNTHETIC_RECLASS
TU00001118,LN00008710,2026-05-31,2.17,SYNTHETIC_RECLASS
TU00001119,LN00008711,2026-06-30,898.99,SYNTHETIC_RECLASS
TU00001120,LN00008721,2025-04-30,1150.87,SYNTHETIC_RECLASS
TU00001121,LN00008722,2025-05-31,631.52,SYNTHETIC_RECLASS
TU00001122,LN00008726,2025-09-30,881.74,SYNTHETIC_RECLASS
TU00001123,LN00008728,2025-11-30,449.34,SYNTHETIC_RECLASS
TU00001124,LN00008729,2025-12-31,797.45,SYNTHETIC_RECLASS
TU00001125,LN00008731,2026-02-28,1012.11,SYNTHETIC_RECLASS
TU00001126,LN00008733,2026-04-30,-314.43,SYNTHETIC_RECLASS
TU00001127,LN00008746,2025-05-31,319.66,SYNTHETIC_RECLASS
TU00001128,LN00008783,2026-06-30,58.48,SYNTHETIC_RECLASS
TU00001129,LN00008798,2025-09-30,-573.70,SYNTHETIC_RECLASS
TU00001130,LN00008802,2026-01-31,350.03,SYNTHETIC_RECLASS
TU00001131,LN00008803,2026-02-28,-40.05,SYNTHETIC_RECLASS
TU00001132,LN00008825,2025-12-31,1153.20,SYNTHETIC_RECLASS
TU00001133,LN00008832,2026-07-31,285.43,SYNTHETIC_RECLASS
TU00001134,LN00008846,2025-09-30,-307.20,SYNTHETIC_RECLASS
TU00001135,LN00008852,2026-03-31,865.76,SYNTHETIC_RECLASS
TU00001136,LN00008862,2025-01-31,724.51,SYNTHETIC_RECLASS
TU00001137,LN00008884,2024-11-30,716.97,SYNTHETIC_RECLASS
TU00001138,LN00008886,2025-01-31,557.74,SYNTHETIC_RECLASS
TU00001139,LN00008908,2024-11-30,-747.37,SYNTHETIC_RECLASS
TU00001140,LN00008909,2024-12-31,-151.06,SYNTHETIC_RECLASS
TU00001141,LN00008910,2025-01-31,1158.26,SYNTHETIC_RECLASS
TU00001142,LN00008911,2025-02-28,350.77,SYNTHETIC_RECLASS
TU00001143,LN00008912,2025-03-31,136.74,SYNTHETIC_RECLASS
TU00001144,LN00008913,2025-04-30,397.82,SYNTHETIC_RECLASS
TU00001145,LN00008922,2026-01-31,1133.74,SYNTHETIC_RECLASS
TU00001146,LN00008931,2024-10-31,349.10,SYNTHETIC_RECLASS
TU00001147,LN00008956,2024-11-30,452.55,SYNTHETIC_RECLASS
TU00001148,LN00008963,2025-06-30,1117.22,SYNTHETIC_RECLASS
TU00001149,LN00008968,2025-11-30,1139.06,SYNTHETIC_RECLASS
TU00001150,LN00008976,2026-07-31,800.52,SYNTHETIC_RECLASS
TU00001151,LN00008978,2024-09-30,489.20,SYNTHETIC_RECLASS
TU00001152,LN00008998,2026-05-31,890.23,SYNTHETIC_RECLASS
TU00001153,LN00009003,2024-10-31,740.58,SYNTHETIC_RECLASS
TU00001154,LN00009004,2024-11-30,-703.00,SYNTHETIC_RECLASS
TU00001155,LN00009008,2025-03-31,651.78,SYNTHETIC_RECLASS
TU00001156,LN00009018,2026-01-31,238.90,SYNTHETIC_RECLASS
TU00001157,LN00009049,2024-08-31,870.42,SYNTHETIC_RECLASS
TU00001158,LN00009054,2025-01-31,-224.08,SYNTHETIC_RECLASS
TU00001159,LN00009058,2025-05-31,-149.10,SYNTHETIC_RECLASS
TU00001160,LN00009061,2025-08-31,-176.50,SYNTHETIC_RECLASS
TU00001161,LN00009065,2025-12-31,-324.15,SYNTHETIC_RECLASS
TU00001162,LN00009074,2024-09-30,-519.35,SYNTHETIC_RECLASS
TU00001163,LN00009076,2024-11-30,-582.23,SYNTHETIC_RECLASS
TU00001164,LN00009090,2026-01-31,-334.25,SYNTHETIC_RECLASS
TU00001165,LN00009105,2025-04-30,566.03,SYNTHETIC_RECLASS
TU00001166,LN00009116,2026-03-31,-481.84,SYNTHETIC_RECLASS
TU00001167,LN00009118,2026-05-31,1220.95,SYNTHETIC_RECLASS
TU00001168,LN00009139,2026-02-28,-717.35,SYNTHETIC_RECLASS
TU00001169,LN00009142,2026-05-31,-701.27,SYNTHETIC_RECLASS
TU00001170,LN00009143,2026-06-30,56.37,SYNTHETIC_RECLASS
TU00001171,LN00009151,2025-02-28,1024.52,SYNTHETIC_RECLASS
TU00001172,LN00009170,2024-09-30,1109.95,SYNTHETIC_RECLASS
TU00001173,LN00009171,2024-10-31,-669.08,SYNTHETIC_RECLASS
TU00001174,LN00009172,2024-11-30,1073.31,SYNTHETIC_RECLASS
TU00001175,LN00009178,2025-05-31,-271.87,SYNTHETIC_RECLASS
TU00001176,LN00009180,2025-07-31,-687.79,SYNTHETIC_RECLASS
TU00001177,LN00009181,2025-08-31,835.55,SYNTHETIC_RECLASS
TU00001178,LN00009187,2026-02-28,92.80,SYNTHETIC_RECLASS
TU00001179,LN00009195,2024-10-31,866.15,SYNTHETIC_RECLASS
TU00001180,LN00009197,2024-12-31,106.27,SYNTHETIC_RECLASS
TU00001181,LN00009203,2025-06-30,-464.26,SYNTHETIC_RECLASS
TU00001182,LN00009220,2024-11-30,-502.42,SYNTHETIC_RECLASS
TU00001183,LN00009221,2024-12-31,958.37,SYNTHETIC_RECLASS
TU00001184,LN00009222,2025-01-31,119.35,SYNTHETIC_RECLASS
TU00001185,LN00009223,2025-02-28,588.48,SYNTHETIC_RECLASS
TU00001186,LN00009225,2025-04-30,961.28,SYNTHETIC_RECLASS
TU00001187,LN00009226,2025-05-31,1211.56,SYNTHETIC_RECLASS
TU00001188,LN00009235,2026-02-28,1064.30,SYNTHETIC_RECLASS
TU00001189,LN00009245,2024-12-31,-121.33,SYNTHETIC_RECLASS
TU00001190,LN00009249,2025-04-30,1157.53,SYNTHETIC_RECLASS
TU00001191,LN00009251,2025-06-30,804.75,SYNTHETIC_RECLASS
TU00001192,LN00009258,2026-01-31,1067.61,SYNTHETIC_RECLASS
TU00001193,LN00009260,2026-03-31,227.48,SYNTHETIC_RECLASS
TU00001194,LN00009261,2026-04-30,294.69,SYNTHETIC_RECLASS
TU00001195,LN00009267,2024-10-31,-432.38,SYNTHETIC_RECLASS
TU00001196,LN00009274,2025-05-31,-563.59,SYNTHETIC_RECLASS
TU00001197,LN00009280,2025-11-30,642.07,SYNTHETIC_RECLASS
TU00001198,LN00009285,2026-04-30,493.25,SYNTHETIC_RECLASS
TU00001199,LN00009286,2026-05-31,1047.55,SYNTHETIC_RECLASS
TU00001200,LN00009314,2024-09-30,287.38,SYNTHETIC_RECLASS
TU00001201,LN00009322,2025-05-31,767.77,SYNTHETIC_RECLASS
TU00001202,LN00009346,2025-05-31,410.24,SYNTHETIC_RECLASS
TU00001203,LN00009347,2025-06-30,1098.89,SYNTHETIC_RECLASS
TU00001204,LN00009352,2025-11-30,1219.18,SYNTHETIC_RECLASS
TU00001205,LN00009356,2026-03-31,432.06,SYNTHETIC_RECLASS
TU00001206,LN00009362,2024-09-30,-668.33,SYNTHETIC_RECLASS
TU00001207,LN00009364,2024-11-30,33.63,SYNTHETIC_RECLASS
TU00001208,LN00009381,2026-04-30,194.89,SYNTHETIC_RECLASS
TU00001209,LN00009383,2026-06-30,-609.32,SYNTHETIC_RECLASS
TU00001210,LN00009385,2024-08-31,1112.38,SYNTHETIC_RECLASS
TU00001211,LN00009387,2024-10-31,-623.01,SYNTHETIC_RECLASS
TU00001212,LN00009388,2024-11-30,4.81,SYNTHETIC_RECLASS
TU00001213,LN00009390,2025-01-31,1068.92,SYNTHETIC_RECLASS
TU00001214,LN00009391,2025-02-28,-364.24,SYNTHETIC_RECLASS
TU00001215,LN00009408,2026-07-31,-673.05,SYNTHETIC_RECLASS
TU00001216,LN00009409,2024-08-31,520.26,SYNTHETIC_RECLASS
TU00001217,LN00009421,2025-08-31,-213.49,SYNTHETIC_RECLASS
TU00001218,LN00009423,2025-10-31,1041.35,SYNTHETIC_RECLASS
TU00001219,LN00009427,2026-02-28,-11.32,SYNTHETIC_RECLASS
TU00001220,LN00009450,2026-01-31,882.20,SYNTHETIC_RECLASS
TU00001221,LN00009455,2026-06-30,151.84,SYNTHETIC_RECLASS
TU00001222,LN00009469,2025-08-31,1078.16,SYNTHETIC_RECLASS
TU00001223,LN00009499,2026-02-28,-412.07,SYNTHETIC_RECLASS
TU00001224,LN00009511,2025-02-28,746.77,SYNTHETIC_RECLASS
TU00001225,LN00009517,2025-08-31,-150.78,SYNTHETIC_RECLASS
TU00001226,LN00009527,2026-06-30,382.15,SYNTHETIC_RECLASS
TU00001227,LN00009530,2024-09-30,478.67,SYNTHETIC_RECLASS
TU00001228,LN00009540,2025-07-31,278.51,SYNTHETIC_RECLASS
TU00001229,LN00009541,2025-08-31,298.70,SYNTHETIC_RECLASS
TU00001230,LN00009547,2026-02-28,670.82,SYNTHETIC_RECLASS
TU00001231,LN00009553,2024-08-31,401.88,SYNTHETIC_RECLASS
TU00001232,LN00009556,2024-11-30,77.99,SYNTHETIC_RECLASS
TU00001233,LN00009557,2024-12-31,130.05,SYNTHETIC_RECLASS
TU00001234,LN00009561,2025-04-30,-453.55,SYNTHETIC_RECLASS
TU00001235,LN00009565,2025-08-31,-246.67,SYNTHETIC_RECLASS
TU00001236,LN00009571,2026-02-28,-157.06,SYNTHETIC_RECLASS
TU00001237,LN00009577,2024-08-31,530.87,SYNTHETIC_RECLASS
TU00001238,LN00009581,2024-12-31,393.53,SYNTHETIC_RECLASS
TU00001239,LN00009588,2025-07-31,-386.32,SYNTHETIC_RECLASS
TU00001240,LN00009598,2026-05-31,-320.23,SYNTHETIC_RECLASS
TU00001241,LN00009610,2025-05-31,-492.46,SYNTHETIC_RECLASS
TU00001242,LN00009631,2025-02-28,507.64,SYNTHETIC_RECLASS
TU00001243,LN00009632,2025-03-31,-738.08,SYNTHETIC_RECLASS
TU00001244,LN00009635,2025-06-30,-220.40,SYNTHETIC_RECLASS
TU00001245,LN00009638,2025-09-30,1110.93,SYNTHETIC_RECLASS
TU00001246,LN00009648,2026-07-31,709.99,SYNTHETIC_RECLASS
TU00001247,LN00009654,2025-01-31,-747.51,SYNTHETIC_RECLASS
TU00001248,LN00009658,2025-05-31,124.77,SYNTHETIC_RECLASS
TU00001249,LN00009677,2024-12-31,737.85,SYNTHETIC_RECLASS
TU00001250,LN00009681,2025-04-30,720.64,SYNTHETIC_RECLASS
TU00001251,LN00009683,2025-06-30,959.33,SYNTHETIC_RECLASS
TU00001252,LN00009695,2026-06-30,600.31,SYNTHETIC_RECLASS
TU00001253,LN00009696,2026-07-31,1047.12,SYNTHETIC_RECLASS
TU00001254,LN00009720,2026-07-31,251.53,SYNTHETIC_RECLASS
TU00001255,LN00009733,2025-08-31,-321.54,SYNTHETIC_RECLASS
TU00001256,LN00009736,2025-11-30,-423.76,SYNTHETIC_RECLASS
TU00001257,LN00009745,2024-08-31,-361.46,SYNTHETIC_RECLASS
TU00001258,LN00009757,2025-08-31,814.83,SYNTHETIC_RECLASS
TU00001259,LN00009761,2025-12-31,969.64,SYNTHETIC_RECLASS
TU00001260,LN00009762,2026-01-31,-53.76,SYNTHETIC_RECLASS
TU00001261,LN00009766,2026-05-31,616.97,SYNTHETIC_RECLASS
TU00001262,LN00009770,2024-09-30,334.42,SYNTHETIC_RECLASS
TU00001263,LN00009778,2025-05-31,566.07,SYNTHETIC_RECLASS
TU00001264,LN00009788,2026-03-31,387.24,SYNTHETIC_RECLASS
TU00001265,LN00009815,2026-06-30,947.29,SYNTHETIC_RECLASS
TU00001266,LN00009819,2024-10-31,11.73,SYNTHETIC_RECLASS
TU00001267,LN00009826,2025-05-31,896.65,SYNTHETIC_RECLASS
TU00001268,LN00009828,2025-07-31,813.19,SYNTHETIC_RECLASS
TU00001269,LN00009841,2024-08-31,-601.78,SYNTHETIC_RECLASS
TU00001270,LN00009843,2024-10-31,-729.81,SYNTHETIC_RECLASS
TU00001271,LN00009848,2025-03-31,-327.84,SYNTHETIC_RECLASS
TU00001272,LN00009849,2025-04-30,547.83,SYNTHETIC_RECLASS
TU00001273,LN00009852,2025-07-31,-374.75,SYNTHETIC_RECLASS
TU00001274,LN00009856,2025-11-30,1126.22,SYNTHETIC_RECLASS
TU00001275,LN00009858,2026-01-31,1005.19,SYNTHETIC_RECLASS
TU00001276,LN00009863,2026-06-30,178.75,SYNTHETIC_RECLASS
TU00001277,LN00009875,2025-06-30,722.35,SYNTHETIC_RECLASS
TU00001278,LN00009876,2025-07-31,-260.26,SYNTHETIC_RECLASS
TU00001279,LN00009881,2025-12-31,-644.89,SYNTHETIC_RECLASS
TU00001280,LN00009882,2026-01-31,12.91,SYNTHETIC_RECLASS
TU00001281,LN00009884,2026-03-31,-166.32,SYNTHETIC_RECLASS
TU00001282,LN00009889,2024-08-31,-259.76,SYNTHETIC_RECLASS
TU00001283,LN00009892,2024-11-30,-532.46,SYNTHETIC_RECLASS
TU00001284,LN00009906,2026-01-31,-310.18,SYNTHETIC_RECLASS
TU00001285,LN00009923,2025-06-30,860.20,SYNTHETIC_RECLASS
TU00001286,LN00009925,2025-08-31,283.29,SYNTHETIC_RECLASS
TU00001287,LN00009930,2026-01-31,-742.66,SYNTHETIC_RECLASS
TU00001288,LN00009932,2026-03-31,235.95,SYNTHETIC_RECLASS
TU00001289,LN00009933,2026-04-30,-19.93,SYNTHETIC_RECLASS
TU00001290,LN00009946,2025-05-31,-386.23,SYNTHETIC_RECLASS
TU00001291,LN00009960,2026-07-31,343.76,SYNTHETIC_RECLASS
TU00001292,LN00009971,2025-06-30,944.91,SYNTHETIC_RECLASS
TU00001293,LN00009985,2024-08-31,433.32,SYNTHETIC_RECLASS
TU00001294,LN00009986,2024-09-30,875.39,SYNTHETIC_RECLASS
TU00001295,LN00009990,2025-01-31,341.08,SYNTHETIC_RECLASS
TU00001296,LN00009993,2025-04-30,991.59,SYNTHETIC_RECLASS
TU00001297,LN00010013,2024-12-31,147.73,SYNTHETIC_RECLASS
TU00001298,LN00010020,2025-07-31,730.89,SYNTHETIC_RECLASS
TU00001299,LN00010025,2025-12-31,567.15,SYNTHETIC_RECLASS
TU00001300,LN00010028,2026-03-31,915.08,SYNTHETIC_RECLASS
TU00001301,LN00010031,2026-06-30,-494.52,SYNTHETIC_RECLASS
TU00001302,LN00010033,2024-08-31,374.05,SYNTHETIC_RECLASS
TU00001303,LN00010035,2024-10-31,12.42,SYNTHETIC_RECLASS
TU00001304,LN00010037,2024-12-31,946.72,SYNTHETIC_RECLASS
TU00001305,LN00010046,2025-09-30,202.12,SYNTHETIC_RECLASS
TU00001306,LN00010049,2025-12-31,1134.66,SYNTHETIC_RECLASS
TU00001307,LN00010056,2026-07-31,972.01,SYNTHETIC_RECLASS
TU00001308,LN00010061,2024-12-31,1122.44,SYNTHETIC_RECLASS
TU00001309,LN00010067,2025-06-30,974.28,SYNTHETIC_RECLASS
TU00001310,LN00010068,2025-07-31,-256.80,SYNTHETIC_RECLASS
TU00001311,LN00010071,2025-10-31,70.53,SYNTHETIC_RECLASS
TU00001312,LN00010076,2026-03-31,994.37,SYNTHETIC_RECLASS
TU00001313,LN00010077,2026-04-30,11.21,SYNTHETIC_RECLASS
TU00001314,LN00010109,2024-12-31,-377.46,SYNTHETIC_RECLASS
TU00001315,LN00010129,2024-08-31,-381.20,SYNTHETIC_RECLASS
TU00001316,LN00010134,2025-01-31,1190.72,SYNTHETIC_RECLASS
TU00001317,LN00010143,2025-10-31,-539.22,SYNTHETIC_RECLASS
TU00001318,LN00010146,2026-01-31,65.84,SYNTHETIC_RECLASS
TU00001319,LN00010149,2026-04-30,402.38,SYNTHETIC_RECLASS
TU00001320,LN00010151,2026-06-30,-376.22,SYNTHETIC_RECLASS
TU00001321,LN00010162,2025-05-31,-666.58,SYNTHETIC_RECLASS
TU00001322,LN00010172,2026-03-31,1115.66,SYNTHETIC_RECLASS
TU00001323,LN00010183,2025-02-28,447.52,SYNTHETIC_RECLASS
TU00001324,LN00010188,2025-07-31,-290.58,SYNTHETIC_RECLASS
TU00001325,LN00010191,2025-10-31,108.18,SYNTHETIC_RECLASS
TU00001326,LN00010194,2026-01-31,1035.13,SYNTHETIC_RECLASS
TU00001327,LN00010198,2026-05-31,511.08,SYNTHETIC_RECLASS
TU00001328,LN00010199,2026-06-30,-523.60,SYNTHETIC_RECLASS
TU00001329,LN00010201,2024-08-31,-60.72,SYNTHETIC_RECLASS
TU00001330,LN00010224,2026-07-31,593.13,SYNTHETIC_RECLASS
TU00001331,LN00010227,2024-10-31,790.26,SYNTHETIC_RECLASS
TU00001332,LN00010228,2024-11-30,444.45,SYNTHETIC_RECLASS
TU00001333,LN00010243,2026-02-28,977.53,SYNTHETIC_RECLASS
TU00001334,LN00010244,2026-03-31,572.68,SYNTHETIC_RECLASS
TU00001335,LN00010248,2026-07-31,1155.86,SYNTHETIC_RECLASS
TU00001336,LN00010268,2026-03-31,1094.02,SYNTHETIC_RECLASS
TU00001337,LN00010298,2024-09-30,1124.42,SYNTHETIC_RECLASS
TU00001338,LN00010303,2025-02-28,-246.96,SYNTHETIC_RECLASS
TU00001339,LN00010309,2025-08-31,266.23,SYNTHETIC_RECLASS
TU00001340,LN00010314,2026-01-31,323.61,SYNTHETIC_RECLASS
TU00001341,LN00010319,2026-06-30,-587.08,SYNTHETIC_RECLASS
TU00001342,LN00010342,2026-05-31,550.47,SYNTHETIC_RECLASS
TU00001343,LN00010347,2024-10-31,-247.22,SYNTHETIC_RECLASS
TU00001344,LN00010353,2025-04-30,574.99,SYNTHETIC_RECLASS
TU00001345,LN00010354,2025-05-31,887.30,SYNTHETIC_RECLASS
TU00001346,LN00010356,2025-07-31,-648.58,SYNTHETIC_RECLASS
TU00001347,LN00010362,2026-01-31,835.45,SYNTHETIC_RECLASS
TU00001348,LN00010365,2026-04-30,-87.85,SYNTHETIC_RECLASS
TU00001349,LN00010372,2024-11-30,-621.69,SYNTHETIC_RECLASS
TU00001350,LN00010381,2025-08-31,924.52,SYNTHETIC_RECLASS
TU00001351,LN00010395,2024-10-31,-76.91,SYNTHETIC_RECLASS
TU00001352,LN00010401,2025-04-30,609.55,SYNTHETIC_RECLASS
TU00001353,LN00010427,2025-06-30,1139.26,SYNTHETIC_RECLASS
TU00001354,LN00010428,2025-07-31,126.99,SYNTHETIC_RECLASS
TU00001355,LN00010430,2025-09-30,1027.63,SYNTHETIC_RECLASS
TU00001356,LN00010440,2026-07-31,440.69,SYNTHETIC_RECLASS
TU00001357,LN00010449,2025-04-30,-591.61,SYNTHETIC_RECLASS
TU00001358,LN00010458,2026-01-31,169.49,SYNTHETIC_RECLASS
TU00001359,LN00010468,2024-11-30,1158.26,SYNTHETIC_RECLASS
TU00001360,LN00010471,2025-02-28,1088.69,SYNTHETIC_RECLASS
TU00001361,LN00010478,2025-09-30,-253.35,SYNTHETIC_RECLASS
TU00001362,LN00010482,2026-01-31,-557.78,SYNTHETIC_RECLASS
TU00001363,LN00010488,2026-07-31,-235.90,SYNTHETIC_RECLASS
TU00001364,LN00010491,2024-10-31,-119.07,SYNTHETIC_RECLASS
TU00001365,LN00010494,2025-01-31,-89.38,SYNTHETIC_RECLASS
TU00001366,LN00010502,2025-09-30,641.71,SYNTHETIC_RECLASS
TU00001367,LN00010516,2024-11-30,-161.51,SYNTHETIC_RECLASS
TU00001368,LN00010518,2025-01-31,1206.25,SYNTHETIC_RECLASS
TU00001369,LN00010523,2025-06-30,-703.01,SYNTHETIC_RECLASS
TU00001370,LN00010527,2025-10-31,274.70,SYNTHETIC_RECLASS
TU00001371,LN00010528,2025-11-30,509.46,SYNTHETIC_RECLASS
TU00001372,LN00010558,2026-05-31,1144.35,SYNTHETIC_RECLASS
TU00001373,LN00010559,2026-06-30,-46.00,SYNTHETIC_RECLASS
TU00001374,LN00010563,2024-10-31,-182.12,SYNTHETIC_RECLASS
TU00001375,LN00010572,2025-07-31,-626.24,SYNTHETIC_RECLASS
TU00001376,LN00010574,2025-09-30,-464.39,SYNTHETIC_RECLASS
TU00001377,LN00010585,2024-08-31,-546.11,SYNTHETIC_RECLASS
TU00001378,LN00010595,2025-06-30,-592.86,SYNTHETIC_RECLASS
TU00001379,LN00010603,2026-02-28,682.17,SYNTHETIC_RECLASS
TU00001380,LN00010606,2026-05-31,226.40,SYNTHETIC_RECLASS
TU00001381,LN00010608,2026-07-31,-536.15,SYNTHETIC_RECLASS
TU00001382,LN00010611,2024-10-31,-725.38,SYNTHETIC_RECLASS
TU00001383,LN00010618,2025-05-31,545.54,SYNTHETIC_RECLASS
TU00001384,LN00010619,2025-06-30,524.70,SYNTHETIC_RECLASS
TU00001385,LN00010623,2025-10-31,712.16,SYNTHETIC_RECLASS
TU00001386,LN00010630,2026-05-31,217.78,SYNTHETIC_RECLASS
TU00001387,LN00010632,2026-07-31,-191.69,SYNTHETIC_RECLASS
TU00001388,LN00010636,2024-11-30,487.79,SYNTHETIC_RECLASS
TU00001389,LN00010637,2024-12-31,-425.63,SYNTHETIC_RECLASS
TU00001390,LN00010650,2026-01-31,-65.63,SYNTHETIC_RECLASS
TU00001391,LN00010662,2025-01-31,129.16,SYNTHETIC_RECLASS
TU00001392,LN00010665,2025-04-30,541.11,SYNTHETIC_RECLASS
TU00001393,LN00010669,2025-08-31,904.79,SYNTHETIC_RECLASS
TU00001394,LN00010685,2024-12-31,0.03,SYNTHETIC_RECLASS
TU00001395,LN00010686,2025-01-31,749.25,SYNTHETIC_RECLASS
TU00001396,LN00010697,2025-12-31,-477.49,SYNTHETIC_RECLASS
TU00001397,LN00010711,2025-02-28,1245.48,SYNTHETIC_RECLASS
TU00001398,LN00010717,2025-08-31,682.61,SYNTHETIC_RECLASS
TU00001399,LN00010735,2025-02-28,274.95,SYNTHETIC_RECLASS
TU00001400,LN00010740,2025-07-31,-47.16,SYNTHETIC_RECLASS
TU00001401,LN00010747,2026-02-28,787.37,SYNTHETIC_RECLASS
TU00001402,LN00010762,2025-05-31,461.08,SYNTHETIC_RECLASS
TU00001403,LN00010769,2025-12-31,-665.13,SYNTHETIC_RECLASS
TU00001404,LN00010775,2026-06-30,-428.19,SYNTHETIC_RECLASS
TU00001405,LN00010778,2024-09-30,438.52,SYNTHETIC_RECLASS
TU00001406,LN00010781,2024-12-31,-332.17,SYNTHETIC_RECLASS
TU00001407,LN00010790,2025-09-30,1036.02,SYNTHETIC_RECLASS
TU00001408,LN00010792,2025-11-30,-676.67,SYNTHETIC_RECLASS
TU00001409,LN00010793,2025-12-31,-360.31,SYNTHETIC_RECLASS
TU00001410,LN00010797,2026-04-30,-730.58,SYNTHETIC_RECLASS
TU00001411,LN00010804,2024-11-30,-392.83,SYNTHETIC_RECLASS
TU00001412,LN00010812,2025-07-31,-258.90,SYNTHETIC_RECLASS
TU00001413,LN00010819,2026-02-28,1132.69,SYNTHETIC_RECLASS
TU00001414,LN00010828,2024-11-30,1049.97,SYNTHETIC_RECLASS
TU00001415,LN00010841,2025-12-31,-603.60,SYNTHETIC_RECLASS
TU00001416,LN00010844,2026-03-31,1060.86,SYNTHETIC_RECLASS
TU00001417,LN00010868,2026-03-31,-498.89,SYNTHETIC_RECLASS
TU00001418,LN00010893,2026-04-30,-527.01,SYNTHETIC_RECLASS
TU00001419,LN00010899,2024-10-31,309.32,SYNTHETIC_RECLASS
TU00001420,LN00010904,2025-03-31,233.36,SYNTHETIC_RECLASS
TU00001421,LN00010920,2026-07-31,127.81,SYNTHETIC_RECLASS
TU00001422,LN00010934,2025-09-30,-726.49,SYNTHETIC_RECLASS
TU00001423,LN00010941,2026-04-30,981.57,SYNTHETIC_RECLASS
TU00001424,LN00010943,2026-06-30,633.87,SYNTHETIC_RECLASS
TU00001425,LN00010947,2024-10-31,272.10,SYNTHETIC_RECLASS
TU00001426,LN00010948,2024-11-30,-445.86,SYNTHETIC_RECLASS
TU00001427,LN00010952,2025-03-31,-473.69,SYNTHETIC_RECLASS
TU00001428,LN00010969,2024-08-31,-260.22,SYNTHETIC_RECLASS
TU00001429,LN00010974,2025-01-31,-326.80,SYNTHETIC_RECLASS
TU00001430,LN00010980,2025-07-31,81.44,SYNTHETIC_RECLASS
TU00001431,LN00010982,2025-09-30,997.23,SYNTHETIC_RECLASS
TU00001432,LN00010983,2025-10-31,-240.21,SYNTHETIC_RECLASS
TU00001433,LN00010989,2026-04-30,888.04,SYNTHETIC_RECLASS
TU00001434,LN00010991,2026-06-30,193.68,SYNTHETIC_RECLASS
TU00001435,LN00010994,2024-09-30,667.19,SYNTHETIC_RECLASS
TU00001436,LN00011006,2025-09-30,103.95,SYNTHETIC_RECLASS
TU00001437,LN00011008,2025-11-30,-614.57,SYNTHETIC_RECLASS
TU00001438,LN00011030,2025-09-30,-463.86,SYNTHETIC_RECLASS
TU00001439,LN00011035,2026-02-28,1080.11,SYNTHETIC_RECLASS
TU00001440,LN00011036,2026-03-31,-693.03,SYNTHETIC_RECLASS
TU00001441,LN00011039,2026-06-30,-228.19,SYNTHETIC_RECLASS
TU00001442,LN00011043,2024-10-31,-313.53,SYNTHETIC_RECLASS
TU00001443,LN00011046,2025-01-31,391.18,SYNTHETIC_RECLASS
TU00001444,LN00011049,2025-04-30,960.37,SYNTHETIC_RECLASS
TU00001445,LN00011055,2025-10-31,165.33,SYNTHETIC_RECLASS
TU00001446,LN00011069,2024-12-31,241.50,SYNTHETIC_RECLASS
TU00001447,LN00011072,2025-03-31,800.14,SYNTHETIC_RECLASS
TU00001448,LN00011089,2024-08-31,1231.03,SYNTHETIC_RECLASS
TU00001449,LN00011091,2024-10-31,397.13,SYNTHETIC_RECLASS
TU00001450,LN00011094,2025-01-31,-19.78,SYNTHETIC_RECLASS
TU00001451,LN00011104,2025-11-30,243.24,SYNTHETIC_RECLASS
TU00001452,LN00011127,2025-10-31,103.56,SYNTHETIC_RECLASS
TU00001453,LN00011131,2026-02-28,-567.97,SYNTHETIC_RECLASS
TU00001454,LN00011133,2026-04-30,134.31,SYNTHETIC_RECLASS
TU00001455,LN00011137,2024-08-31,194.18,SYNTHETIC_RECLASS
TU00001456,LN00011138,2024-09-30,1066.46,SYNTHETIC_RECLASS
TU00001457,LN00011141,2024-12-31,1171.64,SYNTHETIC_RECLASS
TU00001458,LN00011143,2025-02-28,529.31,SYNTHETIC_RECLASS
TU00001459,LN00011145,2025-04-30,-656.52,SYNTHETIC_RECLASS
TU00001460,LN00011146,2025-05-31,1074.34,SYNTHETIC_RECLASS
TU00001461,LN00011148,2025-07-31,771.51,SYNTHETIC_RECLASS
TU00001462,LN00011155,2026-02-28,326.67,SYNTHETIC_RECLASS
TU00001463,LN00011159,2026-06-30,219.39,SYNTHETIC_RECLASS
TU00001464,LN00011161,2024-08-31,1172.76,SYNTHETIC_RECLASS
TU00001465,LN00011165,2024-12-31,878.17,SYNTHETIC_RECLASS
TU00001466,LN00011168,2025-03-31,398.21,SYNTHETIC_RECLASS
TU00001467,LN00011171,2025-06-30,-574.30,SYNTHETIC_RECLASS
TU00001468,LN00011174,2025-09-30,639.80,SYNTHETIC_RECLASS
TU00001469,LN00011188,2024-11-30,846.33,SYNTHETIC_RECLASS
TU00001470,LN00011206,2026-05-31,616.65,SYNTHETIC_RECLASS
TU00001471,LN00011212,2024-11-30,-681.63,SYNTHETIC_RECLASS
TU00001472,LN00011221,2025-08-31,1156.79,SYNTHETIC_RECLASS
TU00001473,LN00011235,2024-10-31,1038.82,SYNTHETIC_RECLASS
TU00001474,LN00011237,2024-12-31,1206.16,SYNTHETIC_RECLASS
TU00001475,LN00011241,2025-04-30,1094.38,SYNTHETIC_RECLASS
TU00001476,LN00011248,2025-11-30,984.52,SYNTHETIC_RECLASS
TU00001477,LN00011259,2024-10-31,1036.37,SYNTHETIC_RECLASS
TU00001478,LN00011274,2026-01-31,-15.23,SYNTHETIC_RECLASS
TU00001479,LN00011288,2025-03-31,1084.32,SYNTHETIC_RECLASS
TU00001480,LN00011291,2025-06-30,761.43,SYNTHETIC_RECLASS
TU00001481,LN00011295,2025-10-31,723.15,SYNTHETIC_RECLASS
TU00001482,LN00011297,2025-12-31,-246.41,SYNTHETIC_RECLASS
TU00001483,LN00011299,2026-02-28,-278.27,SYNTHETIC_RECLASS
TU00001484,LN00011317,2025-08-31,1128.67,SYNTHETIC_RECLASS
TU00001485,LN00011324,2026-03-31,-402.24,SYNTHETIC_RECLASS
TU00001486,LN00011326,2026-05-31,367.10,SYNTHETIC_RECLASS
TU00001487,LN00011349,2026-04-30,698.39,SYNTHETIC_RECLASS
TU00001488,LN00011355,2024-10-31,-346.00,SYNTHETIC_RECLASS
TU00001489,LN00011367,2025-10-31,-424.37,SYNTHETIC_RECLASS
TU00001490,LN00011382,2025-01-31,870.76,SYNTHETIC_RECLASS
TU00001491,LN00011387,2025-06-30,-127.52,SYNTHETIC_RECLASS
TU00001492,LN00011390,2025-09-30,976.12,SYNTHETIC_RECLASS
TU00001493,LN00011409,2025-04-30,129.81,SYNTHETIC_RECLASS
TU00001494,LN00011410,2025-05-31,330.89,SYNTHETIC_RECLASS
TU00001495,LN00011411,2025-06-30,-16.68,SYNTHETIC_RECLASS
TU00001496,LN00011427,2024-10-31,903.44,SYNTHETIC_RECLASS
TU00001497,LN00011433,2025-04-30,889.05,SYNTHETIC_RECLASS
TU00001498,LN00011435,2025-06-30,312.31,SYNTHETIC_RECLASS
TU00001499,LN00011442,2026-01-31,-420.41,SYNTHETIC_RECLASS
TU00001500,LN00011444,2026-03-31,-151.16,SYNTHETIC_RECLASS
TU00001501,LN00011453,2024-12-31,975.82,SYNTHETIC_RECLASS
TU00001502,LN00011456,2025-03-31,41.23,SYNTHETIC_RECLASS
TU00001503,LN00011458,2025-05-31,-96.49,SYNTHETIC_RECLASS
TU00001504,LN00011471,2026-06-30,605.95,SYNTHETIC_RECLASS
TU00001505,LN00011474,2024-09-30,1083.91,SYNTHETIC_RECLASS
TU00001506,LN00011486,2025-09-30,64.62,SYNTHETIC_RECLASS
TU00001507,LN00011489,2025-12-31,1201.31,SYNTHETIC_RECLASS
TU00001508,LN00011490,2026-01-31,-603.95,SYNTHETIC_RECLASS
TU00001509,LN00011508,2025-07-31,-713.09,SYNTHETIC_RECLASS
TU00001510,LN00011512,2025-11-30,997.05,SYNTHETIC_RECLASS
TU00001511,LN00011523,2024-10-31,894.33,SYNTHETIC_RECLASS
TU00001512,LN00011536,2025-11-30,165.69,SYNTHETIC_RECLASS
TU00001513,LN00011537,2025-12-31,912.96,SYNTHETIC_RECLASS
TU00001514,LN00011556,2025-07-31,620.31,SYNTHETIC_RECLASS
TU00001515,LN00011557,2025-08-31,-280.02,SYNTHETIC_RECLASS
TU00001516,LN00011564,2026-03-31,287.41,SYNTHETIC_RECLASS
TU00001517,LN00011565,2026-04-30,200.03,SYNTHETIC_RECLASS
TU00001518,LN00011566,2026-05-31,1095.24,SYNTHETIC_RECLASS
TU00001519,LN00011576,2025-03-31,-417.34,SYNTHETIC_RECLASS
TU00001520,LN00011579,2025-06-30,-723.49,SYNTHETIC_RECLASS
TU00001521,LN00011582,2025-09-30,437.85,SYNTHETIC_RECLASS
TU00001522,LN00011583,2025-10-31,791.37,SYNTHETIC_RECLASS
TU00001523,LN00011585,2025-12-31,1067.46,SYNTHETIC_RECLASS
TU00001524,LN00011591,2026-06-30,665.22,SYNTHETIC_RECLASS
TU00001525,LN00011594,2024-09-30,981.31,SYNTHETIC_RECLASS
TU00001526,LN00011600,2025-03-31,420.79,SYNTHETIC_RECLASS
TU00001527,LN00011601,2025-04-30,19.29,SYNTHETIC_RECLASS
TU00001528,LN00011610,2026-01-31,107.39,SYNTHETIC_RECLASS
TU00001529,LN00011625,2025-04-30,337.57,SYNTHETIC_RECLASS
TU00001530,LN00011628,2025-07-31,73.67,SYNTHETIC_RECLASS
TU00001531,LN00011629,2025-08-31,316.65,SYNTHETIC_RECLASS
TU00001532,LN00011630,2025-09-30,1139.19,SYNTHETIC_RECLASS
TU00001533,LN00011647,2025-02-28,371.24,SYNTHETIC_RECLASS
TU00001534,LN00011650,2025-05-31,1173.64,SYNTHETIC_RECLASS
TU00001535,LN00011654,2025-09-30,368.72,SYNTHETIC_RECLASS
TU00001536,LN00011656,2025-11-30,-624.17,SYNTHETIC_RECLASS
TU00001537,LN00011660,2026-03-31,606.18,SYNTHETIC_RECLASS
TU00001538,LN00011663,2026-06-30,369.86,SYNTHETIC_RECLASS
TU00001539,LN00011679,2025-10-31,-297.74,SYNTHETIC_RECLASS
TU00001540,LN00011680,2025-11-30,-52.93,SYNTHETIC_RECLASS
TU00001541,LN00011681,2025-12-31,963.55,SYNTHETIC_RECLASS
TU00001542,LN00011688,2026-07-31,752.07,SYNTHETIC_RECLASS
TU00001543,LN00011689,2024-08-31,-435.26,SYNTHETIC_RECLASS
TU00001544,LN00011699,2025-06-30,169.75,SYNTHETIC_RECLASS
TU00001545,LN00011709,2026-04-30,807.33,SYNTHETIC_RECLASS
TU00001546,LN00011737,2024-08-31,159.56,SYNTHETIC_RECLASS
TU00001547,LN00011763,2024-10-31,607.95,SYNTHETIC_RECLASS
TU00001548,LN00011767,2025-02-28,530.53,SYNTHETIC_RECLASS
TU00001549,LN00011804,2026-03-31,206.17,SYNTHETIC_RECLASS
TU00001550,LN00011807,2026-06-30,1066.37,SYNTHETIC_RECLASS
TU00001551,LN00011811,2024-10-31,1232.73,SYNTHETIC_RECLASS
TU00001552,LN00011816,2025-03-31,68.25,SYNTHETIC_RECLASS
TU00001553,LN00011817,2025-04-30,-213.58,SYNTHETIC_RECLASS
TU00001554,LN00011820,2025-07-31,1156.96,SYNTHETIC_RECLASS
TU00001555,LN00011846,2025-09-30,559.56,SYNTHETIC_RECLASS
TU00001556,LN00011849,2025-12-31,-287.49,SYNTHETIC_RECLASS
TU00001557,LN00011858,2024-09-30,1012.90,SYNTHETIC_RECLASS
TU00001558,LN00011859,2024-10-31,1110.38,SYNTHETIC_RECLASS
TU00001559,LN00011893,2025-08-31,1029.58,SYNTHETIC_RECLASS
TU00001560,LN00011905,2024-08-31,-88.06,SYNTHETIC_RECLASS
TU00001561,LN00011912,2025-03-31,984.40,SYNTHETIC_RECLASS
TU00001562,LN00011920,2025-11-30,467.42,SYNTHETIC_RECLASS
TU00001563,LN00011927,2026-06-30,-358.13,SYNTHETIC_RECLASS
TU00001564,LN00011937,2025-04-30,1073.49,SYNTHETIC_RECLASS
TU00001565,LN00011944,2025-11-30,-277.25,SYNTHETIC_RECLASS
TU00001566,LN00011954,2024-09-30,185.91,SYNTHETIC_RECLASS
TU00001567,LN00011957,2024-12-31,665.61,SYNTHETIC_RECLASS
TU00001568,LN00011964,2025-07-31,1231.11,SYNTHETIC_RECLASS
TU00001569,LN00011967,2025-10-31,112.96,SYNTHETIC_RECLASS
TU00001570,LN00011970,2026-01-31,-147.77,SYNTHETIC_RECLASS
TU00001571,LN00011984,2025-03-31,640.36,SYNTHETIC_RECLASS
TU00001572,LN00011987,2025-06-30,-671.50,SYNTHETIC_RECLASS
TU00001573,LN00012003,2024-10-31,511.74,SYNTHETIC_RECLASS
TU00001574,LN00012006,2025-01-31,-672.62,SYNTHETIC_RECLASS
TU00001575,LN00012013,2025-08-31,1041.39,SYNTHETIC_RECLASS
TU00001576,LN00012017,2025-12-31,1166.48,SYNTHETIC_RECLASS
TU00001577,LN00012020,2026-03-31,18.83,SYNTHETIC_RECLASS
TU00001578,LN00012030,2025-01-31,38.40,SYNTHETIC_RECLASS
TU00001579,LN00012039,2025-10-31,648.85,SYNTHETIC_RECLASS
TU00001580,LN00012040,2025-11-30,122.99,SYNTHETIC_RECLASS
TU00001581,LN00012044,2026-03-31,92.84,SYNTHETIC_RECLASS
TU00001582,LN00012049,2024-08-31,532.66,SYNTHETIC_RECLASS
TU00001583,LN00012052,2024-11-30,70.54,SYNTHETIC_RECLASS
TU00001584,LN00012054,2025-01-31,546.33,SYNTHETIC_RECLASS
TU00001585,LN00012101,2024-12-31,183.92,SYNTHETIC_RECLASS
TU00001586,LN00012109,2025-08-31,-600.34,SYNTHETIC_RECLASS
TU00001587,LN00012114,2026-01-31,324.36,SYNTHETIC_RECLASS
TU00001588,LN00012119,2026-06-30,514.41,SYNTHETIC_RECLASS
TU00001589,LN00012132,2025-07-31,-742.30,SYNTHETIC_RECLASS
TU00001590,LN00012154,2025-05-31,-14.26,SYNTHETIC_RECLASS
TU00001591,LN00012157,2025-08-31,-223.03,SYNTHETIC_RECLASS
TU00001592,LN00012160,2025-11-30,476.93,SYNTHETIC_RECLASS
TU00001593,LN00012162,2026-01-31,-298.62,SYNTHETIC_RECLASS
TU00001594,LN00012164,2026-03-31,777.95,SYNTHETIC_RECLASS
TU00001595,LN00012169,2024-08-31,578.17,SYNTHETIC_RECLASS
TU00001596,LN00012178,2025-05-31,-15.32,SYNTHETIC_RECLASS
TU00001597,LN00012189,2026-04-30,102.16,SYNTHETIC_RECLASS
TU00001598,LN00012198,2025-01-31,328.20,SYNTHETIC_RECLASS
TU00001599,LN00012201,2025-04-30,-521.43,SYNTHETIC_RECLASS
TU00001600,LN00012210,2026-01-31,755.95,SYNTHETIC_RECLASS
TU00001601,LN00012214,2026-05-31,529.22,SYNTHETIC_RECLASS
TU00001602,LN00012222,2025-01-31,509.47,SYNTHETIC_RECLASS
TU00001603,LN00012226,2025-05-31,-541.93,SYNTHETIC_RECLASS
TU00001604,LN00012229,2025-08-31,-571.06,SYNTHETIC_RECLASS
TU00001605,LN00012243,2024-10-31,999.68,SYNTHETIC_RECLASS
TU00001606,LN00012249,2025-04-30,-293.47,SYNTHETIC_RECLASS
TU00001607,LN00012257,2025-12-31,687.54,SYNTHETIC_RECLASS
TU00001608,LN00012260,2026-03-31,-606.42,SYNTHETIC_RECLASS
TU00001609,LN00012283,2026-02-28,889.17,SYNTHETIC_RECLASS
TU00001610,LN00012288,2026-07-31,853.36,SYNTHETIC_RECLASS
TU00001611,LN00012295,2025-02-28,1034.62,SYNTHETIC_RECLASS
TU00001612,LN00012299,2025-06-30,503.71,SYNTHETIC_RECLASS
TU00001613,LN00012307,2026-02-28,278.55,SYNTHETIC_RECLASS
TU00001614,LN00012327,2025-10-31,1053.58,SYNTHETIC_RECLASS
TU00001615,LN00012328,2025-11-30,-637.64,SYNTHETIC_RECLASS
TU00001616,LN00012339,2024-10-31,12.34,SYNTHETIC_RECLASS
TU00001617,LN00012354,2026-01-31,584.24,SYNTHETIC_RECLASS
TU00001618,LN00012362,2024-09-30,1140.64,SYNTHETIC_RECLASS
TU00001619,LN00012376,2025-11-30,842.73,SYNTHETIC_RECLASS
TU00001620,LN00012378,2026-01-31,-360.05,SYNTHETIC_RECLASS
TU00001621,LN00012381,2026-04-30,588.77,SYNTHETIC_RECLASS
TU00001622,LN00012386,2024-09-30,354.32,SYNTHETIC_RECLASS
TU00001623,LN00012389,2024-12-31,-26.90,SYNTHETIC_RECLASS
TU00001624,LN00012394,2025-05-31,461.21,SYNTHETIC_RECLASS
TU00001625,LN00012395,2025-06-30,922.50,SYNTHETIC_RECLASS
TU00001626,LN00012399,2025-10-31,683.74,SYNTHETIC_RECLASS
TU00001627,LN00012400,2025-11-30,570.53,SYNTHETIC_RECLASS
TU00001628,LN00012402,2026-01-31,604.38,SYNTHETIC_RECLASS
TU00001629,LN00012404,2026-03-31,-459.54,SYNTHETIC_RECLASS
TU00001630,LN00012407,2026-06-30,1087.87,SYNTHETIC_RECLASS
TU00001631,LN00012411,2024-10-31,-600.77,SYNTHETIC_RECLASS
TU00001632,LN00012413,2024-12-31,806.69,SYNTHETIC_RECLASS
TU00001633,LN00012415,2025-02-28,610.38,SYNTHETIC_RECLASS
TU00001634,LN00012420,2025-07-31,235.69,SYNTHETIC_RECLASS
TU00001635,LN00012430,2026-05-31,909.28,SYNTHETIC_RECLASS
TU00001636,LN00012431,2026-06-30,-325.10,SYNTHETIC_RECLASS
TU00001637,LN00012433,2024-08-31,568.25,SYNTHETIC_RECLASS
TU00001638,LN00012434,2024-09-30,340.02,SYNTHETIC_RECLASS
TU00001639,LN00012441,2025-04-30,-136.54,SYNTHETIC_RECLASS
TU00001640,LN00012456,2026-07-31,26.94,SYNTHETIC_RECLASS
TU00001641,LN00012457,2024-08-31,-432.16,SYNTHETIC_RECLASS
TU00001642,LN00012461,2024-12-31,300.70,SYNTHETIC_RECLASS
TU00001643,LN00012466,2025-05-31,1104.82,SYNTHETIC_RECLASS
TU00001644,LN00012472,2025-11-30,993.17,SYNTHETIC_RECLASS
TU00001645,LN00012478,2026-05-31,911.79,SYNTHETIC_RECLASS
TU00001646,LN00012493,2025-08-31,859.02,SYNTHETIC_RECLASS
TU00001647,LN00012499,2026-02-28,1213.33,SYNTHETIC_RECLASS
TU00001648,LN00012501,2026-04-30,1023.45,SYNTHETIC_RECLASS
TU00001649,LN00012503,2026-06-30,-9.66,SYNTHETIC_RECLASS
TU00001650,LN00012513,2025-04-30,-513.50,SYNTHETIC_RECLASS
TU00001651,LN00012519,2025-10-31,279.35,SYNTHETIC_RECLASS
TU00001652,LN00012521,2025-12-31,1036.28,SYNTHETIC_RECLASS
TU00001653,LN00012528,2026-07-31,477.04,SYNTHETIC_RECLASS
TU00001654,LN00012533,2024-12-31,1095.28,SYNTHETIC_RECLASS
TU00001655,LN00012548,2026-03-31,-560.30,SYNTHETIC_RECLASS
TU00001656,LN00012556,2024-11-30,873.38,SYNTHETIC_RECLASS
TU00001657,LN00012558,2025-01-31,-739.96,SYNTHETIC_RECLASS
TU00001658,LN00012559,2025-02-28,-246.62,SYNTHETIC_RECLASS
TU00001659,LN00012570,2026-01-31,999.73,SYNTHETIC_RECLASS
TU00001660,LN00012576,2026-07-31,327.71,SYNTHETIC_RECLASS
TU00001661,LN00012577,2024-08-31,1234.25,SYNTHETIC_RECLASS
TU00001662,LN00012579,2024-10-31,903.61,SYNTHETIC_RECLASS
TU00001663,LN00012598,2026-05-31,-402.17,SYNTHETIC_RECLASS
TU00001664,LN00012604,2024-11-30,228.33,SYNTHETIC_RECLASS
TU00001665,LN00012609,2025-04-30,-219.53,SYNTHETIC_RECLASS
TU00001666,LN00012615,2025-10-31,-598.63,SYNTHETIC_RECLASS
TU00001667,LN00012621,2026-04-30,-504.11,SYNTHETIC_RECLASS
TU00001668,LN00012622,2026-05-31,514.45,SYNTHETIC_RECLASS
TU00001669,LN00012624,2026-07-31,97.68,SYNTHETIC_RECLASS
TU00001670,LN00012628,2024-11-30,360.79,SYNTHETIC_RECLASS
TU00001671,LN00012630,2025-01-31,901.53,SYNTHETIC_RECLASS
TU00001672,LN00012635,2025-06-30,1203.36,SYNTHETIC_RECLASS
TU00001673,LN00012640,2025-11-30,935.01,SYNTHETIC_RECLASS
TU00001674,LN00012650,2024-09-30,-716.27,SYNTHETIC_RECLASS
TU00001675,LN00012657,2025-04-30,318.06,SYNTHETIC_RECLASS
TU00001676,LN00012661,2025-08-31,-1.02,SYNTHETIC_RECLASS
TU00001677,LN00012668,2026-03-31,728.59,SYNTHETIC_RECLASS
TU00001678,LN00012674,2024-09-30,-316.47,SYNTHETIC_RECLASS
TU00001679,LN00012677,2024-12-31,1060.55,SYNTHETIC_RECLASS
TU00001680,LN00012689,2025-12-31,-493.33,SYNTHETIC_RECLASS
TU00001681,LN00012699,2024-10-31,917.59,SYNTHETIC_RECLASS
TU00001682,LN00012706,2025-05-31,-550.67,SYNTHETIC_RECLASS
TU00001683,LN00012711,2025-10-31,604.97,SYNTHETIC_RECLASS
TU00001684,LN00012713,2025-12-31,-271.22,SYNTHETIC_RECLASS
TU00001685,LN00012729,2025-04-30,-325.34,SYNTHETIC_RECLASS
TU00001686,LN00012739,2026-02-28,-622.71,SYNTHETIC_RECLASS
TU00001687,LN00012753,2025-04-30,270.84,SYNTHETIC_RECLASS
TU00001688,LN00012768,2026-07-31,-627.49,SYNTHETIC_RECLASS
TU00001689,LN00012771,2024-10-31,1090.93,SYNTHETIC_RECLASS
TU00001690,LN00012786,2026-01-31,-191.21,SYNTHETIC_RECLASS
TU00001691,LN00012789,2026-04-30,629.00,SYNTHETIC_RECLASS
TU00001692,LN00012795,2024-10-31,679.18,SYNTHETIC_RECLASS
TU00001693,LN00012799,2025-02-28,22.35,SYNTHETIC_RECLASS
TU00001694,LN00012800,2025-03-31,753.89,SYNTHETIC_RECLASS
TU00001695,LN00012807,2025-10-31,-586.00,SYNTHETIC_RECLASS
TU00001696,LN00012839,2026-06-30,729.08,SYNTHETIC_RECLASS
TU00001697,LN00012867,2024-10-31,938.39,SYNTHETIC_RECLASS
TU00001698,LN00012889,2024-08-31,644.05,SYNTHETIC_RECLASS
TU00001699,LN00012902,2025-09-30,-626.28,SYNTHETIC_RECLASS
TU00001700,LN00012909,2026-04-30,182.86,SYNTHETIC_RECLASS
TU00001701,LN00012915,2024-10-31,-567.28,SYNTHETIC_RECLASS
TU00001702,LN00012918,2025-01-31,516.95,SYNTHETIC_RECLASS
TU00001703,LN00012921,2025-04-30,-569.55,SYNTHETIC_RECLASS
TU00001704,LN00012922,2025-05-31,548.56,SYNTHETIC_RECLASS
TU00001705,LN00012928,2025-11-30,1094.30,SYNTHETIC_RECLASS
TU00001706,LN00012930,2026-01-31,532.60,SYNTHETIC_RECLASS
TU00001707,LN00012932,2026-03-31,-441.45,SYNTHETIC_RECLASS
TU00001708,LN00012938,2024-09-30,323.56,SYNTHETIC_RECLASS
TU00001709,LN00012943,2025-02-28,246.21,SYNTHETIC_RECLASS
TU00001710,LN00012949,2025-08-31,-128.92,SYNTHETIC_RECLASS
TU00001711,LN00012951,2025-10-31,913.25,SYNTHETIC_RECLASS
TU00001712,LN00012960,2026-07-31,-233.27,SYNTHETIC_RECLASS
TU00001713,LN00012979,2026-02-28,18.93,SYNTHETIC_RECLASS
TU00001714,LN00012981,2026-04-30,400.77,SYNTHETIC_RECLASS
TU00001715,LN00012982,2026-05-31,980.00,SYNTHETIC_RECLASS
TU00001716,LN00012986,2024-09-30,561.81,SYNTHETIC_RECLASS
TU00001717,LN00012998,2025-09-30,922.14,SYNTHETIC_RECLASS
TU00001718,LN00013005,2026-04-30,-305.47,SYNTHETIC_RECLASS
TU00001719,LN00013008,2026-07-31,1235.18,SYNTHETIC_RECLASS
TU00001720,LN00013013,2024-12-31,527.71,SYNTHETIC_RECLASS
TU00001721,LN00013032,2026-07-31,337.84,SYNTHETIC_RECLASS
TU00001722,LN00013036,2024-11-30,-51.13,SYNTHETIC_RECLASS
TU00001723,LN00013040,2025-03-31,-354.56,SYNTHETIC_RECLASS
TU00001724,LN00013053,2026-04-30,-414.08,SYNTHETIC_RECLASS
TU00001725,LN00013057,2024-08-31,-228.96,SYNTHETIC_RECLASS
TU00001726,LN00013072,2025-11-30,-245.85,SYNTHETIC_RECLASS
TU00001727,LN00013089,2025-04-30,928.20,SYNTHETIC_RECLASS
TU00001728,LN00013094,2025-09-30,-586.74,SYNTHETIC_RECLASS
TU00001729,LN00013095,2025-10-31,1166.07,SYNTHETIC_RECLASS
TU00001730,LN00013102,2026-05-31,284.12,SYNTHETIC_RECLASS
TU00001731,LN00013109,2024-12-31,-148.93,SYNTHETIC_RECLASS
TU00001732,LN00013111,2025-02-28,73.21,SYNTHETIC_RECLASS
TU00001733,LN00013117,2025-08-31,-50.45,SYNTHETIC_RECLASS
TU00001734,LN00013119,2025-10-31,674.98,SYNTHETIC_RECLASS
TU00001735,LN00013135,2025-02-28,626.34,SYNTHETIC_RECLASS
TU00001736,LN00013137,2025-04-30,-617.53,SYNTHETIC_RECLASS
TU00001737,LN00013142,2025-09-30,-646.45,SYNTHETIC_RECLASS
TU00001738,LN00013162,2025-05-31,943.46,SYNTHETIC_RECLASS
TU00001739,LN00013169,2025-12-31,375.39,SYNTHETIC_RECLASS
TU00001740,LN00013180,2024-11-30,-391.72,SYNTHETIC_RECLASS
TU00001741,LN00013193,2025-12-31,1041.11,SYNTHETIC_RECLASS
TU00001742,LN00013197,2026-04-30,52.46,SYNTHETIC_RECLASS
TU00001743,LN00013202,2024-09-30,-191.39,SYNTHETIC_RECLASS
TU00001744,LN00013216,2025-11-30,860.32,SYNTHETIC_RECLASS
TU00001745,LN00013222,2026-05-31,1186.26,SYNTHETIC_RECLASS
TU00001746,LN00013223,2026-06-30,900.84,SYNTHETIC_RECLASS
TU00001747,LN00013233,2025-04-30,439.69,SYNTHETIC_RECLASS
TU00001748,LN00013238,2025-09-30,1194.41,SYNTHETIC_RECLASS
TU00001749,LN00013239,2025-10-31,-449.94,SYNTHETIC_RECLASS
TU00001750,LN00013245,2026-04-30,-141.71,SYNTHETIC_RECLASS
TU00001751,LN00013248,2026-07-31,413.24,SYNTHETIC_RECLASS
TU00001752,LN00013252,2024-11-30,981.41,SYNTHETIC_RECLASS
TU00001753,LN00013253,2024-12-31,-725.36,SYNTHETIC_RECLASS
TU00001754,LN00013256,2025-03-31,-539.78,SYNTHETIC_RECLASS
TU00001755,LN00013259,2025-06-30,966.03,SYNTHETIC_RECLASS
TU00001756,LN00013271,2026-06-30,798.69,SYNTHETIC_RECLASS
TU00001757,LN00013275,2024-10-31,316.09,SYNTHETIC_RECLASS
TU00001758,LN00013279,2025-02-28,492.34,SYNTHETIC_RECLASS
TU00001759,LN00013281,2025-04-30,139.85,SYNTHETIC_RECLASS
TU00001760,LN00013285,2025-08-31,-691.48,SYNTHETIC_RECLASS
TU00001761,LN00013306,2025-05-31,-676.66,SYNTHETIC_RECLASS
TU00001762,LN00013309,2025-08-31,102.79,SYNTHETIC_RECLASS
TU00001763,LN00013310,2025-09-30,344.18,SYNTHETIC_RECLASS
TU00001764,LN00013324,2024-11-30,-538.86,SYNTHETIC_RECLASS
TU00001765,LN00013325,2024-12-31,501.78,SYNTHETIC_RECLASS
TU00001766,LN00013337,2025-12-31,435.64,SYNTHETIC_RECLASS
TU00001767,LN00013343,2026-06-30,-150.26,SYNTHETIC_RECLASS
TU00001768,LN00013344,2026-07-31,514.56,SYNTHETIC_RECLASS
TU00001769,LN00013359,2025-10-31,264.24,SYNTHETIC_RECLASS
TU00001770,LN00013379,2025-06-30,955.20,SYNTHETIC_RECLASS
TU00001771,LN00013380,2025-07-31,-171.85,SYNTHETIC_RECLASS
TU00001772,LN00013388,2026-03-31,-24.37,SYNTHETIC_RECLASS
TU00001773,LN00013390,2026-05-31,-343.04,SYNTHETIC_RECLASS
TU00001774,LN00013393,2024-08-31,1040.52,SYNTHETIC_RECLASS
TU00001775,LN00013402,2025-05-31,84.25,SYNTHETIC_RECLASS
TU00001776,LN00013407,2025-10-31,-44.41,SYNTHETIC_RECLASS
TU00001777,LN00013409,2025-12-31,-422.74,SYNTHETIC_RECLASS
TU00001778,LN00013412,2026-03-31,843.05,SYNTHETIC_RECLASS
TU00001779,LN00013414,2026-05-31,-120.37,SYNTHETIC_RECLASS
TU00001780,LN00013415,2026-06-30,-668.43,SYNTHETIC_RECLASS
TU00001781,LN00013426,2025-05-31,567.96,SYNTHETIC_RECLASS
TU00001782,LN00013431,2025-10-31,-298.51,SYNTHETIC_RECLASS
TU00001783,LN00013460,2026-03-31,185.22,SYNTHETIC_RECLASS
TU00001784,LN00013466,2024-09-30,-540.13,SYNTHETIC_RECLASS
TU00001785,LN00013473,2025-04-30,212.05,SYNTHETIC_RECLASS
TU00001786,LN00013482,2026-01-31,553.10,SYNTHETIC_RECLASS
TU00001787,LN00013483,2026-02-28,-515.69,SYNTHETIC_RECLASS
TU00001788,LN00013485,2026-04-30,-109.26,SYNTHETIC_RECLASS
TU00001789,LN00013492,2024-11-30,-576.40,SYNTHETIC_RECLASS
TU00001790,LN00013494,2025-01-31,-708.31,SYNTHETIC_RECLASS
TU00001791,LN00013501,2025-08-31,70.46,SYNTHETIC_RECLASS
TU00001792,LN00013520,2025-03-31,-141.66,SYNTHETIC_RECLASS
TU00001793,LN00013522,2025-05-31,600.51,SYNTHETIC_RECLASS
TU00001794,LN00013527,2025-10-31,-115.38,SYNTHETIC_RECLASS
TU00001795,LN00013558,2026-05-31,828.82,SYNTHETIC_RECLASS
TU00001796,LN00013568,2025-03-31,-707.59,SYNTHETIC_RECLASS
TU00001797,LN00013573,2025-08-31,1064.13,SYNTHETIC_RECLASS
TU00001798,LN00013593,2025-04-30,39.42,SYNTHETIC_RECLASS
TU00001799,LN00013626,2026-01-31,-8.76,SYNTHETIC_RECLASS
TU00001800,LN00013634,2024-09-30,180.78,SYNTHETIC_RECLASS
TU00001801,LN00013641,2025-04-30,-580.26,SYNTHETIC_RECLASS
TU00001802,LN00013655,2026-06-30,599.16,SYNTHETIC_RECLASS
TU00001803,LN00013666,2025-05-31,788.06,SYNTHETIC_RECLASS
TU00001804,LN00013668,2025-07-31,-579.78,SYNTHETIC_RECLASS
TU00001805,LN00013671,2025-10-31,993.73,SYNTHETIC_RECLASS
TU00001806,LN00013672,2025-11-30,-535.86,SYNTHETIC_RECLASS
TU00001807,LN00013680,2026-07-31,634.96,SYNTHETIC_RECLASS
TU00001808,LN00013693,2025-08-31,284.87,SYNTHETIC_RECLASS
TU00001809,LN00013696,2025-11-30,-465.67,SYNTHETIC_RECLASS
TU00001810,LN00013707,2024-10-31,-508.55,SYNTHETIC_RECLASS
TU00001811,LN00013710,2025-01-31,-721.31,SYNTHETIC_RECLASS
TU00001812,LN00013723,2026-02-28,907.56,SYNTHETIC_RECLASS
TU00001813,LN00013727,2026-06-30,1173.63,SYNTHETIC_RECLASS
TU00001814,LN00013729,2024-08-31,462.00,SYNTHETIC_RECLASS
TU00001815,LN00013731,2024-10-31,-590.78,SYNTHETIC_RECLASS
TU00001816,LN00013762,2025-05-31,-33.63,SYNTHETIC_RECLASS
TU00001817,LN00013777,2024-08-31,-179.60,SYNTHETIC_RECLASS
TU00001818,LN00013778,2024-09-30,-472.24,SYNTHETIC_RECLASS
TU00001819,LN00013793,2025-12-31,482.15,SYNTHETIC_RECLASS
TU00001820,LN00013805,2024-12-31,1049.02,SYNTHETIC_RECLASS
TU00001821,LN00013825,2024-08-31,-466.08,SYNTHETIC_RECLASS
TU00001822,LN00013828,2024-11-30,-33.24,SYNTHETIC_RECLASS
TU00001823,LN00013831,2025-02-28,1096.53,SYNTHETIC_RECLASS
TU00001824,LN00013836,2025-07-31,572.04,SYNTHETIC_RECLASS
TU00001825,LN00013837,2025-08-31,1139.71,SYNTHETIC_RECLASS
TU00001826,LN00013850,2024-09-30,-248.55,SYNTHETIC_RECLASS
TU00001827,LN00013860,2025-07-31,896.95,SYNTHETIC_RECLASS
TU00001828,LN00013871,2026-06-30,-703.56,SYNTHETIC_RECLASS
TU00001829,LN00013873,2024-08-31,-737.25,SYNTHETIC_RECLASS
TU00001830,LN00013887,2025-10-31,946.89,SYNTHETIC_RECLASS
TU00001831,LN00013914,2026-01-31,-723.03,SYNTHETIC_RECLASS
TU00001832,LN00013942,2026-05-31,221.25,SYNTHETIC_RECLASS
TU00001833,LN00013943,2026-06-30,809.56,SYNTHETIC_RECLASS
TU00001834,LN00013959,2025-10-31,558.36,SYNTHETIC_RECLASS
TU00001835,LN00013965,2026-04-30,-266.41,SYNTHETIC_RECLASS
TU00001836,LN00013969,2024-08-31,171.52,SYNTHETIC_RECLASS
TU00001837,LN00013972,2024-11-30,716.70,SYNTHETIC_RECLASS
TU00001838,LN00013974,2025-01-31,-260.61,SYNTHETIC_RECLASS
TU00001839,LN00013975,2025-02-28,-526.38,SYNTHETIC_RECLASS
TU00001840,LN00013979,2025-06-30,738.91,SYNTHETIC_RECLASS
TU00001841,LN00013981,2025-08-31,1176.68,SYNTHETIC_RECLASS
TU00001842,LN00013991,2026-06-30,-94.53,SYNTHETIC_RECLASS
TU00001843,LN00013994,2024-09-30,333.70,SYNTHETIC_RECLASS
TU00001844,LN00014003,2025-06-30,-174.26,SYNTHETIC_RECLASS
TU00001845,LN00014012,2026-03-31,1136.72,SYNTHETIC_RECLASS
TU00001846,LN00014014,2026-05-31,650.97,SYNTHETIC_RECLASS
TU00001847,LN00014021,2024-12-31,-537.19,SYNTHETIC_RECLASS
TU00001848,LN00014022,2025-01-31,961.11,SYNTHETIC_RECLASS
TU00001849,LN00014031,2025-10-31,-638.11,SYNTHETIC_RECLASS
TU00001850,LN00014043,2024-10-31,81.08,SYNTHETIC_RECLASS
TU00001851,LN00014044,2024-11-30,726.68,SYNTHETIC_RECLASS
TU00001852,LN00014045,2024-12-31,923.39,SYNTHETIC_RECLASS
TU00001853,LN00014065,2024-08-31,-203.88,SYNTHETIC_RECLASS
TU00001854,LN00014066,2024-09-30,-630.97,SYNTHETIC_RECLASS
TU00001855,LN00014073,2025-04-30,1154.26,SYNTHETIC_RECLASS
TU00001856,LN00014079,2025-10-31,-76.15,SYNTHETIC_RECLASS
TU00001857,LN00014090,2024-09-30,724.26,SYNTHETIC_RECLASS
TU00001858,LN00014099,2025-06-30,127.88,SYNTHETIC_RECLASS
TU00001859,LN00014101,2025-08-31,890.16,SYNTHETIC_RECLASS
TU00001860,LN00014107,2026-02-28,997.35,SYNTHETIC_RECLASS
TU00001861,LN00014117,2024-12-31,633.59,SYNTHETIC_RECLASS
TU00001862,LN00014120,2025-03-31,489.88,SYNTHETIC_RECLASS
TU00001863,LN00014124,2025-07-31,315.85,SYNTHETIC_RECLASS
TU00001864,LN00014132,2026-03-31,-647.72,SYNTHETIC_RECLASS
TU00001865,LN00014144,2025-03-31,1040.78,SYNTHETIC_RECLASS
TU00001866,LN00014165,2024-12-31,1118.58,SYNTHETIC_RECLASS
TU00001867,LN00014174,2025-09-30,321.38,SYNTHETIC_RECLASS
TU00001868,LN00014183,2026-06-30,-293.93,SYNTHETIC_RECLASS
TU00001869,LN00014202,2026-01-31,-315.26,SYNTHETIC_RECLASS
TU00001870,LN00014203,2026-02-28,-362.06,SYNTHETIC_RECLASS
TU00001871,LN00014210,2024-09-30,-380.12,SYNTHETIC_RECLASS
TU00001872,LN00014213,2024-12-31,-89.27,SYNTHETIC_RECLASS
TU00001873,LN00014219,2025-06-30,-135.88,SYNTHETIC_RECLASS
TU00001874,LN00014228,2026-03-31,-295.39,SYNTHETIC_RECLASS
TU00001875,LN00014239,2025-02-28,411.00,SYNTHETIC_RECLASS
TU00001876,LN00014241,2025-04-30,-213.50,SYNTHETIC_RECLASS
TU00001877,LN00014259,2024-10-31,-224.11,SYNTHETIC_RECLASS
TU00001878,LN00014283,2024-10-31,494.58,SYNTHETIC_RECLASS
TU00001879,LN00014284,2024-11-30,-575.06,SYNTHETIC_RECLASS
TU00001880,LN00014291,2025-06-30,675.79,SYNTHETIC_RECLASS
TU00001881,LN00014303,2026-06-30,398.63,SYNTHETIC_RECLASS
TU00001882,LN00014306,2024-09-30,-372.95,SYNTHETIC_RECLASS
TU00001883,LN00014308,2024-11-30,19.87,SYNTHETIC_RECLASS
TU00001884,LN00014309,2024-12-31,-483.77,SYNTHETIC_RECLASS
TU00001885,LN00014316,2025-07-31,607.99,SYNTHETIC_RECLASS
TU00001886,LN00014322,2026-01-31,870.47,SYNTHETIC_RECLASS
TU00001887,LN00014330,2024-09-30,332.17,SYNTHETIC_RECLASS
TU00001888,LN00014332,2024-11-30,-220.90,SYNTHETIC_RECLASS
TU00001889,LN00014334,2025-01-31,-248.62,SYNTHETIC_RECLASS
TU00001890,LN00014361,2025-04-30,-702.59,SYNTHETIC_RECLASS
TU00001891,LN00014369,2025-12-31,-389.02,SYNTHETIC_RECLASS
TU00001892,LN00014377,2024-08-31,-518.71,SYNTHETIC_RECLASS
TU00001893,LN00014417,2025-12-31,628.38,SYNTHETIC_RECLASS
TU00001894,LN00014418,2026-01-31,733.59,SYNTHETIC_RECLASS
TU00001895,LN00014433,2025-04-30,-349.31,SYNTHETIC_RECLASS
TU00001896,LN00014442,2026-01-31,-503.21,SYNTHETIC_RECLASS
TU00001897,LN00014446,2026-05-31,142.92,SYNTHETIC_RECLASS
TU00001898,LN00014447,2026-06-30,1096.28,SYNTHETIC_RECLASS
TU00001899,LN00014461,2025-08-31,1116.26,SYNTHETIC_RECLASS
TU00001900,LN00014462,2025-09-30,666.06,SYNTHETIC_RECLASS
TU00001901,LN00014475,2024-10-31,-229.89,SYNTHETIC_RECLASS
TU00001902,LN00014482,2025-05-31,702.40,SYNTHETIC_RECLASS
TU00001903,LN00014509,2025-08-31,-209.23,SYNTHETIC_RECLASS
TU00001904,LN00014515,2026-02-28,-702.47,SYNTHETIC_RECLASS
TU00001905,LN00014535,2025-10-31,1109.20,SYNTHETIC_RECLASS
TU00001906,LN00014539,2026-02-28,223.46,SYNTHETIC_RECLASS
TU00001907,LN00014554,2025-05-31,1049.65,SYNTHETIC_RECLASS
TU00001908,LN00014555,2025-06-30,946.61,SYNTHETIC_RECLASS
TU00001909,LN00014558,2025-09-30,741.38,SYNTHETIC_RECLASS
TU00001910,LN00014559,2025-10-31,-390.98,SYNTHETIC_RECLASS
TU00001911,LN00014562,2026-01-31,-680.66,SYNTHETIC_RECLASS
TU00001912,LN00014564,2026-03-31,509.54,SYNTHETIC_RECLASS
TU00001913,LN00014574,2025-01-31,-282.86,SYNTHETIC_RECLASS
TU00001914,LN00014577,2025-04-30,-414.19,SYNTHETIC_RECLASS
TU00001915,LN00014580,2025-07-31,212.05,SYNTHETIC_RECLASS
TU00001916,LN00014595,2024-10-31,1064.95,SYNTHETIC_RECLASS
TU00001917,LN00014601,2025-04-30,813.94,SYNTHETIC_RECLASS
TU00001918,LN00014604,2025-07-31,-479.64,SYNTHETIC_RECLASS
TU00001919,LN00014606,2025-09-30,-212.66,SYNTHETIC_RECLASS
TU00001920,LN00014608,2025-11-30,-601.30,SYNTHETIC_RECLASS
TU00001921,LN00014610,2026-01-31,276.19,SYNTHETIC_RECLASS
TU00001922,LN00014642,2024-09-30,185.10,SYNTHETIC_RECLASS
TU00001923,LN00014649,2025-04-30,939.29,SYNTHETIC_RECLASS
TU00001924,LN00014652,2025-07-31,-318.59,SYNTHETIC_RECLASS
TU00001925,LN00014661,2026-04-30,-746.20,SYNTHETIC_RECLASS
TU00001926,LN00014664,2026-07-31,-324.51,SYNTHETIC_RECLASS
TU00001927,LN00014680,2025-11-30,-696.60,SYNTHETIC_RECLASS
TU00001928,LN00014688,2026-07-31,-281.33,SYNTHETIC_RECLASS
TU00001929,LN00014692,2024-11-30,30.13,SYNTHETIC_RECLASS
TU00001930,LN00014698,2025-05-31,-661.97,SYNTHETIC_RECLASS
TU00001931,LN00014704,2025-11-30,860.28,SYNTHETIC_RECLASS
TU00001932,LN00014717,2024-12-31,-517.79,SYNTHETIC_RECLASS
TU00001933,LN00014722,2025-05-31,-454.54,SYNTHETIC_RECLASS
TU00001934,LN00014733,2026-04-30,298.65,SYNTHETIC_RECLASS
TU00001935,LN00014737,2024-08-31,271.69,SYNTHETIC_RECLASS
TU00001936,LN00014750,2025-09-30,302.06,SYNTHETIC_RECLASS
TU00001937,LN00014752,2025-11-30,144.74,SYNTHETIC_RECLASS
TU00001938,LN00014753,2025-12-31,-60.99,SYNTHETIC_RECLASS
TU00001939,LN00014756,2026-03-31,476.02,SYNTHETIC_RECLASS
TU00001940,LN00014758,2026-05-31,963.12,SYNTHETIC_RECLASS
TU00001941,LN00014773,2025-08-31,660.62,SYNTHETIC_RECLASS
TU00001942,LN00014779,2026-02-28,858.65,SYNTHETIC_RECLASS
TU00001943,LN00014781,2026-04-30,-310.49,SYNTHETIC_RECLASS
TU00001944,LN00014784,2026-07-31,837.11,SYNTHETIC_RECLASS
TU00001945,LN00014787,2024-10-31,-636.14,SYNTHETIC_RECLASS
TU00001946,LN00014795,2025-06-30,799.51,SYNTHETIC_RECLASS
TU00001947,LN00014830,2026-05-31,706.64,SYNTHETIC_RECLASS
TU00001948,LN00014842,2025-05-31,-682.52,SYNTHETIC_RECLASS
TU00001949,LN00014843,2025-06-30,-166.60,SYNTHETIC_RECLASS
TU00001950,LN00014849,2025-12-31,695.68,SYNTHETIC_RECLASS
TU00001951,LN00014856,2026-07-31,570.44,SYNTHETIC_RECLASS
TU00001952,LN00014857,2024-08-31,903.80,SYNTHETIC_RECLASS
TU00001953,LN00014860,2024-11-30,295.89,SYNTHETIC_RECLASS
TU00001954,LN00014862,2025-01-31,-63.73,SYNTHETIC_RECLASS
TU00001955,LN00014863,2025-02-28,-735.37,SYNTHETIC_RECLASS
TU00001956,LN00014866,2025-05-31,668.63,SYNTHETIC_RECLASS
TU00001957,LN00014867,2025-06-30,313.09,SYNTHETIC_RECLASS
TU00001958,LN00014874,2026-01-31,0.81,SYNTHETIC_RECLASS
TU00001959,LN00014877,2026-04-30,-507.98,SYNTHETIC_RECLASS
TU00001960,LN00014889,2025-04-30,-433.81,SYNTHETIC_RECLASS
TU00001961,LN00014896,2025-11-30,-375.47,SYNTHETIC_RECLASS
TU00001962,LN00014901,2026-04-30,790.93,SYNTHETIC_RECLASS
TU00001963,LN00014903,2026-06-30,85.73,SYNTHETIC_RECLASS
TU00001964,LN00014907,2024-10-31,-450.87,SYNTHETIC_RECLASS
TU00001965,LN00014908,2024-11-30,-494.61,SYNTHETIC_RECLASS
TU00001966,LN00014909,2024-12-31,1065.11,SYNTHETIC_RECLASS
TU00001967,LN00014915,2025-06-30,486.21,SYNTHETIC_RECLASS
TU00001968,LN00014918,2025-09-30,776.22,SYNTHETIC_RECLASS
TU00001969,LN00014922,2026-01-31,1121.75,SYNTHETIC_RECLASS
TU00001970,LN00014925,2026-04-30,1074.89,SYNTHETIC_RECLASS
TU00001971,LN00014927,2026-06-30,119.73,SYNTHETIC_RECLASS
TU00001972,LN00014939,2025-06-30,-592.39,SYNTHETIC_RECLASS
TU00001973,LN00014942,2025-09-30,334.55,SYNTHETIC_RECLASS
TU00001974,LN00014975,2026-06-30,-628.86,SYNTHETIC_RECLASS
TU00001975,LN00014980,2024-11-30,531.50,SYNTHETIC_RECLASS
TU00001976,LN00014985,2025-04-30,-231.35,SYNTHETIC_RECLASS
TU00001977,LN00015006,2025-01-31,-499.46,SYNTHETIC_RECLASS
TU00001978,LN00015014,2025-09-30,356.95,SYNTHETIC_RECLASS
TU00001979,LN00015024,2026-07-31,-109.63,SYNTHETIC_RECLASS
TU00001980,LN00015027,2024-10-31,-124.55,SYNTHETIC_RECLASS
TU00001981,LN00015037,2025-08-31,-160.78,SYNTHETIC_RECLASS
TU00001982,LN00015045,2026-04-30,-6.09,SYNTHETIC_RECLASS
TU00001983,LN00015049,2024-08-31,394.24,SYNTHETIC_RECLASS
TU00001984,LN00015062,2025-09-30,-388.89,SYNTHETIC_RECLASS
TU00001985,LN00015065,2025-12-31,-277.87,SYNTHETIC_RECLASS
TU00001986,LN00015069,2026-04-30,821.26,SYNTHETIC_RECLASS
TU00001987,LN00015072,2026-07-31,-375.78,SYNTHETIC_RECLASS
TU00001988,LN00015083,2025-06-30,1179.53,SYNTHETIC_RECLASS
TU00001989,LN00015089,2025-12-31,989.89,SYNTHETIC_RECLASS
TU00001990,LN00015093,2026-04-30,-432.94,SYNTHETIC_RECLASS
TU00001991,LN00015095,2026-06-30,214.56,SYNTHETIC_RECLASS
TU00001992,LN00015101,2024-12-31,-456.24,SYNTHETIC_RECLASS
TU00001993,LN00015106,2025-05-31,-682.51,SYNTHETIC_RECLASS
TU00001994,LN00015107,2025-06-30,810.16,SYNTHETIC_RECLASS
TU00001995,LN00015126,2025-01-31,599.55,SYNTHETIC_RECLASS
TU00001996,LN00015155,2025-06-30,-715.75,SYNTHETIC_RECLASS
TU00001997,LN00015157,2025-08-31,53.44,SYNTHETIC_RECLASS
TU00001998,LN00015170,2024-09-30,-109.86,SYNTHETIC_RECLASS
TU00001999,LN00015172,2024-11-30,-106.66,SYNTHETIC_RECLASS
TU00002000,LN00015177,2025-04-30,615.79,SYNTHETIC_RECLASS
TU00002001,LN00015179,2025-06-30,717.90,SYNTHETIC_RECLASS
TU00002002,LN00015199,2025-02-28,859.94,SYNTHETIC_RECLASS
TU00002003,LN00015203,2025-06-30,-170.55,SYNTHETIC_RECLASS
TU00002004,LN00015208,2025-11-30,5.18,SYNTHETIC_RECLASS
TU00002005,LN00015213,2026-04-30,-140.11,SYNTHETIC_RECLASS
TU00002006,LN00015223,2025-02-28,-232.66,SYNTHETIC_RECLASS
TU00002007,LN00015225,2025-04-30,-745.87,SYNTHETIC_RECLASS
TU00002008,LN00015226,2025-05-31,-20.35,SYNTHETIC_RECLASS
TU00002009,LN00015229,2025-08-31,19.42,SYNTHETIC_RECLASS
TU00002010,LN00015230,2025-09-30,-660.25,SYNTHETIC_RECLASS
TU00002011,LN00015240,2026-07-31,192.49,SYNTHETIC_RECLASS
TU00002012,LN00015243,2024-10-31,816.96,SYNTHETIC_RECLASS
TU00002013,LN00015248,2025-03-31,267.37,SYNTHETIC_RECLASS
TU00002014,LN00015249,2025-04-30,-517.48,SYNTHETIC_RECLASS
TU00002015,LN00015265,2024-08-31,199.28,SYNTHETIC_RECLASS
TU00002016,LN00015271,2025-02-28,772.19,SYNTHETIC_RECLASS
TU00002017,LN00015273,2025-04-30,938.68,SYNTHETIC_RECLASS
TU00002018,LN00015277,2025-08-31,953.21,SYNTHETIC_RECLASS
TU00002019,LN00015285,2026-04-30,1011.21,SYNTHETIC_RECLASS
TU00002020,LN00015293,2024-12-31,-0.95,SYNTHETIC_RECLASS
TU00002021,LN00015300,2025-07-31,-58.08,SYNTHETIC_RECLASS
TU00002022,LN00015307,2026-02-28,38.81,SYNTHETIC_RECLASS
TU00002023,LN00015315,2024-10-31,719.24,SYNTHETIC_RECLASS
TU00002024,LN00015316,2024-11-30,26.93,SYNTHETIC_RECLASS
TU00002025,LN00015323,2025-06-30,219.10,SYNTHETIC_RECLASS
TU00002026,LN00015326,2025-09-30,421.62,SYNTHETIC_RECLASS
TU00002027,LN00015328,2025-11-30,634.95,SYNTHETIC_RECLASS
TU00002028,LN00015333,2026-04-30,-697.24,SYNTHETIC_RECLASS
TU00002029,LN00015346,2025-05-31,320.11,SYNTHETIC_RECLASS
TU00002030,LN00015367,2025-02-28,-651.53,SYNTHETIC_RECLASS
TU00002031,LN00015368,2025-03-31,225.94,SYNTHETIC_RECLASS
TU00002032,LN00015372,2025-07-31,812.85,SYNTHETIC_RECLASS
TU00002033,LN00015373,2025-08-31,992.24,SYNTHETIC_RECLASS
TU00002034,LN00015378,2026-01-31,-174.44,SYNTHETIC_RECLASS
TU00002035,LN00015380,2026-03-31,41.02,SYNTHETIC_RECLASS
TU00002036,LN00015381,2026-04-30,1176.57,SYNTHETIC_RECLASS
TU00002037,LN00015383,2026-06-30,1159.99,SYNTHETIC_RECLASS
TU00002038,LN00015386,2024-09-30,-397.64,SYNTHETIC_RECLASS
TU00002039,LN00015393,2025-04-30,-341.89,SYNTHETIC_RECLASS
TU00002040,LN00015406,2026-05-31,-118.86,SYNTHETIC_RECLASS
TU00002041,LN00015419,2025-06-30,1003.16,SYNTHETIC_RECLASS
TU00002042,LN00015435,2024-10-31,688.32,SYNTHETIC_RECLASS
TU00002043,LN00015439,2025-02-28,50.42,SYNTHETIC_RECLASS
TU00002044,LN00015440,2025-03-31,398.74,SYNTHETIC_RECLASS
TU00002045,LN00015449,2025-12-31,798.73,SYNTHETIC_RECLASS
TU00002046,LN00015452,2026-03-31,-601.85,SYNTHETIC_RECLASS
TU00002047,LN00015457,2024-08-31,124.62,SYNTHETIC_RECLASS
TU00002048,LN00015478,2026-05-31,911.31,SYNTHETIC_RECLASS
TU00002049,LN00015490,2025-05-31,-89.63,SYNTHETIC_RECLASS
TU00002050,LN00015491,2025-06-30,1042.66,SYNTHETIC_RECLASS
TU00002051,LN00015492,2025-07-31,975.05,SYNTHETIC_RECLASS
TU00002052,LN00015499,2026-02-28,1241.14,SYNTHETIC_RECLASS
TU00002053,LN00015509,2024-12-31,791.79,SYNTHETIC_RECLASS
TU00002054,LN00015519,2025-10-31,-186.09,SYNTHETIC_RECLASS
TU00002055,LN00015522,2026-01-31,-123.93,SYNTHETIC_RECLASS
TU00002056,LN00015525,2026-04-30,438.79,SYNTHETIC_RECLASS
TU00002057,LN00015526,2026-05-31,-673.86,SYNTHETIC_RECLASS
TU00002058,LN00015532,2024-11-30,993.81,SYNTHETIC_RECLASS
TU00002059,LN00015534,2025-01-31,602.64,SYNTHETIC_RECLASS
TU00002060,LN00015537,2025-04-30,603.49,SYNTHETIC_RECLASS
TU00002061,LN00015541,2025-08-31,-647.18,SYNTHETIC_RECLASS
TU00002062,LN00015562,2025-05-31,-493.87,SYNTHETIC_RECLASS
TU00002063,LN00015590,2025-09-30,25.36,SYNTHETIC_RECLASS
TU00002064,LN00015593,2025-12-31,1202.46,SYNTHETIC_RECLASS
TU00002065,LN00015599,2026-06-30,-488.91,SYNTHETIC_RECLASS
TU00002066,LN00015607,2025-02-28,383.29,SYNTHETIC_RECLASS
TU00002067,LN00015620,2026-03-31,681.35,SYNTHETIC_RECLASS
TU00002068,LN00015621,2026-04-30,1113.64,SYNTHETIC_RECLASS
TU00002069,LN00015643,2026-02-28,300.05,SYNTHETIC_RECLASS
TU00002070,LN00015649,2024-08-31,-115.45,SYNTHETIC_RECLASS
TU00002071,LN00015666,2026-01-31,934.62,SYNTHETIC_RECLASS
TU00002072,LN00015675,2024-10-31,277.34,SYNTHETIC_RECLASS
TU00002073,LN00015677,2024-12-31,-347.97,SYNTHETIC_RECLASS
TU00002074,LN00015680,2025-03-31,585.80,SYNTHETIC_RECLASS
TU00002075,LN00015682,2025-05-31,1073.21,SYNTHETIC_RECLASS
TU00002076,LN00015687,2025-10-31,1099.86,SYNTHETIC_RECLASS
TU00002077,LN00015695,2026-06-30,424.10,SYNTHETIC_RECLASS
TU00002078,LN00015701,2024-12-31,822.96,SYNTHETIC_RECLASS
TU00002079,LN00015713,2025-12-31,1000.14,SYNTHETIC_RECLASS
TU00002080,LN00015732,2025-07-31,799.01,SYNTHETIC_RECLASS
TU00002081,LN00015738,2026-01-31,-472.53,SYNTHETIC_RECLASS
TU00002082,LN00015740,2026-03-31,300.90,SYNTHETIC_RECLASS
TU00002083,LN00015748,2024-11-30,619.72,SYNTHETIC_RECLASS
TU00002084,LN00015752,2025-03-31,160.59,SYNTHETIC_RECLASS
TU00002085,LN00015756,2025-07-31,710.08,SYNTHETIC_RECLASS
TU00002086,LN00015763,2026-02-28,471.79,SYNTHETIC_RECLASS
TU00002087,LN00015765,2026-04-30,309.10,SYNTHETIC_RECLASS
TU00002088,LN00015769,2024-08-31,55.88,SYNTHETIC_RECLASS
TU00002089,LN00015780,2025-07-31,508.08,SYNTHETIC_RECLASS
TU00002090,LN00015793,2024-08-31,728.29,SYNTHETIC_RECLASS
TU00002091,LN00015799,2025-02-28,404.43,SYNTHETIC_RECLASS
TU00002092,LN00015804,2025-07-31,-216.80,SYNTHETIC_RECLASS
TU00002093,LN00015805,2025-08-31,299.32,SYNTHETIC_RECLASS
TU00002094,LN00015829,2025-08-31,436.82,SYNTHETIC_RECLASS
TU00002095,LN00015838,2026-05-31,624.01,SYNTHETIC_RECLASS
TU00002096,LN00015844,2024-11-30,-199.06,SYNTHETIC_RECLASS
TU00002097,LN00015850,2025-05-31,-474.86,SYNTHETIC_RECLASS
TU00002098,LN00015851,2025-06-30,942.30,SYNTHETIC_RECLASS
TU00002099,LN00015861,2026-04-30,664.85,SYNTHETIC_RECLASS
TU00002100,LN00015862,2026-05-31,-166.59,SYNTHETIC_RECLASS
TU00002101,LN00015865,2024-08-31,453.23,SYNTHETIC_RECLASS
TU00002102,LN00015876,2025-07-31,605.07,SYNTHETIC_RECLASS
TU00002103,LN00015878,2025-09-30,1191.76,SYNTHETIC_RECLASS
TU00002104,LN00015884,2026-03-31,-107.83,SYNTHETIC_RECLASS
TU00002105,LN00015901,2025-08-31,987.82,SYNTHETIC_RECLASS
TU00002106,LN00015908,2026-03-31,244.63,SYNTHETIC_RECLASS
TU00002107,LN00015911,2026-06-30,-572.39,SYNTHETIC_RECLASS
TU00002108,LN00015912,2026-07-31,361.80,SYNTHETIC_RECLASS
TU00002109,LN00015916,2024-11-30,-535.76,SYNTHETIC_RECLASS
TU00002110,LN00015922,2025-05-31,999.72,SYNTHETIC_RECLASS
TU00002111,LN00015942,2025-01-31,1135.00,SYNTHETIC_RECLASS
TU00002112,LN00015961,2024-08-31,147.24,SYNTHETIC_RECLASS
TU00002113,LN00015963,2024-10-31,212.46,SYNTHETIC_RECLASS
TU00002114,LN00015971,2025-06-30,-83.59,SYNTHETIC_RECLASS
TU00002115,LN00015974,2025-09-30,1222.29,SYNTHETIC_RECLASS
TU00002116,LN00015975,2025-10-31,381.11,SYNTHETIC_RECLASS
TU00002117,LN00015979,2026-02-28,11.55,SYNTHETIC_RECLASS
TU00002118,LN00015989,2024-12-31,-506.53,SYNTHETIC_RECLASS
TU00002119,LN00016004,2026-03-31,-721.85,SYNTHETIC_RECLASS
TU00002120,LN00016020,2025-07-31,450.18,SYNTHETIC_RECLASS
TU00002121,LN00016045,2025-08-31,453.69,SYNTHETIC_RECLASS
TU00002122,LN00016056,2026-07-31,737.51,SYNTHETIC_RECLASS
TU00002123,LN00016062,2025-01-31,515.62,SYNTHETIC_RECLASS
TU00002124,LN00016083,2024-10-31,-673.92,SYNTHETIC_RECLASS
TU00002125,LN00016093,2025-08-31,1058.25,SYNTHETIC_RECLASS
TU00002126,LN00016108,2024-11-30,-242.09,SYNTHETIC_RECLASS
TU00002127,LN00016144,2025-11-30,678.94,SYNTHETIC_RECLASS
TU00002128,LN00016153,2024-08-31,-650.88,SYNTHETIC_RECLASS
TU00002129,LN00016168,2025-11-30,-491.25,SYNTHETIC_RECLASS
TU00002130,LN00016183,2025-02-28,-359.32,SYNTHETIC_RECLASS
TU00002131,LN00016199,2026-06-30,480.94,SYNTHETIC_RECLASS
TU00002132,LN00016200,2026-07-31,252.26,SYNTHETIC_RECLASS
TU00002133,LN00016224,2026-07-31,1014.62,SYNTHETIC_RECLASS
TU00002134,LN00016245,2026-04-30,241.96,SYNTHETIC_RECLASS
TU00002135,LN00016256,2025-03-31,301.14,SYNTHETIC_RECLASS
TU00002136,LN00016257,2025-04-30,1009.41,SYNTHETIC_RECLASS
TU00002137,LN00016260,2025-07-31,-475.11,SYNTHETIC_RECLASS
TU00002138,LN00016261,2025-08-31,556.59,SYNTHETIC_RECLASS
TU00002139,LN00016278,2025-01-31,906.04,SYNTHETIC_RECLASS
TU00002140,LN00016279,2025-02-28,-373.37,SYNTHETIC_RECLASS
TU00002141,LN00016281,2025-04-30,-363.52,SYNTHETIC_RECLASS
TU00002142,LN00016283,2025-06-30,-550.54,SYNTHETIC_RECLASS
TU00002143,LN00016286,2025-09-30,295.74,SYNTHETIC_RECLASS
TU00002144,LN00016288,2025-11-30,110.62,SYNTHETIC_RECLASS
TU00002145,LN00016293,2026-04-30,486.22,SYNTHETIC_RECLASS
TU00002146,LN00016295,2026-06-30,95.51,SYNTHETIC_RECLASS
TU00002147,LN00016305,2025-04-30,215.47,SYNTHETIC_RECLASS
TU00002148,LN00016311,2025-10-31,302.93,SYNTHETIC_RECLASS
TU00002149,LN00016315,2026-02-28,1025.84,SYNTHETIC_RECLASS
TU00002150,LN00016319,2026-06-30,173.98,SYNTHETIC_RECLASS
TU00002151,LN00016320,2026-07-31,-495.30,SYNTHETIC_RECLASS
TU00002152,LN00016331,2025-06-30,136.62,SYNTHETIC_RECLASS
TU00002153,LN00016334,2025-09-30,928.67,SYNTHETIC_RECLASS
TU00002154,LN00016347,2024-10-31,-145.76,SYNTHETIC_RECLASS
TU00002155,LN00016355,2025-06-30,-563.13,SYNTHETIC_RECLASS
TU00002156,LN00016356,2025-07-31,-531.66,SYNTHETIC_RECLASS
TU00002157,LN00016357,2025-08-31,-479.56,SYNTHETIC_RECLASS
TU00002158,LN00016365,2026-04-30,279.71,SYNTHETIC_RECLASS
TU00002159,LN00016366,2026-05-31,-541.15,SYNTHETIC_RECLASS
TU00002160,LN00016371,2024-10-31,1000.03,SYNTHETIC_RECLASS
TU00002161,LN00016377,2025-04-30,39.62,SYNTHETIC_RECLASS
TU00002162,LN00016388,2026-03-31,-97.17,SYNTHETIC_RECLASS
TU00002163,LN00016393,2024-08-31,-271.32,SYNTHETIC_RECLASS
TU00002164,LN00016400,2025-03-31,334.24,SYNTHETIC_RECLASS
TU00002165,LN00016403,2025-06-30,585.08,SYNTHETIC_RECLASS
TU00002166,LN00016406,2025-09-30,-316.10,SYNTHETIC_RECLASS
TU00002167,LN00016412,2026-03-31,-628.34,SYNTHETIC_RECLASS
TU00002168,LN00016415,2026-06-30,143.73,SYNTHETIC_RECLASS
TU00002169,LN00016432,2025-11-30,971.17,SYNTHETIC_RECLASS
TU00002170,LN00016442,2024-09-30,-167.30,SYNTHETIC_RECLASS
TU00002171,LN00016461,2026-04-30,183.76,SYNTHETIC_RECLASS
TU00002172,LN00016463,2026-06-30,735.58,SYNTHETIC_RECLASS
TU00002173,LN00016464,2026-07-31,1159.95,SYNTHETIC_RECLASS
TU00002174,LN00016471,2025-02-28,-537.14,SYNTHETIC_RECLASS
TU00002175,LN00016477,2025-08-31,-46.43,SYNTHETIC_RECLASS
TU00002176,LN00016480,2025-11-30,100.44,SYNTHETIC_RECLASS
TU00002177,LN00016486,2026-05-31,647.40,SYNTHETIC_RECLASS
TU00002178,LN00016500,2025-07-31,-422.39,SYNTHETIC_RECLASS
TU00002179,LN00016507,2026-02-28,-102.71,SYNTHETIC_RECLASS
TU00002180,LN00016509,2026-04-30,-342.13,SYNTHETIC_RECLASS
TU00002181,LN00016511,2026-06-30,1002.44,SYNTHETIC_RECLASS
TU00002182,LN00016520,2025-03-31,-264.35,SYNTHETIC_RECLASS
TU00002183,LN00016527,2025-10-31,-183.46,SYNTHETIC_RECLASS
TU00002184,LN00016529,2025-12-31,1211.05,SYNTHETIC_RECLASS
TU00002185,LN00016532,2026-03-31,779.67,SYNTHETIC_RECLASS
TU00002186,LN00016538,2024-09-30,-135.47,SYNTHETIC_RECLASS
TU00002187,LN00016545,2025-04-30,833.39,SYNTHETIC_RECLASS
TU00002188,LN00016555,2026-02-28,-316.78,SYNTHETIC_RECLASS
TU00002189,LN00016556,2026-03-31,206.81,SYNTHETIC_RECLASS
TU00002190,LN00016564,2024-11-30,1143.80,SYNTHETIC_RECLASS
TU00002191,LN00016570,2025-05-31,1022.18,SYNTHETIC_RECLASS
TU00002192,LN00016582,2026-05-31,963.75,SYNTHETIC_RECLASS
TU00002193,LN00016585,2024-08-31,469.48,SYNTHETIC_RECLASS
TU00002194,LN00016588,2024-11-30,54.51,SYNTHETIC_RECLASS
TU00002195,LN00016594,2025-05-31,44.45,SYNTHETIC_RECLASS
TU00002196,LN00016604,2026-03-31,-275.30,SYNTHETIC_RECLASS
TU00002197,LN00016610,2024-09-30,289.27,SYNTHETIC_RECLASS
TU00002198,LN00016612,2024-11-30,738.66,SYNTHETIC_RECLASS
TU00002199,LN00016615,2025-02-28,704.84,SYNTHETIC_RECLASS
TU00002200,LN00016622,2025-09-30,367.94,SYNTHETIC_RECLASS
TU00002201,LN00016625,2025-12-31,-292.54,SYNTHETIC_RECLASS
TU00002202,LN00016629,2026-04-30,96.14,SYNTHETIC_RECLASS
TU00002203,LN00016636,2024-11-30,-740.99,SYNTHETIC_RECLASS
TU00002204,LN00016643,2025-06-30,2.40,SYNTHETIC_RECLASS
TU00002205,LN00016644,2025-07-31,-620.94,SYNTHETIC_RECLASS
TU00002206,LN00016676,2026-03-31,-296.35,SYNTHETIC_RECLASS
TU00002207,LN00016677,2026-04-30,162.99,SYNTHETIC_RECLASS
TU00002208,LN00016683,2024-10-31,-61.48,SYNTHETIC_RECLASS
TU00002209,LN00016688,2025-03-31,1233.47,SYNTHETIC_RECLASS
TU00002210,LN00016697,2025-12-31,-190.73,SYNTHETIC_RECLASS
TU00002211,LN00016700,2026-03-31,499.69,SYNTHETIC_RECLASS
TU00002212,LN00016707,2024-10-31,-155.78,SYNTHETIC_RECLASS
TU00002213,LN00016741,2025-08-31,-122.53,SYNTHETIC_RECLASS
TU00002214,LN00016768,2025-11-30,-331.63,SYNTHETIC_RECLASS
TU00002215,LN00016770,2026-01-31,134.57,SYNTHETIC_RECLASS
TU00002216,LN00016776,2026-07-31,1131.01,SYNTHETIC_RECLASS
TU00002217,LN00016791,2025-10-31,687.41,SYNTHETIC_RECLASS
TU00002218,LN00016808,2025-03-31,-476.11,SYNTHETIC_RECLASS
TU00002219,LN00016819,2026-02-28,521.17,SYNTHETIC_RECLASS
TU00002220,LN00016853,2024-12-31,196.34,SYNTHETIC_RECLASS
TU00002221,LN00016858,2025-05-31,859.58,SYNTHETIC_RECLASS
TU00002222,LN00016870,2026-05-31,266.20,SYNTHETIC_RECLASS
TU00002223,LN00016883,2025-06-30,1.41,SYNTHETIC_RECLASS
TU00002224,LN00016890,2026-01-31,828.32,SYNTHETIC_RECLASS
TU00002225,LN00016949,2024-12-31,-728.15,SYNTHETIC_RECLASS
TU00002226,LN00016962,2026-01-31,-107.86,SYNTHETIC_RECLASS
TU00002227,LN00016965,2026-04-30,253.21,SYNTHETIC_RECLASS
TU00002228,LN00016975,2025-02-28,-562.33,SYNTHETIC_RECLASS
TU00002229,LN00016980,2025-07-31,-91.16,SYNTHETIC_RECLASS
TU00002230,LN00016981,2025-08-31,-146.23,SYNTHETIC_RECLASS
TU00002231,LN00016990,2026-05-31,-642.04,SYNTHETIC_RECLASS
TU00002232,LN00016993,2024-08-31,-103.31,SYNTHETIC_RECLASS
TU00002233,LN00016998,2025-01-31,531.99,SYNTHETIC_RECLASS
TU00002234,LN00017000,2025-03-31,382.39,SYNTHETIC_RECLASS
TU00002235,LN00017007,2025-10-31,-114.14,SYNTHETIC_RECLASS
TU00002236,LN00017010,2026-01-31,118.29,SYNTHETIC_RECLASS
TU00002237,LN00017014,2026-05-31,-500.87,SYNTHETIC_RECLASS
TU00002238,LN00017018,2024-09-30,284.35,SYNTHETIC_RECLASS
TU00002239,LN00017026,2025-05-31,1022.96,SYNTHETIC_RECLASS
TU00002240,LN00017029,2025-08-31,170.38,SYNTHETIC_RECLASS
TU00002241,LN00017032,2025-11-30,588.66,SYNTHETIC_RECLASS
TU00002242,LN00017035,2026-02-28,447.50,SYNTHETIC_RECLASS
TU00002243,LN00017036,2026-03-31,-207.54,SYNTHETIC_RECLASS
TU00002244,LN00017038,2026-05-31,-469.98,SYNTHETIC_RECLASS
TU00002245,LN00017068,2024-11-30,478.21,SYNTHETIC_RECLASS
TU00002246,LN00017087,2026-06-30,-154.69,SYNTHETIC_RECLASS
TU00002247,LN00017092,2024-11-30,-246.83,SYNTHETIC_RECLASS
TU00002248,LN00017095,2025-02-28,-712.36,SYNTHETIC_RECLASS
TU00002249,LN00017097,2025-04-30,-520.08,SYNTHETIC_RECLASS
TU00002250,LN00017111,2026-06-30,283.04,SYNTHETIC_RECLASS
TU00002251,LN00017115,2024-10-31,161.83,SYNTHETIC_RECLASS
TU00002252,LN00017119,2025-02-28,403.31,SYNTHETIC_RECLASS
TU00002253,LN00017129,2025-12-31,-687.47,SYNTHETIC_RECLASS
TU00002254,LN00017137,2024-08-31,-472.91,SYNTHETIC_RECLASS
TU00002255,LN00017146,2025-05-31,729.80,SYNTHETIC_RECLASS
TU00002256,LN00017175,2025-10-31,-743.54,SYNTHETIC_RECLASS
TU00002257,LN00017213,2024-12-31,-527.45,SYNTHETIC_RECLASS
TU00002258,LN00017214,2025-01-31,-636.62,SYNTHETIC_RECLASS
TU00002259,LN00017227,2026-02-28,369.13,SYNTHETIC_RECLASS
TU00002260,LN00017231,2026-06-30,539.70,SYNTHETIC_RECLASS
TU00002261,LN00017239,2025-02-28,-591.92,SYNTHETIC_RECLASS
TU00002262,LN00017249,2025-12-31,849.66,SYNTHETIC_RECLASS
TU00002263,LN00017250,2026-01-31,-432.44,SYNTHETIC_RECLASS
TU00002264,LN00017273,2025-12-31,-232.34,SYNTHETIC_RECLASS
TU00002265,LN00017278,2026-05-31,547.90,SYNTHETIC_RECLASS
TU00002266,LN00017281,2024-08-31,199.92,SYNTHETIC_RECLASS
TU00002267,LN00017288,2025-03-31,-20.12,SYNTHETIC_RECLASS
TU00002268,LN00017303,2026-06-30,891.28,SYNTHETIC_RECLASS
TU00002269,LN00017313,2025-04-30,1020.35,SYNTHETIC_RECLASS
TU00002270,LN00017320,2025-11-30,862.15,SYNTHETIC_RECLASS
TU00002271,LN00017325,2026-04-30,57.65,SYNTHETIC_RECLASS
TU00002272,LN00017329,2024-08-31,904.32,SYNTHETIC_RECLASS
TU00002273,LN00017340,2025-07-31,-428.05,SYNTHETIC_RECLASS
TU00002274,LN00017343,2025-10-31,400.35,SYNTHETIC_RECLASS
TU00002275,LN00017348,2026-03-31,-679.44,SYNTHETIC_RECLASS
TU00002276,LN00017362,2025-05-31,-118.63,SYNTHETIC_RECLASS
TU00002277,LN00017365,2025-08-31,1046.42,SYNTHETIC_RECLASS
TU00002278,LN00017375,2026-06-30,550.41,SYNTHETIC_RECLASS
TU00002279,LN00017381,2024-12-31,927.90,SYNTHETIC_RECLASS
TU00002280,LN00017398,2026-05-31,-83.83,SYNTHETIC_RECLASS
TU00002281,LN00017399,2026-06-30,463.68,SYNTHETIC_RECLASS
TU00002282,LN00017403,2024-10-31,1019.78,SYNTHETIC_RECLASS
TU00002283,LN00017409,2025-04-30,65.66,SYNTHETIC_RECLASS
TU00002284,LN00017418,2026-01-31,110.45,SYNTHETIC_RECLASS
TU00002285,LN00017438,2025-09-30,583.06,SYNTHETIC_RECLASS
TU00002286,LN00017444,2026-03-31,54.16,SYNTHETIC_RECLASS
TU00002287,LN00017463,2025-10-31,-596.86,SYNTHETIC_RECLASS
TU00002288,LN00017478,2025-01-31,-35.22,SYNTHETIC_RECLASS
TU00002289,LN00017486,2025-09-30,1247.16,SYNTHETIC_RECLASS
TU00002290,LN00017490,2026-01-31,54.39,SYNTHETIC_RECLASS
TU00002291,LN00017495,2026-06-30,398.95,SYNTHETIC_RECLASS
TU00002292,LN00017510,2025-09-30,881.00,SYNTHETIC_RECLASS
TU00002293,LN00017513,2025-12-31,-316.15,SYNTHETIC_RECLASS
TU00002294,LN00017522,2024-09-30,-465.97,SYNTHETIC_RECLASS
TU00002295,LN00017529,2025-04-30,784.64,SYNTHETIC_RECLASS
TU00002296,LN00017554,2025-05-31,736.36,SYNTHETIC_RECLASS
TU00002297,LN00017555,2025-06-30,-97.47,SYNTHETIC_RECLASS
TU00002298,LN00017566,2026-05-31,-235.19,SYNTHETIC_RECLASS
TU00002299,LN00017570,2024-09-30,1061.74,SYNTHETIC_RECLASS
TU00002300,LN00017576,2025-03-31,45.01,SYNTHETIC_RECLASS
TU00002301,LN00017584,2025-11-30,32.76,SYNTHETIC_RECLASS
TU00002302,LN00017600,2025-03-31,1196.63,SYNTHETIC_RECLASS
TU00002303,LN00017614,2026-05-31,468.11,SYNTHETIC_RECLASS
TU00002304,LN00017629,2025-08-31,2.20,SYNTHETIC_RECLASS
TU00002305,LN00017630,2025-09-30,97.97,SYNTHETIC_RECLASS
TU00002306,LN00017637,2026-04-30,1101.12,SYNTHETIC_RECLASS
TU00002307,LN00017645,2024-12-31,-474.28,SYNTHETIC_RECLASS
TU00002308,LN00017661,2026-04-30,671.28,SYNTHETIC_RECLASS
TU00002309,LN00017675,2025-06-30,582.11,SYNTHETIC_RECLASS
TU00002310,LN00017679,2025-10-31,-597.76,SYNTHETIC_RECLASS
TU00002311,LN00017682,2026-01-31,147.64,SYNTHETIC_RECLASS
TU00002312,LN00017687,2026-06-30,-394.07,SYNTHETIC_RECLASS
TU00002313,LN00017698,2025-05-31,610.10,SYNTHETIC_RECLASS
TU00002314,LN00017702,2025-09-30,1031.51,SYNTHETIC_RECLASS
TU00002315,LN00017707,2026-02-28,336.91,SYNTHETIC_RECLASS
TU00002316,LN00017715,2024-10-31,-208.28,SYNTHETIC_RECLASS
TU00002317,LN00017718,2025-01-31,-602.14,SYNTHETIC_RECLASS
TU00002318,LN00017734,2026-05-31,262.66,SYNTHETIC_RECLASS
TU00002319,LN00017737,2024-08-31,-445.41,SYNTHETIC_RECLASS
TU00002320,LN00017743,2025-02-28,526.33,SYNTHETIC_RECLASS
TU00002321,LN00017753,2025-12-31,-428.95,SYNTHETIC_RECLASS
TU00002322,LN00017763,2024-10-31,178.67,SYNTHETIC_RECLASS
TU00002323,LN00017764,2024-11-30,704.37,SYNTHETIC_RECLASS
TU00002324,LN00017776,2025-11-30,-305.64,SYNTHETIC_RECLASS
TU00002325,LN00017780,2026-03-31,1220.75,SYNTHETIC_RECLASS
TU00002326,LN00017782,2026-05-31,923.27,SYNTHETIC_RECLASS
TU00002327,LN00017800,2025-11-30,479.14,SYNTHETIC_RECLASS
TU00002328,LN00017803,2026-02-28,1043.01,SYNTHETIC_RECLASS
TU00002329,LN00017805,2026-04-30,-85.59,SYNTHETIC_RECLASS
TU00002330,LN00017810,2024-09-30,658.77,SYNTHETIC_RECLASS
TU00002331,LN00017847,2025-10-31,752.73,SYNTHETIC_RECLASS
TU00002332,LN00017855,2026-06-30,-277.19,SYNTHETIC_RECLASS
TU00002333,LN00017860,2024-11-30,415.13,SYNTHETIC_RECLASS
TU00002334,LN00017869,2025-08-31,318.80,SYNTHETIC_RECLASS
TU00002335,LN00017883,2024-10-31,-686.84,SYNTHETIC_RECLASS
TU00002336,LN00017884,2024-11-30,54.21,SYNTHETIC_RECLASS
TU00002337,LN00017894,2025-09-30,510.82,SYNTHETIC_RECLASS
TU00002338,LN00017900,2026-03-31,178.57,SYNTHETIC_RECLASS
TU00002339,LN00017906,2024-09-30,391.90,SYNTHETIC_RECLASS
TU00002340,LN00017912,2025-03-31,585.40,SYNTHETIC_RECLASS
TU00002341,LN00017917,2025-08-31,1064.15,SYNTHETIC_RECLASS
TU00002342,LN00017937,2025-04-30,1016.07,SYNTHETIC_RECLASS
TU00002343,LN00017944,2025-11-30,163.50,SYNTHETIC_RECLASS
TU00002344,LN00017976,2026-07-31,-575.20,SYNTHETIC_RECLASS
TU00002345,LN00017996,2026-03-31,-246.88,SYNTHETIC_RECLASS
TU00002346,LN00017999,2026-06-30,-20.75,SYNTHETIC_RECLASS
TU00002347,LN00018001,2024-08-31,419.09,SYNTHETIC_RECLASS
TU00002348,LN00018004,2024-11-30,818.05,SYNTHETIC_RECLASS
TU00002349,LN00018011,2025-06-30,993.65,SYNTHETIC_RECLASS
TU00002350,LN00018027,2024-10-31,709.61,SYNTHETIC_RECLASS
TU00002351,LN00018030,2025-01-31,611.87,SYNTHETIC_RECLASS
TU00002352,LN00018036,2025-07-31,-42.29,SYNTHETIC_RECLASS
TU00002353,LN00018041,2025-12-31,-490.89,SYNTHETIC_RECLASS
TU00002354,LN00018061,2025-08-31,1087.48,SYNTHETIC_RECLASS
TU00002355,LN00018068,2026-03-31,954.69,SYNTHETIC_RECLASS
TU00002356,LN00018070,2026-05-31,-550.53,SYNTHETIC_RECLASS
TU00002357,LN00018083,2025-06-30,88.19,SYNTHETIC_RECLASS
TU00002358,LN00018085,2025-08-31,867.36,SYNTHETIC_RECLASS
TU00002359,LN00018089,2025-12-31,-195.24,SYNTHETIC_RECLASS
TU00002360,LN00018097,2024-08-31,616.65,SYNTHETIC_RECLASS
TU00002361,LN00018099,2024-10-31,8.95,SYNTHETIC_RECLASS
TU00002362,LN00018104,2025-03-31,-301.43,SYNTHETIC_RECLASS
TU00002363,LN00018118,2026-05-31,982.02,SYNTHETIC_RECLASS
TU00002364,LN00018130,2025-05-31,651.93,SYNTHETIC_RECLASS
TU00002365,LN00018146,2024-09-30,879.11,SYNTHETIC_RECLASS
TU00002366,LN00018156,2025-07-31,23.60,SYNTHETIC_RECLASS
TU00002367,LN00018157,2025-08-31,1058.13,SYNTHETIC_RECLASS
TU00002368,LN00018169,2024-08-31,1215.94,SYNTHETIC_RECLASS
TU00002369,LN00018170,2024-09-30,458.06,SYNTHETIC_RECLASS
TU00002370,LN00018178,2025-05-31,-353.70,SYNTHETIC_RECLASS
TU00002371,LN00018183,2025-10-31,876.06,SYNTHETIC_RECLASS
TU00002372,LN00018193,2024-08-31,-116.80,SYNTHETIC_RECLASS
TU00002373,LN00018195,2024-10-31,109.39,SYNTHETIC_RECLASS
TU00002374,LN00018197,2024-12-31,698.93,SYNTHETIC_RECLASS
TU00002375,LN00018207,2025-10-31,1064.61,SYNTHETIC_RECLASS
TU00002376,LN00018219,2024-10-31,502.35,SYNTHETIC_RECLASS
TU00002377,LN00018226,2025-05-31,-218.13,SYNTHETIC_RECLASS
TU00002378,LN00018246,2025-01-31,449.50,SYNTHETIC_RECLASS
TU00002379,LN00018251,2025-06-30,573.64,SYNTHETIC_RECLASS
TU00002380,LN00018258,2026-01-31,-499.13,SYNTHETIC_RECLASS
TU00002381,LN00018259,2026-02-28,-77.91,SYNTHETIC_RECLASS
TU00002382,LN00018263,2026-06-30,1131.44,SYNTHETIC_RECLASS
TU00002383,LN00018277,2025-08-31,678.83,SYNTHETIC_RECLASS
TU00002384,LN00018288,2026-07-31,-505.16,SYNTHETIC_RECLASS
TU00002385,LN00018297,2025-04-30,523.92,SYNTHETIC_RECLASS
TU00002386,LN00018298,2025-05-31,579.67,SYNTHETIC_RECLASS
TU00002387,LN00018310,2026-05-31,-728.90,SYNTHETIC_RECLASS
TU00002388,LN00018329,2025-12-31,-6.65,SYNTHETIC_RECLASS
TU00002389,LN00018334,2026-05-31,129.55,SYNTHETIC_RECLASS
TU00002390,LN00018336,2026-07-31,-221.72,SYNTHETIC_RECLASS
TU00002391,LN00018350,2025-09-30,431.98,SYNTHETIC_RECLASS
TU00002392,LN00018353,2025-12-31,167.35,SYNTHETIC_RECLASS
TU00002393,LN00018383,2026-06-30,-681.88,SYNTHETIC_RECLASS
TU00002394,LN00018389,2024-12-31,24.66,SYNTHETIC_RECLASS
TU00002395,LN00018404,2026-03-31,-639.03,SYNTHETIC_RECLASS
TU00002396,LN00018405,2026-04-30,796.67,SYNTHETIC_RECLASS
TU00002397,LN00018420,2025-07-31,-724.59,SYNTHETIC_RECLASS
TU00002398,LN00018423,2025-10-31,611.16,SYNTHETIC_RECLASS
TU00002399,LN00018438,2025-01-31,533.01,SYNTHETIC_RECLASS
TU00002400,LN00018440,2025-03-31,998.26,SYNTHETIC_RECLASS
TU00002401,LN00018442,2025-05-31,1199.37,SYNTHETIC_RECLASS
TU00002402,LN00018444,2025-07-31,458.00,SYNTHETIC_RECLASS
TU00002403,LN00018454,2026-05-31,-233.94,SYNTHETIC_RECLASS
TU00002404,LN00018457,2024-08-31,-702.06,SYNTHETIC_RECLASS
TU00002405,LN00018463,2025-02-28,1108.39,SYNTHETIC_RECLASS
TU00002406,LN00018484,2024-11-30,886.55,SYNTHETIC_RECLASS
TU00002407,LN00018486,2025-01-31,-194.72,SYNTHETIC_RECLASS
TU00002408,LN00018492,2025-07-31,1066.75,SYNTHETIC_RECLASS
TU00002409,LN00018501,2026-04-30,995.13,SYNTHETIC_RECLASS
TU00002410,LN00018503,2026-06-30,924.67,SYNTHETIC_RECLASS
TU00002411,LN00018505,2024-08-31,1196.34,SYNTHETIC_RECLASS
TU00002412,LN00018508,2024-11-30,-231.38,SYNTHETIC_RECLASS
TU00002413,LN00018527,2026-06-30,-489.35,SYNTHETIC_RECLASS
TU00002414,LN00018530,2024-09-30,756.96,SYNTHETIC_RECLASS
TU00002415,LN00018554,2024-09-30,-156.53,SYNTHETIC_RECLASS
TU00002416,LN00018559,2025-02-28,-15.28,SYNTHETIC_RECLASS
TU00002417,LN00018568,2025-11-30,-645.69,SYNTHETIC_RECLASS
TU00002418,LN00018574,2026-05-31,-87.07,SYNTHETIC_RECLASS
TU00002419,LN00018606,2025-01-31,-507.12,SYNTHETIC_RECLASS
TU00002420,LN00018608,2025-03-31,-421.07,SYNTHETIC_RECLASS
TU00002421,LN00018625,2024-08-31,1021.13,SYNTHETIC_RECLASS
TU00002422,LN00018639,2025-10-31,786.64,SYNTHETIC_RECLASS
TU00002423,LN00018657,2025-04-30,122.92,SYNTHETIC_RECLASS
TU00002424,LN00018664,2025-11-30,126.98,SYNTHETIC_RECLASS
TU00002425,LN00018675,2024-10-31,-521.19,SYNTHETIC_RECLASS
TU00002426,LN00018678,2025-01-31,-180.69,SYNTHETIC_RECLASS
TU00002427,LN00018735,2025-10-31,-113.47,SYNTHETIC_RECLASS
TU00002428,LN00018741,2026-04-30,-550.23,SYNTHETIC_RECLASS
TU00002429,LN00018747,2024-10-31,265.43,SYNTHETIC_RECLASS
TU00002430,LN00018759,2025-10-31,930.50,SYNTHETIC_RECLASS
TU00002431,LN00018763,2026-02-28,-156.44,SYNTHETIC_RECLASS
TU00002432,LN00018777,2025-04-30,-130.53,SYNTHETIC_RECLASS
TU00002433,LN00018784,2025-11-30,-262.25,SYNTHETIC_RECLASS
TU00002434,LN00018785,2025-12-31,-579.41,SYNTHETIC_RECLASS
TU00002435,LN00018791,2026-06-30,914.55,SYNTHETIC_RECLASS
TU00002436,LN00018797,2024-12-31,-91.08,SYNTHETIC_RECLASS
TU00002437,LN00018801,2025-04-30,-617.32,SYNTHETIC_RECLASS
TU00002438,LN00018807,2025-10-31,916.86,SYNTHETIC_RECLASS
TU00002439,LN00018809,2025-12-31,786.63,SYNTHETIC_RECLASS
TU00002440,LN00018812,2026-03-31,84.17,SYNTHETIC_RECLASS
TU00002441,LN00018826,2025-05-31,-130.95,SYNTHETIC_RECLASS
TU00002442,LN00018827,2025-06-30,434.08,SYNTHETIC_RECLASS
TU00002443,LN00018841,2024-08-31,41.79,SYNTHETIC_RECLASS
TU00002444,LN00018859,2026-02-28,1113.06,SYNTHETIC_RECLASS
TU00002445,LN00018880,2025-11-30,333.97,SYNTHETIC_RECLASS
TU00002446,LN00018888,2026-07-31,73.46,SYNTHETIC_RECLASS
TU00002447,LN00018908,2026-03-31,538.24,SYNTHETIC_RECLASS
TU00002448,LN00018912,2026-07-31,437.06,SYNTHETIC_RECLASS
TU00002449,LN00018917,2024-12-31,111.27,SYNTHETIC_RECLASS
TU00002450,LN00018923,2025-06-30,855.78,SYNTHETIC_RECLASS
TU00002451,LN00018926,2025-09-30,1170.55,SYNTHETIC_RECLASS
TU00002452,LN00018929,2025-12-31,97.12,SYNTHETIC_RECLASS
TU00002453,LN00018931,2026-02-28,-255.56,SYNTHETIC_RECLASS
TU00002454,LN00018955,2026-02-28,1147.89,SYNTHETIC_RECLASS
TU00002455,LN00018970,2025-05-31,-162.95,SYNTHETIC_RECLASS
TU00002456,LN00018975,2025-10-31,1004.25,SYNTHETIC_RECLASS
TU00002457,LN00018979,2026-02-28,191.90,SYNTHETIC_RECLASS
TU00002458,LN00018982,2026-05-31,-504.43,SYNTHETIC_RECLASS
TU00002459,LN00018997,2025-08-31,618.90,SYNTHETIC_RECLASS
TU00002460,LN00018999,2025-10-31,132.06,SYNTHETIC_RECLASS
TU00002461,LN00019016,2025-03-31,-661.38,SYNTHETIC_RECLASS
TU00002462,LN00019027,2026-02-28,80.22,SYNTHETIC_RECLASS
TU00002463,LN00019036,2024-11-30,-52.71,SYNTHETIC_RECLASS
TU00002464,LN00019037,2024-12-31,325.22,SYNTHETIC_RECLASS
TU00002465,LN00019039,2025-02-28,734.39,SYNTHETIC_RECLASS
TU00002466,LN00019043,2025-06-30,409.74,SYNTHETIC_RECLASS
TU00002467,LN00019047,2025-10-31,497.93,SYNTHETIC_RECLASS
TU00002468,LN00019062,2025-01-31,251.44,SYNTHETIC_RECLASS
TU00002469,LN00019069,2025-08-31,921.51,SYNTHETIC_RECLASS
TU00002470,LN00019073,2025-12-31,648.23,SYNTHETIC_RECLASS
TU00002471,LN00019089,2025-04-30,-402.73,SYNTHETIC_RECLASS
TU00002472,LN00019099,2026-02-28,-473.80,SYNTHETIC_RECLASS
TU00002473,LN00019105,2024-08-31,228.43,SYNTHETIC_RECLASS
TU00002474,LN00019115,2025-06-30,-590.86,SYNTHETIC_RECLASS
TU00002475,LN00019118,2025-09-30,-531.13,SYNTHETIC_RECLASS
TU00002476,LN00019125,2026-04-30,375.94,SYNTHETIC_RECLASS
TU00002477,LN00019127,2026-06-30,-640.31,SYNTHETIC_RECLASS
TU00002478,LN00019129,2024-08-31,857.99,SYNTHETIC_RECLASS
TU00002479,LN00019137,2025-04-30,515.37,SYNTHETIC_RECLASS
TU00002480,LN00019153,2024-08-31,675.62,SYNTHETIC_RECLASS
TU00002481,LN00019154,2024-09-30,-276.36,SYNTHETIC_RECLASS
TU00002482,LN00019166,2025-09-30,485.68,SYNTHETIC_RECLASS
TU00002483,LN00019172,2026-03-31,224.52,SYNTHETIC_RECLASS
TU00002484,LN00019179,2024-10-31,1166.58,SYNTHETIC_RECLASS
TU00002485,LN00019186,2025-05-31,340.57,SYNTHETIC_RECLASS
TU00002486,LN00019195,2026-02-28,1127.85,SYNTHETIC_RECLASS
TU00002487,LN00019207,2025-02-28,-721.61,SYNTHETIC_RECLASS
TU00002488,LN00019229,2024-12-31,-231.26,SYNTHETIC_RECLASS
TU00002489,LN00019237,2025-08-31,-168.02,SYNTHETIC_RECLASS
TU00002490,LN00019248,2026-07-31,953.12,SYNTHETIC_RECLASS
TU00002491,LN00019255,2025-02-28,-201.01,SYNTHETIC_RECLASS
TU00002492,LN00019263,2025-10-31,1074.04,SYNTHETIC_RECLASS
TU00002493,LN00019267,2026-02-28,-242.05,SYNTHETIC_RECLASS
TU00002494,LN00019268,2026-03-31,-95.96,SYNTHETIC_RECLASS
TU00002495,LN00019274,2024-09-30,606.08,SYNTHETIC_RECLASS
TU00002496,LN00019283,2025-06-30,72.19,SYNTHETIC_RECLASS
TU00002497,LN00019298,2024-09-30,-76.52,SYNTHETIC_RECLASS
TU00002498,LN00019300,2024-11-30,-186.01,SYNTHETIC_RECLASS
TU00002499,LN00019308,2025-07-31,-189.61,SYNTHETIC_RECLASS
TU00002500,LN00019316,2026-03-31,-221.10,SYNTHETIC_RECLASS
TU00002501,LN00019332,2025-07-31,437.51,SYNTHETIC_RECLASS
TU00002502,LN00019344,2026-07-31,479.48,SYNTHETIC_RECLASS
TU00002503,LN00019345,2024-08-31,-216.08,SYNTHETIC_RECLASS
TU00002504,LN00019360,2025-11-30,-603.83,SYNTHETIC_RECLASS
TU00002505,LN00019373,2024-12-31,400.02,SYNTHETIC_RECLASS
TU00002506,LN00019377,2025-04-30,934.93,SYNTHETIC_RECLASS
TU00002507,LN00019387,2026-02-28,343.12,SYNTHETIC_RECLASS
TU00002508,LN00019390,2026-05-31,-508.50,SYNTHETIC_RECLASS
TU00002509,LN00019392,2026-07-31,-348.97,SYNTHETIC_RECLASS
TU00002510,LN00019397,2024-12-31,1122.21,SYNTHETIC_RECLASS
TU00002511,LN00019399,2025-02-28,698.83,SYNTHETIC_RECLASS
TU00002512,LN00019403,2025-06-30,206.55,SYNTHETIC_RECLASS
TU00002513,LN00019405,2025-08-31,845.08,SYNTHETIC_RECLASS
TU00002514,LN00019418,2024-09-30,732.95,SYNTHETIC_RECLASS
TU00002515,LN00019423,2025-02-28,873.48,SYNTHETIC_RECLASS
TU00002516,LN00019425,2025-04-30,932.18,SYNTHETIC_RECLASS
TU00002517,LN00019429,2025-08-31,-61.26,SYNTHETIC_RECLASS
TU00002518,LN00019443,2024-10-31,1163.74,SYNTHETIC_RECLASS
TU00002519,LN00019463,2026-06-30,375.59,SYNTHETIC_RECLASS
TU00002520,LN00019487,2026-06-30,-469.90,SYNTHETIC_RECLASS
TU00002521,LN00019491,2024-10-31,475.64,SYNTHETIC_RECLASS
TU00002522,LN00019493,2024-12-31,263.86,SYNTHETIC_RECLASS
TU00002523,LN00019500,2025-07-31,1067.83,SYNTHETIC_RECLASS
TU00002524,LN00019504,2025-11-30,396.24,SYNTHETIC_RECLASS
TU00002525,LN00019511,2026-06-30,648.18,SYNTHETIC_RECLASS
TU00002526,LN00019526,2025-09-30,215.21,SYNTHETIC_RECLASS
TU00002527,LN00019536,2026-07-31,-142.40,SYNTHETIC_RECLASS
TU00002528,LN00019542,2025-01-31,1077.18,SYNTHETIC_RECLASS
TU00002529,LN00019544,2025-03-31,1012.58,SYNTHETIC_RECLASS
TU00002530,LN00019557,2026-04-30,952.06,SYNTHETIC_RECLASS
TU00002531,LN00019586,2024-09-30,-340.20,SYNTHETIC_RECLASS
TU00002532,LN00019590,2025-01-31,-265.74,SYNTHETIC_RECLASS
TU00002533,LN00019592,2025-03-31,434.12,SYNTHETIC_RECLASS
TU00002534,LN00019595,2025-06-30,-581.33,SYNTHETIC_RECLASS
TU00002535,LN00019597,2025-08-31,158.15,SYNTHETIC_RECLASS
TU00002536,LN00019634,2024-09-30,-425.52,SYNTHETIC_RECLASS
TU00002537,LN00019636,2024-11-30,1005.88,SYNTHETIC_RECLASS
TU00002538,LN00019639,2025-02-28,-464.45,SYNTHETIC_RECLASS
TU00002539,LN00019641,2025-04-30,1018.02,SYNTHETIC_RECLASS
TU00002540,LN00019644,2025-07-31,297.92,SYNTHETIC_RECLASS
TU00002541,LN00019648,2025-11-30,1239.47,SYNTHETIC_RECLASS
TU00002542,LN00019653,2026-04-30,531.52,SYNTHETIC_RECLASS
TU00002543,LN00019657,2024-08-31,5.37,SYNTHETIC_RECLASS
TU00002544,LN00019664,2025-03-31,-112.64,SYNTHETIC_RECLASS
TU00002545,LN00019667,2025-06-30,319.71,SYNTHETIC_RECLASS
TU00002546,LN00019673,2025-12-31,-157.56,SYNTHETIC_RECLASS
TU00002547,LN00019681,2024-08-31,-726.85,SYNTHETIC_RECLASS
TU00002548,LN00019689,2025-04-30,-687.97,SYNTHETIC_RECLASS
TU00002549,LN00019697,2025-12-31,404.50,SYNTHETIC_RECLASS
TU00002550,LN00019705,2024-08-31,1010.51,SYNTHETIC_RECLASS
TU00002551,LN00019710,2025-01-31,-83.87,SYNTHETIC_RECLASS
TU00002552,LN00019711,2025-02-28,1206.66,SYNTHETIC_RECLASS
TU00002553,LN00019722,2026-01-31,713.09,SYNTHETIC_RECLASS
TU00002554,LN00019725,2026-04-30,-217.32,SYNTHETIC_RECLASS
TU00002555,LN00019735,2025-02-28,272.82,SYNTHETIC_RECLASS
TU00002556,LN00019744,2025-11-30,867.98,SYNTHETIC_RECLASS
TU00002557,LN00019752,2026-07-31,193.56,SYNTHETIC_RECLASS
TU00002558,LN00019758,2025-01-31,855.39,SYNTHETIC_RECLASS
TU00002559,LN00019771,2026-02-28,-310.21,SYNTHETIC_RECLASS
TU00002560,LN00019781,2024-12-31,-434.54,SYNTHETIC_RECLASS
TU00002561,LN00019782,2025-01-31,-412.16,SYNTHETIC_RECLASS
TU00002562,LN00019784,2025-03-31,35.01,SYNTHETIC_RECLASS
TU00002563,LN00019792,2025-11-30,-343.69,SYNTHETIC_RECLASS
TU00002564,LN00019794,2026-01-31,999.67,SYNTHETIC_RECLASS
TU00002565,LN00019802,2024-09-30,-431.09,SYNTHETIC_RECLASS
TU00002566,LN00019814,2025-09-30,-391.38,SYNTHETIC_RECLASS
TU00002567,LN00019815,2025-10-31,1168.55,SYNTHETIC_RECLASS
TU00002568,LN00019838,2025-09-30,-341.09,SYNTHETIC_RECLASS
TU00002569,LN00019859,2025-06-30,509.76,SYNTHETIC_RECLASS
TU00002570,LN00019868,2026-03-31,-11.52,SYNTHETIC_RECLASS
TU00002571,LN00019880,2025-03-31,460.28,SYNTHETIC_RECLASS
TU00002572,LN00019881,2025-04-30,528.55,SYNTHETIC_RECLASS
TU00002573,LN00019890,2026-01-31,-523.81,SYNTHETIC_RECLASS
TU00002574,LN00019891,2026-02-28,933.83,SYNTHETIC_RECLASS
TU00002575,LN00019893,2026-04-30,-240.28,SYNTHETIC_RECLASS
TU00002576,LN00019903,2025-02-28,-196.24,SYNTHETIC_RECLASS
TU00002577,LN00019907,2025-06-30,-708.82,SYNTHETIC_RECLASS
TU00002578,LN00019913,2025-12-31,195.49,SYNTHETIC_RECLASS
TU00002579,LN00019920,2026-07-31,-480.39,SYNTHETIC_RECLASS
TU00002580,LN00019928,2025-03-31,159.34,SYNTHETIC_RECLASS
TU00002581,LN00019931,2025-06-30,656.54,SYNTHETIC_RECLASS
TU00002582,LN00019933,2025-08-31,-247.96,SYNTHETIC_RECLASS
TU00002583,LN00019950,2025-01-31,-155.87,SYNTHETIC_RECLASS
TU00002584,LN00019955,2025-06-30,577.21,SYNTHETIC_RECLASS
TU00002585,LN00019956,2025-07-31,1024.95,SYNTHETIC_RECLASS
TU00002586,LN00019961,2025-12-31,925.81,SYNTHETIC_RECLASS
TU00002587,LN00019968,2026-07-31,-111.56,SYNTHETIC_RECLASS
TU00002588,LN00019970,2024-09-30,618.41,SYNTHETIC_RECLASS
TU00002589,LN00019979,2025-06-30,-351.36,SYNTHETIC_RECLASS
TU00002590,LN00019995,2024-10-31,-384.55,SYNTHETIC_RECLASS
TU00002591,LN00020000,2025-03-31,220.33,SYNTHETIC_RECLASS
TU00002592,LN00020004,2025-07-31,366.84,SYNTHETIC_RECLASS
TU00002593,LN00020010,2026-01-31,-164.00,SYNTHETIC_RECLASS
TU00002594,LN00020022,2025-01-31,6.70,SYNTHETIC_RECLASS
TU00002595,LN00020028,2025-07-31,911.14,SYNTHETIC_RECLASS
TU00002596,LN00020037,2026-04-30,734.04,SYNTHETIC_RECLASS
TU00002597,LN00020043,2024-10-31,1011.47,SYNTHETIC_RECLASS
TU00002598,LN00020045,2024-12-31,1137.33,SYNTHETIC_RECLASS
TU00002599,LN00020046,2025-01-31,-49.83,SYNTHETIC_RECLASS
TU00002600,LN00020052,2025-07-31,718.40,SYNTHETIC_RECLASS
TU00002601,LN00020056,2025-11-30,-636.59,SYNTHETIC_RECLASS
TU00002602,LN00020061,2026-04-30,-375.36,SYNTHETIC_RECLASS
TU00002603,LN00020062,2026-05-31,-179.51,SYNTHETIC_RECLASS
TU00002604,LN00020066,2024-09-30,-221.71,SYNTHETIC_RECLASS
TU00002605,LN00020067,2024-10-31,555.65,SYNTHETIC_RECLASS
TU00002606,LN00020068,2024-11-30,-148.81,SYNTHETIC_RECLASS
TU00002607,LN00020075,2025-06-30,95.78,SYNTHETIC_RECLASS
TU00002608,LN00020082,2026-01-31,979.52,SYNTHETIC_RECLASS
TU00002609,LN00020088,2026-07-31,1092.31,SYNTHETIC_RECLASS
TU00002610,LN00020089,2024-08-31,236.43,SYNTHETIC_RECLASS
TU00002611,LN00020099,2025-06-30,993.87,SYNTHETIC_RECLASS
TU00002612,LN00020102,2025-09-30,424.30,SYNTHETIC_RECLASS
TU00002613,LN00020103,2025-10-31,13.06,SYNTHETIC_RECLASS
TU00002614,LN00020114,2024-09-30,1115.58,SYNTHETIC_RECLASS
TU00002615,LN00020124,2025-07-31,1221.65,SYNTHETIC_RECLASS
TU00002616,LN00020129,2025-12-31,969.30,SYNTHETIC_RECLASS
TU00002617,LN00020135,2026-06-30,493.42,SYNTHETIC_RECLASS
TU00002618,LN00020143,2025-02-28,55.20,SYNTHETIC_RECLASS
TU00002619,LN00020158,2026-05-31,-307.59,SYNTHETIC_RECLASS
TU00002620,LN00020162,2024-09-30,-13.19,SYNTHETIC_RECLASS
TU00002621,LN00020164,2024-11-30,398.52,SYNTHETIC_RECLASS
TU00002622,LN00020166,2025-01-31,444.05,SYNTHETIC_RECLASS
TU00002623,LN00020179,2026-02-28,21.49,SYNTHETIC_RECLASS
TU00002624,LN00020182,2026-05-31,374.40,SYNTHETIC_RECLASS
TU00002625,LN00020193,2025-04-30,1093.79,SYNTHETIC_RECLASS
TU00002626,LN00020215,2025-02-28,-501.44,SYNTHETIC_RECLASS
TU00002627,LN00020244,2025-07-31,820.02,SYNTHETIC_RECLASS
TU00002628,LN00020250,2026-01-31,-63.12,SYNTHETIC_RECLASS
TU00002629,LN00020253,2026-04-30,479.20,SYNTHETIC_RECLASS
TU00002630,LN00020259,2024-10-31,-158.34,SYNTHETIC_RECLASS
TU00002631,LN00020269,2025-08-31,-614.15,SYNTHETIC_RECLASS
TU00002632,LN00020280,2026-07-31,1175.21,SYNTHETIC_RECLASS
TU00002633,LN00020281,2024-08-31,42.66,SYNTHETIC_RECLASS
TU00002634,LN00020288,2025-03-31,108.98,SYNTHETIC_RECLASS
TU00002635,LN00020295,2025-10-31,784.54,SYNTHETIC_RECLASS
TU00002636,LN00020304,2026-07-31,-105.13,SYNTHETIC_RECLASS
TU00002637,LN00020305,2024-08-31,1056.27,SYNTHETIC_RECLASS
TU00002638,LN00020311,2025-02-28,665.08,SYNTHETIC_RECLASS
TU00002639,LN00020312,2025-03-31,1170.52,SYNTHETIC_RECLASS
TU00002640,LN00020318,2025-09-30,713.56,SYNTHETIC_RECLASS
TU00002641,LN00020329,2024-08-31,-371.60,SYNTHETIC_RECLASS
TU00002642,LN00020332,2024-11-30,690.36,SYNTHETIC_RECLASS
TU00002643,LN00020335,2025-02-28,-331.20,SYNTHETIC_RECLASS
TU00002644,LN00020357,2024-12-31,-364.14,SYNTHETIC_RECLASS
TU00002645,LN00020358,2025-01-31,-26.61,SYNTHETIC_RECLASS
TU00002646,LN00020360,2025-03-31,791.16,SYNTHETIC_RECLASS
TU00002647,LN00020371,2026-02-28,624.34,SYNTHETIC_RECLASS
TU00002648,LN00020373,2026-04-30,-356.71,SYNTHETIC_RECLASS
TU00002649,LN00020381,2024-12-31,400.96,SYNTHETIC_RECLASS
TU00002650,LN00020383,2025-02-28,565.16,SYNTHETIC_RECLASS
TU00002651,LN00020391,2025-10-31,-105.26,SYNTHETIC_RECLASS
TU00002652,LN00020396,2026-03-31,543.91,SYNTHETIC_RECLASS
TU00002653,LN00020399,2026-06-30,1234.45,SYNTHETIC_RECLASS
TU00002654,LN00020407,2025-02-28,-693.96,SYNTHETIC_RECLASS
TU00002655,LN00020411,2025-06-30,276.38,SYNTHETIC_RECLASS
TU00002656,LN00020415,2025-10-31,-627.62,SYNTHETIC_RECLASS
TU00002657,LN00020423,2026-06-30,-168.40,SYNTHETIC_RECLASS
TU00002658,LN00020424,2026-07-31,-525.18,SYNTHETIC_RECLASS
TU00002659,LN00020430,2025-01-31,-427.37,SYNTHETIC_RECLASS
TU00002660,LN00020432,2025-03-31,-64.37,SYNTHETIC_RECLASS
TU00002661,LN00020436,2025-07-31,285.16,SYNTHETIC_RECLASS
TU00002662,LN00020450,2024-09-30,83.98,SYNTHETIC_RECLASS
TU00002663,LN00020453,2024-12-31,536.37,SYNTHETIC_RECLASS
TU00002664,LN00020473,2024-08-31,862.95,SYNTHETIC_RECLASS
TU00002665,LN00020485,2025-08-31,-180.26,SYNTHETIC_RECLASS
TU00002666,LN00020487,2025-10-31,530.92,SYNTHETIC_RECLASS
TU00002667,LN00020498,2024-09-30,822.22,SYNTHETIC_RECLASS
TU00002668,LN00020502,2025-01-31,311.00,SYNTHETIC_RECLASS
TU00002669,LN00020505,2025-04-30,150.53,SYNTHETIC_RECLASS
TU00002670,LN00020510,2025-09-30,212.04,SYNTHETIC_RECLASS
TU00002671,LN00020511,2025-10-31,474.47,SYNTHETIC_RECLASS
TU00002672,LN00020523,2024-10-31,-296.36,SYNTHETIC_RECLASS
TU00002673,LN00020528,2025-03-31,847.53,SYNTHETIC_RECLASS
TU00002674,LN00020550,2025-01-31,533.54,SYNTHETIC_RECLASS
TU00002675,LN00020551,2025-02-28,474.87,SYNTHETIC_RECLASS
TU00002676,LN00020554,2025-05-31,69.98,SYNTHETIC_RECLASS
TU00002677,LN00020563,2026-02-28,183.15,SYNTHETIC_RECLASS
TU00002678,LN00020580,2025-07-31,1123.32,SYNTHETIC_RECLASS
TU00002679,LN00020595,2024-10-31,19.07,SYNTHETIC_RECLASS
TU00002680,LN00020600,2025-03-31,1176.70,SYNTHETIC_RECLASS
TU00002681,LN00020601,2025-04-30,713.59,SYNTHETIC_RECLASS
TU00002682,LN00020613,2026-04-30,-605.85,SYNTHETIC_RECLASS
TU00002683,LN00020619,2024-10-31,661.43,SYNTHETIC_RECLASS
TU00002684,LN00020662,2026-05-31,-663.47,SYNTHETIC_RECLASS
TU00002685,LN00020665,2024-08-31,-443.47,SYNTHETIC_RECLASS
TU00002686,LN00020668,2024-11-30,-374.82,SYNTHETIC_RECLASS
TU00002687,LN00020676,2025-07-31,800.95,SYNTHETIC_RECLASS
TU00002688,LN00020679,2025-10-31,-704.17,SYNTHETIC_RECLASS
TU00002689,LN00020682,2026-01-31,-466.80,SYNTHETIC_RECLASS
TU00002690,LN00020688,2026-07-31,245.98,SYNTHETIC_RECLASS
TU00002691,LN00020691,2024-10-31,766.15,SYNTHETIC_RECLASS
TU00002692,LN00020692,2024-11-30,414.16,SYNTHETIC_RECLASS
TU00002693,LN00020701,2025-08-31,22.55,SYNTHETIC_RECLASS
TU00002694,LN00020710,2026-05-31,-563.40,SYNTHETIC_RECLASS
TU00002695,LN00020728,2025-11-30,-216.71,SYNTHETIC_RECLASS
TU00002696,LN00020733,2026-04-30,-204.92,SYNTHETIC_RECLASS
TU00002697,LN00020749,2025-08-31,104.37,SYNTHETIC_RECLASS
TU00002698,LN00020753,2025-12-31,500.26,SYNTHETIC_RECLASS
TU00002699,LN00020757,2026-04-30,163.05,SYNTHETIC_RECLASS
TU00002700,LN00020766,2025-01-31,337.16,SYNTHETIC_RECLASS
TU00002701,LN00020775,2025-10-31,258.82,SYNTHETIC_RECLASS
TU00002702,LN00020781,2026-04-30,-150.49,SYNTHETIC_RECLASS
TU00002703,LN00020784,2026-07-31,-246.45,SYNTHETIC_RECLASS
TU00002704,LN00020786,2024-09-30,945.54,SYNTHETIC_RECLASS
TU00002705,LN00020791,2025-02-28,-291.39,SYNTHETIC_RECLASS
TU00002706,LN00020804,2026-03-31,970.38,SYNTHETIC_RECLASS
TU00002707,LN00020806,2026-05-31,653.56,SYNTHETIC_RECLASS
TU00002708,LN00020811,2024-10-31,-493.56,SYNTHETIC_RECLASS
TU00002709,LN00020812,2024-11-30,487.11,SYNTHETIC_RECLASS
TU00002710,LN00020815,2025-02-28,249.46,SYNTHETIC_RECLASS
TU00002711,LN00020816,2025-03-31,916.17,SYNTHETIC_RECLASS
TU00002712,LN00020818,2025-05-31,-449.32,SYNTHETIC_RECLASS
TU00002713,LN00020829,2026-04-30,960.31,SYNTHETIC_RECLASS
TU00002714,LN00020840,2025-03-31,141.66,SYNTHETIC_RECLASS
TU00002715,LN00020843,2025-06-30,572.80,SYNTHETIC_RECLASS
TU00002716,LN00020844,2025-07-31,1193.78,SYNTHETIC_RECLASS
TU00002717,LN00020859,2024-10-31,739.61,SYNTHETIC_RECLASS
TU00002718,LN00020883,2024-10-31,-127.48,SYNTHETIC_RECLASS
TU00002719,LN00020889,2025-04-30,922.32,SYNTHETIC_RECLASS
TU00002720,LN00020908,2024-11-30,927.22,SYNTHETIC_RECLASS
TU00002721,LN00020912,2025-03-31,-493.53,SYNTHETIC_RECLASS
TU00002722,LN00020915,2025-06-30,447.38,SYNTHETIC_RECLASS
TU00002723,LN00020923,2026-02-28,-206.61,SYNTHETIC_RECLASS
TU00002724,LN00020924,2026-03-31,-257.15,SYNTHETIC_RECLASS
TU00002725,LN00020936,2025-03-31,229.06,SYNTHETIC_RECLASS
TU00002726,LN00020940,2025-07-31,712.63,SYNTHETIC_RECLASS
TU00002727,LN00020944,2025-11-30,-116.69,SYNTHETIC_RECLASS
TU00002728,LN00020978,2024-09-30,-622.86,SYNTHETIC_RECLASS
TU00002729,LN00020992,2025-11-30,98.20,SYNTHETIC_RECLASS
TU00002730,LN00020997,2026-04-30,1222.48,SYNTHETIC_RECLASS
TU00002731,LN00021001,2024-08-31,1164.98,SYNTHETIC_RECLASS
TU00002732,LN00021002,2024-09-30,275.79,SYNTHETIC_RECLASS
TU00002733,LN00021004,2024-11-30,-744.06,SYNTHETIC_RECLASS
TU00002734,LN00021006,2025-01-31,-371.54,SYNTHETIC_RECLASS
TU00002735,LN00021010,2025-05-31,-436.59,SYNTHETIC_RECLASS
TU00002736,LN00021021,2026-04-30,547.09,SYNTHETIC_RECLASS
TU00002737,LN00021025,2024-08-31,-147.39,SYNTHETIC_RECLASS
TU00002738,LN00021045,2026-04-30,-288.53,SYNTHETIC_RECLASS
TU00002739,LN00021048,2026-07-31,730.15,SYNTHETIC_RECLASS
TU00002740,LN00021049,2024-08-31,317.59,SYNTHETIC_RECLASS
TU00002741,LN00021051,2024-10-31,820.63,SYNTHETIC_RECLASS
TU00002742,LN00021052,2024-11-30,329.79,SYNTHETIC_RECLASS
TU00002743,LN00021059,2025-06-30,-127.90,SYNTHETIC_RECLASS
TU00002744,LN00021061,2025-08-31,-651.23,SYNTHETIC_RECLASS
TU00002745,LN00021083,2025-06-30,402.59,SYNTHETIC_RECLASS
TU00002746,LN00021086,2025-09-30,313.48,SYNTHETIC_RECLASS
TU00002747,LN00021098,2024-09-30,-268.48,SYNTHETIC_RECLASS
TU00002748,LN00021110,2025-09-30,716.19,SYNTHETIC_RECLASS
TU00002749,LN00021112,2025-11-30,1048.42,SYNTHETIC_RECLASS
TU00002750,LN00021115,2026-02-28,-690.34,SYNTHETIC_RECLASS
TU00002751,LN00021129,2025-04-30,1173.68,SYNTHETIC_RECLASS
TU00002752,LN00021134,2025-09-30,466.25,SYNTHETIC_RECLASS
TU00002753,LN00021135,2025-10-31,-392.14,SYNTHETIC_RECLASS
TU00002754,LN00021142,2026-05-31,216.37,SYNTHETIC_RECLASS
TU00002755,LN00021149,2024-12-31,787.40,SYNTHETIC_RECLASS
TU00002756,LN00021153,2025-04-30,904.62,SYNTHETIC_RECLASS
TU00002757,LN00021175,2025-02-28,-58.42,SYNTHETIC_RECLASS
TU00002758,LN00021183,2025-10-31,590.75,SYNTHETIC_RECLASS
TU00002759,LN00021208,2025-11-30,-679.79,SYNTHETIC_RECLASS
TU00002760,LN00021220,2024-11-30,144.47,SYNTHETIC_RECLASS
TU00002761,LN00021225,2025-04-30,808.68,SYNTHETIC_RECLASS
TU00002762,LN00021280,2025-11-30,-332.64,SYNTHETIC_RECLASS
TU00002763,LN00021284,2026-03-31,123.49,SYNTHETIC_RECLASS
TU00002764,LN00021285,2026-04-30,651.32,SYNTHETIC_RECLASS
TU00002765,LN00021293,2024-12-31,1104.99,SYNTHETIC_RECLASS
TU00002766,LN00021312,2026-07-31,-568.84,SYNTHETIC_RECLASS
TU00002767,LN00021314,2024-09-30,-327.84,SYNTHETIC_RECLASS
TU00002768,LN00021322,2025-05-31,-129.09,SYNTHETIC_RECLASS
TU00002769,LN00021329,2025-12-31,-704.84,SYNTHETIC_RECLASS
TU00002770,LN00021343,2025-02-28,9.57,SYNTHETIC_RECLASS
TU00002771,LN00021345,2025-04-30,1025.03,SYNTHETIC_RECLASS
TU00002772,LN00021366,2025-01-31,-356.72,SYNTHETIC_RECLASS
TU00002773,LN00021372,2025-07-31,968.10,SYNTHETIC_RECLASS
TU00002774,LN00021373,2025-08-31,1183.71,SYNTHETIC_RECLASS
TU00002775,LN00021381,2026-04-30,-249.72,SYNTHETIC_RECLASS
TU00002776,LN00021390,2025-01-31,-566.66,SYNTHETIC_RECLASS
TU00002777,LN00021393,2025-04-30,950.70,SYNTHETIC_RECLASS
TU00002778,LN00021395,2025-06-30,-271.00,SYNTHETIC_RECLASS
TU00002779,LN00021419,2025-06-30,1010.25,SYNTHETIC_RECLASS
TU00002780,LN00021431,2026-06-30,365.60,SYNTHETIC_RECLASS
TU00002781,LN00021435,2024-10-31,-599.62,SYNTHETIC_RECLASS
TU00002782,LN00021437,2024-12-31,908.75,SYNTHETIC_RECLASS
TU00002783,LN00021450,2026-01-31,1161.40,SYNTHETIC_RECLASS
TU00002784,LN00021453,2026-04-30,1172.91,SYNTHETIC_RECLASS
TU00002785,LN00021456,2026-07-31,735.87,SYNTHETIC_RECLASS
TU00002786,LN00021457,2024-08-31,207.70,SYNTHETIC_RECLASS
TU00002787,LN00021459,2024-10-31,555.20,SYNTHETIC_RECLASS
TU00002788,LN00021466,2025-05-31,141.52,SYNTHETIC_RECLASS
TU00002789,LN00021472,2025-11-30,665.72,SYNTHETIC_RECLASS
TU00002790,LN00021478,2026-05-31,-468.01,SYNTHETIC_RECLASS
TU00002791,LN00021493,2025-08-31,181.10,SYNTHETIC_RECLASS
TU00002792,LN00021496,2025-11-30,406.20,SYNTHETIC_RECLASS
TU00002793,LN00021511,2025-02-28,-52.36,SYNTHETIC_RECLASS
TU00002794,LN00021523,2026-02-28,946.41,SYNTHETIC_RECLASS
TU00002795,LN00021537,2025-04-30,666.59,SYNTHETIC_RECLASS
TU00002796,LN00021541,2025-08-31,769.85,SYNTHETIC_RECLASS
TU00002797,LN00021548,2026-03-31,1202.67,SYNTHETIC_RECLASS
TU00002798,LN00021559,2025-02-28,377.73,SYNTHETIC_RECLASS
TU00002799,LN00021561,2025-04-30,-324.49,SYNTHETIC_RECLASS
TU00002800,LN00021565,2025-08-31,-318.29,SYNTHETIC_RECLASS
TU00002801,LN00021566,2025-09-30,1140.75,SYNTHETIC_RECLASS
TU00002802,LN00021568,2025-11-30,-201.30,SYNTHETIC_RECLASS
TU00002803,LN00021574,2026-05-31,-523.83,SYNTHETIC_RECLASS
TU00002804,LN00021576,2026-07-31,981.08,SYNTHETIC_RECLASS
TU00002805,LN00021578,2024-09-30,-576.35,SYNTHETIC_RECLASS
TU00002806,LN00021588,2025-07-31,-653.87,SYNTHETIC_RECLASS
TU00002807,LN00021591,2025-10-31,-457.89,SYNTHETIC_RECLASS
TU00002808,LN00021592,2025-11-30,544.09,SYNTHETIC_RECLASS
TU00002809,LN00021595,2026-02-28,380.92,SYNTHETIC_RECLASS
TU00002810,LN00021632,2025-03-31,867.43,SYNTHETIC_RECLASS
TU00002811,LN00021641,2025-12-31,552.96,SYNTHETIC_RECLASS
TU00002812,LN00021645,2026-04-30,-110.64,SYNTHETIC_RECLASS
TU00002813,LN00021651,2024-10-31,-401.87,SYNTHETIC_RECLASS
TU00002814,LN00021653,2024-12-31,858.39,SYNTHETIC_RECLASS
TU00002815,LN00021663,2025-10-31,474.62,SYNTHETIC_RECLASS
TU00002816,LN00021671,2026-06-30,988.60,SYNTHETIC_RECLASS
TU00002817,LN00021673,2024-08-31,842.00,SYNTHETIC_RECLASS
TU00002818,LN00021686,2025-09-30,-31.23,SYNTHETIC_RECLASS
TU00002819,LN00021707,2025-06-30,587.95,SYNTHETIC_RECLASS
TU00002820,LN00021723,2024-10-31,384.54,SYNTHETIC_RECLASS
TU00002821,LN00021727,2025-02-28,962.92,SYNTHETIC_RECLASS
TU00002822,LN00021729,2025-04-30,1049.46,SYNTHETIC_RECLASS
TU00002823,LN00021735,2025-10-31,694.32,SYNTHETIC_RECLASS
TU00002824,LN00021742,2026-05-31,264.19,SYNTHETIC_RECLASS
TU00002825,LN00021776,2025-03-31,-31.53,SYNTHETIC_RECLASS
TU00002826,LN00021782,2025-09-30,109.21,SYNTHETIC_RECLASS
TU00002827,LN00021789,2026-04-30,1180.22,SYNTHETIC_RECLASS
TU00002828,LN00021790,2026-05-31,-464.12,SYNTHETIC_RECLASS
TU00002829,LN00021793,2024-08-31,-28.95,SYNTHETIC_RECLASS
TU00002830,LN00021799,2025-02-28,-20.15,SYNTHETIC_RECLASS
TU00002831,LN00021819,2024-10-31,414.13,SYNTHETIC_RECLASS
TU00002832,LN00021823,2025-02-28,352.51,SYNTHETIC_RECLASS
TU00002833,LN00021824,2025-03-31,-163.74,SYNTHETIC_RECLASS
TU00002834,LN00021835,2026-02-28,-136.21,SYNTHETIC_RECLASS
TU00002835,LN00021845,2024-12-31,280.17,SYNTHETIC_RECLASS
TU00002836,LN00021849,2025-04-30,1161.89,SYNTHETIC_RECLASS
TU00002837,LN00021856,2025-11-30,1191.43,SYNTHETIC_RECLASS
TU00002838,LN00021858,2026-01-31,-388.52,SYNTHETIC_RECLASS
TU00002839,LN00021860,2026-03-31,-246.03,SYNTHETIC_RECLASS
TU00002840,LN00021871,2025-02-28,10.71,SYNTHETIC_RECLASS
TU00002841,LN00021895,2025-02-28,307.12,SYNTHETIC_RECLASS
TU00002842,LN00021903,2025-10-31,791.09,SYNTHETIC_RECLASS
TU00002843,LN00021904,2025-11-30,-55.01,SYNTHETIC_RECLASS
TU00002844,LN00021914,2024-09-30,-664.40,SYNTHETIC_RECLASS
TU00002845,LN00021916,2024-11-30,-194.22,SYNTHETIC_RECLASS
TU00002846,LN00021944,2025-03-31,672.51,SYNTHETIC_RECLASS
TU00002847,LN00021950,2025-09-30,1181.79,SYNTHETIC_RECLASS
TU00002848,LN00021951,2025-10-31,-746.61,SYNTHETIC_RECLASS
TU00002849,LN00021970,2025-05-31,-587.86,SYNTHETIC_RECLASS
TU00002850,LN00021971,2025-06-30,-625.97,SYNTHETIC_RECLASS
TU00002851,LN00021972,2025-07-31,-489.32,SYNTHETIC_RECLASS
TU00002852,LN00021974,2025-09-30,-170.57,SYNTHETIC_RECLASS
TU00002853,LN00021986,2024-09-30,-331.65,SYNTHETIC_RECLASS
TU00002854,LN00021988,2024-11-30,612.85,SYNTHETIC_RECLASS
TU00002855,LN00021989,2024-12-31,-671.92,SYNTHETIC_RECLASS
TU00002856,LN00021995,2025-06-30,-360.13,SYNTHETIC_RECLASS
TU00002857,LN00022008,2026-07-31,-255.00,SYNTHETIC_RECLASS
TU00002858,LN00022009,2024-08-31,838.13,SYNTHETIC_RECLASS
TU00002859,LN00022015,2025-02-28,-603.60,SYNTHETIC_RECLASS
TU00002860,LN00022019,2025-06-30,1209.58,SYNTHETIC_RECLASS
TU00002861,LN00022028,2026-03-31,-710.72,SYNTHETIC_RECLASS
TU00002862,LN00022050,2026-01-31,725.73,SYNTHETIC_RECLASS
TU00002863,LN00022054,2026-05-31,-2.06,SYNTHETIC_RECLASS
TU00002864,LN00022077,2026-04-30,776.03,SYNTHETIC_RECLASS
TU00002865,LN00022087,2025-02-28,1066.00,SYNTHETIC_RECLASS
TU00002866,LN00022092,2025-07-31,1091.56,SYNTHETIC_RECLASS
TU00002867,LN00022101,2026-04-30,-491.81,SYNTHETIC_RECLASS
TU00002868,LN00022104,2026-07-31,-488.98,SYNTHETIC_RECLASS
TU00002869,LN00022113,2025-04-30,-564.23,SYNTHETIC_RECLASS
TU00002870,LN00022116,2025-07-31,-13.44,SYNTHETIC_RECLASS
TU00002871,LN00022117,2025-08-31,-316.04,SYNTHETIC_RECLASS
TU00002872,LN00022125,2026-04-30,1098.80,SYNTHETIC_RECLASS
TU00002873,LN00022139,2025-06-30,-492.66,SYNTHETIC_RECLASS
TU00002874,LN00022140,2025-07-31,-217.54,SYNTHETIC_RECLASS
TU00002875,LN00022146,2026-01-31,341.46,SYNTHETIC_RECLASS
TU00002876,LN00022155,2024-10-31,16.01,SYNTHETIC_RECLASS
TU00002877,LN00022157,2024-12-31,-655.04,SYNTHETIC_RECLASS
TU00002878,LN00022163,2025-06-30,152.31,SYNTHETIC_RECLASS
TU00002879,LN00022175,2026-06-30,808.21,SYNTHETIC_RECLASS
TU00002880,LN00022188,2025-07-31,941.63,SYNTHETIC_RECLASS
TU00002881,LN00022210,2025-05-31,-114.75,SYNTHETIC_RECLASS
TU00002882,LN00022211,2025-06-30,212.53,SYNTHETIC_RECLASS
TU00002883,LN00022217,2025-12-31,-675.61,SYNTHETIC_RECLASS
TU00002884,LN00022230,2025-01-31,-421.31,SYNTHETIC_RECLASS
TU00002885,LN00022239,2025-10-31,1129.21,SYNTHETIC_RECLASS
TU00002886,LN00022254,2025-01-31,-402.01,SYNTHETIC_RECLASS
TU00002887,LN00022256,2025-03-31,-221.36,SYNTHETIC_RECLASS
TU00002888,LN00022305,2025-04-30,383.60,SYNTHETIC_RECLASS
TU00002889,LN00022309,2025-08-31,977.41,SYNTHETIC_RECLASS
TU00002890,LN00022316,2026-03-31,-466.41,SYNTHETIC_RECLASS
TU00002891,LN00022326,2025-01-31,588.88,SYNTHETIC_RECLASS
TU00002892,LN00022328,2025-03-31,-40.76,SYNTHETIC_RECLASS
TU00002893,LN00022340,2026-03-31,780.59,SYNTHETIC_RECLASS
TU00002894,LN00022344,2026-07-31,-625.61,SYNTHETIC_RECLASS
TU00002895,LN00022357,2025-08-31,1196.61,SYNTHETIC_RECLASS
TU00002896,LN00022385,2025-12-31,-309.26,SYNTHETIC_RECLASS
TU00002897,LN00022406,2025-09-30,-306.25,SYNTHETIC_RECLASS
TU00002898,LN00022410,2026-01-31,422.66,SYNTHETIC_RECLASS
TU00002899,LN00022419,2024-10-31,286.33,SYNTHETIC_RECLASS
TU00002900,LN00022420,2024-11-30,131.16,SYNTHETIC_RECLASS
TU00002901,LN00022421,2024-12-31,1010.69,SYNTHETIC_RECLASS
TU00002902,LN00022432,2025-11-30,-286.61,SYNTHETIC_RECLASS
TU00002903,LN00022434,2026-01-31,-383.30,SYNTHETIC_RECLASS
TU00002904,LN00022441,2024-08-31,409.64,SYNTHETIC_RECLASS
TU00002905,LN00022442,2024-09-30,-694.96,SYNTHETIC_RECLASS
TU00002906,LN00022447,2025-02-28,183.47,SYNTHETIC_RECLASS
TU00002907,LN00022449,2025-04-30,-256.29,SYNTHETIC_RECLASS
TU00002908,LN00022465,2024-08-31,463.52,SYNTHETIC_RECLASS
TU00002909,LN00022476,2025-07-31,-435.99,SYNTHETIC_RECLASS
TU00002910,LN00022477,2025-08-31,1022.01,SYNTHETIC_RECLASS
TU00002911,LN00022481,2025-12-31,44.32,SYNTHETIC_RECLASS
TU00002912,LN00022489,2024-08-31,467.31,SYNTHETIC_RECLASS
TU00002913,LN00022490,2024-09-30,-639.77,SYNTHETIC_RECLASS
TU00002914,LN00022492,2024-11-30,-547.07,SYNTHETIC_RECLASS
TU00002915,LN00022509,2026-04-30,575.82,SYNTHETIC_RECLASS
TU00002916,LN00022515,2024-10-31,1092.98,SYNTHETIC_RECLASS
TU00002917,LN00022525,2025-08-31,820.12,SYNTHETIC_RECLASS
TU00002918,LN00022528,2025-11-30,139.76,SYNTHETIC_RECLASS
TU00002919,LN00022530,2026-01-31,-74.55,SYNTHETIC_RECLASS
TU00002920,LN00022532,2026-03-31,-657.25,SYNTHETIC_RECLASS
TU00002921,LN00022535,2026-06-30,-567.97,SYNTHETIC_RECLASS
TU00002922,LN00022536,2026-07-31,936.32,SYNTHETIC_RECLASS
TU00002923,LN00022544,2025-03-31,135.60,SYNTHETIC_RECLASS
TU00002924,LN00022560,2026-07-31,-271.66,SYNTHETIC_RECLASS
TU00002925,LN00022568,2025-03-31,-414.38,SYNTHETIC_RECLASS
TU00002926,LN00022570,2025-05-31,834.04,SYNTHETIC_RECLASS
TU00002927,LN00022576,2025-11-30,525.78,SYNTHETIC_RECLASS
TU00002928,LN00022579,2026-02-28,352.74,SYNTHETIC_RECLASS
TU00002929,LN00022582,2026-05-31,1028.75,SYNTHETIC_RECLASS
TU00002930,LN00022586,2024-09-30,50.61,SYNTHETIC_RECLASS
TU00002931,LN00022588,2024-11-30,-421.57,SYNTHETIC_RECLASS
TU00002932,LN00022590,2025-01-31,-588.64,SYNTHETIC_RECLASS
TU00002933,LN00022593,2025-04-30,-312.06,SYNTHETIC_RECLASS
TU00002934,LN00022634,2024-09-30,-409.41,SYNTHETIC_RECLASS
TU00002935,LN00022641,2025-04-30,928.94,SYNTHETIC_RECLASS
TU00002936,LN00022651,2026-02-28,652.00,SYNTHETIC_RECLASS
TU00002937,LN00022654,2026-05-31,-0.68,SYNTHETIC_RECLASS
TU00002938,LN00022665,2025-04-30,928.73,SYNTHETIC_RECLASS
TU00002939,LN00022673,2025-12-31,1242.79,SYNTHETIC_RECLASS
TU00002940,LN00022674,2026-01-31,358.34,SYNTHETIC_RECLASS
TU00002941,LN00022675,2026-02-28,1077.50,SYNTHETIC_RECLASS
TU00002942,LN00022677,2026-04-30,990.07,SYNTHETIC_RECLASS
TU00002943,LN00022682,2024-09-30,-274.33,SYNTHETIC_RECLASS
TU00002944,LN00022687,2025-02-28,849.90,SYNTHETIC_RECLASS
TU00002945,LN00022698,2026-01-31,872.16,SYNTHETIC_RECLASS
TU00002946,LN00022725,2026-04-30,128.96,SYNTHETIC_RECLASS
TU00002947,LN00022726,2026-05-31,871.55,SYNTHETIC_RECLASS
TU00002948,LN00022729,2024-08-31,564.18,SYNTHETIC_RECLASS
TU00002949,LN00022733,2024-12-31,-610.39,SYNTHETIC_RECLASS
TU00002950,LN00022734,2025-01-31,672.76,SYNTHETIC_RECLASS
TU00002951,LN00022742,2025-09-30,-666.93,SYNTHETIC_RECLASS
TU00002952,LN00022743,2025-10-31,31.52,SYNTHETIC_RECLASS
TU00002953,LN00022749,2026-04-30,-486.55,SYNTHETIC_RECLASS
TU00002954,LN00022752,2026-07-31,-468.10,SYNTHETIC_RECLASS
TU00002955,LN00022754,2024-09-30,880.36,SYNTHETIC_RECLASS
TU00002956,LN00022755,2024-10-31,641.92,SYNTHETIC_RECLASS
TU00002957,LN00022757,2024-12-31,529.04,SYNTHETIC_RECLASS
TU00002958,LN00022760,2025-03-31,583.57,SYNTHETIC_RECLASS
TU00002959,LN00022784,2025-03-31,475.35,SYNTHETIC_RECLASS
TU00002960,LN00022789,2025-08-31,-578.80,SYNTHETIC_RECLASS
TU00002961,LN00022790,2025-09-30,-549.43,SYNTHETIC_RECLASS
TU00002962,LN00022798,2026-05-31,91.81,SYNTHETIC_RECLASS
TU00002963,LN00022799,2026-06-30,618.28,SYNTHETIC_RECLASS
TU00002964,LN00022802,2024-09-30,-573.56,SYNTHETIC_RECLASS
TU00002965,LN00022822,2026-05-31,-519.53,SYNTHETIC_RECLASS
TU00002966,LN00022841,2025-12-31,860.23,SYNTHETIC_RECLASS
TU00002967,LN00022846,2026-05-31,-50.82,SYNTHETIC_RECLASS
TU00002968,LN00022847,2026-06-30,873.67,SYNTHETIC_RECLASS
TU00002969,LN00022856,2025-03-31,-252.74,SYNTHETIC_RECLASS
TU00002970,LN00022861,2025-08-31,-505.25,SYNTHETIC_RECLASS
TU00002971,LN00022863,2025-10-31,-9.63,SYNTHETIC_RECLASS
TU00002972,LN00022868,2026-03-31,213.30,SYNTHETIC_RECLASS
TU00002973,LN00022875,2024-10-31,854.16,SYNTHETIC_RECLASS
TU00002974,LN00022881,2025-04-30,-334.19,SYNTHETIC_RECLASS
TU00002975,LN00022884,2025-07-31,868.56,SYNTHETIC_RECLASS
TU00002976,LN00022888,2025-11-30,440.12,SYNTHETIC_RECLASS
TU00002977,LN00022918,2026-05-31,-604.99,SYNTHETIC_RECLASS
TU00002978,LN00022919,2026-06-30,1243.88,SYNTHETIC_RECLASS
TU00002979,LN00022920,2026-07-31,718.43,SYNTHETIC_RECLASS
TU00002980,LN00022952,2025-03-31,800.98,SYNTHETIC_RECLASS
TU00002981,LN00022954,2025-05-31,-243.15,SYNTHETIC_RECLASS
TU00002982,LN00022970,2024-09-30,337.06,SYNTHETIC_RECLASS
TU00002983,LN00022990,2026-05-31,920.83,SYNTHETIC_RECLASS
TU00002984,LN00022994,2024-09-30,-24.76,SYNTHETIC_RECLASS
TU00002985,LN00022998,2025-01-31,382.97,SYNTHETIC_RECLASS
TU00002986,LN00022999,2025-02-28,135.18,SYNTHETIC_RECLASS
TU00002987,LN00023002,2025-05-31,-115.08,SYNTHETIC_RECLASS
TU00002988,LN00023015,2026-06-30,18.40,SYNTHETIC_RECLASS
TU00002989,LN00023030,2025-09-30,319.60,SYNTHETIC_RECLASS
TU00002990,LN00023048,2025-03-31,888.26,SYNTHETIC_RECLASS
TU00002991,LN00023061,2026-04-30,1015.20,SYNTHETIC_RECLASS
TU00002992,LN00023065,2024-08-31,-329.97,SYNTHETIC_RECLASS
TU00002993,LN00023077,2025-08-31,492.29,SYNTHETIC_RECLASS
TU00002994,LN00023079,2025-10-31,101.20,SYNTHETIC_RECLASS
TU00002995,LN00023084,2026-03-31,-14.33,SYNTHETIC_RECLASS
TU00002996,LN00023085,2026-04-30,-486.63,SYNTHETIC_RECLASS
TU00002997,LN00023095,2025-02-28,-546.29,SYNTHETIC_RECLASS
TU00002998,LN00023112,2026-07-31,-704.88,SYNTHETIC_RECLASS
TU00002999,LN00023113,2024-08-31,-155.23,SYNTHETIC_RECLASS
TU00003000,LN00023114,2024-09-30,-435.45,SYNTHETIC_RECLASS
TU00003001,LN00023115,2024-10-31,1246.85,SYNTHETIC_RECLASS
TU00003002,LN00023122,2025-05-31,16.75,SYNTHETIC_RECLASS
TU00003003,LN00023128,2025-11-30,195.73,SYNTHETIC_RECLASS
TU00003004,LN00023135,2026-06-30,-54.12,SYNTHETIC_RECLASS
TU00003005,LN00023152,2025-11-30,-94.69,SYNTHETIC_RECLASS
TU00003006,LN00023164,2024-11-30,418.26,SYNTHETIC_RECLASS
TU00003007,LN00023166,2025-01-31,472.14,SYNTHETIC_RECLASS
TU00003008,LN00023187,2024-10-31,910.63,SYNTHETIC_RECLASS
TU00003009,LN00023196,2025-07-31,881.33,SYNTHETIC_RECLASS
TU00003010,LN00023232,2026-07-31,112.88,SYNTHETIC_RECLASS
TU00003011,LN00023244,2025-07-31,-561.11,SYNTHETIC_RECLASS
TU00003012,LN00023255,2026-06-30,864.33,SYNTHETIC_RECLASS
TU00003013,LN00023258,2024-09-30,20.07,SYNTHETIC_RECLASS
TU00003014,LN00023264,2025-03-31,673.59,SYNTHETIC_RECLASS
TU00003015,LN00023279,2026-06-30,233.11,SYNTHETIC_RECLASS
TU00003016,LN00023283,2024-10-31,-334.46,SYNTHETIC_RECLASS
TU00003017,LN00023296,2025-11-30,-200.91,SYNTHETIC_RECLASS
TU00003018,LN00023301,2026-04-30,709.50,SYNTHETIC_RECLASS
TU00003019,LN00023305,2024-08-31,809.30,SYNTHETIC_RECLASS
TU00003020,LN00023309,2024-12-31,-238.27,SYNTHETIC_RECLASS
TU00003021,LN00023329,2024-08-31,-647.92,SYNTHETIC_RECLASS
TU00003022,LN00023341,2025-08-31,1249.11,SYNTHETIC_RECLASS
TU00003023,LN00023350,2026-05-31,-442.21,SYNTHETIC_RECLASS
TU00003024,LN00023364,2025-07-31,776.15,SYNTHETIC_RECLASS
TU00003025,LN00023374,2026-05-31,-11.58,SYNTHETIC_RECLASS
TU00003026,LN00023378,2024-09-30,737.65,SYNTHETIC_RECLASS
TU00003027,LN00023383,2025-02-28,255.57,SYNTHETIC_RECLASS
TU00003028,LN00023394,2026-01-31,449.64,SYNTHETIC_RECLASS
TU00003029,LN00023395,2026-02-28,939.35,SYNTHETIC_RECLASS
TU00003030,LN00023406,2025-01-31,-315.45,SYNTHETIC_RECLASS
TU00003031,LN00023414,2025-09-30,341.34,SYNTHETIC_RECLASS
TU00003032,LN00023415,2025-10-31,-339.52,SYNTHETIC_RECLASS
TU00003033,LN00023429,2024-12-31,436.61,SYNTHETIC_RECLASS
TU00003034,LN00023431,2025-02-28,-449.60,SYNTHETIC_RECLASS
TU00003035,LN00023434,2025-05-31,13.91,SYNTHETIC_RECLASS
TU00003036,LN00023437,2025-08-31,-100.17,SYNTHETIC_RECLASS
TU00003037,LN00023441,2025-12-31,-694.87,SYNTHETIC_RECLASS
TU00003038,LN00023443,2026-02-28,648.00,SYNTHETIC_RECLASS
TU00003039,LN00023449,2024-08-31,130.60,SYNTHETIC_RECLASS
TU00003040,LN00023459,2025-06-30,783.50,SYNTHETIC_RECLASS
TU00003041,LN00023461,2025-08-31,858.23,SYNTHETIC_RECLASS
TU00003042,LN00023469,2026-04-30,805.87,SYNTHETIC_RECLASS
TU00003043,LN00023473,2024-08-31,259.58,SYNTHETIC_RECLASS
TU00003044,LN00023474,2024-09-30,867.15,SYNTHETIC_RECLASS
TU00003045,LN00023487,2025-10-31,418.91,SYNTHETIC_RECLASS
TU00003046,LN00023491,2026-02-28,-695.24,SYNTHETIC_RECLASS
TU00003047,LN00023501,2024-12-31,-285.01,SYNTHETIC_RECLASS
TU00003048,LN00023502,2025-01-31,-119.01,SYNTHETIC_RECLASS
TU00003049,LN00023504,2025-03-31,743.35,SYNTHETIC_RECLASS
TU00003050,LN00023510,2025-09-30,769.60,SYNTHETIC_RECLASS
TU00003051,LN00023511,2025-10-31,529.70,SYNTHETIC_RECLASS
TU00003052,LN00023518,2026-05-31,-548.82,SYNTHETIC_RECLASS
TU00003053,LN00023532,2025-07-31,498.21,SYNTHETIC_RECLASS
TU00003054,LN00023544,2026-07-31,-369.91,SYNTHETIC_RECLASS
TU00003055,LN00023546,2024-09-30,-470.85,SYNTHETIC_RECLASS
TU00003056,LN00023556,2025-07-31,-459.78,SYNTHETIC_RECLASS
TU00003057,LN00023560,2025-11-30,711.88,SYNTHETIC_RECLASS
TU00003058,LN00023561,2025-12-31,43.68,SYNTHETIC_RECLASS
TU00003059,LN00023581,2025-08-31,-535.11,SYNTHETIC_RECLASS
TU00003060,LN00023592,2026-07-31,-182.46,SYNTHETIC_RECLASS
TU00003061,LN00023596,2024-11-30,857.97,SYNTHETIC_RECLASS
TU00003062,LN00023601,2025-04-30,939.98,SYNTHETIC_RECLASS
TU00003063,LN00023602,2025-05-31,-360.21,SYNTHETIC_RECLASS
TU00003064,LN00023609,2025-12-31,1035.33,SYNTHETIC_RECLASS
TU00003065,LN00023623,2025-02-28,849.62,SYNTHETIC_RECLASS
TU00003066,LN00023626,2025-05-31,704.40,SYNTHETIC_RECLASS
TU00003067,LN00023657,2025-12-31,-492.19,SYNTHETIC_RECLASS
TU00003068,LN00023659,2026-02-28,258.69,SYNTHETIC_RECLASS
TU00003069,LN00023663,2026-06-30,939.48,SYNTHETIC_RECLASS
TU00003070,LN00023688,2026-07-31,1161.33,SYNTHETIC_RECLASS
TU00003071,LN00023691,2024-10-31,162.56,SYNTHETIC_RECLASS
TU00003072,LN00023701,2025-08-31,819.34,SYNTHETIC_RECLASS
TU00003073,LN00023704,2025-11-30,757.56,SYNTHETIC_RECLASS
TU00003074,LN00023707,2026-02-28,1082.59,SYNTHETIC_RECLASS
TU00003075,LN00023717,2024-12-31,-49.01,SYNTHETIC_RECLASS
TU00003076,LN00023726,2025-09-30,501.45,SYNTHETIC_RECLASS
TU00003077,LN00023738,2024-09-30,-733.21,SYNTHETIC_RECLASS
TU00003078,LN00023740,2024-11-30,1176.73,SYNTHETIC_RECLASS
TU00003079,LN00023757,2026-04-30,934.33,SYNTHETIC_RECLASS
TU00003080,LN00023761,2024-08-31,431.29,SYNTHETIC_RECLASS
TU00003081,LN00023762,2024-09-30,160.69,SYNTHETIC_RECLASS
TU00003082,LN00023763,2024-10-31,1049.82,SYNTHETIC_RECLASS
TU00003083,LN00023766,2025-01-31,-210.93,SYNTHETIC_RECLASS
TU00003084,LN00023784,2026-07-31,-142.24,SYNTHETIC_RECLASS
TU00003085,LN00023790,2025-01-31,788.57,SYNTHETIC_RECLASS
TU00003086,LN00023806,2026-05-31,421.59,SYNTHETIC_RECLASS
TU00003087,LN00023810,2024-09-30,716.74,SYNTHETIC_RECLASS
TU00003088,LN00023814,2025-01-31,-196.91,SYNTHETIC_RECLASS
TU00003089,LN00023822,2025-09-30,297.96,SYNTHETIC_RECLASS
TU00003090,LN00023823,2025-10-31,937.61,SYNTHETIC_RECLASS
TU00003091,LN00023825,2025-12-31,-233.34,SYNTHETIC_RECLASS
TU00003092,LN00023827,2026-02-28,-368.94,SYNTHETIC_RECLASS
TU00003093,LN00023845,2025-08-31,-55.75,SYNTHETIC_RECLASS
TU00003094,LN00023865,2025-04-30,403.74,SYNTHETIC_RECLASS
TU00003095,LN00023868,2025-07-31,355.12,SYNTHETIC_RECLASS
TU00003096,LN00023871,2025-10-31,1175.12,SYNTHETIC_RECLASS
TU00003097,LN00023887,2025-02-28,445.07,SYNTHETIC_RECLASS
TU00003098,LN00023890,2025-05-31,-508.03,SYNTHETIC_RECLASS
TU00003099,LN00023892,2025-07-31,1192.11,SYNTHETIC_RECLASS
TU00003100,LN00023899,2026-02-28,-179.18,SYNTHETIC_RECLASS
TU00003101,LN00023925,2026-04-30,1034.14,SYNTHETIC_RECLASS
TU00003102,LN00023929,2024-08-31,1081.50,SYNTHETIC_RECLASS
TU00003103,LN00023930,2024-09-30,-561.79,SYNTHETIC_RECLASS
TU00003104,LN00023948,2026-03-31,580.56,SYNTHETIC_RECLASS
TU00003105,LN00023952,2026-07-31,873.56,SYNTHETIC_RECLASS
TU00003106,LN00023958,2025-01-31,957.15,SYNTHETIC_RECLASS
TU00003107,LN00023968,2025-11-30,986.62,SYNTHETIC_RECLASS
TU00003108,LN00023969,2025-12-31,-715.95,SYNTHETIC_RECLASS
TU00003109,LN00023972,2026-03-31,832.57,SYNTHETIC_RECLASS
TU00003110,LN00023979,2024-10-31,-158.51,SYNTHETIC_RECLASS
TU00003111,LN00023982,2025-01-31,134.52,SYNTHETIC_RECLASS
TU00003112,LN00023992,2025-11-30,-95.38,SYNTHETIC_RECLASS
TU00003113,LN00023994,2026-01-31,935.10,SYNTHETIC_RECLASS
TU00003114,LN00023995,2026-02-28,176.27,SYNTHETIC_RECLASS
TU00003115,LN00024000,2026-07-31,995.19,SYNTHETIC_RECLASS
TU00003116,LN00024003,2024-10-31,453.84,SYNTHETIC_RECLASS
TU00003117,LN00024004,2024-11-30,739.69,SYNTHETIC_RECLASS
TU00003118,LN00024005,2024-12-31,593.45,SYNTHETIC_RECLASS
TU00003119,LN00024027,2024-10-31,64.70,SYNTHETIC_RECLASS
TU00003120,LN00024055,2025-02-28,1030.68,SYNTHETIC_RECLASS
TU00003121,LN00024062,2025-09-30,-472.05,SYNTHETIC_RECLASS
TU00003122,LN00024077,2024-12-31,1204.46,SYNTHETIC_RECLASS
TU00003123,LN00024085,2025-08-31,1069.17,SYNTHETIC_RECLASS
TU00003124,LN00024087,2025-10-31,1085.39,SYNTHETIC_RECLASS
TU00003125,LN00024091,2026-02-28,1134.46,SYNTHETIC_RECLASS
TU00003126,LN00024095,2026-06-30,125.18,SYNTHETIC_RECLASS
TU00003127,LN00024102,2025-01-31,-5.46,SYNTHETIC_RECLASS
TU00003128,LN00024113,2025-12-31,-698.91,SYNTHETIC_RECLASS
TU00003129,LN00024129,2025-04-30,-700.52,SYNTHETIC_RECLASS
TU00003130,LN00024143,2026-06-30,1052.08,SYNTHETIC_RECLASS
TU00003131,LN00024173,2024-12-31,320.93,SYNTHETIC_RECLASS
TU00003132,LN00024174,2025-01-31,-273.46,SYNTHETIC_RECLASS
TU00003133,LN00024186,2026-01-31,1198.89,SYNTHETIC_RECLASS
TU00003134,LN00024195,2024-10-31,-594.12,SYNTHETIC_RECLASS
TU00003135,LN00024200,2025-03-31,830.61,SYNTHETIC_RECLASS
TU00003136,LN00024204,2025-07-31,-444.54,SYNTHETIC_RECLASS
TU00003137,LN00024208,2025-11-30,454.18,SYNTHETIC_RECLASS
TU00003138,LN00024210,2026-01-31,-305.77,SYNTHETIC_RECLASS
TU00003139,LN00024213,2026-04-30,1103.86,SYNTHETIC_RECLASS
TU00003140,LN00024215,2026-06-30,920.46,SYNTHETIC_RECLASS
TU00003141,LN00024218,2024-09-30,570.90,SYNTHETIC_RECLASS
TU00003142,LN00024234,2026-01-31,-646.33,SYNTHETIC_RECLASS
TU00003143,LN00024238,2026-05-31,1050.59,SYNTHETIC_RECLASS
TU00003144,LN00024239,2026-06-30,-569.03,SYNTHETIC_RECLASS
TU00003145,LN00024244,2024-11-30,829.27,SYNTHETIC_RECLASS
TU00003146,LN00024245,2024-12-31,39.66,SYNTHETIC_RECLASS
TU00003147,LN00024270,2025-01-31,1065.55,SYNTHETIC_RECLASS
TU00003148,LN00024271,2025-02-28,961.53,SYNTHETIC_RECLASS
TU00003149,LN00024275,2025-06-30,224.45,SYNTHETIC_RECLASS
TU00003150,LN00024285,2026-04-30,-71.54,SYNTHETIC_RECLASS
TU00003151,LN00024286,2026-05-31,-504.92,SYNTHETIC_RECLASS
TU00003152,LN00024287,2026-06-30,374.83,SYNTHETIC_RECLASS
TU00003153,LN00024298,2025-05-31,1210.12,SYNTHETIC_RECLASS
TU00003154,LN00024310,2026-05-31,644.05,SYNTHETIC_RECLASS
TU00003155,LN00024344,2025-03-31,27.64,SYNTHETIC_RECLASS
TU00003156,LN00024345,2025-04-30,233.19,SYNTHETIC_RECLASS
TU00003157,LN00024348,2025-07-31,1045.56,SYNTHETIC_RECLASS
TU00003158,LN00024360,2026-07-31,507.69,SYNTHETIC_RECLASS
TU00003159,LN00024365,2024-12-31,1119.94,SYNTHETIC_RECLASS
TU00003160,LN00024368,2025-03-31,692.98,SYNTHETIC_RECLASS
TU00003161,LN00024375,2025-10-31,1044.95,SYNTHETIC_RECLASS
TU00003162,LN00024378,2026-01-31,477.85,SYNTHETIC_RECLASS
TU00003163,LN00024383,2026-06-30,1175.92,SYNTHETIC_RECLASS
TU00003164,LN00024393,2025-04-30,702.23,SYNTHETIC_RECLASS
TU00003165,LN00024403,2026-02-28,76.65,SYNTHETIC_RECLASS
TU00003166,LN00024426,2026-01-31,-59.69,SYNTHETIC_RECLASS
TU00003167,LN00024427,2026-02-28,-349.67,SYNTHETIC_RECLASS
TU00003168,LN00024435,2024-10-31,-183.95,SYNTHETIC_RECLASS
TU00003169,LN00024441,2025-04-30,285.81,SYNTHETIC_RECLASS
TU00003170,LN00024447,2025-10-31,129.79,SYNTHETIC_RECLASS
TU00003171,LN00024452,2026-03-31,-653.42,SYNTHETIC_RECLASS
TU00003172,LN00024458,2024-09-30,925.32,SYNTHETIC_RECLASS
TU00003173,LN00024465,2025-04-30,-597.56,SYNTHETIC_RECLASS
TU00003174,LN00024468,2025-07-31,1118.32,SYNTHETIC_RECLASS
TU00003175,LN00024469,2025-08-31,-365.19,SYNTHETIC_RECLASS
TU00003176,LN00024476,2026-03-31,486.31,SYNTHETIC_RECLASS
TU00003177,LN00024477,2026-04-30,-371.31,SYNTHETIC_RECLASS
TU00003178,LN00024485,2024-12-31,-210.03,SYNTHETIC_RECLASS
TU00003179,LN00024486,2025-01-31,74.36,SYNTHETIC_RECLASS
TU00003180,LN00024491,2025-06-30,117.07,SYNTHETIC_RECLASS
TU00003181,LN00024495,2025-10-31,672.23,SYNTHETIC_RECLASS
TU00003182,LN00024502,2026-05-31,-578.71,SYNTHETIC_RECLASS
TU00003183,LN00024505,2024-08-31,949.72,SYNTHETIC_RECLASS
TU00003184,LN00024507,2024-10-31,-561.65,SYNTHETIC_RECLASS
TU00003185,LN00024512,2025-03-31,559.55,SYNTHETIC_RECLASS
TU00003186,LN00024513,2025-04-30,-567.99,SYNTHETIC_RECLASS
TU00003187,LN00024526,2026-05-31,-596.26,SYNTHETIC_RECLASS
TU00003188,LN00024533,2024-12-31,75.63,SYNTHETIC_RECLASS
TU00003189,LN00024536,2025-03-31,-185.48,SYNTHETIC_RECLASS
TU00003190,LN00024537,2025-04-30,-216.39,SYNTHETIC_RECLASS
TU00003191,LN00024543,2025-10-31,958.65,SYNTHETIC_RECLASS
TU00003192,LN00024560,2025-03-31,56.19,SYNTHETIC_RECLASS
TU00003193,LN00024561,2025-04-30,-609.55,SYNTHETIC_RECLASS
TU00003194,LN00024568,2025-11-30,1240.58,SYNTHETIC_RECLASS
TU00003195,LN00024569,2025-12-31,-518.32,SYNTHETIC_RECLASS
TU00003196,LN00024586,2025-05-31,-397.09,SYNTHETIC_RECLASS
TU00003197,LN00024593,2025-12-31,211.62,SYNTHETIC_RECLASS
TU00003198,LN00024601,2024-08-31,-391.63,SYNTHETIC_RECLASS
TU00003199,LN00024602,2024-09-30,-500.18,SYNTHETIC_RECLASS
TU00003200,LN00024603,2024-10-31,563.99,SYNTHETIC_RECLASS
TU00003201,LN00024604,2024-11-30,814.31,SYNTHETIC_RECLASS
TU00003202,LN00024607,2025-02-28,-387.89,SYNTHETIC_RECLASS
TU00003203,LN00024610,2025-05-31,529.61,SYNTHETIC_RECLASS
TU00003204,LN00024622,2026-05-31,423.90,SYNTHETIC_RECLASS
TU00003205,LN00024624,2026-07-31,-691.04,SYNTHETIC_RECLASS
TU00003206,LN00024626,2024-09-30,-636.07,SYNTHETIC_RECLASS
TU00003207,LN00024633,2025-04-30,38.20,SYNTHETIC_RECLASS
TU00003208,LN00024634,2025-05-31,-228.29,SYNTHETIC_RECLASS
TU00003209,LN00024647,2026-06-30,1072.86,SYNTHETIC_RECLASS
TU00003210,LN00024648,2026-07-31,626.64,SYNTHETIC_RECLASS
TU00003211,LN00024654,2025-01-31,1107.16,SYNTHETIC_RECLASS
TU00003212,LN00024674,2024-09-30,826.01,SYNTHETIC_RECLASS
TU00003213,LN00024685,2025-08-31,-122.07,SYNTHETIC_RECLASS
TU00003214,LN00024695,2026-06-30,-512.74,SYNTHETIC_RECLASS
TU00003215,LN00024696,2026-07-31,543.41,SYNTHETIC_RECLASS
TU00003216,LN00024697,2024-08-31,37.82,SYNTHETIC_RECLASS
TU00003217,LN00024703,2025-02-28,-325.47,SYNTHETIC_RECLASS
TU00003218,LN00024705,2025-04-30,-139.34,SYNTHETIC_RECLASS
TU00003219,LN00024712,2025-11-30,341.39,SYNTHETIC_RECLASS
TU00003220,LN00024719,2026-06-30,207.61,SYNTHETIC_RECLASS
TU00003221,LN00024720,2026-07-31,1045.42,SYNTHETIC_RECLASS
TU00003222,LN00024724,2024-11-30,1176.25,SYNTHETIC_RECLASS
TU00003223,LN00024730,2025-05-31,268.87,SYNTHETIC_RECLASS
TU00003224,LN00024734,2025-09-30,-127.55,SYNTHETIC_RECLASS
TU00003225,LN00024736,2025-11-30,-738.21,SYNTHETIC_RECLASS
TU00003226,LN00024748,2024-11-30,-192.29,SYNTHETIC_RECLASS
TU00003227,LN00024753,2025-04-30,840.85,SYNTHETIC_RECLASS
TU00003228,LN00024757,2025-08-31,745.64,SYNTHETIC_RECLASS
TU00003229,LN00024758,2025-09-30,-557.03,SYNTHETIC_RECLASS
TU00003230,LN00024764,2026-03-31,-484.32,SYNTHETIC_RECLASS
TU00003231,LN00024779,2025-06-30,1221.33,SYNTHETIC_RECLASS
TU00003232,LN00024804,2025-07-31,1153.90,SYNTHETIC_RECLASS
TU00003233,LN00024806,2025-09-30,73.90,SYNTHETIC_RECLASS
TU00003234,LN00024807,2025-10-31,297.20,SYNTHETIC_RECLASS
TU00003235,LN00024810,2026-01-31,907.60,SYNTHETIC_RECLASS
TU00003236,LN00024833,2025-12-31,943.10,SYNTHETIC_RECLASS
TU00003237,LN00024836,2026-03-31,-385.10,SYNTHETIC_RECLASS
TU00003238,LN00024872,2025-03-31,-447.23,SYNTHETIC_RECLASS
TU00003239,LN00024890,2024-09-30,-416.62,SYNTHETIC_RECLASS
TU00003240,LN00024893,2024-12-31,1245.52,SYNTHETIC_RECLASS
TU00003241,LN00024897,2025-04-30,-258.62,SYNTHETIC_RECLASS
TU00003242,LN00024921,2025-04-30,1081.43,SYNTHETIC_RECLASS
TU00003243,LN00024933,2026-04-30,-66.97,SYNTHETIC_RECLASS
TU00003244,LN00024935,2026-06-30,538.20,SYNTHETIC_RECLASS
TU00003245,LN00024939,2024-10-31,-284.86,SYNTHETIC_RECLASS
TU00003246,LN00024946,2025-05-31,-388.96,SYNTHETIC_RECLASS
TU00003247,LN00024951,2025-10-31,457.08,SYNTHETIC_RECLASS
TU00003248,LN00024957,2026-04-30,27.16,SYNTHETIC_RECLASS
TU00003249,LN00024958,2026-05-31,-655.38,SYNTHETIC_RECLASS
TU00003250,LN00024959,2026-06-30,1110.70,SYNTHETIC_RECLASS
TU00003251,LN00024968,2025-03-31,1007.13,SYNTHETIC_RECLASS
TU00003252,LN00024979,2026-02-28,951.14,SYNTHETIC_RECLASS
TU00003253,LN00024987,2024-10-31,-181.42,SYNTHETIC_RECLASS
TU00003254,LN00024990,2025-01-31,-579.20,SYNTHETIC_RECLASS
TU00003255,LN00024991,2025-02-28,1138.66,SYNTHETIC_RECLASS
