statement_id,loan_id,partner_id,partner_revenue_amount,statement_month,received_at
PS00000001,LN00000001,PT01,1238.16,2024-08-31,2024-09-05T10:00:00
PS00000002,LN00000004,PT02,1244.62,2024-11-30,2024-12-05T10:00:00
PS00000003,LN00000006,PT02,1526.98,2025-01-31,2025-02-05T10:00:00
PS00000004,LN00000012,PT03,860.10,2025-07-31,2025-08-05T10:00:00
PS00000005,LN00000016,PT05,2239.72,2025-11-30,2025-12-05T10:00:00
PS00000006,LN00000017,PT04,1500.42,2025-12-31,2026-01-05T10:00:00
PS00000007,LN00000018,PT02,1921.66,2026-01-31,2026-02-05T10:00:00
PS00000008,LN00000019,PT05,655.88,2026-02-28,2026-03-05T10:00:00
PS00000009,LN00000021,PT05,2720.42,2026-04-30,2026-05-05T10:00:00
PS00000010,LN00000024,PT02,1903.98,2026-07-31,2026-08-05T10:00:00
PS00000011,LN00000039,PT04,2439.84,2025-10-31,2025-11-05T10:00:00
PS00000012,LN00000042,PT03,1725.60,2026-01-31,2026-02-05T10:00:00
PS00000013,LN00000043,PT02,768.04,2026-02-28,2026-03-05T10:00:00
PS00000014,LN00000051,PT01,1061.94,2024-10-31,2024-11-05T10:00:00
PS00000015,LN00000052,PT04,1231.48,2024-11-30,2024-12-05T10:00:00
PS00000016,LN00000053,PT01,840.62,2024-12-31,2025-01-05T10:00:00
PS00000017,LN00000067,PT03,1152.30,2026-02-28,2026-03-05T10:00:00
PS00000018,LN00000071,PT01,721.60,2026-06-30,2026-07-05T10:00:00
PS00000019,LN00000075,PT02,640.38,2024-10-31,2024-11-05T10:00:00
PS00000020,LN00000077,PT04,2092.70,2024-12-31,2025-01-05T10:00:00
PS00000021,LN00000078,PT04,884.00,2025-01-31,2025-02-05T10:00:00
PS00000022,LN00000080,PT03,524.10,2025-03-31,2025-04-05T10:00:00
PS00000023,LN00000082,PT01,381.04,2025-05-31,2025-06-05T10:00:00
PS00000024,LN00000087,PT01,527.12,2025-10-31,2025-11-05T10:00:00
PS00000025,LN00000092,PT04,659.26,2026-03-31,2026-04-05T10:00:00
PS00000026,LN00000095,PT01,767.14,2026-06-30,2026-07-05T10:00:00
PS00000027,LN00000100,PT05,1268.06,2024-11-30,2024-12-05T10:00:00
PS00000028,LN00000103,PT03,1814.40,2025-02-28,2025-03-05T10:00:00
PS00000029,LN00000106,PT01,1710.94,2025-05-31,2025-06-05T10:00:00
PS00000030,LN00000109,PT04,903.38,2025-08-31,2025-09-05T10:00:00
PS00000031,LN00000116,PT04,1853.68,2026-03-31,2026-04-05T10:00:00
PS00000032,LN00000122,PT02,1462.50,2024-09-30,2024-10-05T10:00:00
PS00000033,LN00000123,PT05,2720.04,2024-10-31,2024-11-05T10:00:00
PS00000034,LN00000126,PT05,1878.72,2025-01-31,2025-02-05T10:00:00
PS00000035,LN00000133,PT05,2126.86,2025-08-31,2025-09-05T10:00:00
PS00000036,LN00000134,PT04,1454.18,2025-09-30,2025-10-05T10:00:00
PS00000037,LN00000135,PT04,1661.24,2025-10-31,2025-11-05T10:00:00
PS00000038,LN00000137,PT02,1372.54,2025-12-31,2026-01-05T10:00:00
PS00000039,LN00000141,PT04,984.98,2026-04-30,2026-05-05T10:00:00
PS00000040,LN00000144,PT04,2163.42,2026-07-31,2026-08-05T10:00:00
PS00000041,LN00000145,PT02,471.64,2024-08-31,2024-09-05T10:00:00
PS00000042,LN00000146,PT04,692.92,2024-09-30,2024-10-05T10:00:00
PS00000043,LN00000147,PT01,553.74,2024-10-31,2024-11-05T10:00:00
PS00000044,LN00000150,PT01,531.74,2025-01-31,2025-02-05T10:00:00
PS00000045,LN00000151,PT05,698.82,2025-02-28,2025-03-05T10:00:00
PS00000046,LN00000155,PT04,2679.20,2025-06-30,2025-07-05T10:00:00
PS00000047,LN00000156,PT03,2196.90,2025-07-31,2025-08-05T10:00:00
PS00000048,LN00000168,PT01,918.28,2026-07-31,2026-08-05T10:00:00
PS00000049,LN00000170,PT02,1719.90,2024-09-30,2024-10-05T10:00:00
PS00000050,LN00000171,PT04,2112.08,2024-10-31,2024-11-05T10:00:00
PS00000051,LN00000173,PT05,2433.52,2024-12-31,2025-01-05T10:00:00
PS00000052,LN00000175,PT01,1492.48,2025-02-28,2025-03-05T10:00:00
PS00000053,LN00000176,PT01,368.06,2025-03-31,2025-04-05T10:00:00
PS00000054,LN00000182,PT05,2891.04,2025-09-30,2025-10-05T10:00:00
PS00000055,LN00000184,PT02,1400.62,2025-11-30,2025-12-05T10:00:00
PS00000056,LN00000185,PT03,1857.30,2025-12-31,2026-01-05T10:00:00
PS00000057,LN00000186,PT01,460.24,2026-01-31,2026-02-05T10:00:00
PS00000058,LN00000188,PT04,646.34,2026-03-31,2026-04-05T10:00:00
PS00000059,LN00000189,PT05,2916.50,2026-04-30,2026-05-05T10:00:00
PS00000060,LN00000190,PT04,1343.68,2026-05-31,2026-06-05T10:00:00
PS00000061,LN00000194,PT04,1713.26,2024-09-30,2024-10-05T10:00:00
PS00000062,LN00000195,PT03,1698.00,2024-10-31,2024-11-05T10:00:00
PS00000063,LN00000196,PT02,1737.32,2024-11-30,2024-12-05T10:00:00
PS00000064,LN00000202,PT02,644.54,2025-05-31,2025-06-05T10:00:00
PS00000065,LN00000203,PT02,1691.56,2025-06-30,2025-07-05T10:00:00
PS00000066,LN00000204,PT01,420.20,2025-07-31,2025-08-05T10:00:00
PS00000067,LN00000205,PT05,568.48,2025-08-31,2025-09-05T10:00:00
PS00000068,LN00000207,PT01,752.18,2025-10-31,2025-11-05T10:00:00
PS00000069,LN00000214,PT01,985.38,2026-05-31,2026-06-05T10:00:00
PS00000070,LN00000216,PT03,1389.60,2026-07-31,2026-08-05T10:00:00
PS00000071,LN00000217,PT01,1280.84,2024-08-31,2024-09-05T10:00:00
PS00000072,LN00000222,PT04,760.24,2025-01-31,2025-02-05T10:00:00
PS00000073,LN00000223,PT03,940.50,2025-02-28,2025-03-05T10:00:00
PS00000074,LN00000228,PT01,1740.20,2025-07-31,2025-08-05T10:00:00
PS00000075,LN00000232,PT01,505.56,2025-11-30,2025-12-05T10:00:00
PS00000076,LN00000236,PT01,935.44,2026-03-31,2026-04-05T10:00:00
PS00000077,LN00000245,PT04,1581.34,2024-12-31,2025-01-05T10:00:00
PS00000078,LN00000248,PT03,537.60,2025-03-31,2025-04-05T10:00:00
PS00000079,LN00000249,PT01,532.18,2025-04-30,2025-05-05T10:00:00
PS00000080,LN00000250,PT01,504.24,2025-05-31,2025-06-05T10:00:00
PS00000081,LN00000251,PT01,1223.20,2025-06-30,2025-07-05T10:00:00
PS00000082,LN00000252,PT03,472.20,2025-07-31,2025-08-05T10:00:00
PS00000083,LN00000257,PT03,1926.00,2025-12-31,2026-01-05T10:00:00
PS00000084,LN00000258,PT01,1230.24,2026-01-31,2026-02-05T10:00:00
PS00000085,LN00000262,PT02,1905.02,2026-05-31,2026-06-05T10:00:00
PS00000086,LN00000263,PT03,609.60,2026-06-30,2026-07-05T10:00:00
PS00000087,LN00000266,PT01,1030.48,2024-09-30,2024-10-05T10:00:00
PS00000088,LN00000270,PT01,898.48,2025-01-31,2025-02-05T10:00:00
PS00000089,LN00000271,PT05,595.08,2025-02-28,2025-03-05T10:00:00
PS00000090,LN00000274,PT03,1184.40,2025-05-31,2025-06-05T10:00:00
PS00000091,LN00000275,PT04,2606.44,2025-06-30,2025-07-05T10:00:00
PS00000092,LN00000276,PT05,3032.02,2025-07-31,2025-08-05T10:00:00
PS00000093,LN00000277,PT03,642.60,2025-08-31,2025-09-05T10:00:00
PS00000094,LN00000281,PT02,1095.64,2025-12-31,2026-01-05T10:00:00
PS00000095,LN00000282,PT05,2697.24,2026-01-31,2026-02-05T10:00:00
PS00000096,LN00000283,PT03,1173.00,2026-02-28,2026-03-05T10:00:00
PS00000097,LN00000285,PT05,2769.44,2026-04-30,2026-05-05T10:00:00
PS00000098,LN00000286,PT04,965.94,2026-05-31,2026-06-05T10:00:00
PS00000099,LN00000288,PT01,416.68,2026-07-31,2026-08-05T10:00:00
PS00000100,LN00000292,PT01,994.84,2024-11-30,2024-12-05T10:00:00
PS00000101,LN00000293,PT02,412.10,2024-12-31,2025-01-05T10:00:00
PS00000102,LN00000294,PT04,2335.12,2025-01-31,2025-02-05T10:00:00
PS00000103,LN00000298,PT03,723.90,2025-05-31,2025-06-05T10:00:00
PS00000104,LN00000299,PT04,975.80,2025-06-30,2025-07-05T10:00:00
PS00000105,LN00000301,PT02,845.26,2025-08-31,2025-09-05T10:00:00
PS00000106,LN00000303,PT02,1941.68,2025-10-31,2025-11-05T10:00:00
PS00000107,LN00000305,PT04,1188.98,2025-12-31,2026-01-05T10:00:00
PS00000108,LN00000306,PT04,603.16,2026-01-31,2026-02-05T10:00:00
PS00000109,LN00000310,PT02,1082.90,2026-05-31,2026-06-05T10:00:00
PS00000110,LN00000313,PT05,2412.62,2024-08-31,2024-09-05T10:00:00
PS00000111,LN00000317,PT01,1689.82,2024-12-31,2025-01-05T10:00:00
PS00000112,LN00000324,PT02,1197.30,2025-07-31,2025-08-05T10:00:00
PS00000113,LN00000327,PT02,1409.72,2025-10-31,2025-11-05T10:00:00
PS00000114,LN00000332,PT05,460.56,2026-03-31,2026-04-05T10:00:00
PS00000115,LN00000333,PT02,568.62,2026-04-30,2026-05-05T10:00:00
PS00000116,LN00000336,PT03,2034.00,2026-07-31,2026-08-05T10:00:00
PS00000117,LN00000338,PT03,2163.90,2024-09-30,2024-10-05T10:00:00
PS00000118,LN00000343,PT02,1133.86,2025-02-28,2025-03-05T10:00:00
PS00000119,LN00000347,PT01,555.50,2025-06-30,2025-07-05T10:00:00
PS00000120,LN00000352,PT04,1440.58,2025-11-30,2025-12-05T10:00:00
PS00000121,LN00000357,PT05,1273.38,2026-04-30,2026-05-05T10:00:00
PS00000122,LN00000360,PT04,2208.98,2026-07-31,2026-08-05T10:00:00
PS00000123,LN00000361,PT02,1158.56,2024-08-31,2024-09-05T10:00:00
PS00000124,LN00000366,PT01,279.18,2025-01-31,2025-02-05T10:00:00
PS00000125,LN00000367,PT01,1248.28,2025-02-28,2025-03-05T10:00:00
PS00000126,LN00000368,PT04,1171.64,2025-03-31,2025-04-05T10:00:00
PS00000127,LN00000369,PT04,2671.04,2025-04-30,2025-05-05T10:00:00
PS00000128,LN00000371,PT02,1738.88,2025-06-30,2025-07-05T10:00:00
PS00000129,LN00000373,PT05,587.10,2025-08-31,2025-09-05T10:00:00
PS00000130,LN00000376,PT03,979.80,2025-11-30,2025-12-05T10:00:00
PS00000131,LN00000379,PT02,1509.56,2026-02-28,2026-03-05T10:00:00
PS00000132,LN00000381,PT01,1616.12,2026-04-30,2026-05-05T10:00:00
PS00000133,LN00000382,PT01,821.70,2026-05-31,2026-06-05T10:00:00
PS00000134,LN00000386,PT02,1357.98,2024-09-30,2024-10-05T10:00:00
PS00000135,LN00000391,PT05,2897.50,2025-02-28,2025-03-05T10:00:00
PS00000136,LN00000394,PT05,948.10,2025-05-31,2025-06-05T10:00:00
PS00000137,LN00000395,PT04,1013.54,2025-06-30,2025-07-05T10:00:00
PS00000138,LN00000402,PT05,1900.76,2026-01-31,2026-02-05T10:00:00
PS00000139,LN00000404,PT02,1014.78,2026-03-31,2026-04-05T10:00:00
PS00000140,LN00000414,PT04,1829.88,2025-01-31,2025-02-05T10:00:00
PS00000141,LN00000415,PT04,1837.70,2025-02-28,2025-03-05T10:00:00
PS00000142,LN00000422,PT03,1112.70,2025-09-30,2025-10-05T10:00:00
PS00000143,LN00000423,PT05,631.18,2025-10-31,2025-11-05T10:00:00
PS00000144,LN00000429,PT05,1675.04,2026-04-30,2026-05-05T10:00:00
PS00000145,LN00000432,PT04,2293.30,2026-07-31,2026-08-05T10:00:00
PS00000146,LN00000433,PT05,1862.00,2024-08-31,2024-09-05T10:00:00
PS00000147,LN00000434,PT05,2747.40,2024-09-30,2024-10-05T10:00:00
PS00000148,LN00000440,PT02,1691.30,2025-03-31,2025-04-05T10:00:00
PS00000149,LN00000442,PT02,884.52,2025-05-31,2025-06-05T10:00:00
PS00000150,LN00000443,PT02,2058.68,2025-06-30,2025-07-05T10:00:00
PS00000151,LN00000445,PT03,1512.30,2025-08-31,2025-09-05T10:00:00
PS00000152,LN00000447,PT01,1476.86,2025-10-31,2025-11-05T10:00:00
PS00000153,LN00000448,PT01,524.70,2025-11-30,2025-12-05T10:00:00
PS00000154,LN00000450,PT01,1070.30,2026-01-31,2026-02-05T10:00:00
PS00000155,LN00000452,PT04,457.98,2026-03-31,2026-04-05T10:00:00
PS00000156,LN00000453,PT03,977.70,2026-04-30,2026-05-05T10:00:00
PS00000157,LN00000458,PT05,2270.12,2024-09-30,2024-10-05T10:00:00
PS00000158,LN00000460,PT03,1077.30,2024-11-30,2024-12-05T10:00:00
PS00000159,LN00000461,PT04,1963.84,2024-12-31,2025-01-05T10:00:00
PS00000160,LN00000465,PT04,1437.86,2025-04-30,2025-05-05T10:00:00
PS00000161,LN00000469,PT02,1206.66,2025-08-31,2025-09-05T10:00:00
PS00000162,LN00000470,PT01,787.60,2025-09-30,2025-10-05T10:00:00
PS00000163,LN00000472,PT03,1959.00,2025-11-30,2025-12-05T10:00:00
PS00000164,LN00000474,PT02,742.30,2026-01-31,2026-02-05T10:00:00
PS00000165,LN00000476,PT01,580.36,2026-03-31,2026-04-05T10:00:00
PS00000166,LN00000477,PT04,1683.00,2026-04-30,2026-05-05T10:00:00
PS00000167,LN00000479,PT03,956.40,2026-06-30,2026-07-05T10:00:00
PS00000168,LN00000482,PT05,2487.86,2024-09-30,2024-10-05T10:00:00
PS00000169,LN00000485,PT05,2599.58,2024-12-31,2025-01-05T10:00:00
PS00000170,LN00000491,PT01,791.12,2025-06-30,2025-07-05T10:00:00
PS00000171,LN00000493,PT02,1703.00,2025-08-31,2025-09-05T10:00:00
PS00000172,LN00000496,PT02,1969.76,2025-11-30,2025-12-05T10:00:00
PS00000173,LN00000497,PT01,1523.28,2025-12-31,2026-01-05T10:00:00
PS00000174,LN00000499,PT05,2810.10,2026-02-28,2026-03-05T10:00:00
PS00000175,LN00000505,PT01,426.80,2024-08-31,2024-09-05T10:00:00
PS00000176,LN00000507,PT01,1559.14,2024-10-31,2024-11-05T10:00:00
PS00000177,LN00000508,PT01,1327.04,2024-11-30,2024-12-05T10:00:00
PS00000178,LN00000513,PT03,912.60,2025-04-30,2025-05-05T10:00:00
PS00000179,LN00000517,PT05,863.36,2025-08-31,2025-09-05T10:00:00
PS00000180,LN00000519,PT05,2637.58,2025-10-31,2025-11-05T10:00:00
PS00000181,LN00000523,PT04,2088.96,2026-02-28,2026-03-05T10:00:00
PS00000182,LN00000524,PT05,797.62,2026-03-31,2026-04-05T10:00:00
PS00000183,LN00000531,PT05,1214.10,2024-10-31,2024-11-05T10:00:00
PS00000184,LN00000533,PT01,1150.38,2024-12-31,2025-01-05T10:00:00
PS00000185,LN00000534,PT02,1934.40,2025-01-31,2025-02-05T10:00:00
PS00000186,LN00000535,PT02,1408.94,2025-02-28,2025-03-05T10:00:00
PS00000187,LN00000536,PT04,443.02,2025-03-31,2025-04-05T10:00:00
PS00000188,LN00000538,PT01,1408.66,2025-05-31,2025-06-05T10:00:00
PS00000189,LN00000542,PT02,1565.72,2025-09-30,2025-10-05T10:00:00
PS00000190,LN00000543,PT04,2102.22,2025-10-31,2025-11-05T10:00:00
PS00000191,LN00000546,PT05,1232.72,2026-01-31,2026-02-05T10:00:00
PS00000192,LN00000547,PT03,631.80,2026-02-28,2026-03-05T10:00:00
PS00000193,LN00000551,PT03,485.10,2026-06-30,2026-07-05T10:00:00
PS00000194,LN00000553,PT04,720.12,2024-08-31,2024-09-05T10:00:00
PS00000195,LN00000560,PT02,864.76,2025-03-31,2025-04-05T10:00:00
PS00000196,LN00000562,PT03,1741.80,2025-05-31,2025-06-05T10:00:00
PS00000197,LN00000563,PT01,1030.92,2025-06-30,2025-07-05T10:00:00
PS00000198,LN00000566,PT03,545.40,2025-09-30,2025-10-05T10:00:00
PS00000199,LN00000568,PT04,1465.40,2025-11-30,2025-12-05T10:00:00
PS00000200,LN00000569,PT04,1644.92,2025-12-31,2026-01-05T10:00:00
PS00000201,LN00000573,PT05,926.06,2026-04-30,2026-05-05T10:00:00
PS00000202,LN00000575,PT03,2151.00,2026-06-30,2026-07-05T10:00:00
PS00000203,LN00000576,PT03,1299.90,2026-07-31,2026-08-05T10:00:00
PS00000204,LN00000578,PT05,1859.72,2024-09-30,2024-10-05T10:00:00
PS00000205,LN00000582,PT02,1823.38,2025-01-31,2025-02-05T10:00:00
PS00000206,LN00000583,PT02,1708.46,2025-02-28,2025-03-05T10:00:00
PS00000207,LN00000584,PT04,927.52,2025-03-31,2025-04-05T10:00:00
PS00000208,LN00000587,PT03,384.00,2025-06-30,2025-07-05T10:00:00
PS00000209,LN00000593,PT04,1824.10,2025-12-31,2026-01-05T10:00:00
PS00000210,LN00000604,PT01,537.24,2024-11-30,2024-12-05T10:00:00
PS00000211,LN00000608,PT01,843.48,2025-03-31,2025-04-05T10:00:00
PS00000212,LN00000609,PT02,1131.78,2025-04-30,2025-05-05T10:00:00
PS00000213,LN00000617,PT03,785.40,2025-12-31,2026-01-05T10:00:00
PS00000214,LN00000620,PT04,1887.34,2026-03-31,2026-04-05T10:00:00
PS00000215,LN00000621,PT02,551.20,2026-04-30,2026-05-05T10:00:00
PS00000216,LN00000624,PT05,1202.70,2026-07-31,2026-08-05T10:00:00
PS00000217,LN00000628,PT02,1349.40,2024-11-30,2024-12-05T10:00:00
PS00000218,LN00000630,PT01,932.58,2025-01-31,2025-02-05T10:00:00
PS00000219,LN00000632,PT02,412.36,2025-03-31,2025-04-05T10:00:00
PS00000220,LN00000633,PT03,1236.90,2025-04-30,2025-05-05T10:00:00
PS00000221,LN00000635,PT02,1522.30,2025-06-30,2025-07-05T10:00:00
PS00000222,LN00000637,PT03,781.50,2025-08-31,2025-09-05T10:00:00
PS00000223,LN00000643,PT02,1082.38,2026-02-28,2026-03-05T10:00:00
PS00000224,LN00000646,PT01,772.86,2026-05-31,2026-06-05T10:00:00
PS00000225,LN00000647,PT03,668.40,2026-06-30,2026-07-05T10:00:00
PS00000226,LN00000649,PT03,662.40,2024-08-31,2024-09-05T10:00:00
PS00000227,LN00000652,PT04,959.82,2024-11-30,2024-12-05T10:00:00
PS00000228,LN00000653,PT02,1945.84,2024-12-31,2025-01-05T10:00:00
PS00000229,LN00000657,PT02,1061.32,2025-04-30,2025-05-05T10:00:00
PS00000230,LN00000658,PT01,470.14,2025-05-31,2025-06-05T10:00:00
PS00000231,LN00000661,PT04,2045.44,2025-08-31,2025-09-05T10:00:00
PS00000232,LN00000664,PT01,1622.94,2025-11-30,2025-12-05T10:00:00
PS00000233,LN00000665,PT05,522.88,2025-12-31,2026-01-05T10:00:00
PS00000234,LN00000667,PT04,2388.50,2026-02-28,2026-03-05T10:00:00
PS00000235,LN00000669,PT01,952.16,2026-04-30,2026-05-05T10:00:00
PS00000236,LN00000670,PT01,721.38,2026-05-31,2026-06-05T10:00:00
PS00000237,LN00000672,PT04,1005.04,2026-07-31,2026-08-05T10:00:00
PS00000238,LN00000674,PT05,2524.72,2024-09-30,2024-10-05T10:00:00
PS00000239,LN00000679,PT05,1198.52,2025-02-28,2025-03-05T10:00:00
PS00000240,LN00000680,PT03,2279.40,2025-03-31,2025-04-05T10:00:00
PS00000241,LN00000681,PT03,387.30,2025-04-30,2025-05-05T10:00:00
PS00000242,LN00000682,PT01,696.08,2025-05-31,2025-06-05T10:00:00
PS00000243,LN00000683,PT04,2502.74,2025-06-30,2025-07-05T10:00:00
PS00000244,LN00000685,PT05,1427.66,2025-08-31,2025-09-05T10:00:00
PS00000245,LN00000688,PT05,1314.80,2025-11-30,2025-12-05T10:00:00
PS00000246,LN00000689,PT04,2698.92,2025-12-31,2026-01-05T10:00:00
PS00000247,LN00000695,PT04,2594.54,2026-06-30,2026-07-05T10:00:00
PS00000248,LN00000696,PT03,1390.20,2026-07-31,2026-08-05T10:00:00
PS00000249,LN00000697,PT05,2318.38,2024-08-31,2024-09-05T10:00:00
PS00000250,LN00000698,PT03,1924.80,2024-09-30,2024-10-05T10:00:00
PS00000251,LN00000699,PT01,344.96,2024-10-31,2024-11-05T10:00:00
PS00000252,LN00000705,PT02,1172.86,2025-04-30,2025-05-05T10:00:00
PS00000253,LN00000706,PT02,666.38,2025-05-31,2025-06-05T10:00:00
PS00000254,LN00000713,PT04,2547.62,2025-12-31,2026-01-05T10:00:00
PS00000255,LN00000717,PT05,1840.72,2026-04-30,2026-05-05T10:00:00
PS00000256,LN00000725,PT03,1275.90,2024-12-31,2025-01-05T10:00:00
PS00000257,LN00000729,PT04,494.02,2025-04-30,2025-05-05T10:00:00
PS00000258,LN00000734,PT04,754.80,2025-09-30,2025-10-05T10:00:00
PS00000259,LN00000736,PT04,2681.24,2025-11-30,2025-12-05T10:00:00
PS00000260,LN00000737,PT04,598.74,2025-12-31,2026-01-05T10:00:00
PS00000261,LN00000740,PT05,2032.62,2026-03-31,2026-04-05T10:00:00
PS00000262,LN00000741,PT01,1575.42,2026-04-30,2026-05-05T10:00:00
PS00000263,LN00000744,PT02,659.62,2026-07-31,2026-08-05T10:00:00
PS00000264,LN00000745,PT03,2054.70,2024-08-31,2024-09-05T10:00:00
PS00000265,LN00000749,PT02,1655.68,2024-12-31,2025-01-05T10:00:00
PS00000266,LN00000751,PT01,927.08,2025-02-28,2025-03-05T10:00:00
PS00000267,LN00000752,PT03,1101.30,2025-03-31,2025-04-05T10:00:00
PS00000268,LN00000755,PT03,1214.70,2025-06-30,2025-07-05T10:00:00
PS00000269,LN00000763,PT04,1299.14,2026-02-28,2026-03-05T10:00:00
PS00000270,LN00000766,PT01,1741.52,2026-05-31,2026-06-05T10:00:00
PS00000271,LN00000767,PT02,1789.84,2026-06-30,2026-07-05T10:00:00
PS00000272,LN00000769,PT02,1760.98,2024-08-31,2024-09-05T10:00:00
PS00000273,LN00000772,PT01,1157.86,2024-11-30,2024-12-05T10:00:00
PS00000274,LN00000775,PT01,305.80,2025-02-28,2025-03-05T10:00:00
PS00000275,LN00000777,PT04,2159.34,2025-04-30,2025-05-05T10:00:00
PS00000276,LN00000778,PT05,2134.46,2025-05-31,2025-06-05T10:00:00
PS00000277,LN00000782,PT03,715.20,2025-09-30,2025-10-05T10:00:00
PS00000278,LN00000783,PT04,2606.10,2025-10-31,2025-11-05T10:00:00
PS00000279,LN00000786,PT03,1837.50,2026-01-31,2026-02-05T10:00:00
PS00000280,LN00000787,PT01,363.66,2026-02-28,2026-03-05T10:00:00
PS00000281,LN00000796,PT05,881.22,2024-11-30,2024-12-05T10:00:00
PS00000282,LN00000803,PT02,1930.50,2025-06-30,2025-07-05T10:00:00
PS00000283,LN00000808,PT01,766.48,2025-11-30,2025-12-05T10:00:00
PS00000284,LN00000815,PT04,2299.08,2026-06-30,2026-07-05T10:00:00
PS00000285,LN00000816,PT03,1296.90,2026-07-31,2026-08-05T10:00:00
PS00000286,LN00000821,PT01,633.38,2024-12-31,2025-01-05T10:00:00
PS00000287,LN00000822,PT01,486.20,2025-01-31,2025-02-05T10:00:00
PS00000288,LN00000824,PT02,703.04,2025-03-31,2025-04-05T10:00:00
PS00000289,LN00000827,PT03,1790.10,2025-06-30,2025-07-05T10:00:00
PS00000290,LN00000829,PT01,1391.94,2025-08-31,2025-09-05T10:00:00
PS00000291,LN00000833,PT02,1377.74,2025-12-31,2026-01-05T10:00:00
PS00000292,LN00000835,PT04,1058.08,2026-02-28,2026-03-05T10:00:00
PS00000293,LN00000836,PT04,2397.34,2026-03-31,2026-04-05T10:00:00
PS00000294,LN00000838,PT03,603.90,2026-05-31,2026-06-05T10:00:00
PS00000295,LN00000847,PT03,1677.90,2025-02-28,2025-03-05T10:00:00
PS00000296,LN00000850,PT02,554.32,2025-05-31,2025-06-05T10:00:00
PS00000297,LN00000852,PT01,1679.92,2025-07-31,2025-08-05T10:00:00
PS00000298,LN00000853,PT05,2053.14,2025-08-31,2025-09-05T10:00:00
PS00000299,LN00000855,PT01,1186.90,2025-10-31,2025-11-05T10:00:00
PS00000300,LN00000861,PT04,1589.84,2026-04-30,2026-05-05T10:00:00
PS00000301,LN00000865,PT01,472.12,2024-08-31,2024-09-05T10:00:00
PS00000302,LN00000874,PT03,1584.00,2025-05-31,2025-06-05T10:00:00
PS00000303,LN00000875,PT03,477.00,2025-06-30,2025-07-05T10:00:00
PS00000304,LN00000878,PT05,1263.50,2025-09-30,2025-10-05T10:00:00
PS00000305,LN00000883,PT02,441.74,2026-02-28,2026-03-05T10:00:00
PS00000306,LN00000885,PT03,644.40,2026-04-30,2026-05-05T10:00:00
PS00000307,LN00000889,PT04,1378.02,2024-08-31,2024-09-05T10:00:00
PS00000308,LN00000891,PT03,2304.00,2024-10-31,2024-11-05T10:00:00
PS00000309,LN00000893,PT05,683.24,2024-12-31,2025-01-05T10:00:00
PS00000310,LN00000894,PT03,1021.80,2025-01-31,2025-02-05T10:00:00
PS00000311,LN00000896,PT04,1620.10,2025-03-31,2025-04-05T10:00:00
PS00000312,LN00000902,PT02,1255.54,2025-09-30,2025-10-05T10:00:00
PS00000313,LN00000903,PT01,1339.36,2025-10-31,2025-11-05T10:00:00
PS00000314,LN00000911,PT01,1120.90,2026-06-30,2026-07-05T10:00:00
PS00000315,LN00000912,PT04,2311.32,2026-07-31,2026-08-05T10:00:00
PS00000316,LN00000915,PT02,419.64,2024-10-31,2024-11-05T10:00:00
PS00000317,LN00000919,PT02,369.20,2025-02-28,2025-03-05T10:00:00
PS00000318,LN00000923,PT05,1795.50,2025-06-30,2025-07-05T10:00:00
PS00000319,LN00000924,PT04,2106.64,2025-07-31,2025-08-05T10:00:00
PS00000320,LN00000926,PT04,1490.90,2025-09-30,2025-10-05T10:00:00
PS00000321,LN00000927,PT02,1559.48,2025-10-31,2025-11-05T10:00:00
PS00000322,LN00000928,PT02,864.24,2025-11-30,2025-12-05T10:00:00
PS00000323,LN00000931,PT05,2194.50,2026-02-28,2026-03-05T10:00:00
PS00000324,LN00000932,PT04,2259.98,2026-03-31,2026-04-05T10:00:00
PS00000325,LN00000933,PT04,2101.54,2026-04-30,2026-05-05T10:00:00
PS00000326,LN00000934,PT03,1771.50,2026-05-31,2026-06-05T10:00:00
PS00000327,LN00000937,PT03,402.60,2024-08-31,2024-09-05T10:00:00
PS00000328,LN00000941,PT05,792.68,2024-12-31,2025-01-05T10:00:00
PS00000329,LN00000948,PT02,631.02,2025-07-31,2025-08-05T10:00:00
PS00000330,LN00000949,PT03,850.50,2025-08-31,2025-09-05T10:00:00
PS00000331,LN00000950,PT04,2177.70,2025-09-30,2025-10-05T10:00:00
PS00000332,LN00000954,PT01,281.38,2026-01-31,2026-02-05T10:00:00
PS00000333,LN00000957,PT01,930.38,2026-04-30,2026-05-05T10:00:00
PS00000334,LN00000958,PT04,1889.04,2026-05-31,2026-06-05T10:00:00
PS00000335,LN00000962,PT05,490.58,2024-09-30,2024-10-05T10:00:00
PS00000336,LN00000963,PT04,1527.28,2024-10-31,2024-11-05T10:00:00
PS00000337,LN00000966,PT05,1750.66,2025-01-31,2025-02-05T10:00:00
PS00000338,LN00000969,PT04,448.12,2025-04-30,2025-05-05T10:00:00
PS00000339,LN00000978,PT04,2117.52,2026-01-31,2026-02-05T10:00:00
PS00000340,LN00000979,PT04,1422.22,2026-02-28,2026-03-05T10:00:00
PS00000341,LN00000980,PT03,836.10,2026-03-31,2026-04-05T10:00:00
PS00000342,LN00000984,PT02,1467.70,2026-07-31,2026-08-05T10:00:00
PS00000343,LN00000987,PT03,1528.20,2024-10-31,2024-11-05T10:00:00
PS00000344,LN00000988,PT05,2116.22,2024-11-30,2024-12-05T10:00:00
PS00000345,LN00000989,PT04,1646.28,2024-12-31,2025-01-05T10:00:00
PS00000346,LN00000992,PT02,653.12,2025-03-31,2025-04-05T10:00:00
PS00000347,LN00000994,PT04,1352.86,2025-05-31,2025-06-05T10:00:00
PS00000348,LN00000996,PT05,2986.80,2025-07-31,2025-08-05T10:00:00
PS00000349,LN00000997,PT03,2262.60,2025-08-31,2025-09-05T10:00:00
PS00000350,LN00001000,PT02,868.40,2025-11-30,2025-12-05T10:00:00
PS00000351,LN00001002,PT01,367.18,2026-01-31,2026-02-05T10:00:00
PS00000352,LN00001004,PT05,970.14,2026-03-31,2026-04-05T10:00:00
PS00000353,LN00001005,PT05,2682.42,2026-04-30,2026-05-05T10:00:00
PS00000354,LN00001015,PT03,2008.80,2025-02-28,2025-03-05T10:00:00
PS00000355,LN00001018,PT04,2685.32,2025-05-31,2025-06-05T10:00:00
PS00000356,LN00001021,PT02,427.70,2025-08-31,2025-09-05T10:00:00
PS00000357,LN00001024,PT01,1256.64,2025-11-30,2025-12-05T10:00:00
PS00000358,LN00001026,PT04,1292.34,2026-01-31,2026-02-05T10:00:00
PS00000359,LN00001029,PT01,514.14,2026-04-30,2026-05-05T10:00:00
PS00000360,LN00001033,PT02,1407.12,2024-08-31,2024-09-05T10:00:00
PS00000361,LN00001037,PT02,664.30,2024-12-31,2025-01-05T10:00:00
PS00000362,LN00001038,PT03,1989.00,2025-01-31,2025-02-05T10:00:00
PS00000363,LN00001041,PT01,1657.04,2025-04-30,2025-05-05T10:00:00
PS00000364,LN00001045,PT02,1202.76,2025-08-31,2025-09-05T10:00:00
PS00000365,LN00001046,PT02,1310.14,2025-09-30,2025-10-05T10:00:00
PS00000366,LN00001047,PT02,1632.28,2025-10-31,2025-11-05T10:00:00
PS00000367,LN00001053,PT03,501.60,2026-04-30,2026-05-05T10:00:00
PS00000368,LN00001057,PT01,850.96,2024-08-31,2024-09-05T10:00:00
PS00000369,LN00001059,PT05,2106.34,2024-10-31,2024-11-05T10:00:00
PS00000370,LN00001060,PT04,1333.82,2024-11-30,2024-12-05T10:00:00
PS00000371,LN00001064,PT01,347.82,2025-03-31,2025-04-05T10:00:00
PS00000372,LN00001068,PT05,2725.36,2025-07-31,2025-08-05T10:00:00
PS00000373,LN00001069,PT03,439.50,2025-08-31,2025-09-05T10:00:00
PS00000374,LN00001071,PT02,1101.88,2025-10-31,2025-11-05T10:00:00
PS00000375,LN00001087,PT03,2163.00,2025-02-28,2025-03-05T10:00:00
PS00000376,LN00001089,PT04,1818.32,2025-04-30,2025-05-05T10:00:00
PS00000377,LN00001090,PT05,1725.20,2025-05-31,2025-06-05T10:00:00
PS00000378,LN00001091,PT04,1910.46,2025-06-30,2025-07-05T10:00:00
PS00000379,LN00001095,PT03,1338.90,2025-10-31,2025-11-05T10:00:00
PS00000380,LN00001097,PT04,1170.96,2025-12-31,2026-01-05T10:00:00
PS00000381,LN00001098,PT01,773.30,2026-01-31,2026-02-05T10:00:00
PS00000382,LN00001099,PT01,1386.66,2026-02-28,2026-03-05T10:00:00
PS00000383,LN00001100,PT03,1661.40,2026-03-31,2026-04-05T10:00:00
PS00000384,LN00001104,PT03,921.30,2026-07-31,2026-08-05T10:00:00
PS00000385,LN00001106,PT04,540.94,2024-09-30,2024-10-05T10:00:00
PS00000386,LN00001114,PT01,1558.92,2025-05-31,2025-06-05T10:00:00
PS00000387,LN00001115,PT03,751.80,2025-06-30,2025-07-05T10:00:00
PS00000388,LN00001119,PT05,1278.70,2025-10-31,2025-11-05T10:00:00
PS00000389,LN00001126,PT01,757.24,2026-05-31,2026-06-05T10:00:00
PS00000390,LN00001128,PT01,1407.12,2026-07-31,2026-08-05T10:00:00
PS00000391,LN00001129,PT01,594.66,2024-08-31,2024-09-05T10:00:00
PS00000392,LN00001137,PT03,633.90,2025-04-30,2025-05-05T10:00:00
PS00000393,LN00001138,PT05,1261.98,2025-05-31,2025-06-05T10:00:00
PS00000394,LN00001139,PT01,653.84,2025-06-30,2025-07-05T10:00:00
PS00000395,LN00001149,PT02,1951.56,2026-04-30,2026-05-05T10:00:00
PS00000396,LN00001150,PT05,633.08,2026-05-31,2026-06-05T10:00:00
PS00000397,LN00001152,PT02,1255.02,2026-07-31,2026-08-05T10:00:00
PS00000398,LN00001159,PT03,1819.20,2025-02-28,2025-03-05T10:00:00
PS00000399,LN00001160,PT02,532.48,2025-03-31,2025-04-05T10:00:00
PS00000400,LN00001161,PT04,772.48,2025-04-30,2025-05-05T10:00:00
PS00000401,LN00001166,PT04,2446.98,2025-09-30,2025-10-05T10:00:00
PS00000402,LN00001168,PT01,905.08,2025-11-30,2025-12-05T10:00:00
PS00000403,LN00001172,PT01,1529.00,2026-03-31,2026-04-05T10:00:00
PS00000404,LN00001176,PT03,750.60,2026-07-31,2026-08-05T10:00:00
PS00000405,LN00001177,PT03,408.60,2024-08-31,2024-09-05T10:00:00
PS00000406,LN00001178,PT02,1014.00,2024-09-30,2024-10-05T10:00:00
PS00000407,LN00001180,PT04,1935.28,2024-11-30,2024-12-05T10:00:00
PS00000408,LN00001185,PT04,811.92,2025-04-30,2025-05-05T10:00:00
PS00000409,LN00001194,PT04,2049.52,2026-01-31,2026-02-05T10:00:00
PS00000410,LN00001199,PT02,1069.38,2026-06-30,2026-07-05T10:00:00
PS00000411,LN00001201,PT05,559.36,2024-08-31,2024-09-05T10:00:00
PS00000412,LN00001206,PT05,1147.60,2025-01-31,2025-02-05T10:00:00
PS00000413,LN00001212,PT01,808.28,2025-07-31,2025-08-05T10:00:00
PS00000414,LN00001220,PT02,2060.76,2026-03-31,2026-04-05T10:00:00
PS00000415,LN00001226,PT04,684.08,2024-09-30,2024-10-05T10:00:00
PS00000416,LN00001230,PT01,361.46,2025-01-31,2025-02-05T10:00:00
PS00000417,LN00001235,PT01,1457.50,2025-06-30,2025-07-05T10:00:00
PS00000418,LN00001237,PT04,822.46,2025-08-31,2025-09-05T10:00:00
PS00000419,LN00001239,PT02,1470.56,2025-10-31,2025-11-05T10:00:00
PS00000420,LN00001240,PT02,522.86,2025-11-30,2025-12-05T10:00:00
PS00000421,LN00001241,PT02,1696.76,2025-12-31,2026-01-05T10:00:00
PS00000422,LN00001243,PT03,2037.90,2026-02-28,2026-03-05T10:00:00
PS00000423,LN00001245,PT01,305.14,2026-04-30,2026-05-05T10:00:00
PS00000424,LN00001247,PT05,1922.80,2026-06-30,2026-07-05T10:00:00
PS00000425,LN00001248,PT05,1946.74,2026-07-31,2026-08-05T10:00:00
PS00000426,LN00001249,PT04,1638.46,2024-08-31,2024-09-05T10:00:00
PS00000427,LN00001254,PT01,1035.10,2025-01-31,2025-02-05T10:00:00
PS00000428,LN00001255,PT04,1504.16,2025-02-28,2025-03-05T10:00:00
PS00000429,LN00001266,PT01,1271.82,2026-01-31,2026-02-05T10:00:00
PS00000430,LN00001267,PT02,1590.68,2026-02-28,2026-03-05T10:00:00
PS00000431,LN00001268,PT03,1860.60,2026-03-31,2026-04-05T10:00:00
PS00000432,LN00001273,PT03,1878.00,2024-08-31,2024-09-05T10:00:00
PS00000433,LN00001274,PT02,1738.88,2024-09-30,2024-10-05T10:00:00
PS00000434,LN00001276,PT05,947.34,2024-11-30,2024-12-05T10:00:00
PS00000435,LN00001280,PT05,753.16,2025-03-31,2025-04-05T10:00:00
PS00000436,LN00001282,PT02,510.38,2025-05-31,2025-06-05T10:00:00
PS00000437,LN00001283,PT05,2994.40,2025-06-30,2025-07-05T10:00:00
PS00000438,LN00001284,PT04,442.34,2025-07-31,2025-08-05T10:00:00
PS00000439,LN00001286,PT02,529.62,2025-09-30,2025-10-05T10:00:00
PS00000440,LN00001287,PT02,1553.50,2025-10-31,2025-11-05T10:00:00
PS00000441,LN00001292,PT01,1296.90,2026-03-31,2026-04-05T10:00:00
PS00000442,LN00001293,PT03,834.00,2026-04-30,2026-05-05T10:00:00
PS00000443,LN00001294,PT05,2995.54,2026-05-31,2026-06-05T10:00:00
PS00000444,LN00001296,PT05,834.86,2026-07-31,2026-08-05T10:00:00
PS00000445,LN00001297,PT01,753.28,2024-08-31,2024-09-05T10:00:00
PS00000446,LN00001302,PT01,1528.12,2025-01-31,2025-02-05T10:00:00
PS00000447,LN00001304,PT01,1537.80,2025-03-31,2025-04-05T10:00:00
PS00000448,LN00001305,PT03,1613.10,2025-04-30,2025-05-05T10:00:00
PS00000449,LN00001307,PT03,503.70,2025-06-30,2025-07-05T10:00:00
PS00000450,LN00001311,PT05,1170.78,2025-10-31,2025-11-05T10:00:00
PS00000451,LN00001315,PT01,779.02,2026-02-28,2026-03-05T10:00:00
PS00000452,LN00001319,PT02,1200.16,2026-06-30,2026-07-05T10:00:00
PS00000453,LN00001320,PT03,1393.80,2026-07-31,2026-08-05T10:00:00
PS00000454,LN00001324,PT04,1223.32,2024-11-30,2024-12-05T10:00:00
PS00000455,LN00001327,PT05,2175.12,2025-02-28,2025-03-05T10:00:00
PS00000456,LN00001329,PT05,2393.24,2025-04-30,2025-05-05T10:00:00
PS00000457,LN00001330,PT04,2010.76,2025-05-31,2025-06-05T10:00:00
PS00000458,LN00001331,PT03,1929.00,2025-06-30,2025-07-05T10:00:00
PS00000459,LN00001332,PT02,741.52,2025-07-31,2025-08-05T10:00:00
PS00000460,LN00001334,PT04,1821.72,2025-09-30,2025-10-05T10:00:00
PS00000461,LN00001335,PT03,781.80,2025-10-31,2025-11-05T10:00:00
PS00000462,LN00001337,PT01,1345.74,2025-12-31,2026-01-05T10:00:00
PS00000463,LN00001339,PT02,753.74,2026-02-28,2026-03-05T10:00:00
PS00000464,LN00001340,PT03,1697.10,2026-03-31,2026-04-05T10:00:00
PS00000465,LN00001342,PT03,863.10,2026-05-31,2026-06-05T10:00:00
PS00000466,LN00001346,PT05,2652.78,2024-09-30,2024-10-05T10:00:00
PS00000467,LN00001347,PT01,1108.58,2024-10-31,2024-11-05T10:00:00
PS00000468,LN00001350,PT04,1401.14,2025-01-31,2025-02-05T10:00:00
PS00000469,LN00001352,PT01,620.62,2025-03-31,2025-04-05T10:00:00
PS00000470,LN00001353,PT03,1728.90,2025-04-30,2025-05-05T10:00:00
PS00000471,LN00001355,PT02,1575.34,2025-06-30,2025-07-05T10:00:00
PS00000472,LN00001356,PT05,1297.70,2025-07-31,2025-08-05T10:00:00
PS00000473,LN00001359,PT05,1904.18,2025-10-31,2025-11-05T10:00:00
PS00000474,LN00001360,PT01,570.68,2025-11-30,2025-12-05T10:00:00
PS00000475,LN00001361,PT04,694.62,2025-12-31,2026-01-05T10:00:00
PS00000476,LN00001364,PT02,336.18,2026-03-31,2026-04-05T10:00:00
PS00000477,LN00001365,PT05,1236.14,2026-04-30,2026-05-05T10:00:00
PS00000478,LN00001367,PT01,1730.96,2026-06-30,2026-07-05T10:00:00
PS00000479,LN00001374,PT03,1651.80,2025-01-31,2025-02-05T10:00:00
PS00000480,LN00001376,PT04,1506.88,2025-03-31,2025-04-05T10:00:00
PS00000481,LN00001377,PT01,1698.18,2025-04-30,2025-05-05T10:00:00
PS00000482,LN00001379,PT01,664.62,2025-06-30,2025-07-05T10:00:00
PS00000483,LN00001390,PT04,960.50,2026-05-31,2026-06-05T10:00:00
PS00000484,LN00001391,PT01,1267.86,2026-06-30,2026-07-05T10:00:00
PS00000485,LN00001393,PT02,1578.98,2024-08-31,2024-09-05T10:00:00
PS00000486,LN00001395,PT01,843.04,2024-10-31,2024-11-05T10:00:00
PS00000487,LN00001396,PT05,2305.46,2024-11-30,2024-12-05T10:00:00
PS00000488,LN00001397,PT01,1083.50,2024-12-31,2025-01-05T10:00:00
PS00000489,LN00001407,PT02,785.72,2025-10-31,2025-11-05T10:00:00
PS00000490,LN00001408,PT03,2285.70,2025-11-30,2025-12-05T10:00:00
PS00000491,LN00001414,PT04,615.74,2026-05-31,2026-06-05T10:00:00
PS00000492,LN00001417,PT05,1481.24,2024-08-31,2024-09-05T10:00:00
PS00000493,LN00001418,PT01,1008.70,2024-09-30,2024-10-05T10:00:00
PS00000494,LN00001419,PT01,1202.08,2024-10-31,2024-11-05T10:00:00
PS00000495,LN00001420,PT02,1457.04,2024-11-30,2024-12-05T10:00:00
PS00000496,LN00001422,PT01,881.76,2025-01-31,2025-02-05T10:00:00
PS00000497,LN00001426,PT02,599.56,2025-05-31,2025-06-05T10:00:00
PS00000498,LN00001430,PT01,1035.32,2025-09-30,2025-10-05T10:00:00
PS00000499,LN00001431,PT05,2394.76,2025-10-31,2025-11-05T10:00:00
PS00000500,LN00001433,PT03,933.00,2025-12-31,2026-01-05T10:00:00
PS00000501,LN00001437,PT04,2671.72,2026-04-30,2026-05-05T10:00:00
PS00000502,LN00001441,PT02,1943.76,2024-08-31,2024-09-05T10:00:00
PS00000503,LN00001443,PT05,2567.66,2024-10-31,2024-11-05T10:00:00
PS00000504,LN00001445,PT05,2020.46,2024-12-31,2025-01-05T10:00:00
PS00000505,LN00001449,PT02,1352.78,2025-04-30,2025-05-05T10:00:00
PS00000506,LN00001450,PT01,942.26,2025-05-31,2025-06-05T10:00:00
PS00000507,LN00001452,PT02,1254.50,2025-07-31,2025-08-05T10:00:00
PS00000508,LN00001453,PT02,2032.94,2025-08-31,2025-09-05T10:00:00
PS00000509,LN00001462,PT01,1641.42,2026-05-31,2026-06-05T10:00:00
PS00000510,LN00001463,PT04,1724.14,2026-06-30,2026-07-05T10:00:00
PS00000511,LN00001465,PT03,404.70,2024-08-31,2024-09-05T10:00:00
PS00000512,LN00001466,PT05,1474.78,2024-09-30,2024-10-05T10:00:00
PS00000513,LN00001469,PT01,279.40,2024-12-31,2025-01-05T10:00:00
PS00000514,LN00001472,PT03,714.30,2025-03-31,2025-04-05T10:00:00
PS00000515,LN00001473,PT01,516.12,2025-04-30,2025-05-05T10:00:00
PS00000516,LN00001475,PT01,454.74,2025-06-30,2025-07-05T10:00:00
PS00000517,LN00001477,PT05,3018.34,2025-08-31,2025-09-05T10:00:00
PS00000518,LN00001478,PT01,1503.92,2025-09-30,2025-10-05T10:00:00
PS00000519,LN00001479,PT01,1208.90,2025-10-31,2025-11-05T10:00:00
PS00000520,LN00001480,PT01,811.80,2025-11-30,2025-12-05T10:00:00
PS00000521,LN00001481,PT01,1344.86,2025-12-31,2026-01-05T10:00:00
PS00000522,LN00001484,PT04,1836.00,2026-03-31,2026-04-05T10:00:00
PS00000523,LN00001485,PT04,888.08,2026-04-30,2026-05-05T10:00:00
PS00000524,LN00001487,PT04,2372.18,2026-06-30,2026-07-05T10:00:00
PS00000525,LN00001490,PT05,1601.32,2024-09-30,2024-10-05T10:00:00
PS00000526,LN00001491,PT04,540.26,2024-10-31,2024-11-05T10:00:00
PS00000527,LN00001492,PT03,1604.10,2024-11-30,2024-12-05T10:00:00
PS00000528,LN00001493,PT02,719.68,2024-12-31,2025-01-05T10:00:00
PS00000529,LN00001494,PT03,1755.60,2025-01-31,2025-02-05T10:00:00
PS00000530,LN00001495,PT04,599.42,2025-02-28,2025-03-05T10:00:00
PS00000531,LN00001503,PT05,813.20,2025-10-31,2025-11-05T10:00:00
PS00000532,LN00001505,PT05,607.24,2025-12-31,2026-01-05T10:00:00
PS00000533,LN00001508,PT01,300.96,2026-03-31,2026-04-05T10:00:00
PS00000534,LN00001509,PT04,1676.88,2026-04-30,2026-05-05T10:00:00
PS00000535,LN00001510,PT02,1606.80,2026-05-31,2026-06-05T10:00:00
PS00000536,LN00001516,PT03,1441.20,2024-11-30,2024-12-05T10:00:00
PS00000537,LN00001518,PT05,2433.14,2025-01-31,2025-02-05T10:00:00
PS00000538,LN00001520,PT05,1936.10,2025-03-31,2025-04-05T10:00:00
PS00000539,LN00001521,PT04,1113.84,2025-04-30,2025-05-05T10:00:00
PS00000540,LN00001527,PT01,709.28,2025-10-31,2025-11-05T10:00:00
PS00000541,LN00001530,PT01,718.08,2026-01-31,2026-02-05T10:00:00
PS00000542,LN00001531,PT01,1373.46,2026-02-28,2026-03-05T10:00:00
PS00000543,LN00001532,PT01,1232.66,2026-03-31,2026-04-05T10:00:00
PS00000544,LN00001534,PT05,1590.68,2026-05-31,2026-06-05T10:00:00
PS00000545,LN00001535,PT01,1281.28,2026-06-30,2026-07-05T10:00:00
PS00000546,LN00001536,PT03,1616.10,2026-07-31,2026-08-05T10:00:00
PS00000547,LN00001540,PT05,2455.18,2024-11-30,2024-12-05T10:00:00
PS00000548,LN00001543,PT02,1546.22,2025-02-28,2025-03-05T10:00:00
PS00000549,LN00001544,PT05,2763.74,2025-03-31,2025-04-05T10:00:00
PS00000550,LN00001548,PT02,1965.34,2025-07-31,2025-08-05T10:00:00
PS00000551,LN00001553,PT05,1757.88,2025-12-31,2026-01-05T10:00:00
PS00000552,LN00001554,PT01,390.28,2026-01-31,2026-02-05T10:00:00
PS00000553,LN00001558,PT04,872.10,2026-05-31,2026-06-05T10:00:00
PS00000554,LN00001562,PT03,477.30,2024-09-30,2024-10-05T10:00:00
PS00000555,LN00001564,PT03,386.40,2024-11-30,2024-12-05T10:00:00
PS00000556,LN00001565,PT02,1469.00,2024-12-31,2025-01-05T10:00:00
PS00000557,LN00001570,PT03,2062.80,2025-05-31,2025-06-05T10:00:00
PS00000558,LN00001571,PT01,1585.54,2025-06-30,2025-07-05T10:00:00
PS00000559,LN00001574,PT01,819.94,2025-09-30,2025-10-05T10:00:00
PS00000560,LN00001577,PT02,1524.38,2025-12-31,2026-01-05T10:00:00
PS00000561,LN00001580,PT03,1521.30,2026-03-31,2026-04-05T10:00:00
PS00000562,LN00001584,PT04,1462.00,2026-07-31,2026-08-05T10:00:00
PS00000563,LN00001590,PT01,1549.24,2025-01-31,2025-02-05T10:00:00
PS00000564,LN00001595,PT03,441.60,2025-06-30,2025-07-05T10:00:00
PS00000565,LN00001596,PT05,2591.98,2025-07-31,2025-08-05T10:00:00
PS00000566,LN00001601,PT02,1543.10,2025-12-31,2026-01-05T10:00:00
PS00000567,LN00001607,PT03,1555.20,2026-06-30,2026-07-05T10:00:00
PS00000568,LN00001609,PT04,1747.94,2024-08-31,2024-09-05T10:00:00
PS00000569,LN00001610,PT01,486.86,2024-09-30,2024-10-05T10:00:00
PS00000570,LN00001612,PT01,412.06,2024-11-30,2024-12-05T10:00:00
PS00000571,LN00001614,PT02,1636.70,2025-01-31,2025-02-05T10:00:00
PS00000572,LN00001615,PT05,2399.32,2025-02-28,2025-03-05T10:00:00
PS00000573,LN00001617,PT05,554.04,2025-04-30,2025-05-05T10:00:00
PS00000574,LN00001622,PT05,1917.10,2025-09-30,2025-10-05T10:00:00
PS00000575,LN00001623,PT01,353.54,2025-10-31,2025-11-05T10:00:00
PS00000576,LN00001628,PT05,745.56,2026-03-31,2026-04-05T10:00:00
PS00000577,LN00001629,PT02,1820.26,2026-04-30,2026-05-05T10:00:00
PS00000578,LN00001636,PT05,1724.82,2024-11-30,2024-12-05T10:00:00
PS00000579,LN00001638,PT01,852.50,2025-01-31,2025-02-05T10:00:00
PS00000580,LN00001639,PT02,1978.34,2025-02-28,2025-03-05T10:00:00
PS00000581,LN00001642,PT03,669.00,2025-05-31,2025-06-05T10:00:00
PS00000582,LN00001643,PT03,2110.50,2025-06-30,2025-07-05T10:00:00
PS00000583,LN00001644,PT05,1496.06,2025-07-31,2025-08-05T10:00:00
PS00000584,LN00001646,PT03,1138.80,2025-09-30,2025-10-05T10:00:00
PS00000585,LN00001649,PT04,1432.42,2025-12-31,2026-01-05T10:00:00
PS00000586,LN00001650,PT03,2396.10,2026-01-31,2026-02-05T10:00:00
PS00000587,LN00001655,PT03,661.50,2026-06-30,2026-07-05T10:00:00
PS00000588,LN00001662,PT04,2208.30,2025-01-31,2025-02-05T10:00:00
PS00000589,LN00001668,PT04,1668.38,2025-07-31,2025-08-05T10:00:00
PS00000590,LN00001669,PT01,473.44,2025-08-31,2025-09-05T10:00:00
PS00000591,LN00001673,PT02,997.36,2025-12-31,2026-01-05T10:00:00
PS00000592,LN00001677,PT01,590.26,2026-04-30,2026-05-05T10:00:00
PS00000593,LN00001681,PT03,840.00,2024-08-31,2024-09-05T10:00:00
PS00000594,LN00001683,PT04,1920.66,2024-10-31,2024-11-05T10:00:00
PS00000595,LN00001685,PT03,1050.90,2024-12-31,2025-01-05T10:00:00
PS00000596,LN00001687,PT02,339.56,2025-02-28,2025-03-05T10:00:00
PS00000597,LN00001690,PT01,1706.10,2025-05-31,2025-06-05T10:00:00
PS00000598,LN00001691,PT05,1738.50,2025-06-30,2025-07-05T10:00:00
PS00000599,LN00001693,PT04,985.32,2025-08-31,2025-09-05T10:00:00
PS00000600,LN00001696,PT01,1120.68,2025-11-30,2025-12-05T10:00:00
PS00000601,LN00001697,PT05,1139.24,2025-12-31,2026-01-05T10:00:00
PS00000602,LN00001698,PT02,703.82,2026-01-31,2026-02-05T10:00:00
PS00000603,LN00001700,PT01,896.94,2026-03-31,2026-04-05T10:00:00
PS00000604,LN00001717,PT03,1541.40,2025-08-31,2025-09-05T10:00:00
PS00000605,LN00001728,PT01,881.32,2026-07-31,2026-08-05T10:00:00
PS00000606,LN00001730,PT02,586.30,2024-09-30,2024-10-05T10:00:00
PS00000607,LN00001731,PT01,305.58,2024-10-31,2024-11-05T10:00:00
PS00000608,LN00001734,PT02,1429.74,2025-01-31,2025-02-05T10:00:00
PS00000609,LN00001735,PT02,951.86,2025-02-28,2025-03-05T10:00:00
PS00000610,LN00001738,PT03,1196.70,2025-05-31,2025-06-05T10:00:00
PS00000611,LN00001750,PT02,845.26,2026-05-31,2026-06-05T10:00:00
PS00000612,LN00001753,PT03,1917.60,2024-08-31,2024-09-05T10:00:00
PS00000613,LN00001755,PT05,2903.20,2024-10-31,2024-11-05T10:00:00
PS00000614,LN00001759,PT02,886.34,2025-02-28,2025-03-05T10:00:00
PS00000615,LN00001761,PT03,1974.60,2025-04-30,2025-05-05T10:00:00
PS00000616,LN00001763,PT03,1458.30,2025-06-30,2025-07-05T10:00:00
PS00000617,LN00001765,PT04,1738.42,2025-08-31,2025-09-05T10:00:00
PS00000618,LN00001767,PT02,1814.02,2025-10-31,2025-11-05T10:00:00
PS00000619,LN00001768,PT04,548.42,2025-11-30,2025-12-05T10:00:00
PS00000620,LN00001770,PT04,1710.54,2026-01-31,2026-02-05T10:00:00
PS00000621,LN00001771,PT02,840.06,2026-02-28,2026-03-05T10:00:00
PS00000622,LN00001773,PT02,1662.18,2026-04-30,2026-05-05T10:00:00
PS00000623,LN00001775,PT04,1183.20,2026-06-30,2026-07-05T10:00:00
PS00000624,LN00001776,PT01,1679.92,2026-07-31,2026-08-05T10:00:00
PS00000625,LN00001777,PT01,1579.16,2024-08-31,2024-09-05T10:00:00
PS00000626,LN00001778,PT01,1506.56,2024-09-30,2024-10-05T10:00:00
PS00000627,LN00001780,PT03,802.80,2024-11-30,2024-12-05T10:00:00
PS00000628,LN00001782,PT03,451.20,2025-01-31,2025-02-05T10:00:00
PS00000629,LN00001786,PT02,1071.98,2025-05-31,2025-06-05T10:00:00
PS00000630,LN00001788,PT03,2071.20,2025-07-31,2025-08-05T10:00:00
PS00000631,LN00001793,PT04,2371.50,2025-12-31,2026-01-05T10:00:00
PS00000632,LN00001797,PT05,2261.76,2026-04-30,2026-05-05T10:00:00
PS00000633,LN00001798,PT04,1176.74,2026-05-31,2026-06-05T10:00:00
PS00000634,LN00001800,PT05,821.18,2026-07-31,2026-08-05T10:00:00
PS00000635,LN00001802,PT01,1127.94,2024-09-30,2024-10-05T10:00:00
PS00000636,LN00001812,PT03,1835.70,2025-07-31,2025-08-05T10:00:00
PS00000637,LN00001814,PT02,1583.14,2025-09-30,2025-10-05T10:00:00
PS00000638,LN00001817,PT04,1013.20,2025-12-31,2026-01-05T10:00:00
PS00000639,LN00001818,PT05,1818.68,2026-01-31,2026-02-05T10:00:00
PS00000640,LN00001828,PT02,1308.58,2024-11-30,2024-12-05T10:00:00
PS00000641,LN00001829,PT05,3031.64,2024-12-31,2025-01-05T10:00:00
PS00000642,LN00001830,PT03,2061.00,2025-01-31,2025-02-05T10:00:00
PS00000643,LN00001833,PT02,1778.92,2025-04-30,2025-05-05T10:00:00
PS00000644,LN00001838,PT01,1434.84,2025-09-30,2025-10-05T10:00:00
PS00000645,LN00001839,PT01,1226.50,2025-10-31,2025-11-05T10:00:00
PS00000646,LN00001841,PT04,621.86,2025-12-31,2026-01-05T10:00:00
PS00000647,LN00001845,PT05,1422.34,2026-04-30,2026-05-05T10:00:00
PS00000648,LN00001846,PT02,631.54,2026-05-31,2026-06-05T10:00:00
PS00000649,LN00001852,PT03,906.00,2024-11-30,2024-12-05T10:00:00
PS00000650,LN00001853,PT05,854.62,2024-12-31,2025-01-05T10:00:00
PS00000651,LN00001856,PT03,2130.30,2025-03-31,2025-04-05T10:00:00
PS00000652,LN00001858,PT03,2286.90,2025-05-31,2025-06-05T10:00:00
PS00000653,LN00001861,PT02,1719.90,2025-08-31,2025-09-05T10:00:00
PS00000654,LN00001862,PT01,880.44,2025-09-30,2025-10-05T10:00:00
PS00000655,LN00001864,PT01,878.90,2025-11-30,2025-12-05T10:00:00
PS00000656,LN00001868,PT01,1420.10,2026-03-31,2026-04-05T10:00:00
PS00000657,LN00001869,PT03,515.70,2026-04-30,2026-05-05T10:00:00
PS00000658,LN00001875,PT04,803.42,2024-10-31,2024-11-05T10:00:00
PS00000659,LN00001878,PT05,2545.24,2025-01-31,2025-02-05T10:00:00
PS00000660,LN00001879,PT04,1496.34,2025-02-28,2025-03-05T10:00:00
PS00000661,LN00001880,PT02,1061.06,2025-03-31,2025-04-05T10:00:00
PS00000662,LN00001883,PT03,2117.70,2025-06-30,2025-07-05T10:00:00
PS00000663,LN00001884,PT02,373.88,2025-07-31,2025-08-05T10:00:00
PS00000664,LN00001890,PT05,1211.82,2026-01-31,2026-02-05T10:00:00
PS00000665,LN00001892,PT03,1289.40,2026-03-31,2026-04-05T10:00:00
PS00000666,LN00001894,PT01,1262.36,2026-05-31,2026-06-05T10:00:00
PS00000667,LN00001895,PT02,358.54,2026-06-30,2026-07-05T10:00:00
PS00000668,LN00001899,PT02,1761.24,2024-10-31,2024-11-05T10:00:00
PS00000669,LN00001903,PT05,1505.18,2025-02-28,2025-03-05T10:00:00
PS00000670,LN00001904,PT05,1034.74,2025-03-31,2025-04-05T10:00:00
PS00000671,LN00001907,PT03,942.60,2025-06-30,2025-07-05T10:00:00
PS00000672,LN00001908,PT03,1380.00,2025-07-31,2025-08-05T10:00:00
PS00000673,LN00001917,PT02,938.08,2026-04-30,2026-05-05T10:00:00
PS00000674,LN00001919,PT02,1577.94,2026-06-30,2026-07-05T10:00:00
PS00000675,LN00001923,PT01,1305.48,2024-10-31,2024-11-05T10:00:00
PS00000676,LN00001927,PT01,1252.24,2025-02-28,2025-03-05T10:00:00
PS00000677,LN00001928,PT05,829.92,2025-03-31,2025-04-05T10:00:00
PS00000678,LN00001929,PT01,440.00,2025-04-30,2025-05-05T10:00:00
PS00000679,LN00001939,PT04,1041.76,2026-02-28,2026-03-05T10:00:00
PS00000680,LN00001940,PT03,1715.40,2026-03-31,2026-04-05T10:00:00
PS00000681,LN00001941,PT02,475.02,2026-04-30,2026-05-05T10:00:00
PS00000682,LN00001943,PT02,769.86,2026-06-30,2026-07-05T10:00:00
PS00000683,LN00001947,PT05,617.50,2024-10-31,2024-11-05T10:00:00
PS00000684,LN00001948,PT01,867.02,2024-11-30,2024-12-05T10:00:00
PS00000685,LN00001952,PT01,636.68,2025-03-31,2025-04-05T10:00:00
PS00000686,LN00001959,PT04,1230.12,2025-10-31,2025-11-05T10:00:00
PS00000687,LN00001961,PT02,566.28,2025-12-31,2026-01-05T10:00:00
PS00000688,LN00001963,PT03,418.20,2026-02-28,2026-03-05T10:00:00
PS00000689,LN00001967,PT04,2128.06,2026-06-30,2026-07-05T10:00:00
PS00000690,LN00001969,PT05,659.68,2024-08-31,2024-09-05T10:00:00
PS00000691,LN00001970,PT04,1885.64,2024-09-30,2024-10-05T10:00:00
PS00000692,LN00001976,PT01,661.98,2025-03-31,2025-04-05T10:00:00
PS00000693,LN00001977,PT04,1265.14,2025-04-30,2025-05-05T10:00:00
PS00000694,LN00001978,PT01,894.30,2025-05-31,2025-06-05T10:00:00
PS00000695,LN00001979,PT01,351.78,2025-06-30,2025-07-05T10:00:00
PS00000696,LN00001980,PT04,1121.32,2025-07-31,2025-08-05T10:00:00
PS00000697,LN00001984,PT03,2302.50,2025-11-30,2025-12-05T10:00:00
PS00000698,LN00001985,PT01,1265.88,2025-12-31,2026-01-05T10:00:00
PS00000699,LN00001986,PT05,2029.20,2026-01-31,2026-02-05T10:00:00
PS00000700,LN00001987,PT01,1237.50,2026-02-28,2026-03-05T10:00:00
PS00000701,LN00001991,PT01,265.76,2026-06-30,2026-07-05T10:00:00
PS00000702,LN00001992,PT04,664.70,2026-07-31,2026-08-05T10:00:00
PS00000703,LN00001996,PT01,862.62,2024-11-30,2024-12-05T10:00:00
PS00000704,LN00001997,PT02,2058.16,2024-12-31,2025-01-05T10:00:00
PS00000705,LN00001998,PT04,698.70,2025-01-31,2025-02-05T10:00:00
PS00000706,LN00001999,PT02,1806.48,2025-02-28,2025-03-05T10:00:00
PS00000707,LN00002008,PT02,583.44,2025-11-30,2025-12-05T10:00:00
PS00000708,LN00002009,PT02,575.12,2025-12-31,2026-01-05T10:00:00
PS00000709,LN00002012,PT02,595.66,2026-03-31,2026-04-05T10:00:00
PS00000710,LN00002016,PT04,1093.78,2026-07-31,2026-08-05T10:00:00
PS00000711,LN00002018,PT03,944.40,2024-09-30,2024-10-05T10:00:00
PS00000712,LN00002031,PT01,383.90,2025-10-31,2025-11-05T10:00:00
PS00000713,LN00002032,PT04,1108.74,2025-11-30,2025-12-05T10:00:00
PS00000714,LN00002038,PT03,1821.90,2026-05-31,2026-06-05T10:00:00
PS00000715,LN00002040,PT01,1178.10,2026-07-31,2026-08-05T10:00:00
PS00000716,LN00002043,PT05,1219.80,2024-10-31,2024-11-05T10:00:00
PS00000717,LN00002045,PT04,947.92,2024-12-31,2025-01-05T10:00:00
PS00000718,LN00002052,PT02,1915.94,2025-07-31,2025-08-05T10:00:00
PS00000719,LN00002062,PT05,943.54,2026-05-31,2026-06-05T10:00:00
PS00000720,LN00002063,PT04,781.66,2026-06-30,2026-07-05T10:00:00
PS00000721,LN00002064,PT04,2630.92,2026-07-31,2026-08-05T10:00:00
PS00000722,LN00002072,PT03,1038.00,2025-03-31,2025-04-05T10:00:00
PS00000723,LN00002074,PT03,2256.30,2025-05-31,2025-06-05T10:00:00
PS00000724,LN00002075,PT01,264.44,2025-06-30,2025-07-05T10:00:00
PS00000725,LN00002076,PT05,1087.94,2025-07-31,2025-08-05T10:00:00
PS00000726,LN00002077,PT02,1396.20,2025-08-31,2025-09-05T10:00:00
PS00000727,LN00002081,PT03,1665.00,2025-12-31,2026-01-05T10:00:00
PS00000728,LN00002085,PT03,2042.70,2026-04-30,2026-05-05T10:00:00
PS00000729,LN00002086,PT02,1675.96,2026-05-31,2026-06-05T10:00:00
PS00000730,LN00002087,PT02,426.40,2026-06-30,2026-07-05T10:00:00
PS00000731,LN00002088,PT03,1195.50,2026-07-31,2026-08-05T10:00:00
PS00000732,LN00002090,PT02,1114.36,2024-09-30,2024-10-05T10:00:00
PS00000733,LN00002091,PT05,2313.82,2024-10-31,2024-11-05T10:00:00
PS00000734,LN00002093,PT03,369.90,2024-12-31,2025-01-05T10:00:00
PS00000735,LN00002095,PT02,545.48,2025-02-28,2025-03-05T10:00:00
PS00000736,LN00002097,PT03,2261.70,2025-04-30,2025-05-05T10:00:00
PS00000737,LN00002099,PT01,1321.32,2025-06-30,2025-07-05T10:00:00
PS00000738,LN00002102,PT03,852.90,2025-09-30,2025-10-05T10:00:00
PS00000739,LN00002107,PT02,1605.24,2026-02-28,2026-03-05T10:00:00
PS00000740,LN00002108,PT05,2642.90,2026-03-31,2026-04-05T10:00:00
PS00000741,LN00002109,PT04,2682.94,2026-04-30,2026-05-05T10:00:00
PS00000742,LN00002110,PT01,1373.68,2026-05-31,2026-06-05T10:00:00
PS00000743,LN00002113,PT01,1365.54,2024-08-31,2024-09-05T10:00:00
PS00000744,LN00002114,PT04,2295.00,2024-09-30,2024-10-05T10:00:00
PS00000745,LN00002122,PT05,1193.20,2025-05-31,2025-06-05T10:00:00
PS00000746,LN00002123,PT04,2088.62,2025-06-30,2025-07-05T10:00:00
PS00000747,LN00002124,PT03,2111.70,2025-07-31,2025-08-05T10:00:00
PS00000748,LN00002125,PT04,1439.22,2025-08-31,2025-09-05T10:00:00
PS00000749,LN00002128,PT02,778.18,2025-11-30,2025-12-05T10:00:00
PS00000750,LN00002135,PT01,887.26,2026-06-30,2026-07-05T10:00:00
PS00000751,LN00002139,PT05,3031.26,2024-10-31,2024-11-05T10:00:00
PS00000752,LN00002147,PT01,1003.64,2025-06-30,2025-07-05T10:00:00
PS00000753,LN00002148,PT03,435.00,2025-07-31,2025-08-05T10:00:00
PS00000754,LN00002153,PT03,1932.00,2025-12-31,2026-01-05T10:00:00
PS00000755,LN00002154,PT01,1573.44,2026-01-31,2026-02-05T10:00:00
PS00000756,LN00002157,PT02,1923.22,2026-04-30,2026-05-05T10:00:00
PS00000757,LN00002161,PT02,1888.64,2024-08-31,2024-09-05T10:00:00
PS00000758,LN00002162,PT03,1738.20,2024-09-30,2024-10-05T10:00:00
PS00000759,LN00002166,PT01,586.74,2025-01-31,2025-02-05T10:00:00
PS00000760,LN00002171,PT03,2380.80,2025-06-30,2025-07-05T10:00:00
PS00000761,LN00002174,PT03,1795.80,2025-09-30,2025-10-05T10:00:00
PS00000762,LN00002175,PT05,2237.06,2025-10-31,2025-11-05T10:00:00
PS00000763,LN00002177,PT01,931.92,2025-12-31,2026-01-05T10:00:00
PS00000764,LN00002180,PT02,1466.66,2026-03-31,2026-04-05T10:00:00
PS00000765,LN00002184,PT02,1571.44,2026-07-31,2026-08-05T10:00:00
PS00000766,LN00002188,PT01,752.40,2024-11-30,2024-12-05T10:00:00
PS00000767,LN00002192,PT03,2306.40,2025-03-31,2025-04-05T10:00:00
PS00000768,LN00002195,PT03,652.80,2025-06-30,2025-07-05T10:00:00
PS00000769,LN00002196,PT04,1362.04,2025-07-31,2025-08-05T10:00:00
PS00000770,LN00002199,PT03,2103.30,2025-10-31,2025-11-05T10:00:00
PS00000771,LN00002204,PT04,426.36,2026-03-31,2026-04-05T10:00:00
PS00000772,LN00002210,PT03,1356.30,2024-09-30,2024-10-05T10:00:00
PS00000773,LN00002215,PT05,1871.50,2025-02-28,2025-03-05T10:00:00
PS00000774,LN00002217,PT02,1049.10,2025-04-30,2025-05-05T10:00:00
PS00000775,LN00002218,PT01,951.28,2025-05-31,2025-06-05T10:00:00
PS00000776,LN00002219,PT05,493.62,2025-06-30,2025-07-05T10:00:00
PS00000777,LN00002221,PT03,1731.60,2025-08-31,2025-09-05T10:00:00
PS00000778,LN00002222,PT02,1119.82,2025-09-30,2025-10-05T10:00:00
PS00000779,LN00002223,PT03,2376.30,2025-10-31,2025-11-05T10:00:00
PS00000780,LN00002225,PT01,318.56,2025-12-31,2026-01-05T10:00:00
PS00000781,LN00002226,PT03,1913.10,2026-01-31,2026-02-05T10:00:00
PS00000782,LN00002232,PT04,657.90,2026-07-31,2026-08-05T10:00:00
PS00000783,LN00002237,PT01,1252.68,2024-12-31,2025-01-05T10:00:00
PS00000784,LN00002241,PT02,1296.62,2025-04-30,2025-05-05T10:00:00
PS00000785,LN00002242,PT02,1083.68,2025-05-31,2025-06-05T10:00:00
PS00000786,LN00002243,PT02,944.58,2025-06-30,2025-07-05T10:00:00
PS00000787,LN00002246,PT03,1882.50,2025-09-30,2025-10-05T10:00:00
PS00000788,LN00002248,PT04,2460.92,2025-11-30,2025-12-05T10:00:00
PS00000789,LN00002249,PT02,1499.42,2025-12-31,2026-01-05T10:00:00
PS00000790,LN00002252,PT02,999.96,2026-03-31,2026-04-05T10:00:00
PS00000791,LN00002253,PT02,2066.74,2026-04-30,2026-05-05T10:00:00
PS00000792,LN00002255,PT05,2613.64,2026-06-30,2026-07-05T10:00:00
PS00000793,LN00002259,PT01,463.98,2024-10-31,2024-11-05T10:00:00
PS00000794,LN00002261,PT03,577.20,2024-12-31,2025-01-05T10:00:00
PS00000795,LN00002262,PT04,2609.16,2025-01-31,2025-02-05T10:00:00
PS00000796,LN00002267,PT01,458.48,2025-06-30,2025-07-05T10:00:00
PS00000797,LN00002268,PT02,769.08,2025-07-31,2025-08-05T10:00:00
PS00000798,LN00002271,PT03,1374.00,2025-10-31,2025-11-05T10:00:00
PS00000799,LN00002277,PT03,1062.60,2026-04-30,2026-05-05T10:00:00
PS00000800,LN00002280,PT01,1049.84,2026-07-31,2026-08-05T10:00:00
PS00000801,LN00002287,PT03,1865.70,2025-02-28,2025-03-05T10:00:00
PS00000802,LN00002291,PT05,563.16,2025-06-30,2025-07-05T10:00:00
PS00000803,LN00002294,PT04,1824.44,2025-09-30,2025-10-05T10:00:00
PS00000804,LN00002295,PT04,2360.28,2025-10-31,2025-11-05T10:00:00
PS00000805,LN00002297,PT03,1668.00,2025-12-31,2026-01-05T10:00:00
PS00000806,LN00002304,PT05,1304.92,2026-07-31,2026-08-05T10:00:00
PS00000807,LN00002305,PT05,2899.40,2024-08-31,2024-09-05T10:00:00
PS00000808,LN00002306,PT01,1438.58,2024-09-30,2024-10-05T10:00:00
PS00000809,LN00002308,PT05,2899.40,2024-11-30,2024-12-05T10:00:00
PS00000810,LN00002309,PT03,1313.10,2024-12-31,2025-01-05T10:00:00
PS00000811,LN00002311,PT02,1455.48,2025-02-28,2025-03-05T10:00:00
PS00000812,LN00002314,PT04,1434.80,2025-05-31,2025-06-05T10:00:00
PS00000813,LN00002315,PT01,518.98,2025-06-30,2025-07-05T10:00:00
PS00000814,LN00002317,PT05,2018.94,2025-08-31,2025-09-05T10:00:00
PS00000815,LN00002318,PT05,508.44,2025-09-30,2025-10-05T10:00:00
PS00000816,LN00002319,PT03,2243.70,2025-10-31,2025-11-05T10:00:00
PS00000817,LN00002321,PT05,3009.60,2025-12-31,2026-01-05T10:00:00
PS00000818,LN00002323,PT03,1910.70,2026-02-28,2026-03-05T10:00:00
PS00000819,LN00002326,PT02,1849.90,2026-05-31,2026-06-05T10:00:00
PS00000820,LN00002328,PT02,1997.58,2026-07-31,2026-08-05T10:00:00
PS00000821,LN00002329,PT04,1125.40,2024-08-31,2024-09-05T10:00:00
PS00000822,LN00002337,PT03,2209.50,2025-04-30,2025-05-05T10:00:00
PS00000823,LN00002340,PT01,716.32,2025-07-31,2025-08-05T10:00:00
PS00000824,LN00002341,PT01,373.78,2025-08-31,2025-09-05T10:00:00
PS00000825,LN00002345,PT04,1524.22,2025-12-31,2026-01-05T10:00:00
PS00000826,LN00002346,PT05,2322.56,2026-01-31,2026-02-05T10:00:00
PS00000827,LN00002350,PT01,1408.22,2026-05-31,2026-06-05T10:00:00
PS00000828,LN00002351,PT05,1828.56,2026-06-30,2026-07-05T10:00:00
PS00000829,LN00002356,PT05,638.40,2024-11-30,2024-12-05T10:00:00
PS00000830,LN00002359,PT05,2128.76,2025-02-28,2025-03-05T10:00:00
PS00000831,LN00002360,PT04,2027.42,2025-03-31,2025-04-05T10:00:00
PS00000832,LN00002364,PT04,1384.82,2025-07-31,2025-08-05T10:00:00
PS00000833,LN00002370,PT03,483.30,2026-01-31,2026-02-05T10:00:00
PS00000834,LN00002371,PT04,1335.52,2026-02-28,2026-03-05T10:00:00
PS00000835,LN00002374,PT05,2449.10,2026-05-31,2026-06-05T10:00:00
PS00000836,LN00002376,PT02,1549.34,2026-07-31,2026-08-05T10:00:00
PS00000837,LN00002379,PT01,1195.04,2024-10-31,2024-11-05T10:00:00
PS00000838,LN00002383,PT05,1801.96,2025-02-28,2025-03-05T10:00:00
PS00000839,LN00002388,PT05,1859.72,2025-07-31,2025-08-05T10:00:00
PS00000840,LN00002392,PT01,1497.98,2025-11-30,2025-12-05T10:00:00
PS00000841,LN00002395,PT02,1855.62,2026-02-28,2026-03-05T10:00:00
PS00000842,LN00002396,PT04,2586.38,2026-03-31,2026-04-05T10:00:00
PS00000843,LN00002397,PT03,2195.10,2026-04-30,2026-05-05T10:00:00
PS00000844,LN00002399,PT02,1560.26,2026-06-30,2026-07-05T10:00:00
PS00000845,LN00002405,PT04,1222.30,2024-12-31,2025-01-05T10:00:00
PS00000846,LN00002409,PT04,889.10,2025-04-30,2025-05-05T10:00:00
PS00000847,LN00002416,PT01,1490.50,2025-11-30,2025-12-05T10:00:00
PS00000848,LN00002419,PT03,554.40,2026-02-28,2026-03-05T10:00:00
PS00000849,LN00002423,PT02,1472.12,2026-06-30,2026-07-05T10:00:00
PS00000850,LN00002426,PT02,1025.96,2024-09-30,2024-10-05T10:00:00
PS00000851,LN00002428,PT03,1409.70,2024-11-30,2024-12-05T10:00:00
PS00000852,LN00002431,PT03,2079.60,2025-02-28,2025-03-05T10:00:00
PS00000853,LN00002432,PT03,368.70,2025-03-31,2025-04-05T10:00:00
PS00000854,LN00002433,PT04,1518.44,2025-04-30,2025-05-05T10:00:00
PS00000855,LN00002434,PT01,1692.46,2025-05-31,2025-06-05T10:00:00
PS00000856,LN00002435,PT02,1893.84,2025-06-30,2025-07-05T10:00:00
PS00000857,LN00002437,PT03,1802.10,2025-08-31,2025-09-05T10:00:00
PS00000858,LN00002438,PT01,1584.66,2025-09-30,2025-10-05T10:00:00
PS00000859,LN00002445,PT02,1176.76,2026-04-30,2026-05-05T10:00:00
PS00000860,LN00002448,PT03,2132.40,2026-07-31,2026-08-05T10:00:00
PS00000861,LN00002449,PT05,2511.04,2024-08-31,2024-09-05T10:00:00
PS00000862,LN00002454,PT05,1630.20,2025-01-31,2025-02-05T10:00:00
PS00000863,LN00002455,PT01,954.80,2025-02-28,2025-03-05T10:00:00
PS00000864,LN00002456,PT02,1879.28,2025-03-31,2025-04-05T10:00:00
PS00000865,LN00002458,PT02,1170.52,2025-05-31,2025-06-05T10:00:00
PS00000866,LN00002460,PT03,2003.70,2025-07-31,2025-08-05T10:00:00
PS00000867,LN00002462,PT02,1534.26,2025-09-30,2025-10-05T10:00:00
PS00000868,LN00002464,PT03,1379.70,2025-11-30,2025-12-05T10:00:00
PS00000869,LN00002466,PT02,655.20,2026-01-31,2026-02-05T10:00:00
PS00000870,LN00002470,PT05,1326.20,2026-05-31,2026-06-05T10:00:00
PS00000871,LN00002471,PT04,2712.18,2026-06-30,2026-07-05T10:00:00
PS00000872,LN00002473,PT01,1650.22,2024-08-31,2024-09-05T10:00:00
PS00000873,LN00002478,PT05,2745.50,2025-01-31,2025-02-05T10:00:00
PS00000874,LN00002483,PT01,1409.76,2025-06-30,2025-07-05T10:00:00
PS00000875,LN00002486,PT01,958.98,2025-09-30,2025-10-05T10:00:00
PS00000876,LN00002487,PT02,1256.84,2025-10-31,2025-11-05T10:00:00
PS00000877,LN00002488,PT01,323.18,2025-11-30,2025-12-05T10:00:00
PS00000878,LN00002489,PT05,758.10,2025-12-31,2026-01-05T10:00:00
PS00000879,LN00002490,PT04,1829.88,2026-01-31,2026-02-05T10:00:00
PS00000880,LN00002491,PT04,1335.52,2026-02-28,2026-03-05T10:00:00
PS00000881,LN00002492,PT02,793.78,2026-03-31,2026-04-05T10:00:00
PS00000882,LN00002495,PT02,703.04,2026-06-30,2026-07-05T10:00:00
PS00000883,LN00002497,PT02,954.46,2024-08-31,2024-09-05T10:00:00
PS00000884,LN00002498,PT04,686.12,2024-09-30,2024-10-05T10:00:00
PS00000885,LN00002499,PT01,960.96,2024-10-31,2024-11-05T10:00:00
PS00000886,LN00002500,PT02,1515.02,2024-11-30,2024-12-05T10:00:00
PS00000887,LN00002504,PT05,499.32,2025-03-31,2025-04-05T10:00:00
PS00000888,LN00002505,PT05,2431.62,2025-04-30,2025-05-05T10:00:00
PS00000889,LN00002510,PT05,2459.74,2025-09-30,2025-10-05T10:00:00
PS00000890,LN00002513,PT01,460.02,2025-12-31,2026-01-05T10:00:00
PS00000891,LN00002517,PT04,1813.90,2026-04-30,2026-05-05T10:00:00
PS00000892,LN00002518,PT01,1364.66,2026-05-31,2026-06-05T10:00:00
PS00000893,LN00002523,PT05,1266.16,2024-10-31,2024-11-05T10:00:00
PS00000894,LN00002524,PT01,1643.18,2024-11-30,2024-12-05T10:00:00
PS00000895,LN00002528,PT03,702.00,2025-03-31,2025-04-05T10:00:00
PS00000896,LN00002530,PT05,1979.42,2025-05-31,2025-06-05T10:00:00
PS00000897,LN00002531,PT02,482.04,2025-06-30,2025-07-05T10:00:00
PS00000898,LN00002534,PT03,1226.40,2025-09-30,2025-10-05T10:00:00
PS00000899,LN00002537,PT02,548.08,2025-12-31,2026-01-05T10:00:00
PS00000900,LN00002540,PT05,1338.74,2026-03-31,2026-04-05T10:00:00
PS00000901,LN00002541,PT02,1287.78,2026-04-30,2026-05-05T10:00:00
PS00000902,LN00002542,PT02,1483.56,2026-05-31,2026-06-05T10:00:00
PS00000903,LN00002545,PT01,687.06,2024-08-31,2024-09-05T10:00:00
PS00000904,LN00002546,PT01,1095.38,2024-09-30,2024-10-05T10:00:00
PS00000905,LN00002551,PT01,1656.38,2025-02-28,2025-03-05T10:00:00
PS00000906,LN00002552,PT02,1654.64,2025-03-31,2025-04-05T10:00:00
PS00000907,LN00002558,PT04,1848.92,2025-09-30,2025-10-05T10:00:00
PS00000908,LN00002567,PT01,1086.58,2026-06-30,2026-07-05T10:00:00
PS00000909,LN00002570,PT03,2190.90,2024-09-30,2024-10-05T10:00:00
PS00000910,LN00002572,PT05,2143.20,2024-11-30,2024-12-05T10:00:00
PS00000911,LN00002573,PT02,995.02,2024-12-31,2025-01-05T10:00:00
PS00000912,LN00002574,PT01,1447.38,2025-01-31,2025-02-05T10:00:00
PS00000913,LN00002575,PT02,1550.64,2025-02-28,2025-03-05T10:00:00
PS00000914,LN00002576,PT01,1029.16,2025-03-31,2025-04-05T10:00:00
PS00000915,LN00002578,PT04,1472.54,2025-05-31,2025-06-05T10:00:00
PS00000916,LN00002581,PT05,1420.82,2025-08-31,2025-09-05T10:00:00
PS00000917,LN00002586,PT05,1691.38,2026-01-31,2026-02-05T10:00:00
PS00000918,LN00002590,PT03,735.00,2026-05-31,2026-06-05T10:00:00
PS00000919,LN00002591,PT05,870.20,2026-06-30,2026-07-05T10:00:00
PS00000920,LN00002594,PT05,489.44,2024-09-30,2024-10-05T10:00:00
PS00000921,LN00002595,PT04,1607.86,2024-10-31,2024-11-05T10:00:00
PS00000922,LN00002599,PT04,2279.36,2025-02-28,2025-03-05T10:00:00
PS00000923,LN00002602,PT01,1182.06,2025-05-31,2025-06-05T10:00:00
PS00000924,LN00002606,PT04,576.98,2025-09-30,2025-10-05T10:00:00
PS00000925,LN00002613,PT01,953.70,2026-04-30,2026-05-05T10:00:00
PS00000926,LN00002614,PT05,712.50,2026-05-31,2026-06-05T10:00:00
PS00000927,LN00002615,PT02,1963.00,2026-06-30,2026-07-05T10:00:00
PS00000928,LN00002616,PT05,790.40,2026-07-31,2026-08-05T10:00:00
PS00000929,LN00002619,PT03,629.40,2024-10-31,2024-11-05T10:00:00
PS00000930,LN00002627,PT01,1526.58,2025-06-30,2025-07-05T10:00:00
PS00000931,LN00002630,PT04,2560.54,2025-09-30,2025-10-05T10:00:00
PS00000932,LN00002637,PT02,1592.76,2026-04-30,2026-05-05T10:00:00
PS00000933,LN00002641,PT02,635.96,2024-08-31,2024-09-05T10:00:00
PS00000934,LN00002645,PT03,398.40,2024-12-31,2025-01-05T10:00:00
PS00000935,LN00002647,PT01,278.96,2025-02-28,2025-03-05T10:00:00
PS00000936,LN00002649,PT02,1001.00,2025-04-30,2025-05-05T10:00:00
PS00000937,LN00002650,PT05,1002.44,2025-05-31,2025-06-05T10:00:00
PS00000938,LN00002655,PT01,1578.28,2025-10-31,2025-11-05T10:00:00
PS00000939,LN00002656,PT05,2961.72,2025-11-30,2025-12-05T10:00:00
PS00000940,LN00002658,PT01,1074.92,2026-01-31,2026-02-05T10:00:00
PS00000941,LN00002661,PT01,1434.84,2026-04-30,2026-05-05T10:00:00
PS00000942,LN00002662,PT05,726.94,2026-05-31,2026-06-05T10:00:00
PS00000943,LN00002663,PT02,1851.98,2026-06-30,2026-07-05T10:00:00
PS00000944,LN00002664,PT04,2572.78,2026-07-31,2026-08-05T10:00:00
PS00000945,LN00002665,PT02,456.04,2024-08-31,2024-09-05T10:00:00
PS00000946,LN00002671,PT01,1633.50,2025-02-28,2025-03-05T10:00:00
PS00000947,LN00002672,PT02,917.54,2025-03-31,2025-04-05T10:00:00
PS00000948,LN00002673,PT04,1093.78,2025-04-30,2025-05-05T10:00:00
PS00000949,LN00002680,PT05,2336.24,2025-11-30,2025-12-05T10:00:00
PS00000950,LN00002682,PT03,2367.90,2026-01-31,2026-02-05T10:00:00
PS00000951,LN00002684,PT02,2053.22,2026-03-31,2026-04-05T10:00:00
PS00000952,LN00002689,PT02,1500.46,2024-08-31,2024-09-05T10:00:00
PS00000953,LN00002690,PT03,826.80,2024-09-30,2024-10-05T10:00:00
PS00000954,LN00002691,PT02,1569.36,2024-10-31,2024-11-05T10:00:00
PS00000955,LN00002693,PT01,529.32,2024-12-31,2025-01-05T10:00:00
PS00000956,LN00002695,PT02,902.46,2025-02-28,2025-03-05T10:00:00
PS00000957,LN00002699,PT01,574.64,2025-06-30,2025-07-05T10:00:00
PS00000958,LN00002700,PT03,823.50,2025-07-31,2025-08-05T10:00:00
PS00000959,LN00002701,PT04,2218.16,2025-08-31,2025-09-05T10:00:00
PS00000960,LN00002703,PT01,1710.50,2025-10-31,2025-11-05T10:00:00
PS00000961,LN00002705,PT03,1603.50,2025-12-31,2026-01-05T10:00:00
PS00000962,LN00002706,PT05,1770.42,2026-01-31,2026-02-05T10:00:00
PS00000963,LN00002710,PT02,1218.36,2026-05-31,2026-06-05T10:00:00
PS00000964,LN00002713,PT05,2668.74,2024-08-31,2024-09-05T10:00:00
PS00000965,LN00002714,PT01,1192.40,2024-09-30,2024-10-05T10:00:00
PS00000966,LN00002715,PT01,847.44,2024-10-31,2024-11-05T10:00:00
PS00000967,LN00002719,PT04,1906.38,2025-02-28,2025-03-05T10:00:00
PS00000968,LN00002721,PT01,1456.62,2025-04-30,2025-05-05T10:00:00
PS00000969,LN00002723,PT05,1781.44,2025-06-30,2025-07-05T10:00:00
PS00000970,LN00002734,PT01,1199.00,2026-05-31,2026-06-05T10:00:00
PS00000971,LN00002736,PT04,2710.48,2026-07-31,2026-08-05T10:00:00
PS00000972,LN00002737,PT04,1553.12,2024-08-31,2024-09-05T10:00:00
PS00000973,LN00002748,PT05,2257.58,2025-07-31,2025-08-05T10:00:00
PS00000974,LN00002750,PT01,694.10,2025-09-30,2025-10-05T10:00:00
PS00000975,LN00002751,PT02,1271.14,2025-10-31,2025-11-05T10:00:00
PS00000976,LN00002753,PT04,1336.88,2025-12-31,2026-01-05T10:00:00
PS00000977,LN00002754,PT01,1244.54,2026-01-31,2026-02-05T10:00:00
PS00000978,LN00002758,PT01,1112.10,2026-05-31,2026-06-05T10:00:00
PS00000979,LN00002759,PT03,363.00,2026-06-30,2026-07-05T10:00:00
PS00000980,LN00002761,PT03,1482.00,2024-08-31,2024-09-05T10:00:00
PS00000981,LN00002762,PT05,740.24,2024-09-30,2024-10-05T10:00:00
PS00000982,LN00002763,PT04,1285.20,2024-10-31,2024-11-05T10:00:00
PS00000983,LN00002764,PT03,2057.70,2024-11-30,2024-12-05T10:00:00
PS00000984,LN00002765,PT04,2182.80,2024-12-31,2025-01-05T10:00:00
PS00000985,LN00002767,PT04,1522.52,2025-02-28,2025-03-05T10:00:00
PS00000986,LN00002771,PT01,550.22,2025-06-30,2025-07-05T10:00:00
PS00000987,LN00002774,PT03,1938.90,2025-09-30,2025-10-05T10:00:00
PS00000988,LN00002775,PT05,2025.40,2025-10-31,2025-11-05T10:00:00
PS00000989,LN00002779,PT03,503.10,2026-02-28,2026-03-05T10:00:00
PS00000990,LN00002786,PT05,1625.26,2024-09-30,2024-10-05T10:00:00
PS00000991,LN00002787,PT04,2093.72,2024-10-31,2024-11-05T10:00:00
PS00000992,LN00002789,PT05,2614.78,2024-12-31,2025-01-05T10:00:00
PS00000993,LN00002790,PT03,2089.20,2025-01-31,2025-02-05T10:00:00
PS00000994,LN00002792,PT04,1267.86,2025-03-31,2025-04-05T10:00:00
PS00000995,LN00002793,PT05,1842.62,2025-04-30,2025-05-05T10:00:00
PS00000996,LN00002803,PT05,2372.34,2026-02-28,2026-03-05T10:00:00
PS00000997,LN00002806,PT04,824.50,2026-05-31,2026-06-05T10:00:00
PS00000998,LN00002807,PT03,2246.40,2026-06-30,2026-07-05T10:00:00
PS00000999,LN00002813,PT04,1245.76,2024-12-31,2025-01-05T10:00:00
PS00001000,LN00002815,PT05,1369.90,2025-02-28,2025-03-05T10:00:00
PS00001001,LN00002816,PT05,785.84,2025-03-31,2025-04-05T10:00:00
PS00001002,LN00002821,PT01,437.36,2025-08-31,2025-09-05T10:00:00
PS00001003,LN00002824,PT01,1265.44,2025-11-30,2025-12-05T10:00:00
PS00001004,LN00002825,PT04,2089.98,2025-12-31,2026-01-05T10:00:00
PS00001005,LN00002826,PT01,303.16,2026-01-31,2026-02-05T10:00:00
PS00001006,LN00002829,PT01,367.84,2026-04-30,2026-05-05T10:00:00
PS00001007,LN00002834,PT04,1953.30,2024-09-30,2024-10-05T10:00:00
PS00001008,LN00002839,PT03,374.10,2025-02-28,2025-03-05T10:00:00
PS00001009,LN00002840,PT02,1773.46,2025-03-31,2025-04-05T10:00:00
PS00001010,LN00002847,PT02,457.60,2025-10-31,2025-11-05T10:00:00
PS00001011,LN00002851,PT04,1086.64,2026-02-28,2026-03-05T10:00:00
PS00001012,LN00002856,PT01,636.24,2026-07-31,2026-08-05T10:00:00
PS00001013,LN00002859,PT02,669.50,2024-10-31,2024-11-05T10:00:00
PS00001014,LN00002860,PT03,1894.50,2024-11-30,2024-12-05T10:00:00
PS00001015,LN00002864,PT01,287.76,2025-03-31,2025-04-05T10:00:00
PS00001016,LN00002866,PT04,1719.04,2025-05-31,2025-06-05T10:00:00
PS00001017,LN00002867,PT03,463.20,2025-06-30,2025-07-05T10:00:00
PS00001018,LN00002869,PT04,1815.94,2025-08-31,2025-09-05T10:00:00
PS00001019,LN00002870,PT03,1320.00,2025-09-30,2025-10-05T10:00:00
PS00001020,LN00002873,PT04,2075.02,2025-12-31,2026-01-05T10:00:00
PS00001021,LN00002874,PT02,1101.36,2026-01-31,2026-02-05T10:00:00
PS00001022,LN00002880,PT03,1921.20,2026-07-31,2026-08-05T10:00:00
PS00001023,LN00002881,PT01,1423.18,2024-08-31,2024-09-05T10:00:00
PS00001024,LN00002882,PT04,1215.50,2024-09-30,2024-10-05T10:00:00
PS00001025,LN00002883,PT03,810.60,2024-10-31,2024-11-05T10:00:00
PS00001026,LN00002886,PT01,350.46,2025-01-31,2025-02-05T10:00:00
PS00001027,LN00002889,PT01,532.84,2025-04-30,2025-05-05T10:00:00
PS00001028,LN00002891,PT04,1004.36,2025-06-30,2025-07-05T10:00:00
PS00001029,LN00002893,PT01,682.66,2025-08-31,2025-09-05T10:00:00
PS00001030,LN00002895,PT04,873.46,2025-10-31,2025-11-05T10:00:00
PS00001031,LN00002897,PT04,2193.00,2025-12-31,2026-01-05T10:00:00
PS00001032,LN00002899,PT02,1821.30,2026-02-28,2026-03-05T10:00:00
PS00001033,LN00002900,PT03,544.20,2026-03-31,2026-04-05T10:00:00
PS00001034,LN00002904,PT04,2700.62,2026-07-31,2026-08-05T10:00:00
PS00001035,LN00002905,PT02,1980.68,2024-08-31,2024-09-05T10:00:00
PS00001036,LN00002908,PT04,931.26,2024-11-30,2024-12-05T10:00:00
PS00001037,LN00002913,PT05,2119.64,2025-04-30,2025-05-05T10:00:00
PS00001038,LN00002914,PT02,1599.26,2025-05-31,2025-06-05T10:00:00
PS00001039,LN00002916,PT03,1895.70,2025-07-31,2025-08-05T10:00:00
PS00001040,LN00002917,PT03,622.20,2025-08-31,2025-09-05T10:00:00
PS00001041,LN00002923,PT01,842.82,2026-02-28,2026-03-05T10:00:00
PS00001042,LN00002925,PT02,1440.14,2026-04-30,2026-05-05T10:00:00
PS00001043,LN00002927,PT05,1336.46,2026-06-30,2026-07-05T10:00:00
PS00001044,LN00002929,PT04,1175.72,2024-08-31,2024-09-05T10:00:00
PS00001045,LN00002933,PT04,2270.52,2024-12-31,2025-01-05T10:00:00
PS00001046,LN00002935,PT04,1879.52,2025-02-28,2025-03-05T10:00:00
PS00001047,LN00002936,PT02,1640.60,2025-03-31,2025-04-05T10:00:00
PS00001048,LN00002938,PT03,1522.20,2025-05-31,2025-06-05T10:00:00
PS00001049,LN00002940,PT01,1181.84,2025-07-31,2025-08-05T10:00:00
PS00001050,LN00002943,PT01,1546.38,2025-10-31,2025-11-05T10:00:00
PS00001051,LN00002944,PT01,910.14,2025-11-30,2025-12-05T10:00:00
PS00001052,LN00002947,PT03,1415.10,2026-02-28,2026-03-05T10:00:00
PS00001053,LN00002950,PT03,2082.00,2026-05-31,2026-06-05T10:00:00
PS00001054,LN00002952,PT03,1589.70,2026-07-31,2026-08-05T10:00:00
PS00001055,LN00002953,PT05,1483.14,2024-08-31,2024-09-05T10:00:00
PS00001056,LN00002957,PT02,2009.02,2024-12-31,2025-01-05T10:00:00
PS00001057,LN00002961,PT05,1200.42,2025-04-30,2025-05-05T10:00:00
PS00001058,LN00002963,PT05,776.34,2025-06-30,2025-07-05T10:00:00
PS00001059,LN00002966,PT01,796.18,2025-09-30,2025-10-05T10:00:00
PS00001060,LN00002967,PT02,1114.62,2025-10-31,2025-11-05T10:00:00
PS00001061,LN00002968,PT02,1343.16,2025-11-30,2025-12-05T10:00:00
PS00001062,LN00002969,PT02,1686.36,2025-12-31,2026-01-05T10:00:00
PS00001063,LN00002970,PT03,981.30,2026-01-31,2026-02-05T10:00:00
PS00001064,LN00002973,PT05,862.98,2026-04-30,2026-05-05T10:00:00
PS00001065,LN00002975,PT05,2044.02,2026-06-30,2026-07-05T10:00:00
PS00001066,LN00002982,PT04,1092.42,2025-01-31,2025-02-05T10:00:00
PS00001067,LN00002983,PT01,1362.68,2025-02-28,2025-03-05T10:00:00
PS00001068,LN00002985,PT01,341.00,2025-04-30,2025-05-05T10:00:00
PS00001069,LN00002986,PT03,676.50,2025-05-31,2025-06-05T10:00:00
PS00001070,LN00002987,PT05,2864.44,2025-06-30,2025-07-05T10:00:00
PS00001071,LN00002989,PT02,428.48,2025-08-31,2025-09-05T10:00:00
PS00001072,LN00002990,PT02,830.70,2025-09-30,2025-10-05T10:00:00
PS00001073,LN00002991,PT04,2682.60,2025-10-31,2025-11-05T10:00:00
PS00001074,LN00002993,PT02,790.66,2025-12-31,2026-01-05T10:00:00
PS00001075,LN00002995,PT03,381.60,2026-02-28,2026-03-05T10:00:00
PS00001076,LN00002998,PT05,2694.96,2026-05-31,2026-06-05T10:00:00
PS00001077,LN00003001,PT01,470.36,2024-08-31,2024-09-05T10:00:00
PS00001078,LN00003003,PT01,390.94,2024-10-31,2024-11-05T10:00:00
PS00001079,LN00003004,PT03,2367.60,2024-11-30,2024-12-05T10:00:00
PS00001080,LN00003005,PT03,1080.30,2024-12-31,2025-01-05T10:00:00
PS00001081,LN00003009,PT04,1945.14,2025-04-30,2025-05-05T10:00:00
PS00001082,LN00003013,PT03,1406.40,2025-08-31,2025-09-05T10:00:00
PS00001083,LN00003016,PT01,1706.10,2025-11-30,2025-12-05T10:00:00
PS00001084,LN00003017,PT05,2580.20,2025-12-31,2026-01-05T10:00:00
PS00001085,LN00003020,PT03,1371.30,2026-03-31,2026-04-05T10:00:00
PS00001086,LN00003023,PT03,2181.90,2026-06-30,2026-07-05T10:00:00
PS00001087,LN00003026,PT04,2139.62,2024-09-30,2024-10-05T10:00:00
PS00001088,LN00003030,PT01,1285.46,2025-01-31,2025-02-05T10:00:00
PS00001089,LN00003031,PT01,444.62,2025-02-28,2025-03-05T10:00:00
PS00001090,LN00003033,PT05,1761.68,2025-04-30,2025-05-05T10:00:00
PS00001091,LN00003038,PT01,1586.20,2025-09-30,2025-10-05T10:00:00
PS00001092,LN00003042,PT02,1188.72,2026-01-31,2026-02-05T10:00:00
PS00001093,LN00003051,PT01,909.70,2024-10-31,2024-11-05T10:00:00
PS00001094,LN00003052,PT03,1927.80,2024-11-30,2024-12-05T10:00:00
PS00001095,LN00003053,PT03,1673.10,2024-12-31,2025-01-05T10:00:00
PS00001096,LN00003054,PT04,1282.48,2025-01-31,2025-02-05T10:00:00
PS00001097,LN00003057,PT04,1513.68,2025-04-30,2025-05-05T10:00:00
PS00001098,LN00003064,PT04,954.04,2025-11-30,2025-12-05T10:00:00
PS00001099,LN00003065,PT01,577.50,2025-12-31,2026-01-05T10:00:00
PS00001100,LN00003070,PT05,2180.06,2026-05-31,2026-06-05T10:00:00
PS00001101,LN00003080,PT02,1999.66,2025-03-31,2025-04-05T10:00:00
PS00001102,LN00003085,PT01,1215.50,2025-08-31,2025-09-05T10:00:00
PS00001103,LN00003088,PT04,1271.94,2025-11-30,2025-12-05T10:00:00
PS00001104,LN00003091,PT03,1630.20,2026-02-28,2026-03-05T10:00:00
PS00001105,LN00003093,PT02,369.98,2026-04-30,2026-05-05T10:00:00
PS00001106,LN00003094,PT03,1989.00,2026-05-31,2026-06-05T10:00:00
PS00001107,LN00003097,PT03,606.60,2024-08-31,2024-09-05T10:00:00
PS00001108,LN00003098,PT04,1220.60,2024-09-30,2024-10-05T10:00:00
PS00001109,LN00003101,PT03,839.70,2024-12-31,2025-01-05T10:00:00
PS00001110,LN00003105,PT02,1950.26,2025-04-30,2025-05-05T10:00:00
PS00001111,LN00003109,PT01,1421.64,2025-08-31,2025-09-05T10:00:00
PS00001112,LN00003114,PT04,2382.72,2026-01-31,2026-02-05T10:00:00
PS00001113,LN00003117,PT01,1343.54,2026-04-30,2026-05-05T10:00:00
PS00001114,LN00003121,PT04,1868.30,2024-08-31,2024-09-05T10:00:00
PS00001115,LN00003123,PT02,1664.78,2024-10-31,2024-11-05T10:00:00
PS00001116,LN00003124,PT05,1750.66,2024-11-30,2024-12-05T10:00:00
PS00001117,LN00003126,PT02,1515.54,2025-01-31,2025-02-05T10:00:00
PS00001118,LN00003128,PT02,1843.14,2025-03-31,2025-04-05T10:00:00
PS00001119,LN00003129,PT01,1002.98,2025-04-30,2025-05-05T10:00:00
PS00001120,LN00003131,PT04,2213.06,2025-06-30,2025-07-05T10:00:00
PS00001121,LN00003133,PT02,1827.80,2025-08-31,2025-09-05T10:00:00
PS00001122,LN00003134,PT03,419.10,2025-09-30,2025-10-05T10:00:00
PS00001123,LN00003137,PT05,1624.12,2025-12-31,2026-01-05T10:00:00
PS00001124,LN00003138,PT04,2268.82,2026-01-31,2026-02-05T10:00:00
PS00001125,LN00003139,PT03,668.70,2026-02-28,2026-03-05T10:00:00
PS00001126,LN00003144,PT04,2242.30,2026-07-31,2026-08-05T10:00:00
PS00001127,LN00003151,PT02,1804.92,2025-02-28,2025-03-05T10:00:00
PS00001128,LN00003157,PT03,760.50,2025-08-31,2025-09-05T10:00:00
PS00001129,LN00003163,PT04,1890.74,2026-02-28,2026-03-05T10:00:00
PS00001130,LN00003165,PT04,2189.94,2026-04-30,2026-05-05T10:00:00
PS00001131,LN00003166,PT03,1323.30,2026-05-31,2026-06-05T10:00:00
PS00001132,LN00003167,PT04,1938.34,2026-06-30,2026-07-05T10:00:00
PS00001133,LN00003168,PT04,454.58,2026-07-31,2026-08-05T10:00:00
PS00001134,LN00003169,PT05,1241.84,2024-08-31,2024-09-05T10:00:00
PS00001135,LN00003170,PT01,654.50,2024-09-30,2024-10-05T10:00:00
PS00001136,LN00003173,PT02,1904.50,2024-12-31,2025-01-05T10:00:00
PS00001137,LN00003175,PT01,703.56,2025-02-28,2025-03-05T10:00:00
PS00001138,LN00003177,PT05,831.06,2025-04-30,2025-05-05T10:00:00
PS00001139,LN00003179,PT03,2391.90,2025-06-30,2025-07-05T10:00:00
PS00001140,LN00003180,PT02,654.94,2025-07-31,2025-08-05T10:00:00
PS00001141,LN00003183,PT03,972.30,2025-10-31,2025-11-05T10:00:00
PS00001142,LN00003185,PT03,802.50,2025-12-31,2026-01-05T10:00:00
PS00001143,LN00003187,PT04,1572.84,2026-02-28,2026-03-05T10:00:00
PS00001144,LN00003193,PT05,485.64,2024-08-31,2024-09-05T10:00:00
PS00001145,LN00003195,PT02,1726.14,2024-10-31,2024-11-05T10:00:00
PS00001146,LN00003197,PT03,2033.40,2024-12-31,2025-01-05T10:00:00
PS00001147,LN00003198,PT01,1672.22,2025-01-31,2025-02-05T10:00:00
PS00001148,LN00003203,PT03,497.40,2025-06-30,2025-07-05T10:00:00
PS00001149,LN00003204,PT05,858.04,2025-07-31,2025-08-05T10:00:00
PS00001150,LN00003209,PT05,2618.58,2025-12-31,2026-01-05T10:00:00
PS00001151,LN00003210,PT01,1179.42,2026-01-31,2026-02-05T10:00:00
PS00001152,LN00003214,PT05,2129.90,2026-05-31,2026-06-05T10:00:00
PS00001153,LN00003217,PT04,2426.24,2024-08-31,2024-09-05T10:00:00
PS00001154,LN00003219,PT01,1178.10,2024-10-31,2024-11-05T10:00:00
PS00001155,LN00003220,PT04,584.46,2024-11-30,2024-12-05T10:00:00
PS00001156,LN00003222,PT01,503.14,2025-01-31,2025-02-05T10:00:00
PS00001157,LN00003225,PT02,797.68,2025-04-30,2025-05-05T10:00:00
PS00001158,LN00003227,PT02,1741.22,2025-06-30,2025-07-05T10:00:00
PS00001159,LN00003228,PT03,2003.70,2025-07-31,2025-08-05T10:00:00
PS00001160,LN00003230,PT02,1378.00,2025-09-30,2025-10-05T10:00:00
PS00001161,LN00003232,PT02,1823.90,2025-11-30,2025-12-05T10:00:00
PS00001162,LN00003233,PT02,1828.32,2025-12-31,2026-01-05T10:00:00
PS00001163,LN00003238,PT03,1871.70,2026-05-31,2026-06-05T10:00:00
PS00001164,LN00003239,PT01,1010.90,2026-06-30,2026-07-05T10:00:00
PS00001165,LN00003240,PT03,2090.10,2026-07-31,2026-08-05T10:00:00
PS00001166,LN00003241,PT05,1759.40,2024-08-31,2024-09-05T10:00:00
PS00001167,LN00003242,PT03,1209.60,2024-09-30,2024-10-05T10:00:00
PS00001168,LN00003243,PT04,2034.90,2024-10-31,2024-11-05T10:00:00
PS00001169,LN00003246,PT03,1620.00,2025-01-31,2025-02-05T10:00:00
PS00001170,LN00003248,PT02,1638.00,2025-03-31,2025-04-05T10:00:00
PS00001171,LN00003249,PT05,2089.24,2025-04-30,2025-05-05T10:00:00
PS00001172,LN00003251,PT01,877.14,2025-06-30,2025-07-05T10:00:00
PS00001173,LN00003256,PT03,814.20,2025-11-30,2025-12-05T10:00:00
PS00001174,LN00003265,PT01,905.52,2024-08-31,2024-09-05T10:00:00
PS00001175,LN00003269,PT01,1634.16,2024-12-31,2025-01-05T10:00:00
PS00001176,LN00003271,PT05,485.26,2025-02-28,2025-03-05T10:00:00
PS00001177,LN00003277,PT05,2909.28,2025-08-31,2025-09-05T10:00:00
PS00001178,LN00003278,PT02,1343.42,2025-09-30,2025-10-05T10:00:00
PS00001179,LN00003279,PT02,1756.82,2025-10-31,2025-11-05T10:00:00
PS00001180,LN00003281,PT02,1336.92,2025-12-31,2026-01-05T10:00:00
PS00001181,LN00003287,PT02,1945.58,2026-06-30,2026-07-05T10:00:00
PS00001182,LN00003295,PT02,612.04,2025-02-28,2025-03-05T10:00:00
PS00001183,LN00003297,PT01,478.72,2025-04-30,2025-05-05T10:00:00
PS00001184,LN00003298,PT04,1860.48,2025-05-31,2025-06-05T10:00:00
PS00001185,LN00003299,PT05,2214.64,2025-06-30,2025-07-05T10:00:00
PS00001186,LN00003300,PT03,2270.10,2025-07-31,2025-08-05T10:00:00
PS00001187,LN00003302,PT05,1654.90,2025-09-30,2025-10-05T10:00:00
PS00001188,LN00003304,PT02,455.52,2025-11-30,2025-12-05T10:00:00
PS00001189,LN00003305,PT05,1784.48,2025-12-31,2026-01-05T10:00:00
PS00001190,LN00003307,PT04,2410.60,2026-02-28,2026-03-05T10:00:00
PS00001191,LN00003308,PT01,357.50,2026-03-31,2026-04-05T10:00:00
PS00001192,LN00003313,PT03,795.00,2024-08-31,2024-09-05T10:00:00
PS00001193,LN00003315,PT01,756.80,2024-10-31,2024-11-05T10:00:00
PS00001194,LN00003316,PT03,1829.40,2024-11-30,2024-12-05T10:00:00
PS00001195,LN00003321,PT05,1875.68,2025-04-30,2025-05-05T10:00:00
PS00001196,LN00003323,PT03,1530.90,2025-06-30,2025-07-05T10:00:00
PS00001197,LN00003327,PT05,2468.10,2025-10-31,2025-11-05T10:00:00
PS00001198,LN00003328,PT03,2236.20,2025-11-30,2025-12-05T10:00:00
PS00001199,LN00003330,PT05,2787.30,2026-01-31,2026-02-05T10:00:00
PS00001200,LN00003333,PT04,935.00,2026-04-30,2026-05-05T10:00:00
PS00001201,LN00003334,PT01,1136.08,2026-05-31,2026-06-05T10:00:00
PS00001202,LN00003335,PT04,1987.98,2026-06-30,2026-07-05T10:00:00
PS00001203,LN00003337,PT03,1395.60,2024-08-31,2024-09-05T10:00:00
PS00001204,LN00003341,PT03,2103.30,2024-12-31,2025-01-05T10:00:00
PS00001205,LN00003343,PT05,2805.16,2025-02-28,2025-03-05T10:00:00
PS00001206,LN00003346,PT01,737.66,2025-05-31,2025-06-05T10:00:00
PS00001207,LN00003347,PT05,1578.90,2025-06-30,2025-07-05T10:00:00
PS00001208,LN00003351,PT05,1168.12,2025-10-31,2025-11-05T10:00:00
PS00001209,LN00003356,PT05,1455.02,2026-03-31,2026-04-05T10:00:00
PS00001210,LN00003358,PT03,1146.90,2026-05-31,2026-06-05T10:00:00
PS00001211,LN00003360,PT01,1107.92,2026-07-31,2026-08-05T10:00:00
PS00001212,LN00003364,PT05,1320.50,2024-11-30,2024-12-05T10:00:00
PS00001213,LN00003366,PT05,1870.74,2025-01-31,2025-02-05T10:00:00
PS00001214,LN00003372,PT03,667.20,2025-07-31,2025-08-05T10:00:00
PS00001215,LN00003373,PT04,687.48,2025-08-31,2025-09-05T10:00:00
PS00001216,LN00003377,PT04,1538.50,2025-12-31,2026-01-05T10:00:00
PS00001217,LN00003378,PT04,707.54,2026-01-31,2026-02-05T10:00:00
PS00001218,LN00003380,PT04,2506.82,2026-03-31,2026-04-05T10:00:00
PS00001219,LN00003381,PT05,1635.14,2026-04-30,2026-05-05T10:00:00
PS00001220,LN00003382,PT05,1893.54,2026-05-31,2026-06-05T10:00:00
PS00001221,LN00003387,PT01,1296.90,2024-10-31,2024-11-05T10:00:00
PS00001222,LN00003391,PT05,1778.02,2025-02-28,2025-03-05T10:00:00
PS00001223,LN00003395,PT04,418.54,2025-06-30,2025-07-05T10:00:00
PS00001224,LN00003396,PT04,1200.88,2025-07-31,2025-08-05T10:00:00
PS00001225,LN00003399,PT04,1757.46,2025-10-31,2025-11-05T10:00:00
PS00001226,LN00003400,PT04,2322.88,2025-11-30,2025-12-05T10:00:00
PS00001227,LN00003403,PT04,2203.20,2026-02-28,2026-03-05T10:00:00
PS00001228,LN00003404,PT03,1412.40,2026-03-31,2026-04-05T10:00:00
PS00001229,LN00003407,PT03,456.00,2026-06-30,2026-07-05T10:00:00
PS00001230,LN00003408,PT02,1855.62,2026-07-31,2026-08-05T10:00:00
PS00001231,LN00003410,PT01,1213.74,2024-09-30,2024-10-05T10:00:00
PS00001232,LN00003414,PT02,472.94,2025-01-31,2025-02-05T10:00:00
PS00001233,LN00003416,PT04,880.26,2025-03-31,2025-04-05T10:00:00
PS00001234,LN00003417,PT01,1627.34,2025-04-30,2025-05-05T10:00:00
PS00001235,LN00003424,PT04,1322.60,2025-11-30,2025-12-05T10:00:00
PS00001236,LN00003430,PT03,1325.70,2026-05-31,2026-06-05T10:00:00
PS00001237,LN00003436,PT04,2587.40,2024-11-30,2024-12-05T10:00:00
PS00001238,LN00003437,PT01,995.94,2024-12-31,2025-01-05T10:00:00
PS00001239,LN00003440,PT05,1444.38,2025-03-31,2025-04-05T10:00:00
PS00001240,LN00003441,PT04,1641.86,2025-04-30,2025-05-05T10:00:00
PS00001241,LN00003442,PT03,2044.80,2025-05-31,2025-06-05T10:00:00
PS00001242,LN00003444,PT03,1588.80,2025-07-31,2025-08-05T10:00:00
PS00001243,LN00003448,PT01,1563.98,2025-11-30,2025-12-05T10:00:00
PS00001244,LN00003449,PT02,1776.58,2025-12-31,2026-01-05T10:00:00
PS00001245,LN00003451,PT05,2913.08,2026-02-28,2026-03-05T10:00:00
PS00001246,LN00003452,PT05,2550.94,2026-03-31,2026-04-05T10:00:00
PS00001247,LN00003453,PT04,1940.72,2026-04-30,2026-05-05T10:00:00
PS00001248,LN00003454,PT03,685.50,2026-05-31,2026-06-05T10:00:00
PS00001249,LN00003458,PT03,1977.60,2024-09-30,2024-10-05T10:00:00
PS00001250,LN00003459,PT04,2359.60,2024-10-31,2024-11-05T10:00:00
PS00001251,LN00003464,PT03,1358.70,2025-03-31,2025-04-05T10:00:00
PS00001252,LN00003468,PT04,938.06,2025-07-31,2025-08-05T10:00:00
PS00001253,LN00003471,PT02,552.24,2025-10-31,2025-11-05T10:00:00
PS00001254,LN00003473,PT03,2397.60,2025-12-31,2026-01-05T10:00:00
PS00001255,LN00003475,PT01,341.44,2026-02-28,2026-03-05T10:00:00
PS00001256,LN00003477,PT01,1075.36,2026-04-30,2026-05-05T10:00:00
PS00001257,LN00003479,PT05,2933.22,2026-06-30,2026-07-05T10:00:00
PS00001258,LN00003482,PT02,1460.42,2024-09-30,2024-10-05T10:00:00
PS00001259,LN00003483,PT01,892.32,2024-10-31,2024-11-05T10:00:00
PS00001260,LN00003486,PT04,629.68,2025-01-31,2025-02-05T10:00:00
PS00001261,LN00003495,PT01,334.18,2025-10-31,2025-11-05T10:00:00
PS00001262,LN00003500,PT05,1756.74,2026-03-31,2026-04-05T10:00:00
PS00001263,LN00003501,PT05,1894.30,2026-04-30,2026-05-05T10:00:00
PS00001264,LN00003504,PT01,546.04,2026-07-31,2026-08-05T10:00:00
PS00001265,LN00003507,PT03,913.50,2024-10-31,2024-11-05T10:00:00
PS00001266,LN00003509,PT03,1361.10,2024-12-31,2025-01-05T10:00:00
PS00001267,LN00003510,PT03,1474.20,2025-01-31,2025-02-05T10:00:00
PS00001268,LN00003511,PT05,1090.22,2025-02-28,2025-03-05T10:00:00
PS00001269,LN00003512,PT05,639.92,2025-03-31,2025-04-05T10:00:00
PS00001270,LN00003514,PT04,2224.96,2025-05-31,2025-06-05T10:00:00
PS00001271,LN00003515,PT02,384.02,2025-06-30,2025-07-05T10:00:00
PS00001272,LN00003518,PT05,1025.62,2025-09-30,2025-10-05T10:00:00
PS00001273,LN00003519,PT03,2370.60,2025-10-31,2025-11-05T10:00:00
PS00001274,LN00003521,PT03,1176.30,2025-12-31,2026-01-05T10:00:00
PS00001275,LN00003530,PT05,1558.76,2024-09-30,2024-10-05T10:00:00
PS00001276,LN00003531,PT03,815.40,2024-10-31,2024-11-05T10:00:00
PS00001277,LN00003532,PT03,457.80,2024-11-30,2024-12-05T10:00:00
PS00001278,LN00003536,PT05,517.56,2025-03-31,2025-04-05T10:00:00
PS00001279,LN00003546,PT02,1212.64,2026-01-31,2026-02-05T10:00:00
PS00001280,LN00003550,PT01,363.22,2026-05-31,2026-06-05T10:00:00
PS00001281,LN00003551,PT01,434.06,2026-06-30,2026-07-05T10:00:00
PS00001282,LN00003552,PT01,750.42,2026-07-31,2026-08-05T10:00:00
PS00001283,LN00003556,PT03,379.80,2024-11-30,2024-12-05T10:00:00
PS00001284,LN00003561,PT02,742.04,2025-04-30,2025-05-05T10:00:00
PS00001285,LN00003562,PT01,1193.94,2025-05-31,2025-06-05T10:00:00
PS00001286,LN00003563,PT02,1654.12,2025-06-30,2025-07-05T10:00:00
PS00001287,LN00003564,PT03,1641.90,2025-07-31,2025-08-05T10:00:00
PS00001288,LN00003571,PT03,1098.90,2026-02-28,2026-03-05T10:00:00
PS00001289,LN00003572,PT02,1558.18,2026-03-31,2026-04-05T10:00:00
PS00001290,LN00003573,PT03,2357.10,2026-04-30,2026-05-05T10:00:00
PS00001291,LN00003578,PT01,898.26,2024-09-30,2024-10-05T10:00:00
PS00001292,LN00003579,PT02,439.92,2024-10-31,2024-11-05T10:00:00
PS00001293,LN00003583,PT05,507.30,2025-02-28,2025-03-05T10:00:00
PS00001294,LN00003584,PT01,1154.12,2025-03-31,2025-04-05T10:00:00
PS00001295,LN00003589,PT04,1653.08,2025-08-31,2025-09-05T10:00:00
PS00001296,LN00003590,PT02,805.48,2025-09-30,2025-10-05T10:00:00
PS00001297,LN00003591,PT03,1006.20,2025-10-31,2025-11-05T10:00:00
PS00001298,LN00003596,PT05,2125.72,2026-03-31,2026-04-05T10:00:00
PS00001299,LN00003597,PT01,780.34,2026-04-30,2026-05-05T10:00:00
PS00001300,LN00003599,PT03,1711.80,2026-06-30,2026-07-05T10:00:00
PS00001301,LN00003601,PT04,724.88,2024-08-31,2024-09-05T10:00:00
PS00001302,LN00003603,PT01,304.26,2024-10-31,2024-11-05T10:00:00
PS00001303,LN00003605,PT03,1644.60,2024-12-31,2025-01-05T10:00:00
PS00001304,LN00003608,PT04,600.44,2025-03-31,2025-04-05T10:00:00
PS00001305,LN00003610,PT02,401.96,2025-05-31,2025-06-05T10:00:00
PS00001306,LN00003611,PT02,2032.94,2025-06-30,2025-07-05T10:00:00
PS00001307,LN00003617,PT03,1727.10,2025-12-31,2026-01-05T10:00:00
PS00001308,LN00003619,PT04,1141.38,2026-02-28,2026-03-05T10:00:00
PS00001309,LN00003622,PT02,1422.72,2026-05-31,2026-06-05T10:00:00
PS00001310,LN00003623,PT01,1439.24,2026-06-30,2026-07-05T10:00:00
PS00001311,LN00003627,PT03,776.10,2024-10-31,2024-11-05T10:00:00
PS00001312,LN00003628,PT03,535.50,2024-11-30,2024-12-05T10:00:00
PS00001313,LN00003629,PT03,1569.30,2024-12-31,2025-01-05T10:00:00
PS00001314,LN00003631,PT03,1436.10,2025-02-28,2025-03-05T10:00:00
PS00001315,LN00003635,PT01,982.96,2025-06-30,2025-07-05T10:00:00
PS00001316,LN00003637,PT03,2029.80,2025-08-31,2025-09-05T10:00:00
PS00001317,LN00003639,PT01,1560.68,2025-10-31,2025-11-05T10:00:00
PS00001318,LN00003642,PT04,1040.40,2026-01-31,2026-02-05T10:00:00
PS00001319,LN00003647,PT01,1433.30,2026-06-30,2026-07-05T10:00:00
PS00001320,LN00003651,PT01,320.98,2024-10-31,2024-11-05T10:00:00
PS00001321,LN00003654,PT03,1818.00,2025-01-31,2025-02-05T10:00:00
PS00001322,LN00003657,PT04,2474.52,2025-04-30,2025-05-05T10:00:00
PS00001323,LN00003658,PT02,626.08,2025-05-31,2025-06-05T10:00:00
PS00001324,LN00003659,PT03,2241.30,2025-06-30,2025-07-05T10:00:00
PS00001325,LN00003661,PT01,1426.48,2025-08-31,2025-09-05T10:00:00
PS00001326,LN00003662,PT02,684.84,2025-09-30,2025-10-05T10:00:00
PS00001327,LN00003667,PT04,1627.24,2026-02-28,2026-03-05T10:00:00
PS00001328,LN00003671,PT04,2278.68,2026-06-30,2026-07-05T10:00:00
PS00001329,LN00003672,PT03,2324.10,2026-07-31,2026-08-05T10:00:00
PS00001330,LN00003685,PT04,1261.40,2025-08-31,2025-09-05T10:00:00
PS00001331,LN00003690,PT03,1261.20,2026-01-31,2026-02-05T10:00:00
PS00001332,LN00003691,PT05,2867.48,2026-02-28,2026-03-05T10:00:00
PS00001333,LN00003693,PT03,1165.80,2026-04-30,2026-05-05T10:00:00
PS00001334,LN00003695,PT05,2495.84,2026-06-30,2026-07-05T10:00:00
PS00001335,LN00003697,PT05,1407.52,2024-08-31,2024-09-05T10:00:00
PS00001336,LN00003698,PT02,973.70,2024-09-30,2024-10-05T10:00:00
PS00001337,LN00003699,PT05,858.80,2024-10-31,2024-11-05T10:00:00
PS00001338,LN00003700,PT04,1493.96,2024-11-30,2024-12-05T10:00:00
PS00001339,LN00003703,PT05,2833.66,2025-02-28,2025-03-05T10:00:00
PS00001340,LN00003704,PT04,477.36,2025-03-31,2025-04-05T10:00:00
PS00001341,LN00003705,PT02,765.18,2025-04-30,2025-05-05T10:00:00
PS00001342,LN00003708,PT02,356.46,2025-07-31,2025-08-05T10:00:00
PS00001343,LN00003709,PT03,399.60,2025-08-31,2025-09-05T10:00:00
PS00001344,LN00003714,PT04,1456.22,2026-01-31,2026-02-05T10:00:00
PS00001345,LN00003719,PT03,599.70,2026-06-30,2026-07-05T10:00:00
PS00001346,LN00003720,PT05,739.86,2026-07-31,2026-08-05T10:00:00
PS00001347,LN00003723,PT02,999.44,2024-10-31,2024-11-05T10:00:00
PS00001348,LN00003725,PT03,779.40,2024-12-31,2025-01-05T10:00:00
PS00001349,LN00003732,PT05,1885.18,2025-07-31,2025-08-05T10:00:00
PS00001350,LN00003735,PT03,663.90,2025-10-31,2025-11-05T10:00:00
PS00001351,LN00003736,PT03,1591.20,2025-11-30,2025-12-05T10:00:00
PS00001352,LN00003741,PT03,1665.60,2026-04-30,2026-05-05T10:00:00
PS00001353,LN00003742,PT04,1419.16,2026-05-31,2026-06-05T10:00:00
PS00001354,LN00003744,PT05,1320.88,2026-07-31,2026-08-05T10:00:00
PS00001355,LN00003750,PT05,626.24,2025-01-31,2025-02-05T10:00:00
PS00001356,LN00003753,PT02,451.88,2025-04-30,2025-05-05T10:00:00
PS00001357,LN00003754,PT01,273.02,2025-05-31,2025-06-05T10:00:00
PS00001358,LN00003756,PT04,2436.78,2025-07-31,2025-08-05T10:00:00
PS00001359,LN00003759,PT01,1494.90,2025-10-31,2025-11-05T10:00:00
PS00001360,LN00003761,PT02,1427.92,2025-12-31,2026-01-05T10:00:00
PS00001361,LN00003762,PT04,727.26,2026-01-31,2026-02-05T10:00:00
PS00001362,LN00003763,PT04,1314.10,2026-02-28,2026-03-05T10:00:00
PS00001363,LN00003764,PT01,940.94,2026-03-31,2026-04-05T10:00:00
PS00001364,LN00003765,PT02,1239.42,2026-04-30,2026-05-05T10:00:00
PS00001365,LN00003766,PT05,2017.04,2026-05-31,2026-06-05T10:00:00
PS00001366,LN00003768,PT05,1470.98,2026-07-31,2026-08-05T10:00:00
PS00001367,LN00003769,PT05,528.58,2024-08-31,2024-09-05T10:00:00
PS00001368,LN00003770,PT01,1648.02,2024-09-30,2024-10-05T10:00:00
PS00001369,LN00003773,PT04,1251.88,2024-12-31,2025-01-05T10:00:00
PS00001370,LN00003778,PT02,1869.14,2025-05-31,2025-06-05T10:00:00
PS00001371,LN00003780,PT05,2833.28,2025-07-31,2025-08-05T10:00:00
PS00001372,LN00003781,PT05,990.66,2025-08-31,2025-09-05T10:00:00
PS00001373,LN00003785,PT02,695.50,2025-12-31,2026-01-05T10:00:00
PS00001374,LN00003786,PT03,1845.90,2026-01-31,2026-02-05T10:00:00
PS00001375,LN00003788,PT01,699.38,2026-03-31,2026-04-05T10:00:00
PS00001376,LN00003789,PT02,1711.58,2026-04-30,2026-05-05T10:00:00
PS00001377,LN00003790,PT04,445.40,2026-05-31,2026-06-05T10:00:00
PS00001378,LN00003791,PT04,1606.16,2026-06-30,2026-07-05T10:00:00
PS00001379,LN00003793,PT01,446.16,2024-08-31,2024-09-05T10:00:00
PS00001380,LN00003800,PT02,1890.98,2025-03-31,2025-04-05T10:00:00
PS00001381,LN00003801,PT02,674.18,2025-04-30,2025-05-05T10:00:00
PS00001382,LN00003810,PT02,598.26,2026-01-31,2026-02-05T10:00:00
PS00001383,LN00003811,PT05,1765.86,2026-02-28,2026-03-05T10:00:00
PS00001384,LN00003814,PT03,1625.10,2026-05-31,2026-06-05T10:00:00
PS00001385,LN00003815,PT05,2082.40,2026-06-30,2026-07-05T10:00:00
PS00001386,LN00003824,PT01,1102.20,2025-03-31,2025-04-05T10:00:00
PS00001387,LN00003827,PT02,1713.40,2025-06-30,2025-07-05T10:00:00
PS00001388,LN00003833,PT04,791.52,2025-12-31,2026-01-05T10:00:00
PS00001389,LN00003837,PT02,439.40,2026-04-30,2026-05-05T10:00:00
PS00001390,LN00003838,PT02,348.92,2026-05-31,2026-06-05T10:00:00
PS00001391,LN00003842,PT02,1242.54,2024-09-30,2024-10-05T10:00:00
PS00001392,LN00003845,PT02,969.54,2024-12-31,2025-01-05T10:00:00
PS00001393,LN00003850,PT02,1575.86,2025-05-31,2025-06-05T10:00:00
PS00001394,LN00003851,PT02,1747.46,2025-06-30,2025-07-05T10:00:00
PS00001395,LN00003854,PT02,876.46,2025-09-30,2025-10-05T10:00:00
PS00001396,LN00003862,PT02,1011.92,2026-05-31,2026-06-05T10:00:00
PS00001397,LN00003863,PT01,1277.98,2026-06-30,2026-07-05T10:00:00
PS00001398,LN00003864,PT04,1921.00,2026-07-31,2026-08-05T10:00:00
PS00001399,LN00003868,PT04,1352.52,2024-11-30,2024-12-05T10:00:00
PS00001400,LN00003872,PT02,1072.76,2025-03-31,2025-04-05T10:00:00
PS00001401,LN00003873,PT04,2656.76,2025-04-30,2025-05-05T10:00:00
PS00001402,LN00003875,PT04,1960.78,2025-06-30,2025-07-05T10:00:00
PS00001403,LN00003877,PT03,2027.70,2025-08-31,2025-09-05T10:00:00
PS00001404,LN00003878,PT04,1181.50,2025-09-30,2025-10-05T10:00:00
PS00001405,LN00003880,PT05,1577.00,2025-11-30,2025-12-05T10:00:00
PS00001406,LN00003882,PT02,675.48,2026-01-31,2026-02-05T10:00:00
PS00001407,LN00003883,PT04,520.54,2026-02-28,2026-03-05T10:00:00
PS00001408,LN00003886,PT04,1143.42,2026-05-31,2026-06-05T10:00:00
PS00001409,LN00003887,PT05,877.80,2026-06-30,2026-07-05T10:00:00
PS00001410,LN00003891,PT01,337.26,2024-10-31,2024-11-05T10:00:00
PS00001411,LN00003892,PT03,667.80,2024-11-30,2024-12-05T10:00:00
PS00001412,LN00003894,PT01,361.24,2025-01-31,2025-02-05T10:00:00
PS00001413,LN00003899,PT05,1745.72,2025-06-30,2025-07-05T10:00:00
PS00001414,LN00003902,PT04,2322.88,2025-09-30,2025-10-05T10:00:00
PS00001415,LN00003904,PT02,1566.24,2025-11-30,2025-12-05T10:00:00
PS00001416,LN00003906,PT01,1606.22,2026-01-31,2026-02-05T10:00:00
PS00001417,LN00003911,PT03,1518.00,2026-06-30,2026-07-05T10:00:00
PS00001418,LN00003915,PT02,1295.32,2024-10-31,2024-11-05T10:00:00
PS00001419,LN00003920,PT03,1888.80,2025-03-31,2025-04-05T10:00:00
PS00001420,LN00003930,PT02,1178.84,2026-01-31,2026-02-05T10:00:00
PS00001421,LN00003933,PT02,967.46,2026-04-30,2026-05-05T10:00:00
PS00001422,LN00003935,PT04,1711.22,2026-06-30,2026-07-05T10:00:00
PS00001423,LN00003936,PT03,763.80,2026-07-31,2026-08-05T10:00:00
PS00001424,LN00003939,PT04,1151.24,2024-10-31,2024-11-05T10:00:00
PS00001425,LN00003950,PT04,1400.12,2025-09-30,2025-10-05T10:00:00
PS00001426,LN00003954,PT01,1233.32,2026-01-31,2026-02-05T10:00:00
PS00001427,LN00003955,PT04,1577.26,2026-02-28,2026-03-05T10:00:00
PS00001428,LN00003959,PT04,1404.20,2026-06-30,2026-07-05T10:00:00
PS00001429,LN00003967,PT05,1780.68,2025-02-28,2025-03-05T10:00:00
PS00001430,LN00003968,PT05,1064.76,2025-03-31,2025-04-05T10:00:00
PS00001431,LN00003969,PT01,1399.64,2025-04-30,2025-05-05T10:00:00
PS00001432,LN00003975,PT01,848.10,2025-10-31,2025-11-05T10:00:00
PS00001433,LN00003976,PT04,2387.48,2025-11-30,2025-12-05T10:00:00
PS00001434,LN00003990,PT02,1096.68,2025-01-31,2025-02-05T10:00:00
PS00001435,LN00003996,PT02,1579.50,2025-07-31,2025-08-05T10:00:00
PS00001436,LN00003998,PT03,804.00,2025-09-30,2025-10-05T10:00:00
PS00001437,LN00003999,PT05,918.08,2025-10-31,2025-11-05T10:00:00
PS00001438,LN00004002,PT03,1160.40,2026-01-31,2026-02-05T10:00:00
PS00001439,LN00004007,PT01,518.10,2026-06-30,2026-07-05T10:00:00
PS00001440,LN00004009,PT02,1657.50,2024-08-31,2024-09-05T10:00:00
PS00001441,LN00004010,PT02,1002.30,2024-09-30,2024-10-05T10:00:00
PS00001442,LN00004011,PT02,1565.98,2024-10-31,2024-11-05T10:00:00
PS00001443,LN00004017,PT01,676.72,2025-04-30,2025-05-05T10:00:00
PS00001444,LN00004020,PT02,1595.88,2025-07-31,2025-08-05T10:00:00
PS00001445,LN00004021,PT04,2178.04,2025-08-31,2025-09-05T10:00:00
PS00001446,LN00004022,PT02,452.66,2025-09-30,2025-10-05T10:00:00
PS00001447,LN00004027,PT02,1204.58,2026-02-28,2026-03-05T10:00:00
PS00001448,LN00004028,PT02,1853.28,2026-03-31,2026-04-05T10:00:00
PS00001449,LN00004029,PT03,1618.20,2026-04-30,2026-05-05T10:00:00
PS00001450,LN00004031,PT04,1209.04,2026-06-30,2026-07-05T10:00:00
PS00001451,LN00004032,PT01,692.78,2026-07-31,2026-08-05T10:00:00
PS00001452,LN00004036,PT02,1314.56,2024-11-30,2024-12-05T10:00:00
PS00001453,LN00004040,PT05,460.94,2025-03-31,2025-04-05T10:00:00
PS00001454,LN00004047,PT05,1570.16,2025-10-31,2025-11-05T10:00:00
PS00001455,LN00004050,PT02,1053.26,2026-01-31,2026-02-05T10:00:00
PS00001456,LN00004052,PT04,2497.30,2026-03-31,2026-04-05T10:00:00
PS00001457,LN00004057,PT01,1224.08,2024-08-31,2024-09-05T10:00:00
PS00001458,LN00004058,PT02,459.16,2024-09-30,2024-10-05T10:00:00
PS00001459,LN00004059,PT01,1382.48,2024-10-31,2024-11-05T10:00:00
PS00001460,LN00004062,PT01,311.30,2025-01-31,2025-02-05T10:00:00
PS00001461,LN00004065,PT01,296.78,2025-04-30,2025-05-05T10:00:00
PS00001462,LN00004069,PT05,702.62,2025-08-31,2025-09-05T10:00:00
PS00001463,LN00004070,PT03,1269.60,2025-09-30,2025-10-05T10:00:00
PS00001464,LN00004072,PT04,631.04,2025-11-30,2025-12-05T10:00:00
PS00001465,LN00004074,PT02,1144.00,2026-01-31,2026-02-05T10:00:00
PS00001466,LN00004075,PT01,1682.12,2026-02-28,2026-03-05T10:00:00
PS00001467,LN00004077,PT05,976.60,2026-04-30,2026-05-05T10:00:00
PS00001468,LN00004079,PT01,270.60,2026-06-30,2026-07-05T10:00:00
PS00001469,LN00004081,PT02,1340.30,2024-08-31,2024-09-05T10:00:00
PS00001470,LN00004083,PT01,489.28,2024-10-31,2024-11-05T10:00:00
PS00001471,LN00004085,PT03,925.20,2024-12-31,2025-01-05T10:00:00
PS00001472,LN00004088,PT01,1539.78,2025-03-31,2025-04-05T10:00:00
PS00001473,LN00004089,PT01,741.62,2025-04-30,2025-05-05T10:00:00
PS00001474,LN00004091,PT04,757.86,2025-06-30,2025-07-05T10:00:00
PS00001475,LN00004092,PT02,1331.98,2025-07-31,2025-08-05T10:00:00
PS00001476,LN00004094,PT05,709.46,2025-09-30,2025-10-05T10:00:00
PS00001477,LN00004096,PT01,588.28,2025-11-30,2025-12-05T10:00:00
PS00001478,LN00004098,PT04,2167.16,2026-01-31,2026-02-05T10:00:00
PS00001479,LN00004107,PT01,789.58,2024-10-31,2024-11-05T10:00:00
PS00001480,LN00004109,PT01,952.60,2024-12-31,2025-01-05T10:00:00
PS00001481,LN00004112,PT04,1589.16,2025-03-31,2025-04-05T10:00:00
PS00001482,LN00004113,PT03,1378.80,2025-04-30,2025-05-05T10:00:00
PS00001483,LN00004114,PT01,872.08,2025-05-31,2025-06-05T10:00:00
PS00001484,LN00004117,PT01,679.80,2025-08-31,2025-09-05T10:00:00
PS00001485,LN00004119,PT05,740.62,2025-10-31,2025-11-05T10:00:00
PS00001486,LN00004122,PT03,1623.60,2026-01-31,2026-02-05T10:00:00
PS00001487,LN00004123,PT02,874.38,2026-02-28,2026-03-05T10:00:00
PS00001488,LN00004129,PT02,1892.80,2024-08-31,2024-09-05T10:00:00
PS00001489,LN00004130,PT05,2158.78,2024-09-30,2024-10-05T10:00:00
PS00001490,LN00004131,PT01,800.36,2024-10-31,2024-11-05T10:00:00
PS00001491,LN00004133,PT01,1188.88,2024-12-31,2025-01-05T10:00:00
PS00001492,LN00004135,PT04,2091.00,2025-02-28,2025-03-05T10:00:00
PS00001493,LN00004144,PT04,1069.30,2025-11-30,2025-12-05T10:00:00
PS00001494,LN00004149,PT02,1353.56,2026-04-30,2026-05-05T10:00:00
PS00001495,LN00004151,PT01,1184.48,2026-06-30,2026-07-05T10:00:00
PS00001496,LN00004153,PT03,865.80,2024-08-31,2024-09-05T10:00:00
PS00001497,LN00004155,PT01,1598.30,2024-10-31,2024-11-05T10:00:00
PS00001498,LN00004161,PT02,709.02,2025-04-30,2025-05-05T10:00:00
PS00001499,LN00004163,PT05,2514.46,2025-06-30,2025-07-05T10:00:00
PS00001500,LN00004164,PT01,924.00,2025-07-31,2025-08-05T10:00:00
PS00001501,LN00004165,PT05,594.70,2025-08-31,2025-09-05T10:00:00
PS00001502,LN00004166,PT01,996.60,2025-09-30,2025-10-05T10:00:00
PS00001503,LN00004167,PT02,1340.30,2025-10-31,2025-11-05T10:00:00
PS00001504,LN00004171,PT05,1422.34,2026-02-28,2026-03-05T10:00:00
PS00001505,LN00004173,PT04,2100.86,2026-04-30,2026-05-05T10:00:00
PS00001506,LN00004176,PT05,1534.82,2026-07-31,2026-08-05T10:00:00
PS00001507,LN00004181,PT05,1230.82,2024-12-31,2025-01-05T10:00:00
PS00001508,LN00004184,PT02,1659.32,2025-03-31,2025-04-05T10:00:00
PS00001509,LN00004190,PT05,1936.48,2025-09-30,2025-10-05T10:00:00
PS00001510,LN00004195,PT04,2701.98,2026-02-28,2026-03-05T10:00:00
PS00001511,LN00004196,PT01,1656.82,2026-03-31,2026-04-05T10:00:00
PS00001512,LN00004199,PT04,1654.78,2026-06-30,2026-07-05T10:00:00
PS00001513,LN00004201,PT05,1553.06,2024-08-31,2024-09-05T10:00:00
PS00001514,LN00004203,PT05,2827.58,2024-10-31,2024-11-05T10:00:00
PS00001515,LN00004208,PT05,2091.90,2025-03-31,2025-04-05T10:00:00
PS00001516,LN00004212,PT02,511.94,2025-07-31,2025-08-05T10:00:00
PS00001517,LN00004213,PT01,1249.16,2025-08-31,2025-09-05T10:00:00
PS00001518,LN00004215,PT04,610.30,2025-10-31,2025-11-05T10:00:00
PS00001519,LN00004220,PT04,2017.56,2026-03-31,2026-04-05T10:00:00
PS00001520,LN00004225,PT02,2027.48,2024-08-31,2024-09-05T10:00:00
PS00001521,LN00004229,PT01,840.84,2024-12-31,2025-01-05T10:00:00
PS00001522,LN00004231,PT01,1683.66,2025-02-28,2025-03-05T10:00:00
PS00001523,LN00004233,PT05,2406.92,2025-04-30,2025-05-05T10:00:00
PS00001524,LN00004239,PT04,498.10,2025-10-31,2025-11-05T10:00:00
PS00001525,LN00004240,PT02,377.26,2025-11-30,2025-12-05T10:00:00
PS00001526,LN00004243,PT04,2159.00,2026-02-28,2026-03-05T10:00:00
PS00001527,LN00004252,PT02,1265.42,2024-11-30,2024-12-05T10:00:00
PS00001528,LN00004254,PT03,2274.00,2025-01-31,2025-02-05T10:00:00
PS00001529,LN00004256,PT01,1276.00,2025-03-31,2025-04-05T10:00:00
PS00001530,LN00004259,PT03,2172.90,2025-06-30,2025-07-05T10:00:00
PS00001531,LN00004268,PT05,490.58,2026-03-31,2026-04-05T10:00:00
PS00001532,LN00004270,PT05,2023.12,2026-05-31,2026-06-05T10:00:00
PS00001533,LN00004271,PT01,333.30,2026-06-30,2026-07-05T10:00:00
PS00001534,LN00004273,PT05,1092.88,2024-08-31,2024-09-05T10:00:00
PS00001535,LN00004279,PT05,769.50,2025-02-28,2025-03-05T10:00:00
PS00001536,LN00004283,PT03,1146.60,2025-06-30,2025-07-05T10:00:00
PS00001537,LN00004287,PT01,858.44,2025-10-31,2025-11-05T10:00:00
PS00001538,LN00004289,PT03,1318.20,2025-12-31,2026-01-05T10:00:00
PS00001539,LN00004292,PT02,690.30,2026-03-31,2026-04-05T10:00:00
PS00001540,LN00004298,PT05,1825.90,2024-09-30,2024-10-05T10:00:00
PS00001541,LN00004299,PT03,1519.20,2024-10-31,2024-11-05T10:00:00
PS00001542,LN00004300,PT01,1036.20,2024-11-30,2024-12-05T10:00:00
PS00001543,LN00004302,PT03,2340.90,2025-01-31,2025-02-05T10:00:00
PS00001544,LN00004303,PT03,2324.40,2025-02-28,2025-03-05T10:00:00
PS00001545,LN00004305,PT01,1358.06,2025-04-30,2025-05-05T10:00:00
PS00001546,LN00004307,PT03,1339.80,2025-06-30,2025-07-05T10:00:00
PS00001547,LN00004308,PT04,2059.72,2025-07-31,2025-08-05T10:00:00
PS00001548,LN00004309,PT01,1640.32,2025-08-31,2025-09-05T10:00:00
PS00001549,LN00004310,PT02,1241.24,2025-09-30,2025-10-05T10:00:00
PS00001550,LN00004313,PT01,1633.72,2025-12-31,2026-01-05T10:00:00
PS00001551,LN00004319,PT05,1123.28,2026-06-30,2026-07-05T10:00:00
PS00001552,LN00004323,PT04,1653.76,2024-10-31,2024-11-05T10:00:00
PS00001553,LN00004326,PT04,1285.20,2025-01-31,2025-02-05T10:00:00
PS00001554,LN00004332,PT01,1663.86,2025-07-31,2025-08-05T10:00:00
PS00001555,LN00004333,PT02,1654.38,2025-08-31,2025-09-05T10:00:00
PS00001556,LN00004339,PT04,2442.56,2026-02-28,2026-03-05T10:00:00
PS00001557,LN00004355,PT05,547.96,2025-06-30,2025-07-05T10:00:00
PS00001558,LN00004358,PT01,931.70,2025-09-30,2025-10-05T10:00:00
PS00001559,LN00004359,PT02,816.40,2025-10-31,2025-11-05T10:00:00
PS00001560,LN00004361,PT05,1105.42,2025-12-31,2026-01-05T10:00:00
PS00001561,LN00004362,PT03,1321.20,2026-01-31,2026-02-05T10:00:00
PS00001562,LN00004363,PT05,2488.62,2026-02-28,2026-03-05T10:00:00
PS00001563,LN00004364,PT01,820.82,2026-03-31,2026-04-05T10:00:00
PS00001564,LN00004365,PT02,1633.06,2026-04-30,2026-05-05T10:00:00
PS00001565,LN00004369,PT05,2245.42,2024-08-31,2024-09-05T10:00:00
PS00001566,LN00004373,PT04,541.28,2024-12-31,2025-01-05T10:00:00
PS00001567,LN00004374,PT05,2753.86,2025-01-31,2025-02-05T10:00:00
PS00001568,LN00004375,PT04,1078.14,2025-02-28,2025-03-05T10:00:00
PS00001569,LN00004378,PT01,1457.50,2025-05-31,2025-06-05T10:00:00
PS00001570,LN00004383,PT02,356.98,2025-10-31,2025-11-05T10:00:00
PS00001571,LN00004384,PT03,1530.30,2025-11-30,2025-12-05T10:00:00
PS00001572,LN00004386,PT05,3027.46,2026-01-31,2026-02-05T10:00:00
PS00001573,LN00004390,PT03,2304.60,2026-05-31,2026-06-05T10:00:00
PS00001574,LN00004392,PT05,682.10,2026-07-31,2026-08-05T10:00:00
PS00001575,LN00004393,PT04,1930.52,2024-08-31,2024-09-05T10:00:00
PS00001576,LN00004398,PT02,843.70,2025-01-31,2025-02-05T10:00:00
PS00001577,LN00004401,PT01,1012.66,2025-04-30,2025-05-05T10:00:00
PS00001578,LN00004405,PT02,650.00,2025-08-31,2025-09-05T10:00:00
PS00001579,LN00004406,PT05,1599.80,2025-09-30,2025-10-05T10:00:00
PS00001580,LN00004412,PT05,1706.58,2026-03-31,2026-04-05T10:00:00
PS00001581,LN00004420,PT02,1218.88,2024-11-30,2024-12-05T10:00:00
PS00001582,LN00004422,PT04,1513.00,2025-01-31,2025-02-05T10:00:00
PS00001583,LN00004431,PT04,1621.46,2025-10-31,2025-11-05T10:00:00
PS00001584,LN00004435,PT02,1668.94,2026-02-28,2026-03-05T10:00:00
PS00001585,LN00004437,PT05,2863.30,2026-04-30,2026-05-05T10:00:00
PS00001586,LN00004444,PT01,860.64,2024-11-30,2024-12-05T10:00:00
PS00001587,LN00004451,PT03,1602.60,2025-06-30,2025-07-05T10:00:00
PS00001588,LN00004454,PT02,2038.14,2025-09-30,2025-10-05T10:00:00
PS00001589,LN00004457,PT01,656.70,2025-12-31,2026-01-05T10:00:00
PS00001590,LN00004458,PT02,438.10,2026-01-31,2026-02-05T10:00:00
PS00001591,LN00004459,PT05,1629.06,2026-02-28,2026-03-05T10:00:00
PS00001592,LN00004460,PT02,1325.74,2026-03-31,2026-04-05T10:00:00
PS00001593,LN00004461,PT01,969.10,2026-04-30,2026-05-05T10:00:00
PS00001594,LN00004464,PT04,2075.36,2026-07-31,2026-08-05T10:00:00
PS00001595,LN00004465,PT03,1485.00,2024-08-31,2024-09-05T10:00:00
PS00001596,LN00004466,PT04,512.04,2024-09-30,2024-10-05T10:00:00
PS00001597,LN00004469,PT04,2015.52,2024-12-31,2025-01-05T10:00:00
PS00001598,LN00004470,PT03,1884.30,2025-01-31,2025-02-05T10:00:00
PS00001599,LN00004471,PT01,661.10,2025-02-28,2025-03-05T10:00:00
PS00001600,LN00004472,PT03,2338.50,2025-03-31,2025-04-05T10:00:00
PS00001601,LN00004475,PT03,1738.50,2025-06-30,2025-07-05T10:00:00
PS00001602,LN00004477,PT02,1315.34,2025-08-31,2025-09-05T10:00:00
PS00001603,LN00004479,PT04,2507.50,2025-10-31,2025-11-05T10:00:00
PS00001604,LN00004481,PT01,1735.36,2025-12-31,2026-01-05T10:00:00
PS00001605,LN00004483,PT04,2412.98,2026-02-28,2026-03-05T10:00:00
PS00001606,LN00004485,PT03,1900.50,2026-04-30,2026-05-05T10:00:00
PS00001607,LN00004486,PT02,1563.90,2026-05-31,2026-06-05T10:00:00
PS00001608,LN00004493,PT02,538.20,2024-12-31,2025-01-05T10:00:00
PS00001609,LN00004499,PT04,1672.80,2025-06-30,2025-07-05T10:00:00
PS00001610,LN00004500,PT04,764.66,2025-07-31,2025-08-05T10:00:00
PS00001611,LN00004502,PT03,551.70,2025-09-30,2025-10-05T10:00:00
PS00001612,LN00004503,PT04,1340.96,2025-10-31,2025-11-05T10:00:00
PS00001613,LN00004504,PT02,1638.26,2025-11-30,2025-12-05T10:00:00
PS00001614,LN00004506,PT05,954.94,2026-01-31,2026-02-05T10:00:00
PS00001615,LN00004508,PT02,886.08,2026-03-31,2026-04-05T10:00:00
PS00001616,LN00004511,PT05,1794.36,2026-06-30,2026-07-05T10:00:00
PS00001617,LN00004512,PT04,1477.64,2026-07-31,2026-08-05T10:00:00
PS00001618,LN00004518,PT03,920.40,2025-01-31,2025-02-05T10:00:00
PS00001619,LN00004520,PT03,669.90,2025-03-31,2025-04-05T10:00:00
PS00001620,LN00004521,PT03,393.30,2025-04-30,2025-05-05T10:00:00
PS00001621,LN00004523,PT04,2155.26,2025-06-30,2025-07-05T10:00:00
PS00001622,LN00004531,PT04,2495.26,2026-02-28,2026-03-05T10:00:00
PS00001623,LN00004532,PT04,913.92,2026-03-31,2026-04-05T10:00:00
PS00001624,LN00004535,PT03,534.30,2026-06-30,2026-07-05T10:00:00
PS00001625,LN00004537,PT01,849.64,2024-08-31,2024-09-05T10:00:00
PS00001626,LN00004538,PT02,1556.62,2024-09-30,2024-10-05T10:00:00
PS00001627,LN00004540,PT05,1493.02,2024-11-30,2024-12-05T10:00:00
PS00001628,LN00004545,PT01,983.40,2025-04-30,2025-05-05T10:00:00
PS00001629,LN00004548,PT01,1728.32,2025-07-31,2025-08-05T10:00:00
PS00001630,LN00004551,PT01,578.38,2025-10-31,2025-11-05T10:00:00
PS00001631,LN00004552,PT05,2054.66,2025-11-30,2025-12-05T10:00:00
PS00001632,LN00004562,PT01,834.90,2024-09-30,2024-10-05T10:00:00
PS00001633,LN00004565,PT02,1688.70,2024-12-31,2025-01-05T10:00:00
PS00001634,LN00004566,PT05,2247.32,2025-01-31,2025-02-05T10:00:00
PS00001635,LN00004567,PT04,1582.36,2025-02-28,2025-03-05T10:00:00
PS00001636,LN00004570,PT01,1470.92,2025-05-31,2025-06-05T10:00:00
PS00001637,LN00004571,PT01,479.82,2025-06-30,2025-07-05T10:00:00
PS00001638,LN00004572,PT03,2385.90,2025-07-31,2025-08-05T10:00:00
PS00001639,LN00004573,PT02,1274.78,2025-08-31,2025-09-05T10:00:00
PS00001640,LN00004574,PT05,2986.80,2025-09-30,2025-10-05T10:00:00
PS00001641,LN00004579,PT01,939.40,2026-02-28,2026-03-05T10:00:00
PS00001642,LN00004581,PT03,2247.90,2026-04-30,2026-05-05T10:00:00
PS00001643,LN00004590,PT04,1389.58,2025-01-31,2025-02-05T10:00:00
PS00001644,LN00004591,PT01,1743.28,2025-02-28,2025-03-05T10:00:00
PS00001645,LN00004592,PT03,623.40,2025-03-31,2025-04-05T10:00:00
PS00001646,LN00004593,PT01,1354.98,2025-04-30,2025-05-05T10:00:00
PS00001647,LN00004595,PT05,1776.88,2025-06-30,2025-07-05T10:00:00
PS00001648,LN00004600,PT05,881.98,2025-11-30,2025-12-05T10:00:00
PS00001649,LN00004603,PT04,2195.04,2026-02-28,2026-03-05T10:00:00
PS00001650,LN00004604,PT03,731.70,2026-03-31,2026-04-05T10:00:00
PS00001651,LN00004606,PT02,1955.98,2026-05-31,2026-06-05T10:00:00
PS00001652,LN00004607,PT01,632.72,2026-06-30,2026-07-05T10:00:00
PS00001653,LN00004609,PT05,988.00,2024-08-31,2024-09-05T10:00:00
PS00001654,LN00004616,PT02,1321.06,2025-03-31,2025-04-05T10:00:00
PS00001655,LN00004620,PT03,1850.40,2025-07-31,2025-08-05T10:00:00
PS00001656,LN00004621,PT03,2062.20,2025-08-31,2025-09-05T10:00:00
PS00001657,LN00004623,PT03,488.40,2025-10-31,2025-11-05T10:00:00
PS00001658,LN00004625,PT03,2058.60,2025-12-31,2026-01-05T10:00:00
PS00001659,LN00004626,PT05,1260.08,2026-01-31,2026-02-05T10:00:00
PS00001660,LN00004630,PT01,856.90,2026-05-31,2026-06-05T10:00:00
PS00001661,LN00004631,PT05,1041.58,2026-06-30,2026-07-05T10:00:00
PS00001662,LN00004632,PT03,696.90,2026-07-31,2026-08-05T10:00:00
PS00001663,LN00004633,PT01,327.80,2024-08-31,2024-09-05T10:00:00
PS00001664,LN00004636,PT01,628.32,2024-11-30,2024-12-05T10:00:00
PS00001665,LN00004637,PT01,1331.44,2024-12-31,2025-01-05T10:00:00
PS00001666,LN00004638,PT03,657.00,2025-01-31,2025-02-05T10:00:00
PS00001667,LN00004640,PT04,635.12,2025-03-31,2025-04-05T10:00:00
PS00001668,LN00004642,PT01,1726.78,2025-05-31,2025-06-05T10:00:00
PS00001669,LN00004644,PT03,627.00,2025-07-31,2025-08-05T10:00:00
PS00001670,LN00004645,PT01,712.58,2025-08-31,2025-09-05T10:00:00
PS00001671,LN00004650,PT02,767.26,2026-01-31,2026-02-05T10:00:00
PS00001672,LN00004653,PT04,2153.22,2026-04-30,2026-05-05T10:00:00
PS00001673,LN00004654,PT01,1299.54,2026-05-31,2026-06-05T10:00:00
PS00001674,LN00004656,PT03,799.50,2026-07-31,2026-08-05T10:00:00
PS00001675,LN00004657,PT02,2003.56,2024-08-31,2024-09-05T10:00:00
PS00001676,LN00004658,PT03,1690.50,2024-09-30,2024-10-05T10:00:00
PS00001677,LN00004661,PT05,1376.74,2024-12-31,2025-01-05T10:00:00
PS00001678,LN00004664,PT05,1232.72,2025-03-31,2025-04-05T10:00:00
PS00001679,LN00004665,PT04,2595.56,2025-04-30,2025-05-05T10:00:00
PS00001680,LN00004668,PT04,551.82,2025-07-31,2025-08-05T10:00:00
PS00001681,LN00004674,PT04,1606.16,2026-01-31,2026-02-05T10:00:00
PS00001682,LN00004676,PT02,1691.04,2026-03-31,2026-04-05T10:00:00
PS00001683,LN00004681,PT02,875.42,2024-08-31,2024-09-05T10:00:00
PS00001684,LN00004686,PT04,437.92,2025-01-31,2025-02-05T10:00:00
PS00001685,LN00004687,PT04,1650.70,2025-02-28,2025-03-05T10:00:00
PS00001686,LN00004689,PT03,1294.50,2025-04-30,2025-05-05T10:00:00
PS00001687,LN00004693,PT02,553.54,2025-08-31,2025-09-05T10:00:00
PS00001688,LN00004694,PT04,1860.14,2025-09-30,2025-10-05T10:00:00
PS00001689,LN00004698,PT04,1402.84,2026-01-31,2026-02-05T10:00:00
PS00001690,LN00004699,PT05,2123.82,2026-02-28,2026-03-05T10:00:00
PS00001691,LN00004704,PT01,782.76,2026-07-31,2026-08-05T10:00:00
PS00001692,LN00004705,PT01,1366.42,2024-08-31,2024-09-05T10:00:00
PS00001693,LN00004707,PT02,1042.60,2024-10-31,2024-11-05T10:00:00
PS00001694,LN00004708,PT04,2572.78,2024-11-30,2024-12-05T10:00:00
PS00001695,LN00004709,PT05,2903.20,2024-12-31,2025-01-05T10:00:00
PS00001696,LN00004711,PT05,678.30,2025-02-28,2025-03-05T10:00:00
PS00001697,LN00004718,PT02,563.16,2025-09-30,2025-10-05T10:00:00
PS00001698,LN00004720,PT03,1312.80,2025-11-30,2025-12-05T10:00:00
PS00001699,LN00004725,PT05,2042.12,2026-04-30,2026-05-05T10:00:00
PS00001700,LN00004727,PT04,2392.92,2026-06-30,2026-07-05T10:00:00
PS00001701,LN00004728,PT01,1696.20,2026-07-31,2026-08-05T10:00:00
PS00001702,LN00004730,PT04,1879.52,2024-09-30,2024-10-05T10:00:00
PS00001703,LN00004731,PT04,2413.32,2024-10-31,2024-11-05T10:00:00
PS00001704,LN00004742,PT03,1662.30,2025-09-30,2025-10-05T10:00:00
PS00001705,LN00004743,PT01,730.62,2025-10-31,2025-11-05T10:00:00
PS00001706,LN00004746,PT01,372.02,2026-01-31,2026-02-05T10:00:00
PS00001707,LN00004747,PT02,1296.36,2026-02-28,2026-03-05T10:00:00
PS00001708,LN00004748,PT02,1631.50,2026-03-31,2026-04-05T10:00:00
PS00001709,LN00004751,PT03,2388.90,2026-06-30,2026-07-05T10:00:00
PS00001710,LN00004753,PT02,717.60,2024-08-31,2024-09-05T10:00:00
PS00001711,LN00004757,PT05,544.16,2024-12-31,2025-01-05T10:00:00
PS00001712,LN00004758,PT03,588.60,2025-01-31,2025-02-05T10:00:00
PS00001713,LN00004763,PT01,660.44,2025-06-30,2025-07-05T10:00:00
PS00001714,LN00004765,PT04,607.92,2025-08-31,2025-09-05T10:00:00
PS00001715,LN00004767,PT03,2174.40,2025-10-31,2025-11-05T10:00:00
PS00001716,LN00004770,PT02,818.74,2026-01-31,2026-02-05T10:00:00
PS00001717,LN00004771,PT02,1496.82,2026-02-28,2026-03-05T10:00:00
PS00001718,LN00004774,PT04,2233.80,2026-05-31,2026-06-05T10:00:00
PS00001719,LN00004776,PT04,1412.36,2026-07-31,2026-08-05T10:00:00
PS00001720,LN00004777,PT01,1666.06,2024-08-31,2024-09-05T10:00:00
PS00001721,LN00004778,PT04,1706.80,2024-09-30,2024-10-05T10:00:00
PS00001722,LN00004780,PT05,2389.06,2024-11-30,2024-12-05T10:00:00
PS00001723,LN00004781,PT05,503.12,2024-12-31,2025-01-05T10:00:00
PS00001724,LN00004785,PT02,878.54,2025-04-30,2025-05-05T10:00:00
PS00001725,LN00004786,PT02,592.54,2025-05-31,2025-06-05T10:00:00
PS00001726,LN00004787,PT04,1022.38,2025-06-30,2025-07-05T10:00:00
PS00001727,LN00004793,PT04,1200.54,2025-12-31,2026-01-05T10:00:00
PS00001728,LN00004798,PT01,392.92,2026-05-31,2026-06-05T10:00:00
PS00001729,LN00004800,PT02,2055.82,2026-07-31,2026-08-05T10:00:00
PS00001730,LN00004802,PT04,2654.38,2024-09-30,2024-10-05T10:00:00
PS00001731,LN00004804,PT03,783.90,2024-11-30,2024-12-05T10:00:00
PS00001732,LN00004805,PT05,2180.44,2024-12-31,2025-01-05T10:00:00
PS00001733,LN00004806,PT03,420.90,2025-01-31,2025-02-05T10:00:00
PS00001734,LN00004810,PT04,1556.18,2025-05-31,2025-06-05T10:00:00
PS00001735,LN00004817,PT03,524.40,2025-12-31,2026-01-05T10:00:00
PS00001736,LN00004818,PT01,1629.10,2026-01-31,2026-02-05T10:00:00
PS00001737,LN00004819,PT01,1397.66,2026-02-28,2026-03-05T10:00:00
PS00001738,LN00004821,PT05,1012.70,2026-04-30,2026-05-05T10:00:00
PS00001739,LN00004823,PT05,2112.42,2026-06-30,2026-07-05T10:00:00
PS00001740,LN00004831,PT01,973.06,2025-02-28,2025-03-05T10:00:00
PS00001741,LN00004832,PT02,342.68,2025-03-31,2025-04-05T10:00:00
PS00001742,LN00004834,PT05,1458.44,2025-05-31,2025-06-05T10:00:00
PS00001743,LN00004836,PT01,1744.60,2025-07-31,2025-08-05T10:00:00
PS00001744,LN00004838,PT04,1043.12,2025-09-30,2025-10-05T10:00:00
PS00001745,LN00004840,PT04,2615.96,2025-11-30,2025-12-05T10:00:00
PS00001746,LN00004843,PT04,459.68,2026-02-28,2026-03-05T10:00:00
PS00001747,LN00004845,PT01,480.04,2026-04-30,2026-05-05T10:00:00
PS00001748,LN00004850,PT04,1603.78,2024-09-30,2024-10-05T10:00:00
PS00001749,LN00004852,PT01,922.46,2024-11-30,2024-12-05T10:00:00
PS00001750,LN00004855,PT02,1237.60,2025-02-28,2025-03-05T10:00:00
PS00001751,LN00004858,PT01,817.74,2025-05-31,2025-06-05T10:00:00
PS00001752,LN00004861,PT04,2331.04,2025-08-31,2025-09-05T10:00:00
PS00001753,LN00004864,PT03,1841.70,2025-11-30,2025-12-05T10:00:00
PS00001754,LN00004869,PT05,606.48,2026-04-30,2026-05-05T10:00:00
PS00001755,LN00004871,PT04,871.08,2026-06-30,2026-07-05T10:00:00
PS00001756,LN00004872,PT05,2028.06,2026-07-31,2026-08-05T10:00:00
PS00001757,LN00004874,PT03,1940.10,2024-09-30,2024-10-05T10:00:00
PS00001758,LN00004877,PT05,1733.94,2024-12-31,2025-01-05T10:00:00
PS00001759,LN00004879,PT05,970.90,2025-02-28,2025-03-05T10:00:00
PS00001760,LN00004880,PT05,1194.34,2025-03-31,2025-04-05T10:00:00
PS00001761,LN00004881,PT03,1233.90,2025-04-30,2025-05-05T10:00:00
PS00001762,LN00004883,PT02,596.18,2025-06-30,2025-07-05T10:00:00
PS00001763,LN00004884,PT02,1661.92,2025-07-31,2025-08-05T10:00:00
PS00001764,LN00004885,PT02,1613.56,2025-08-31,2025-09-05T10:00:00
PS00001765,LN00004886,PT05,1827.42,2025-09-30,2025-10-05T10:00:00
PS00001766,LN00004892,PT04,525.30,2026-03-31,2026-04-05T10:00:00
PS00001767,LN00004894,PT04,2304.18,2026-05-31,2026-06-05T10:00:00
PS00001768,LN00004895,PT01,1161.16,2026-06-30,2026-07-05T10:00:00
PS00001769,LN00004900,PT03,2355.60,2024-11-30,2024-12-05T10:00:00
PS00001770,LN00004901,PT01,918.28,2024-12-31,2025-01-05T10:00:00
PS00001771,LN00004906,PT01,1373.90,2025-05-31,2025-06-05T10:00:00
PS00001772,LN00004908,PT01,682.66,2025-07-31,2025-08-05T10:00:00
PS00001773,LN00004910,PT01,1457.06,2025-09-30,2025-10-05T10:00:00
PS00001774,LN00004911,PT05,637.64,2025-10-31,2025-11-05T10:00:00
PS00001775,LN00004913,PT05,2257.58,2025-12-31,2026-01-05T10:00:00
PS00001776,LN00004915,PT02,1855.88,2026-02-28,2026-03-05T10:00:00
PS00001777,LN00004918,PT02,1819.74,2026-05-31,2026-06-05T10:00:00
PS00001778,LN00004921,PT01,966.90,2024-08-31,2024-09-05T10:00:00
PS00001779,LN00004925,PT02,1980.42,2024-12-31,2025-01-05T10:00:00
PS00001780,LN00004927,PT01,894.96,2025-02-28,2025-03-05T10:00:00
PS00001781,LN00004929,PT02,1658.80,2025-04-30,2025-05-05T10:00:00
PS00001782,LN00004936,PT02,1703.26,2025-11-30,2025-12-05T10:00:00
PS00001783,LN00004937,PT05,2696.86,2025-12-31,2026-01-05T10:00:00
PS00001784,LN00004942,PT01,1701.04,2026-05-31,2026-06-05T10:00:00
PS00001785,LN00004944,PT03,797.40,2026-07-31,2026-08-05T10:00:00
PS00001786,LN00004946,PT03,1957.80,2024-09-30,2024-10-05T10:00:00
PS00001787,LN00004947,PT04,445.06,2024-10-31,2024-11-05T10:00:00
PS00001788,LN00004949,PT01,1042.80,2024-12-31,2025-01-05T10:00:00
PS00001789,LN00004951,PT04,792.54,2025-02-28,2025-03-05T10:00:00
PS00001790,LN00004955,PT01,646.80,2025-06-30,2025-07-05T10:00:00
PS00001791,LN00004956,PT01,704.22,2025-07-31,2025-08-05T10:00:00
PS00001792,LN00004960,PT03,2272.20,2025-11-30,2025-12-05T10:00:00
PS00001793,LN00004961,PT02,1899.56,2025-12-31,2026-01-05T10:00:00
PS00001794,LN00004964,PT01,608.52,2026-03-31,2026-04-05T10:00:00
PS00001795,LN00004965,PT03,787.50,2026-04-30,2026-05-05T10:00:00
PS00001796,LN00004969,PT02,1318.72,2024-08-31,2024-09-05T10:00:00
PS00001797,LN00004971,PT02,1886.56,2024-10-31,2024-11-05T10:00:00
PS00001798,LN00004978,PT03,1131.90,2025-05-31,2025-06-05T10:00:00
PS00001799,LN00004979,PT01,1266.10,2025-06-30,2025-07-05T10:00:00
PS00001800,LN00004981,PT03,2262.60,2025-08-31,2025-09-05T10:00:00
PS00001801,LN00004983,PT03,1728.30,2025-10-31,2025-11-05T10:00:00
PS00001802,LN00004984,PT02,1427.66,2025-11-30,2025-12-05T10:00:00
PS00001803,LN00004990,PT03,2161.20,2026-05-31,2026-06-05T10:00:00
PS00001804,LN00004991,PT03,1771.20,2026-06-30,2026-07-05T10:00:00
PS00001805,LN00004992,PT03,808.80,2026-07-31,2026-08-05T10:00:00
PS00001806,LN00004993,PT04,1509.26,2024-08-31,2024-09-05T10:00:00
PS00001807,LN00004998,PT01,1453.98,2025-01-31,2025-02-05T10:00:00
PS00001808,LN00005000,PT01,1505.46,2025-03-31,2025-04-05T10:00:00
PS00001809,LN00005002,PT03,503.70,2025-05-31,2025-06-05T10:00:00
PS00001810,LN00005004,PT05,1742.30,2025-07-31,2025-08-05T10:00:00
PS00001811,LN00005005,PT05,1838.06,2025-08-31,2025-09-05T10:00:00
PS00001812,LN00005010,PT01,1266.76,2026-01-31,2026-02-05T10:00:00
PS00001813,LN00005011,PT02,412.36,2026-02-28,2026-03-05T10:00:00
PS00001814,LN00005012,PT02,1136.20,2026-03-31,2026-04-05T10:00:00
PS00001815,LN00005015,PT01,1301.52,2026-06-30,2026-07-05T10:00:00
PS00001816,LN00005020,PT01,1457.72,2024-11-30,2024-12-05T10:00:00
PS00001817,LN00005021,PT02,1718.86,2024-12-31,2025-01-05T10:00:00
PS00001818,LN00005023,PT02,1604.98,2025-02-28,2025-03-05T10:00:00
PS00001819,LN00005024,PT01,1019.26,2025-03-31,2025-04-05T10:00:00
PS00001820,LN00005036,PT02,1255.28,2026-03-31,2026-04-05T10:00:00
PS00001821,LN00005037,PT03,1535.40,2026-04-30,2026-05-05T10:00:00
PS00001822,LN00005040,PT02,347.36,2026-07-31,2026-08-05T10:00:00
PS00001823,LN00005043,PT01,1533.18,2024-10-31,2024-11-05T10:00:00
PS00001824,LN00005045,PT03,735.60,2024-12-31,2025-01-05T10:00:00
PS00001825,LN00005049,PT04,447.78,2025-04-30,2025-05-05T10:00:00
PS00001826,LN00005050,PT05,1034.36,2025-05-31,2025-06-05T10:00:00
PS00001827,LN00005051,PT02,628.42,2025-06-30,2025-07-05T10:00:00
PS00001828,LN00005054,PT02,1475.50,2025-09-30,2025-10-05T10:00:00
PS00001829,LN00005055,PT01,955.46,2025-10-31,2025-11-05T10:00:00
PS00001830,LN00005058,PT03,992.10,2026-01-31,2026-02-05T10:00:00
PS00001831,LN00005059,PT01,1569.04,2026-02-28,2026-03-05T10:00:00
PS00001832,LN00005060,PT03,485.70,2026-03-31,2026-04-05T10:00:00
PS00001833,LN00005062,PT04,2183.82,2026-05-31,2026-06-05T10:00:00
PS00001834,LN00005066,PT03,557.40,2024-09-30,2024-10-05T10:00:00
PS00001835,LN00005068,PT03,873.90,2024-11-30,2024-12-05T10:00:00
PS00001836,LN00005069,PT03,1978.20,2024-12-31,2025-01-05T10:00:00
PS00001837,LN00005070,PT04,637.50,2025-01-31,2025-02-05T10:00:00
PS00001838,LN00005072,PT05,2655.06,2025-03-31,2025-04-05T10:00:00
PS00001839,LN00005073,PT04,528.02,2025-04-30,2025-05-05T10:00:00
PS00001840,LN00005075,PT05,2047.06,2025-06-30,2025-07-05T10:00:00
PS00001841,LN00005076,PT05,1322.78,2025-07-31,2025-08-05T10:00:00
PS00001842,LN00005081,PT04,581.06,2025-12-31,2026-01-05T10:00:00
PS00001843,LN00005084,PT04,608.26,2026-03-31,2026-04-05T10:00:00
PS00001844,LN00005085,PT03,432.90,2026-04-30,2026-05-05T10:00:00
PS00001845,LN00005087,PT05,1675.42,2026-06-30,2026-07-05T10:00:00
PS00001846,LN00005091,PT02,1578.98,2024-10-31,2024-11-05T10:00:00
PS00001847,LN00005094,PT02,510.90,2025-01-31,2025-02-05T10:00:00
PS00001848,LN00005100,PT05,2421.74,2025-07-31,2025-08-05T10:00:00
PS00001849,LN00005101,PT03,2313.90,2025-08-31,2025-09-05T10:00:00
PS00001850,LN00005102,PT04,2647.58,2025-09-30,2025-10-05T10:00:00
PS00001851,LN00005104,PT04,2365.72,2025-11-30,2025-12-05T10:00:00
PS00001852,LN00005105,PT05,1211.06,2025-12-31,2026-01-05T10:00:00
PS00001853,LN00005106,PT05,2199.06,2026-01-31,2026-02-05T10:00:00
PS00001854,LN00005107,PT01,317.46,2026-02-28,2026-03-05T10:00:00
PS00001855,LN00005110,PT05,987.24,2026-05-31,2026-06-05T10:00:00
PS00001856,LN00005111,PT05,1022.20,2026-06-30,2026-07-05T10:00:00
PS00001857,LN00005114,PT04,1615.00,2024-09-30,2024-10-05T10:00:00
PS00001858,LN00005115,PT02,702.26,2024-10-31,2024-11-05T10:00:00
PS00001859,LN00005116,PT05,1496.82,2024-11-30,2024-12-05T10:00:00
PS00001860,LN00005117,PT02,1165.58,2024-12-31,2025-01-05T10:00:00
PS00001861,LN00005118,PT03,1405.20,2025-01-31,2025-02-05T10:00:00
PS00001862,LN00005125,PT04,642.60,2025-08-31,2025-09-05T10:00:00
PS00001863,LN00005127,PT05,1960.42,2025-10-31,2025-11-05T10:00:00
PS00001864,LN00005128,PT05,2569.18,2025-11-30,2025-12-05T10:00:00
PS00001865,LN00005131,PT05,1620.32,2026-02-28,2026-03-05T10:00:00
PS00001866,LN00005133,PT02,1777.36,2026-04-30,2026-05-05T10:00:00
PS00001867,LN00005143,PT01,1597.42,2025-02-28,2025-03-05T10:00:00
PS00001868,LN00005147,PT05,1294.66,2025-06-30,2025-07-05T10:00:00
PS00001869,LN00005149,PT05,1980.94,2025-08-31,2025-09-05T10:00:00
PS00001870,LN00005159,PT04,1401.82,2026-06-30,2026-07-05T10:00:00
PS00001871,LN00005163,PT04,1049.24,2024-10-31,2024-11-05T10:00:00
PS00001872,LN00005165,PT01,770.22,2024-12-31,2025-01-05T10:00:00
PS00001873,LN00005166,PT02,863.20,2025-01-31,2025-02-05T10:00:00
PS00001874,LN00005172,PT02,1934.66,2025-07-31,2025-08-05T10:00:00
PS00001875,LN00005177,PT04,1277.38,2025-12-31,2026-01-05T10:00:00
PS00001876,LN00005184,PT05,1421.96,2026-07-31,2026-08-05T10:00:00
PS00001877,LN00005185,PT02,838.76,2024-08-31,2024-09-05T10:00:00
PS00001878,LN00005187,PT05,3035.06,2024-10-31,2024-11-05T10:00:00
PS00001879,LN00005189,PT03,1442.70,2024-12-31,2025-01-05T10:00:00
PS00001880,LN00005193,PT01,609.40,2025-04-30,2025-05-05T10:00:00
PS00001881,LN00005194,PT01,853.16,2025-05-31,2025-06-05T10:00:00
PS00001882,LN00005198,PT04,2103.24,2025-09-30,2025-10-05T10:00:00
PS00001883,LN00005199,PT02,1440.40,2025-10-31,2025-11-05T10:00:00
PS00001884,LN00005200,PT01,733.92,2025-11-30,2025-12-05T10:00:00
PS00001885,LN00005201,PT05,1139.24,2025-12-31,2026-01-05T10:00:00
PS00001886,LN00005209,PT05,2747.02,2024-08-31,2024-09-05T10:00:00
PS00001887,LN00005210,PT04,532.10,2024-09-30,2024-10-05T10:00:00
PS00001888,LN00005214,PT04,592.62,2025-01-31,2025-02-05T10:00:00
PS00001889,LN00005215,PT01,927.96,2025-02-28,2025-03-05T10:00:00
PS00001890,LN00005223,PT01,996.60,2025-10-31,2025-11-05T10:00:00
PS00001891,LN00005227,PT02,1431.56,2026-02-28,2026-03-05T10:00:00
PS00001892,LN00005229,PT05,2930.18,2026-04-30,2026-05-05T10:00:00
PS00001893,LN00005231,PT03,1761.00,2026-06-30,2026-07-05T10:00:00
PS00001894,LN00005232,PT02,919.10,2026-07-31,2026-08-05T10:00:00
PS00001895,LN00005233,PT01,1040.38,2024-08-31,2024-09-05T10:00:00
PS00001896,LN00005237,PT03,2265.60,2024-12-31,2025-01-05T10:00:00
PS00001897,LN00005240,PT03,750.30,2025-03-31,2025-04-05T10:00:00
PS00001898,LN00005241,PT03,411.60,2025-04-30,2025-05-05T10:00:00
PS00001899,LN00005242,PT01,1302.40,2025-05-31,2025-06-05T10:00:00
PS00001900,LN00005243,PT05,1574.34,2025-06-30,2025-07-05T10:00:00
PS00001901,LN00005245,PT04,977.16,2025-08-31,2025-09-05T10:00:00
PS00001902,LN00005251,PT01,497.42,2026-02-28,2026-03-05T10:00:00
PS00001903,LN00005252,PT03,790.80,2026-03-31,2026-04-05T10:00:00
PS00001904,LN00005253,PT03,786.30,2026-04-30,2026-05-05T10:00:00
PS00001905,LN00005258,PT03,2361.30,2024-09-30,2024-10-05T10:00:00
PS00001906,LN00005267,PT04,1918.28,2025-06-30,2025-07-05T10:00:00
PS00001907,LN00005268,PT03,1249.50,2025-07-31,2025-08-05T10:00:00
PS00001908,LN00005270,PT02,1364.22,2025-09-30,2025-10-05T10:00:00
PS00001909,LN00005271,PT04,543.66,2025-10-31,2025-11-05T10:00:00
PS00001910,LN00005272,PT05,1824.00,2025-11-30,2025-12-05T10:00:00
PS00001911,LN00005273,PT02,1967.16,2025-12-31,2026-01-05T10:00:00
PS00001912,LN00005274,PT03,1639.20,2026-01-31,2026-02-05T10:00:00
PS00001913,LN00005276,PT04,784.72,2026-03-31,2026-04-05T10:00:00
PS00001914,LN00005277,PT01,1472.90,2026-04-30,2026-05-05T10:00:00
PS00001915,LN00005283,PT05,2999.72,2024-10-31,2024-11-05T10:00:00
PS00001916,LN00005284,PT04,1483.08,2024-11-30,2024-12-05T10:00:00
PS00001917,LN00005285,PT05,3003.14,2024-12-31,2025-01-05T10:00:00
PS00001918,LN00005286,PT05,2601.10,2025-01-31,2025-02-05T10:00:00
PS00001919,LN00005287,PT02,683.54,2025-02-28,2025-03-05T10:00:00
PS00001920,LN00005291,PT03,1526.10,2025-06-30,2025-07-05T10:00:00
PS00001921,LN00005296,PT04,2680.22,2025-11-30,2025-12-05T10:00:00
PS00001922,LN00005299,PT04,2046.46,2026-02-28,2026-03-05T10:00:00
PS00001923,LN00005303,PT01,1404.92,2026-06-30,2026-07-05T10:00:00
PS00001924,LN00005304,PT05,2386.78,2026-07-31,2026-08-05T10:00:00
PS00001925,LN00005307,PT05,695.78,2024-10-31,2024-11-05T10:00:00
PS00001926,LN00005313,PT01,1683.44,2025-04-30,2025-05-05T10:00:00
PS00001927,LN00005316,PT04,715.02,2025-07-31,2025-08-05T10:00:00
PS00001928,LN00005321,PT01,1691.58,2025-12-31,2026-01-05T10:00:00
PS00001929,LN00005323,PT05,2513.70,2026-02-28,2026-03-05T10:00:00
PS00001930,LN00005324,PT05,1504.04,2026-03-31,2026-04-05T10:00:00
PS00001931,LN00005327,PT04,2209.66,2026-06-30,2026-07-05T10:00:00
PS00001932,LN00005333,PT01,735.24,2024-12-31,2025-01-05T10:00:00
PS00001933,LN00005336,PT05,488.68,2025-03-31,2025-04-05T10:00:00
PS00001934,LN00005338,PT04,1764.60,2025-05-31,2025-06-05T10:00:00
PS00001935,LN00005339,PT03,407.10,2025-06-30,2025-07-05T10:00:00
PS00001936,LN00005342,PT05,2081.64,2025-09-30,2025-10-05T10:00:00
PS00001937,LN00005344,PT01,1550.78,2025-11-30,2025-12-05T10:00:00
PS00001938,LN00005349,PT04,590.58,2026-04-30,2026-05-05T10:00:00
PS00001939,LN00005351,PT05,2614.02,2026-06-30,2026-07-05T10:00:00
PS00001940,LN00005354,PT04,2189.26,2024-09-30,2024-10-05T10:00:00
PS00001941,LN00005357,PT02,2000.44,2024-12-31,2025-01-05T10:00:00
PS00001942,LN00005358,PT05,1991.58,2025-01-31,2025-02-05T10:00:00
PS00001943,LN00005359,PT01,1475.32,2025-02-28,2025-03-05T10:00:00
PS00001944,LN00005364,PT03,1702.50,2025-07-31,2025-08-05T10:00:00
PS00001945,LN00005365,PT03,2258.10,2025-08-31,2025-09-05T10:00:00
PS00001946,LN00005369,PT04,2225.98,2025-12-31,2026-01-05T10:00:00
PS00001947,LN00005370,PT01,1388.86,2026-01-31,2026-02-05T10:00:00
PS00001948,LN00005373,PT02,1141.40,2026-04-30,2026-05-05T10:00:00
PS00001949,LN00005379,PT02,1207.70,2024-10-31,2024-11-05T10:00:00
PS00001950,LN00005383,PT04,1696.26,2025-02-28,2025-03-05T10:00:00
PS00001951,LN00005386,PT04,481.44,2025-05-31,2025-06-05T10:00:00
PS00001952,LN00005390,PT02,412.62,2025-09-30,2025-10-05T10:00:00
PS00001953,LN00005391,PT03,1604.10,2025-10-31,2025-11-05T10:00:00
PS00001954,LN00005396,PT04,924.12,2026-03-31,2026-04-05T10:00:00
PS00001955,LN00005401,PT05,941.26,2024-08-31,2024-09-05T10:00:00
PS00001956,LN00005404,PT03,560.40,2024-11-30,2024-12-05T10:00:00
PS00001957,LN00005405,PT02,826.28,2024-12-31,2025-01-05T10:00:00
PS00001958,LN00005417,PT04,735.76,2025-12-31,2026-01-05T10:00:00
PS00001959,LN00005421,PT02,1181.70,2026-04-30,2026-05-05T10:00:00
PS00001960,LN00005423,PT05,1642.74,2026-06-30,2026-07-05T10:00:00
PS00001961,LN00005426,PT05,1111.88,2024-09-30,2024-10-05T10:00:00
PS00001962,LN00005427,PT04,1484.10,2024-10-31,2024-11-05T10:00:00
PS00001963,LN00005428,PT03,1188.60,2024-11-30,2024-12-05T10:00:00
PS00001964,LN00005430,PT01,1039.72,2025-01-31,2025-02-05T10:00:00
PS00001965,LN00005431,PT01,1477.30,2025-02-28,2025-03-05T10:00:00
PS00001966,LN00005432,PT04,2217.82,2025-03-31,2025-04-05T10:00:00
PS00001967,LN00005433,PT03,2392.50,2025-04-30,2025-05-05T10:00:00
PS00001968,LN00005434,PT05,537.32,2025-05-31,2025-06-05T10:00:00
PS00001969,LN00005440,PT02,512.46,2025-11-30,2025-12-05T10:00:00
PS00001970,LN00005442,PT04,2633.64,2026-01-31,2026-02-05T10:00:00
PS00001971,LN00005443,PT04,1682.32,2026-02-28,2026-03-05T10:00:00
PS00001972,LN00005445,PT01,1296.46,2026-04-30,2026-05-05T10:00:00
PS00001973,LN00005446,PT03,931.50,2026-05-31,2026-06-05T10:00:00
PS00001974,LN00005449,PT02,1939.60,2024-08-31,2024-09-05T10:00:00
PS00001975,LN00005451,PT03,906.90,2024-10-31,2024-11-05T10:00:00
PS00001976,LN00005452,PT04,2565.98,2024-11-30,2024-12-05T10:00:00
PS00001977,LN00005455,PT02,1612.26,2025-02-28,2025-03-05T10:00:00
PS00001978,LN00005457,PT03,2157.90,2025-04-30,2025-05-05T10:00:00
PS00001979,LN00005464,PT04,1433.10,2025-11-30,2025-12-05T10:00:00
PS00001980,LN00005467,PT05,1594.10,2026-02-28,2026-03-05T10:00:00
PS00001981,LN00005472,PT04,2448.68,2026-07-31,2026-08-05T10:00:00
PS00001982,LN00005473,PT02,949.00,2024-08-31,2024-09-05T10:00:00
PS00001983,LN00005475,PT05,1629.82,2024-10-31,2024-11-05T10:00:00
PS00001984,LN00005477,PT03,1982.70,2024-12-31,2025-01-05T10:00:00
PS00001985,LN00005478,PT05,2766.78,2025-01-31,2025-02-05T10:00:00
PS00001986,LN00005479,PT01,1096.70,2025-02-28,2025-03-05T10:00:00
PS00001987,LN00005482,PT05,2865.58,2025-05-31,2025-06-05T10:00:00
PS00001988,LN00005483,PT04,1638.12,2025-06-30,2025-07-05T10:00:00
PS00001989,LN00005484,PT05,855.00,2025-07-31,2025-08-05T10:00:00
PS00001990,LN00005485,PT05,2141.30,2025-08-31,2025-09-05T10:00:00
PS00001991,LN00005486,PT04,2616.98,2025-09-30,2025-10-05T10:00:00
PS00001992,LN00005490,PT02,2039.96,2026-01-31,2026-02-05T10:00:00
PS00001993,LN00005491,PT04,2306.56,2026-02-28,2026-03-05T10:00:00
PS00001994,LN00005495,PT01,620.62,2026-06-30,2026-07-05T10:00:00
PS00001995,LN00005498,PT04,2198.10,2024-09-30,2024-10-05T10:00:00
PS00001996,LN00005509,PT05,2840.12,2025-08-31,2025-09-05T10:00:00
PS00001997,LN00005515,PT01,1043.02,2026-02-28,2026-03-05T10:00:00
PS00001998,LN00005519,PT04,789.14,2026-06-30,2026-07-05T10:00:00
PS00001999,LN00005520,PT03,2069.40,2026-07-31,2026-08-05T10:00:00
PS00002000,LN00005522,PT03,833.10,2024-09-30,2024-10-05T10:00:00
PS00002001,LN00005524,PT05,2171.70,2024-11-30,2024-12-05T10:00:00
PS00002002,LN00005525,PT03,978.90,2024-12-31,2025-01-05T10:00:00
PS00002003,LN00005530,PT03,1503.30,2025-05-31,2025-06-05T10:00:00
PS00002004,LN00005533,PT05,876.28,2025-08-31,2025-09-05T10:00:00
PS00002005,LN00005534,PT01,521.84,2025-09-30,2025-10-05T10:00:00
PS00002006,LN00005536,PT04,2046.46,2025-11-30,2025-12-05T10:00:00
PS00002007,LN00005543,PT01,1513.38,2026-06-30,2026-07-05T10:00:00
PS00002008,LN00005545,PT03,1880.70,2024-08-31,2024-09-05T10:00:00
PS00002009,LN00005547,PT04,1677.56,2024-10-31,2024-11-05T10:00:00
PS00002010,LN00005548,PT01,1275.78,2024-11-30,2024-12-05T10:00:00
PS00002011,LN00005549,PT02,1457.56,2024-12-31,2025-01-05T10:00:00
PS00002012,LN00005550,PT03,1671.30,2025-01-31,2025-02-05T10:00:00
PS00002013,LN00005555,PT05,1128.60,2025-06-30,2025-07-05T10:00:00
PS00002014,LN00005556,PT01,917.62,2025-07-31,2025-08-05T10:00:00
PS00002015,LN00005557,PT01,1109.90,2025-08-31,2025-09-05T10:00:00
PS00002016,LN00005558,PT05,1890.12,2025-09-30,2025-10-05T10:00:00
PS00002017,LN00005559,PT01,432.30,2025-10-31,2025-11-05T10:00:00
PS00002018,LN00005563,PT04,2152.88,2026-02-28,2026-03-05T10:00:00
PS00002019,LN00005565,PT05,2040.60,2026-04-30,2026-05-05T10:00:00
PS00002020,LN00005567,PT05,549.10,2026-06-30,2026-07-05T10:00:00
PS00002021,LN00005571,PT02,1789.06,2024-10-31,2024-11-05T10:00:00
PS00002022,LN00005576,PT05,902.50,2025-03-31,2025-04-05T10:00:00
PS00002023,LN00005578,PT02,1654.12,2025-05-31,2025-06-05T10:00:00
PS00002024,LN00005583,PT02,1153.36,2025-10-31,2025-11-05T10:00:00
PS00002025,LN00005584,PT04,2003.96,2025-11-30,2025-12-05T10:00:00
PS00002026,LN00005587,PT02,522.86,2026-02-28,2026-03-05T10:00:00
PS00002027,LN00005590,PT02,919.10,2026-05-31,2026-06-05T10:00:00
PS00002028,LN00005592,PT04,2658.46,2026-07-31,2026-08-05T10:00:00
PS00002029,LN00005596,PT02,1666.60,2024-11-30,2024-12-05T10:00:00
PS00002030,LN00005597,PT02,648.70,2024-12-31,2025-01-05T10:00:00
PS00002031,LN00005598,PT04,1311.72,2025-01-31,2025-02-05T10:00:00
PS00002032,LN00005599,PT01,378.40,2025-02-28,2025-03-05T10:00:00
PS00002033,LN00005601,PT05,2272.78,2025-04-30,2025-05-05T10:00:00
PS00002034,LN00005602,PT04,2200.82,2025-05-31,2025-06-05T10:00:00
PS00002035,LN00005611,PT03,1743.90,2026-02-28,2026-03-05T10:00:00
PS00002036,LN00005613,PT01,1426.04,2026-04-30,2026-05-05T10:00:00
PS00002037,LN00005618,PT01,1134.10,2024-09-30,2024-10-05T10:00:00
PS00002038,LN00005620,PT02,1234.48,2024-11-30,2024-12-05T10:00:00
PS00002039,LN00005624,PT05,1797.02,2025-03-31,2025-04-05T10:00:00
PS00002040,LN00005625,PT01,960.74,2025-04-30,2025-05-05T10:00:00
PS00002041,LN00005628,PT04,2439.50,2025-07-31,2025-08-05T10:00:00
PS00002042,LN00005630,PT04,2286.16,2025-09-30,2025-10-05T10:00:00
PS00002043,LN00005631,PT03,525.30,2025-10-31,2025-11-05T10:00:00
PS00002044,LN00005632,PT01,564.30,2025-11-30,2025-12-05T10:00:00
PS00002045,LN00005633,PT05,1700.12,2025-12-31,2026-01-05T10:00:00
PS00002046,LN00005637,PT04,2322.20,2026-04-30,2026-05-05T10:00:00
PS00002047,LN00005639,PT04,1140.70,2026-06-30,2026-07-05T10:00:00
PS00002048,LN00005643,PT05,1296.56,2024-10-31,2024-11-05T10:00:00
PS00002049,LN00005644,PT03,1806.60,2024-11-30,2024-12-05T10:00:00
PS00002050,LN00005645,PT04,1292.34,2024-12-31,2025-01-05T10:00:00
PS00002051,LN00005649,PT02,932.88,2025-04-30,2025-05-05T10:00:00
PS00002052,LN00005650,PT02,2061.02,2025-05-31,2025-06-05T10:00:00
PS00002053,LN00005657,PT04,2233.12,2025-12-31,2026-01-05T10:00:00
PS00002054,LN00005659,PT04,903.38,2026-02-28,2026-03-05T10:00:00
PS00002055,LN00005663,PT01,1647.36,2026-06-30,2026-07-05T10:00:00
PS00002056,LN00005666,PT02,534.04,2024-09-30,2024-10-05T10:00:00
PS00002057,LN00005668,PT01,1672.66,2024-11-30,2024-12-05T10:00:00
PS00002058,LN00005669,PT04,2318.46,2024-12-31,2025-01-05T10:00:00
PS00002059,LN00005673,PT03,921.60,2025-04-30,2025-05-05T10:00:00
PS00002060,LN00005675,PT01,1363.34,2025-06-30,2025-07-05T10:00:00
PS00002061,LN00005676,PT04,2167.84,2025-07-31,2025-08-05T10:00:00
PS00002062,LN00005686,PT03,2127.30,2026-05-31,2026-06-05T10:00:00
PS00002063,LN00005687,PT03,1644.30,2026-06-30,2026-07-05T10:00:00
PS00002064,LN00005690,PT01,1645.38,2024-09-30,2024-10-05T10:00:00
PS00002065,LN00005691,PT01,1512.50,2024-10-31,2024-11-05T10:00:00
PS00002066,LN00005692,PT05,1602.08,2024-11-30,2024-12-05T10:00:00
PS00002067,LN00005694,PT05,859.94,2025-01-31,2025-02-05T10:00:00
PS00002068,LN00005696,PT02,2069.86,2025-03-31,2025-04-05T10:00:00
PS00002069,LN00005698,PT02,538.46,2025-05-31,2025-06-05T10:00:00
PS00002070,LN00005700,PT02,909.48,2025-07-31,2025-08-05T10:00:00
PS00002071,LN00005702,PT03,2392.20,2025-09-30,2025-10-05T10:00:00
PS00002072,LN00005703,PT01,1401.40,2025-10-31,2025-11-05T10:00:00
PS00002073,LN00005708,PT04,493.68,2026-03-31,2026-04-05T10:00:00
PS00002074,LN00005709,PT02,1328.08,2026-04-30,2026-05-05T10:00:00
PS00002075,LN00005714,PT03,1094.70,2024-09-30,2024-10-05T10:00:00
PS00002076,LN00005716,PT05,1323.92,2024-11-30,2024-12-05T10:00:00
PS00002077,LN00005718,PT03,427.80,2025-01-31,2025-02-05T10:00:00
PS00002078,LN00005719,PT01,1675.08,2025-02-28,2025-03-05T10:00:00
PS00002079,LN00005720,PT02,1870.18,2025-03-31,2025-04-05T10:00:00
PS00002080,LN00005723,PT03,2346.30,2025-06-30,2025-07-05T10:00:00
PS00002081,LN00005724,PT03,958.80,2025-07-31,2025-08-05T10:00:00
PS00002082,LN00005727,PT05,672.22,2025-10-31,2025-11-05T10:00:00
PS00002083,LN00005730,PT02,337.22,2026-01-31,2026-02-05T10:00:00
PS00002084,LN00005735,PT04,753.10,2026-06-30,2026-07-05T10:00:00
PS00002085,LN00005736,PT03,725.10,2026-07-31,2026-08-05T10:00:00
PS00002086,LN00005744,PT02,435.76,2025-03-31,2025-04-05T10:00:00
PS00002087,LN00005745,PT05,1483.90,2025-04-30,2025-05-05T10:00:00
PS00002088,LN00005751,PT04,803.42,2025-10-31,2025-11-05T10:00:00
PS00002089,LN00005753,PT02,1886.56,2025-12-31,2026-01-05T10:00:00
PS00002090,LN00005754,PT04,634.10,2026-01-31,2026-02-05T10:00:00
PS00002091,LN00005755,PT01,757.90,2026-02-28,2026-03-05T10:00:00
PS00002092,LN00005756,PT01,626.78,2026-03-31,2026-04-05T10:00:00
PS00002093,LN00005758,PT05,2385.26,2026-05-31,2026-06-05T10:00:00
PS00002094,LN00005759,PT03,1406.70,2026-06-30,2026-07-05T10:00:00
PS00002095,LN00005760,PT04,896.92,2026-07-31,2026-08-05T10:00:00
PS00002096,LN00005761,PT01,917.84,2024-08-31,2024-09-05T10:00:00
PS00002097,LN00005763,PT03,2040.30,2024-10-31,2024-11-05T10:00:00
PS00002098,LN00005765,PT05,1830.08,2024-12-31,2025-01-05T10:00:00
PS00002099,LN00005767,PT03,1614.30,2025-02-28,2025-03-05T10:00:00
PS00002100,LN00005769,PT04,2365.04,2025-04-30,2025-05-05T10:00:00
PS00002101,LN00005772,PT05,1217.52,2025-07-31,2025-08-05T10:00:00
PS00002102,LN00005774,PT03,2103.60,2025-09-30,2025-10-05T10:00:00
PS00002103,LN00005778,PT03,419.10,2026-01-31,2026-02-05T10:00:00
PS00002104,LN00005779,PT05,569.24,2026-02-28,2026-03-05T10:00:00
PS00002105,LN00005783,PT02,1090.18,2026-06-30,2026-07-05T10:00:00
PS00002106,LN00005792,PT04,1839.74,2025-03-31,2025-04-05T10:00:00
PS00002107,LN00005794,PT02,707.72,2025-05-31,2025-06-05T10:00:00
PS00002108,LN00005795,PT04,1651.38,2025-06-30,2025-07-05T10:00:00
PS00002109,LN00005796,PT03,549.90,2025-07-31,2025-08-05T10:00:00
PS00002110,LN00005803,PT02,1875.90,2026-02-28,2026-03-05T10:00:00
PS00002111,LN00005804,PT02,1124.24,2026-03-31,2026-04-05T10:00:00
PS00002112,LN00005808,PT01,1351.24,2026-07-31,2026-08-05T10:00:00
PS00002113,LN00005809,PT01,476.30,2024-08-31,2024-09-05T10:00:00
PS00002114,LN00005811,PT01,1630.42,2024-10-31,2024-11-05T10:00:00
PS00002115,LN00005815,PT03,903.00,2025-02-28,2025-03-05T10:00:00
PS00002116,LN00005819,PT04,631.38,2025-06-30,2025-07-05T10:00:00
PS00002117,LN00005820,PT04,1176.74,2025-07-31,2025-08-05T10:00:00
PS00002118,LN00005823,PT04,2097.80,2025-10-31,2025-11-05T10:00:00
PS00002119,LN00005824,PT04,1855.72,2025-11-30,2025-12-05T10:00:00
PS00002120,LN00005826,PT04,1927.80,2026-01-31,2026-02-05T10:00:00
PS00002121,LN00005829,PT03,1265.70,2026-04-30,2026-05-05T10:00:00
PS00002122,LN00005835,PT02,1113.58,2024-10-31,2024-11-05T10:00:00
PS00002123,LN00005837,PT01,1121.12,2024-12-31,2025-01-05T10:00:00
PS00002124,LN00005840,PT05,1233.86,2025-03-31,2025-04-05T10:00:00
PS00002125,LN00005841,PT04,1424.94,2025-04-30,2025-05-05T10:00:00
PS00002126,LN00005848,PT04,1527.62,2025-11-30,2025-12-05T10:00:00
PS00002127,LN00005850,PT02,450.58,2026-01-31,2026-02-05T10:00:00
PS00002128,LN00005854,PT04,2072.64,2026-05-31,2026-06-05T10:00:00
PS00002129,LN00005856,PT04,1295.74,2026-07-31,2026-08-05T10:00:00
PS00002130,LN00005859,PT03,1404.60,2024-10-31,2024-11-05T10:00:00
PS00002131,LN00005862,PT02,1751.62,2025-01-31,2025-02-05T10:00:00
PS00002132,LN00005864,PT04,2268.14,2025-03-31,2025-04-05T10:00:00
PS00002133,LN00005870,PT01,978.12,2025-09-30,2025-10-05T10:00:00
PS00002134,LN00005872,PT01,1572.12,2025-11-30,2025-12-05T10:00:00
PS00002135,LN00005874,PT04,2208.98,2026-01-31,2026-02-05T10:00:00
PS00002136,LN00005875,PT04,2626.84,2026-02-28,2026-03-05T10:00:00
PS00002137,LN00005877,PT05,2479.50,2026-04-30,2026-05-05T10:00:00
PS00002138,LN00005878,PT03,1054.80,2026-05-31,2026-06-05T10:00:00
PS00002139,LN00005885,PT01,989.34,2024-12-31,2025-01-05T10:00:00
PS00002140,LN00005887,PT05,952.66,2025-02-28,2025-03-05T10:00:00
PS00002141,LN00005888,PT03,1508.10,2025-03-31,2025-04-05T10:00:00
PS00002142,LN00005893,PT05,2393.62,2025-08-31,2025-09-05T10:00:00
PS00002143,LN00005895,PT04,2584.34,2025-10-31,2025-11-05T10:00:00
PS00002144,LN00005898,PT04,1045.50,2026-01-31,2026-02-05T10:00:00
PS00002145,LN00005900,PT05,881.98,2026-03-31,2026-04-05T10:00:00
PS00002146,LN00005901,PT05,2374.24,2026-04-30,2026-05-05T10:00:00
PS00002147,LN00005906,PT02,1660.10,2024-09-30,2024-10-05T10:00:00
PS00002148,LN00005907,PT01,505.12,2024-10-31,2024-11-05T10:00:00
PS00002149,LN00005908,PT05,1787.90,2024-11-30,2024-12-05T10:00:00
PS00002150,LN00005909,PT02,1230.84,2024-12-31,2025-01-05T10:00:00
PS00002151,LN00005910,PT01,1583.78,2025-01-31,2025-02-05T10:00:00
PS00002152,LN00005911,PT03,505.50,2025-02-28,2025-03-05T10:00:00
PS00002153,LN00005912,PT01,524.26,2025-03-31,2025-04-05T10:00:00
PS00002154,LN00005913,PT02,1615.90,2025-04-30,2025-05-05T10:00:00
PS00002155,LN00005914,PT03,2015.10,2025-05-31,2025-06-05T10:00:00
PS00002156,LN00005915,PT04,2534.36,2025-06-30,2025-07-05T10:00:00
PS00002157,LN00005917,PT05,1481.62,2025-08-31,2025-09-05T10:00:00
PS00002158,LN00005918,PT04,1447.38,2025-09-30,2025-10-05T10:00:00
PS00002159,LN00005920,PT03,1516.50,2025-11-30,2025-12-05T10:00:00
PS00002160,LN00005921,PT02,2030.08,2025-12-31,2026-01-05T10:00:00
PS00002161,LN00005922,PT04,714.68,2026-01-31,2026-02-05T10:00:00
PS00002162,LN00005923,PT01,1694.00,2026-02-28,2026-03-05T10:00:00
PS00002163,LN00005924,PT03,372.00,2026-03-31,2026-04-05T10:00:00
PS00002164,LN00005925,PT04,2569.04,2026-04-30,2026-05-05T10:00:00
PS00002165,LN00005929,PT05,1714.18,2024-08-31,2024-09-05T10:00:00
PS00002166,LN00005930,PT04,1992.40,2024-09-30,2024-10-05T10:00:00
PS00002167,LN00005933,PT05,2830.62,2024-12-31,2025-01-05T10:00:00
PS00002168,LN00005936,PT04,2662.88,2025-03-31,2025-04-05T10:00:00
PS00002169,LN00005941,PT01,1075.36,2025-08-31,2025-09-05T10:00:00
PS00002170,LN00005942,PT05,867.16,2025-09-30,2025-10-05T10:00:00
PS00002171,LN00005943,PT03,2278.80,2025-10-31,2025-11-05T10:00:00
PS00002172,LN00005946,PT03,575.40,2026-01-31,2026-02-05T10:00:00
PS00002173,LN00005949,PT02,895.70,2026-04-30,2026-05-05T10:00:00
PS00002174,LN00005953,PT02,1290.38,2024-08-31,2024-09-05T10:00:00
PS00002175,LN00005956,PT05,2163.34,2024-11-30,2024-12-05T10:00:00
PS00002176,LN00005957,PT04,834.36,2024-12-31,2025-01-05T10:00:00
PS00002177,LN00005962,PT05,1018.78,2025-05-31,2025-06-05T10:00:00
PS00002178,LN00005964,PT03,1870.20,2025-07-31,2025-08-05T10:00:00
PS00002179,LN00005966,PT04,1588.48,2025-09-30,2025-10-05T10:00:00
PS00002180,LN00005968,PT02,388.96,2025-11-30,2025-12-05T10:00:00
PS00002181,LN00005970,PT03,1343.40,2026-01-31,2026-02-05T10:00:00
PS00002182,LN00005973,PT03,443.10,2026-04-30,2026-05-05T10:00:00
PS00002183,LN00005974,PT01,833.36,2026-05-31,2026-06-05T10:00:00
PS00002184,LN00005976,PT03,2048.10,2026-07-31,2026-08-05T10:00:00
PS00002185,LN00005982,PT03,1601.10,2025-01-31,2025-02-05T10:00:00
PS00002186,LN00005985,PT04,1587.12,2025-04-30,2025-05-05T10:00:00
PS00002187,LN00005991,PT02,1613.04,2025-10-31,2025-11-05T10:00:00
PS00002188,LN00005993,PT02,1604.72,2025-12-31,2026-01-05T10:00:00
PS00002189,LN00006002,PT03,1298.40,2024-09-30,2024-10-05T10:00:00
PS00002190,LN00006004,PT04,2518.04,2024-11-30,2024-12-05T10:00:00
PS00002191,LN00006007,PT01,1049.62,2025-02-28,2025-03-05T10:00:00
PS00002192,LN00006008,PT03,773.10,2025-03-31,2025-04-05T10:00:00
PS00002193,LN00006013,PT04,2440.52,2025-08-31,2025-09-05T10:00:00
PS00002194,LN00006020,PT01,1564.42,2026-03-31,2026-04-05T10:00:00
PS00002195,LN00006022,PT03,1964.70,2026-05-31,2026-06-05T10:00:00
PS00002196,LN00006023,PT02,723.06,2026-06-30,2026-07-05T10:00:00
PS00002197,LN00006028,PT04,2332.06,2024-11-30,2024-12-05T10:00:00
PS00002198,LN00006029,PT05,2974.64,2024-12-31,2025-01-05T10:00:00
PS00002199,LN00006030,PT05,1623.36,2025-01-31,2025-02-05T10:00:00
PS00002200,LN00006031,PT03,518.70,2025-02-28,2025-03-05T10:00:00
PS00002201,LN00006037,PT01,307.56,2025-08-31,2025-09-05T10:00:00
PS00002202,LN00006039,PT04,2612.22,2025-10-31,2025-11-05T10:00:00
PS00002203,LN00006045,PT02,690.56,2026-04-30,2026-05-05T10:00:00
PS00002204,LN00006046,PT03,2008.80,2026-05-31,2026-06-05T10:00:00
PS00002205,LN00006047,PT03,2032.50,2026-06-30,2026-07-05T10:00:00
PS00002206,LN00006049,PT01,1323.30,2024-08-31,2024-09-05T10:00:00
PS00002207,LN00006055,PT02,908.96,2025-02-28,2025-03-05T10:00:00
PS00002208,LN00006056,PT04,2469.42,2025-03-31,2025-04-05T10:00:00
PS00002209,LN00006057,PT01,270.82,2025-04-30,2025-05-05T10:00:00
PS00002210,LN00006064,PT03,663.00,2025-11-30,2025-12-05T10:00:00
PS00002211,LN00006065,PT05,2907.76,2025-12-31,2026-01-05T10:00:00
PS00002212,LN00006068,PT05,1255.52,2026-03-31,2026-04-05T10:00:00
PS00002213,LN00006070,PT05,1999.18,2026-05-31,2026-06-05T10:00:00
PS00002214,LN00006075,PT02,1691.82,2024-10-31,2024-11-05T10:00:00
PS00002215,LN00006079,PT05,1332.66,2025-02-28,2025-03-05T10:00:00
PS00002216,LN00006080,PT04,1002.32,2025-03-31,2025-04-05T10:00:00
PS00002217,LN00006097,PT01,301.84,2024-08-31,2024-09-05T10:00:00
PS00002218,LN00006100,PT03,431.40,2024-11-30,2024-12-05T10:00:00
PS00002219,LN00006103,PT02,500.50,2025-02-28,2025-03-05T10:00:00
PS00002220,LN00006104,PT04,860.54,2025-03-31,2025-04-05T10:00:00
PS00002221,LN00006105,PT05,1389.66,2025-04-30,2025-05-05T10:00:00
PS00002222,LN00006106,PT05,2753.48,2025-05-31,2025-06-05T10:00:00
PS00002223,LN00006116,PT04,510.68,2026-03-31,2026-04-05T10:00:00
PS00002224,LN00006117,PT01,948.42,2026-04-30,2026-05-05T10:00:00
PS00002225,LN00006121,PT01,1120.46,2024-08-31,2024-09-05T10:00:00
PS00002226,LN00006122,PT01,1445.84,2024-09-30,2024-10-05T10:00:00
PS00002227,LN00006126,PT02,1061.32,2025-01-31,2025-02-05T10:00:00
PS00002228,LN00006130,PT05,1725.20,2025-05-31,2025-06-05T10:00:00
PS00002229,LN00006132,PT01,1357.18,2025-07-31,2025-08-05T10:00:00
PS00002230,LN00006134,PT02,478.14,2025-09-30,2025-10-05T10:00:00
PS00002231,LN00006136,PT04,1064.88,2025-11-30,2025-12-05T10:00:00
PS00002232,LN00006137,PT02,1295.58,2025-12-31,2026-01-05T10:00:00
PS00002233,LN00006148,PT05,1534.44,2024-11-30,2024-12-05T10:00:00
PS00002234,LN00006149,PT01,994.40,2024-12-31,2025-01-05T10:00:00
PS00002235,LN00006151,PT04,2574.82,2025-02-28,2025-03-05T10:00:00
PS00002236,LN00006153,PT02,928.72,2025-04-30,2025-05-05T10:00:00
PS00002237,LN00006155,PT04,2142.68,2025-06-30,2025-07-05T10:00:00
PS00002238,LN00006156,PT02,1300.78,2025-07-31,2025-08-05T10:00:00
PS00002239,LN00006157,PT03,931.20,2025-08-31,2025-09-05T10:00:00
PS00002240,LN00006160,PT02,579.80,2025-11-30,2025-12-05T10:00:00
PS00002241,LN00006163,PT04,1633.02,2026-02-28,2026-03-05T10:00:00
PS00002242,LN00006165,PT05,1587.64,2026-04-30,2026-05-05T10:00:00
PS00002243,LN00006166,PT05,1742.30,2026-05-31,2026-06-05T10:00:00
PS00002244,LN00006168,PT05,2410.72,2026-07-31,2026-08-05T10:00:00
PS00002245,LN00006172,PT02,1997.58,2024-11-30,2024-12-05T10:00:00
PS00002246,LN00006174,PT01,461.56,2025-01-31,2025-02-05T10:00:00
PS00002247,LN00006177,PT01,584.76,2025-04-30,2025-05-05T10:00:00
PS00002248,LN00006182,PT05,1211.06,2025-09-30,2025-10-05T10:00:00
PS00002249,LN00006186,PT01,1257.30,2026-01-31,2026-02-05T10:00:00
PS00002250,LN00006188,PT04,2314.38,2026-03-31,2026-04-05T10:00:00
PS00002251,LN00006189,PT02,481.26,2026-04-30,2026-05-05T10:00:00
PS00002252,LN00006190,PT03,504.00,2026-05-31,2026-06-05T10:00:00
PS00002253,LN00006194,PT04,2232.78,2024-09-30,2024-10-05T10:00:00
PS00002254,LN00006196,PT02,363.48,2024-11-30,2024-12-05T10:00:00
PS00002255,LN00006199,PT01,541.86,2025-02-28,2025-03-05T10:00:00
PS00002256,LN00006203,PT03,812.10,2025-06-30,2025-07-05T10:00:00
PS00002257,LN00006208,PT03,508.80,2025-11-30,2025-12-05T10:00:00
PS00002258,LN00006209,PT05,2730.30,2025-12-31,2026-01-05T10:00:00
PS00002259,LN00006210,PT03,1576.80,2026-01-31,2026-02-05T10:00:00
PS00002260,LN00006212,PT03,1414.80,2026-03-31,2026-04-05T10:00:00
PS00002261,LN00006215,PT02,1784.90,2026-06-30,2026-07-05T10:00:00
PS00002262,LN00006216,PT02,1368.64,2026-07-31,2026-08-05T10:00:00
PS00002263,LN00006217,PT04,1877.82,2024-08-31,2024-09-05T10:00:00
PS00002264,LN00006221,PT04,1845.52,2024-12-31,2025-01-05T10:00:00
PS00002265,LN00006223,PT03,628.20,2025-02-28,2025-03-05T10:00:00
PS00002266,LN00006228,PT05,2960.96,2025-07-31,2025-08-05T10:00:00
PS00002267,LN00006230,PT01,1494.68,2025-09-30,2025-10-05T10:00:00
PS00002268,LN00006231,PT05,2606.80,2025-10-31,2025-11-05T10:00:00
PS00002269,LN00006236,PT01,1248.72,2026-03-31,2026-04-05T10:00:00
PS00002270,LN00006238,PT03,1404.00,2026-05-31,2026-06-05T10:00:00
PS00002271,LN00006241,PT01,1576.74,2024-08-31,2024-09-05T10:00:00
PS00002272,LN00006243,PT05,2715.48,2024-10-31,2024-11-05T10:00:00
PS00002273,LN00006244,PT01,974.60,2024-11-30,2024-12-05T10:00:00
PS00002274,LN00006245,PT03,2371.80,2024-12-31,2025-01-05T10:00:00
PS00002275,LN00006246,PT02,641.68,2025-01-31,2025-02-05T10:00:00
PS00002276,LN00006247,PT02,788.06,2025-02-28,2025-03-05T10:00:00
PS00002277,LN00006249,PT01,1356.96,2025-04-30,2025-05-05T10:00:00
PS00002278,LN00006254,PT02,1344.46,2025-09-30,2025-10-05T10:00:00
PS00002279,LN00006255,PT01,588.28,2025-10-31,2025-11-05T10:00:00
PS00002280,LN00006256,PT04,2621.40,2025-11-30,2025-12-05T10:00:00
PS00002281,LN00006257,PT05,742.90,2025-12-31,2026-01-05T10:00:00
PS00002282,LN00006258,PT03,377.70,2026-01-31,2026-02-05T10:00:00
PS00002283,LN00006259,PT05,2677.10,2026-02-28,2026-03-05T10:00:00
PS00002284,LN00006261,PT01,528.44,2026-04-30,2026-05-05T10:00:00
PS00002285,LN00006262,PT05,866.02,2026-05-31,2026-06-05T10:00:00
PS00002286,LN00006263,PT01,897.82,2026-06-30,2026-07-05T10:00:00
PS00002287,LN00006264,PT02,1537.38,2026-07-31,2026-08-05T10:00:00
PS00002288,LN00006271,PT04,2383.74,2025-02-28,2025-03-05T10:00:00
PS00002289,LN00006279,PT04,939.42,2025-10-31,2025-11-05T10:00:00
PS00002290,LN00006282,PT01,570.68,2026-01-31,2026-02-05T10:00:00
PS00002291,LN00006283,PT01,1087.02,2026-02-28,2026-03-05T10:00:00
PS00002292,LN00006285,PT05,2911.56,2026-04-30,2026-05-05T10:00:00
PS00002293,LN00006287,PT04,554.54,2026-06-30,2026-07-05T10:00:00
PS00002294,LN00006289,PT03,589.20,2024-08-31,2024-09-05T10:00:00
PS00002295,LN00006290,PT04,2533.34,2024-09-30,2024-10-05T10:00:00
PS00002296,LN00006291,PT04,1617.38,2024-10-31,2024-11-05T10:00:00
PS00002297,LN00006295,PT05,2387.54,2025-02-28,2025-03-05T10:00:00
PS00002298,LN00006296,PT05,1299.98,2025-03-31,2025-04-05T10:00:00
PS00002299,LN00006302,PT05,1398.40,2025-09-30,2025-10-05T10:00:00
PS00002300,LN00006307,PT04,1900.26,2026-02-28,2026-03-05T10:00:00
PS00002301,LN00006308,PT01,401.50,2026-03-31,2026-04-05T10:00:00
PS00002302,LN00006309,PT02,1190.28,2026-04-30,2026-05-05T10:00:00
PS00002303,LN00006311,PT02,995.28,2026-06-30,2026-07-05T10:00:00
PS00002304,LN00006313,PT04,2515.32,2024-08-31,2024-09-05T10:00:00
PS00002305,LN00006315,PT05,1052.98,2024-10-31,2024-11-05T10:00:00
PS00002306,LN00006316,PT01,1230.68,2024-11-30,2024-12-05T10:00:00
PS00002307,LN00006317,PT02,805.74,2024-12-31,2025-01-05T10:00:00
PS00002308,LN00006318,PT05,2617.44,2025-01-31,2025-02-05T10:00:00
PS00002309,LN00006320,PT01,430.32,2025-03-31,2025-04-05T10:00:00
PS00002310,LN00006321,PT03,1630.20,2025-04-30,2025-05-05T10:00:00
PS00002311,LN00006322,PT01,1411.52,2025-05-31,2025-06-05T10:00:00
PS00002312,LN00006323,PT01,778.14,2025-06-30,2025-07-05T10:00:00
PS00002313,LN00006329,PT02,1679.60,2025-12-31,2026-01-05T10:00:00
PS00002314,LN00006330,PT01,492.58,2026-01-31,2026-02-05T10:00:00
PS00002315,LN00006332,PT05,2132.56,2026-03-31,2026-04-05T10:00:00
PS00002316,LN00006335,PT01,594.66,2026-06-30,2026-07-05T10:00:00
PS00002317,LN00006339,PT03,1195.80,2024-10-31,2024-11-05T10:00:00
PS00002318,LN00006340,PT01,1338.70,2024-11-30,2024-12-05T10:00:00
PS00002319,LN00006342,PT02,962.52,2025-01-31,2025-02-05T10:00:00
PS00002320,LN00006343,PT01,523.16,2025-02-28,2025-03-05T10:00:00
PS00002321,LN00006344,PT04,2222.58,2025-03-31,2025-04-05T10:00:00
PS00002322,LN00006347,PT05,1570.92,2025-06-30,2025-07-05T10:00:00
PS00002323,LN00006362,PT01,1123.54,2024-09-30,2024-10-05T10:00:00
PS00002324,LN00006363,PT04,586.50,2024-10-31,2024-11-05T10:00:00
PS00002325,LN00006366,PT04,2341.92,2025-01-31,2025-02-05T10:00:00
PS00002326,LN00006368,PT03,717.60,2025-03-31,2025-04-05T10:00:00
PS00002327,LN00006369,PT05,2597.68,2025-04-30,2025-05-05T10:00:00
PS00002328,LN00006375,PT01,321.86,2025-10-31,2025-11-05T10:00:00
PS00002329,LN00006378,PT01,938.52,2026-01-31,2026-02-05T10:00:00
PS00002330,LN00006381,PT05,2128.00,2026-04-30,2026-05-05T10:00:00
PS00002331,LN00006383,PT03,572.70,2026-06-30,2026-07-05T10:00:00
PS00002332,LN00006393,PT02,1886.04,2025-04-30,2025-05-05T10:00:00
PS00002333,LN00006394,PT05,1960.80,2025-05-31,2025-06-05T10:00:00
PS00002334,LN00006397,PT02,811.46,2025-08-31,2025-09-05T10:00:00
PS00002335,LN00006400,PT04,2509.20,2025-11-30,2025-12-05T10:00:00
PS00002336,LN00006403,PT03,1796.70,2026-02-28,2026-03-05T10:00:00
PS00002337,LN00006408,PT05,2323.32,2026-07-31,2026-08-05T10:00:00
PS00002338,LN00006409,PT01,1496.00,2024-08-31,2024-09-05T10:00:00
PS00002339,LN00006417,PT04,1788.06,2025-04-30,2025-05-05T10:00:00
PS00002340,LN00006418,PT04,556.92,2025-05-31,2025-06-05T10:00:00
PS00002341,LN00006430,PT05,583.68,2026-05-31,2026-06-05T10:00:00
PS00002342,LN00006432,PT05,2366.26,2026-07-31,2026-08-05T10:00:00
PS00002343,LN00006436,PT04,2530.28,2024-11-30,2024-12-05T10:00:00
PS00002344,LN00006438,PT01,519.42,2025-01-31,2025-02-05T10:00:00
PS00002345,LN00006440,PT01,1013.54,2025-03-31,2025-04-05T10:00:00
PS00002346,LN00006444,PT05,1261.60,2025-07-31,2025-08-05T10:00:00
PS00002347,LN00006445,PT02,1687.92,2025-08-31,2025-09-05T10:00:00
PS00002348,LN00006447,PT02,1861.34,2025-10-31,2025-11-05T10:00:00
PS00002349,LN00006450,PT02,1203.80,2026-01-31,2026-02-05T10:00:00
PS00002350,LN00006458,PT04,2438.14,2024-09-30,2024-10-05T10:00:00
PS00002351,LN00006461,PT04,1626.22,2024-12-31,2025-01-05T10:00:00
PS00002352,LN00006462,PT05,1110.74,2025-01-31,2025-02-05T10:00:00
PS00002353,LN00006464,PT05,2989.46,2025-03-31,2025-04-05T10:00:00
PS00002354,LN00006467,PT05,1129.36,2025-06-30,2025-07-05T10:00:00
PS00002355,LN00006468,PT04,2213.40,2025-07-31,2025-08-05T10:00:00
PS00002356,LN00006469,PT01,913.44,2025-08-31,2025-09-05T10:00:00
PS00002357,LN00006470,PT04,2684.64,2025-09-30,2025-10-05T10:00:00
PS00002358,LN00006472,PT05,1516.58,2025-11-30,2025-12-05T10:00:00
PS00002359,LN00006476,PT04,1924.40,2026-03-31,2026-04-05T10:00:00
PS00002360,LN00006477,PT05,1755.60,2026-04-30,2026-05-05T10:00:00
PS00002361,LN00006483,PT01,1078.44,2024-10-31,2024-11-05T10:00:00
PS00002362,LN00006485,PT05,3021.76,2024-12-31,2025-01-05T10:00:00
PS00002363,LN00006491,PT04,934.32,2025-06-30,2025-07-05T10:00:00
PS00002364,LN00006497,PT03,386.40,2025-12-31,2026-01-05T10:00:00
PS00002365,LN00006498,PT05,1257.04,2026-01-31,2026-02-05T10:00:00
PS00002366,LN00006500,PT03,613.80,2026-03-31,2026-04-05T10:00:00
PS00002367,LN00006502,PT02,1100.06,2026-05-31,2026-06-05T10:00:00
PS00002368,LN00006503,PT03,2034.90,2026-06-30,2026-07-05T10:00:00
PS00002369,LN00006504,PT04,2312.68,2026-07-31,2026-08-05T10:00:00
PS00002370,LN00006505,PT04,1811.18,2024-08-31,2024-09-05T10:00:00
PS00002371,LN00006512,PT05,2389.44,2025-03-31,2025-04-05T10:00:00
PS00002372,LN00006514,PT03,2046.30,2025-05-31,2025-06-05T10:00:00
PS00002373,LN00006516,PT03,2059.80,2025-07-31,2025-08-05T10:00:00
PS00002374,LN00006528,PT03,644.70,2026-07-31,2026-08-05T10:00:00
PS00002375,LN00006530,PT05,889.58,2024-09-30,2024-10-05T10:00:00
PS00002376,LN00006531,PT02,1962.48,2024-10-31,2024-11-05T10:00:00
PS00002377,LN00006532,PT05,503.50,2024-11-30,2024-12-05T10:00:00
PS00002378,LN00006537,PT02,585.52,2025-04-30,2025-05-05T10:00:00
PS00002379,LN00006539,PT02,1211.08,2025-06-30,2025-07-05T10:00:00
PS00002380,LN00006540,PT02,703.04,2025-07-31,2025-08-05T10:00:00
PS00002381,LN00006542,PT02,1275.30,2025-09-30,2025-10-05T10:00:00
PS00002382,LN00006543,PT01,492.58,2025-10-31,2025-11-05T10:00:00
PS00002383,LN00006545,PT01,1460.80,2025-12-31,2026-01-05T10:00:00
PS00002384,LN00006546,PT05,819.66,2026-01-31,2026-02-05T10:00:00
PS00002385,LN00006547,PT04,2043.40,2026-02-28,2026-03-05T10:00:00
PS00002386,LN00006551,PT04,1147.50,2026-06-30,2026-07-05T10:00:00
PS00002387,LN00006559,PT03,782.40,2025-02-28,2025-03-05T10:00:00
PS00002388,LN00006560,PT02,1080.56,2025-03-31,2025-04-05T10:00:00
PS00002389,LN00006562,PT03,1289.10,2025-05-31,2025-06-05T10:00:00
PS00002390,LN00006563,PT01,1436.16,2025-06-30,2025-07-05T10:00:00
PS00002391,LN00006568,PT05,845.50,2025-11-30,2025-12-05T10:00:00
PS00002392,LN00006570,PT02,482.82,2026-01-31,2026-02-05T10:00:00
PS00002393,LN00006571,PT01,322.52,2026-02-28,2026-03-05T10:00:00
PS00002394,LN00006572,PT05,1365.72,2026-03-31,2026-04-05T10:00:00
PS00002395,LN00006573,PT03,841.50,2026-04-30,2026-05-05T10:00:00
PS00002396,LN00006576,PT02,1978.86,2026-07-31,2026-08-05T10:00:00
PS00002397,LN00006577,PT02,1062.36,2024-08-31,2024-09-05T10:00:00
PS00002398,LN00006579,PT02,459.16,2024-10-31,2024-11-05T10:00:00
PS00002399,LN00006583,PT05,1068.56,2025-02-28,2025-03-05T10:00:00
PS00002400,LN00006584,PT01,1257.96,2025-03-31,2025-04-05T10:00:00
PS00002401,LN00006587,PT02,541.06,2025-06-30,2025-07-05T10:00:00
PS00002402,LN00006590,PT03,2212.80,2025-09-30,2025-10-05T10:00:00
PS00002403,LN00006594,PT03,845.70,2026-01-31,2026-02-05T10:00:00
PS00002404,LN00006595,PT01,1598.08,2026-02-28,2026-03-05T10:00:00
PS00002405,LN00006596,PT04,2228.70,2026-03-31,2026-04-05T10:00:00
PS00002406,LN00006598,PT04,2656.76,2026-05-31,2026-06-05T10:00:00
PS00002407,LN00006599,PT04,629.34,2026-06-30,2026-07-05T10:00:00
PS00002408,LN00006600,PT03,1458.00,2026-07-31,2026-08-05T10:00:00
PS00002409,LN00006604,PT05,1525.70,2024-11-30,2024-12-05T10:00:00
PS00002410,LN00006607,PT03,753.30,2025-02-28,2025-03-05T10:00:00
PS00002411,LN00006609,PT05,1397.26,2025-04-30,2025-05-05T10:00:00
PS00002412,LN00006616,PT01,1178.32,2025-11-30,2025-12-05T10:00:00
PS00002413,LN00006622,PT01,1669.36,2026-05-31,2026-06-05T10:00:00
PS00002414,LN00006623,PT03,1845.90,2026-06-30,2026-07-05T10:00:00
PS00002415,LN00006624,PT03,1782.30,2026-07-31,2026-08-05T10:00:00
PS00002416,LN00006628,PT03,1966.20,2024-11-30,2024-12-05T10:00:00
PS00002417,LN00006629,PT05,881.60,2024-12-31,2025-01-05T10:00:00
PS00002418,LN00006633,PT05,1786.76,2025-04-30,2025-05-05T10:00:00
PS00002419,LN00006634,PT02,1426.62,2025-05-31,2025-06-05T10:00:00
PS00002420,LN00006635,PT04,2443.24,2025-06-30,2025-07-05T10:00:00
PS00002421,LN00006637,PT01,1094.50,2025-08-31,2025-09-05T10:00:00
PS00002422,LN00006638,PT02,969.80,2025-09-30,2025-10-05T10:00:00
PS00002423,LN00006639,PT02,1372.02,2025-10-31,2025-11-05T10:00:00
PS00002424,LN00006641,PT04,1528.30,2025-12-31,2026-01-05T10:00:00
PS00002425,LN00006643,PT04,523.94,2026-02-28,2026-03-05T10:00:00
PS00002426,LN00006644,PT05,2540.68,2026-03-31,2026-04-05T10:00:00
PS00002427,LN00006646,PT01,1315.82,2026-05-31,2026-06-05T10:00:00
PS00002428,LN00006650,PT03,660.90,2024-09-30,2024-10-05T10:00:00
PS00002429,LN00006652,PT04,2585.70,2024-11-30,2024-12-05T10:00:00
PS00002430,LN00006654,PT02,1744.86,2025-01-31,2025-02-05T10:00:00
PS00002431,LN00006658,PT05,718.58,2025-05-31,2025-06-05T10:00:00
PS00002432,LN00006659,PT04,2405.16,2025-06-30,2025-07-05T10:00:00
PS00002433,LN00006661,PT02,1563.64,2025-08-31,2025-09-05T10:00:00
PS00002434,LN00006665,PT04,1671.44,2025-12-31,2026-01-05T10:00:00
PS00002435,LN00006667,PT02,1729.52,2026-02-28,2026-03-05T10:00:00
PS00002436,LN00006668,PT05,810.54,2026-03-31,2026-04-05T10:00:00
PS00002437,LN00006669,PT01,1200.76,2026-04-30,2026-05-05T10:00:00
PS00002438,LN00006677,PT02,1038.70,2024-12-31,2025-01-05T10:00:00
PS00002439,LN00006679,PT02,1966.38,2025-02-28,2025-03-05T10:00:00
PS00002440,LN00006682,PT02,1664.78,2025-05-31,2025-06-05T10:00:00
PS00002441,LN00006683,PT05,782.42,2025-06-30,2025-07-05T10:00:00
PS00002442,LN00006687,PT03,1320.90,2025-10-31,2025-11-05T10:00:00
PS00002443,LN00006689,PT02,1864.46,2025-12-31,2026-01-05T10:00:00
PS00002444,LN00006691,PT03,409.80,2026-02-28,2026-03-05T10:00:00
PS00002445,LN00006695,PT01,1721.28,2026-06-30,2026-07-05T10:00:00
PS00002446,LN00006700,PT01,1232.66,2024-11-30,2024-12-05T10:00:00
PS00002447,LN00006701,PT05,991.04,2024-12-31,2025-01-05T10:00:00
PS00002448,LN00006702,PT04,810.22,2025-01-31,2025-02-05T10:00:00
PS00002449,LN00006703,PT03,1637.40,2025-02-28,2025-03-05T10:00:00
PS00002450,LN00006704,PT03,701.40,2025-03-31,2025-04-05T10:00:00
PS00002451,LN00006706,PT01,1480.82,2025-05-31,2025-06-05T10:00:00
PS00002452,LN00006708,PT01,992.64,2025-07-31,2025-08-05T10:00:00
PS00002453,LN00006710,PT05,885.78,2025-09-30,2025-10-05T10:00:00
PS00002454,LN00006711,PT01,1631.52,2025-10-31,2025-11-05T10:00:00
PS00002455,LN00006715,PT03,1914.60,2026-02-28,2026-03-05T10:00:00
PS00002456,LN00006719,PT01,1527.68,2026-06-30,2026-07-05T10:00:00
PS00002457,LN00006721,PT04,1511.98,2024-08-31,2024-09-05T10:00:00
PS00002458,LN00006723,PT02,1567.28,2024-10-31,2024-11-05T10:00:00
PS00002459,LN00006724,PT05,2947.66,2024-11-30,2024-12-05T10:00:00
PS00002460,LN00006726,PT05,2675.58,2025-01-31,2025-02-05T10:00:00
PS00002461,LN00006728,PT05,1880.24,2025-03-31,2025-04-05T10:00:00
PS00002462,LN00006729,PT05,1270.34,2025-04-30,2025-05-05T10:00:00
PS00002463,LN00006730,PT02,391.56,2025-05-31,2025-06-05T10:00:00
PS00002464,LN00006734,PT02,1860.04,2025-09-30,2025-10-05T10:00:00
PS00002465,LN00006736,PT02,1923.22,2025-11-30,2025-12-05T10:00:00
PS00002466,LN00006740,PT01,1266.32,2026-03-31,2026-04-05T10:00:00
PS00002467,LN00006741,PT01,347.60,2026-04-30,2026-05-05T10:00:00
PS00002468,LN00006743,PT04,1950.24,2026-06-30,2026-07-05T10:00:00
PS00002469,LN00006744,PT02,1467.96,2026-07-31,2026-08-05T10:00:00
PS00002470,LN00006758,PT02,1688.18,2025-09-30,2025-10-05T10:00:00
PS00002471,LN00006761,PT02,520.78,2025-12-31,2026-01-05T10:00:00
PS00002472,LN00006763,PT01,450.56,2026-02-28,2026-03-05T10:00:00
PS00002473,LN00006768,PT01,1086.14,2026-07-31,2026-08-05T10:00:00
PS00002474,LN00006770,PT04,2291.26,2024-09-30,2024-10-05T10:00:00
PS00002475,LN00006771,PT02,1925.30,2024-10-31,2024-11-05T10:00:00
PS00002476,LN00006772,PT05,1581.18,2024-11-30,2024-12-05T10:00:00
PS00002477,LN00006773,PT05,1073.12,2024-12-31,2025-01-05T10:00:00
PS00002478,LN00006774,PT05,2724.60,2025-01-31,2025-02-05T10:00:00
PS00002479,LN00006777,PT01,1351.02,2025-04-30,2025-05-05T10:00:00
PS00002480,LN00006781,PT03,2345.40,2025-08-31,2025-09-05T10:00:00
PS00002481,LN00006782,PT04,1670.76,2025-09-30,2025-10-05T10:00:00
PS00002482,LN00006784,PT02,1872.00,2025-11-30,2025-12-05T10:00:00
PS00002483,LN00006785,PT03,2124.90,2025-12-31,2026-01-05T10:00:00
PS00002484,LN00006786,PT03,2106.30,2026-01-31,2026-02-05T10:00:00
PS00002485,LN00006787,PT01,887.92,2026-02-28,2026-03-05T10:00:00
PS00002486,LN00006789,PT03,1341.00,2026-04-30,2026-05-05T10:00:00
PS00002487,LN00006791,PT05,2726.12,2026-06-30,2026-07-05T10:00:00
PS00002488,LN00006792,PT01,624.36,2026-07-31,2026-08-05T10:00:00
PS00002489,LN00006793,PT02,478.66,2024-08-31,2024-09-05T10:00:00
PS00002490,LN00006802,PT01,1641.42,2025-05-31,2025-06-05T10:00:00
PS00002491,LN00006804,PT03,1261.20,2025-07-31,2025-08-05T10:00:00
PS00002492,LN00006805,PT02,327.34,2025-08-31,2025-09-05T10:00:00
PS00002493,LN00006809,PT01,784.08,2025-12-31,2026-01-05T10:00:00
PS00002494,LN00006810,PT04,611.66,2026-01-31,2026-02-05T10:00:00
PS00002495,LN00006811,PT03,1003.50,2026-02-28,2026-03-05T10:00:00
PS00002496,LN00006812,PT05,2022.36,2026-03-31,2026-04-05T10:00:00
PS00002497,LN00006814,PT03,1977.90,2026-05-31,2026-06-05T10:00:00
PS00002498,LN00006815,PT02,1389.44,2026-06-30,2026-07-05T10:00:00
PS00002499,LN00006816,PT03,1833.00,2026-07-31,2026-08-05T10:00:00
PS00002500,LN00006821,PT01,1011.34,2024-12-31,2025-01-05T10:00:00
PS00002501,LN00006822,PT02,1279.46,2025-01-31,2025-02-05T10:00:00
PS00002502,LN00006828,PT01,1087.02,2025-07-31,2025-08-05T10:00:00
PS00002503,LN00006833,PT03,1545.30,2025-12-31,2026-01-05T10:00:00
PS00002504,LN00006836,PT03,965.70,2026-03-31,2026-04-05T10:00:00
PS00002505,LN00006838,PT04,716.72,2026-05-31,2026-06-05T10:00:00
PS00002506,LN00006840,PT01,1673.76,2026-07-31,2026-08-05T10:00:00
PS00002507,LN00006841,PT02,501.80,2024-08-31,2024-09-05T10:00:00
PS00002508,LN00006843,PT01,1283.04,2024-10-31,2024-11-05T10:00:00
PS00002509,LN00006846,PT03,987.30,2025-01-31,2025-02-05T10:00:00
PS00002510,LN00006849,PT01,431.20,2025-04-30,2025-05-05T10:00:00
PS00002511,LN00006850,PT03,2185.20,2025-05-31,2025-06-05T10:00:00
PS00002512,LN00006853,PT04,2511.92,2025-08-31,2025-09-05T10:00:00
PS00002513,LN00006857,PT04,1684.02,2025-12-31,2026-01-05T10:00:00
PS00002514,LN00006862,PT04,1655.12,2026-05-31,2026-06-05T10:00:00
PS00002515,LN00006863,PT02,1858.74,2026-06-30,2026-07-05T10:00:00
PS00002516,LN00006867,PT05,952.66,2024-10-31,2024-11-05T10:00:00
PS00002517,LN00006876,PT03,505.50,2025-07-31,2025-08-05T10:00:00
PS00002518,LN00006877,PT04,2132.14,2025-08-31,2025-09-05T10:00:00
PS00002519,LN00006879,PT05,3034.30,2025-10-31,2025-11-05T10:00:00
PS00002520,LN00006880,PT04,1138.66,2025-11-30,2025-12-05T10:00:00
PS00002521,LN00006889,PT03,2337.90,2024-08-31,2024-09-05T10:00:00
PS00002522,LN00006894,PT02,663.00,2025-01-31,2025-02-05T10:00:00
PS00002523,LN00006895,PT02,1357.20,2025-02-28,2025-03-05T10:00:00
PS00002524,LN00006896,PT03,892.20,2025-03-31,2025-04-05T10:00:00
PS00002525,LN00006898,PT03,1935.90,2025-05-31,2025-06-05T10:00:00
PS00002526,LN00006899,PT03,460.20,2025-06-30,2025-07-05T10:00:00
PS00002527,LN00006903,PT04,2584.68,2025-10-31,2025-11-05T10:00:00
PS00002528,LN00006905,PT02,2062.84,2025-12-31,2026-01-05T10:00:00
PS00002529,LN00006906,PT03,1758.60,2026-01-31,2026-02-05T10:00:00
PS00002530,LN00006910,PT04,1806.42,2026-05-31,2026-06-05T10:00:00
PS00002531,LN00006914,PT02,1679.60,2024-09-30,2024-10-05T10:00:00
PS00002532,LN00006920,PT02,1565.20,2025-03-31,2025-04-05T10:00:00
PS00002533,LN00006922,PT04,834.02,2025-05-31,2025-06-05T10:00:00
PS00002534,LN00006923,PT01,1426.92,2025-06-30,2025-07-05T10:00:00
PS00002535,LN00006924,PT05,2968.18,2025-07-31,2025-08-05T10:00:00
PS00002536,LN00006926,PT01,415.58,2025-09-30,2025-10-05T10:00:00
PS00002537,LN00006927,PT01,1342.00,2025-10-31,2025-11-05T10:00:00
PS00002538,LN00006928,PT04,1275.68,2025-11-30,2025-12-05T10:00:00
PS00002539,LN00006932,PT03,1026.60,2026-03-31,2026-04-05T10:00:00
PS00002540,LN00006933,PT01,1476.20,2026-04-30,2026-05-05T10:00:00
PS00002541,LN00006937,PT03,796.80,2024-08-31,2024-09-05T10:00:00
PS00002542,LN00006938,PT04,2252.50,2024-09-30,2024-10-05T10:00:00
PS00002543,LN00006939,PT01,1214.62,2024-10-31,2024-11-05T10:00:00
PS00002544,LN00006940,PT03,379.80,2024-11-30,2024-12-05T10:00:00
PS00002545,LN00006941,PT05,2561.20,2024-12-31,2025-01-05T10:00:00
PS00002546,LN00006942,PT02,353.60,2025-01-31,2025-02-05T10:00:00
PS00002547,LN00006943,PT02,1507.74,2025-02-28,2025-03-05T10:00:00
PS00002548,LN00006947,PT02,417.04,2025-06-30,2025-07-05T10:00:00
PS00002549,LN00006951,PT03,541.50,2025-10-31,2025-11-05T10:00:00
PS00002550,LN00006952,PT03,1532.70,2025-11-30,2025-12-05T10:00:00
PS00002551,LN00006957,PT02,757.90,2026-04-30,2026-05-05T10:00:00
PS00002552,LN00006959,PT01,1526.58,2026-06-30,2026-07-05T10:00:00
PS00002553,LN00006961,PT05,1638.94,2024-08-31,2024-09-05T10:00:00
PS00002554,LN00006962,PT05,691.60,2024-09-30,2024-10-05T10:00:00
PS00002555,LN00006968,PT03,1720.80,2025-03-31,2025-04-05T10:00:00
PS00002556,LN00006970,PT05,486.02,2025-05-31,2025-06-05T10:00:00
PS00002557,LN00006971,PT05,2687.36,2025-06-30,2025-07-05T10:00:00
PS00002558,LN00006973,PT01,1318.02,2025-08-31,2025-09-05T10:00:00
PS00002559,LN00006975,PT01,1301.30,2025-10-31,2025-11-05T10:00:00
PS00002560,LN00006976,PT03,1448.70,2025-11-30,2025-12-05T10:00:00
PS00002561,LN00006993,PT03,1917.00,2025-04-30,2025-05-05T10:00:00
PS00002562,LN00006994,PT01,680.24,2025-05-31,2025-06-05T10:00:00
PS00002563,LN00006997,PT05,1301.12,2025-08-31,2025-09-05T10:00:00
PS00002564,LN00006998,PT02,448.76,2025-09-30,2025-10-05T10:00:00
PS00002565,LN00007005,PT01,1283.04,2026-04-30,2026-05-05T10:00:00
PS00002566,LN00007008,PT03,2052.30,2026-07-31,2026-08-05T10:00:00
PS00002567,LN00007012,PT04,2537.08,2024-11-30,2024-12-05T10:00:00
PS00002568,LN00007013,PT01,1171.72,2024-12-31,2025-01-05T10:00:00
PS00002569,LN00007014,PT03,414.00,2025-01-31,2025-02-05T10:00:00
PS00002570,LN00007017,PT01,1444.74,2025-04-30,2025-05-05T10:00:00
PS00002571,LN00007018,PT03,1518.00,2025-05-31,2025-06-05T10:00:00
PS00002572,LN00007020,PT03,1528.20,2025-07-31,2025-08-05T10:00:00
PS00002573,LN00007027,PT05,2585.52,2026-02-28,2026-03-05T10:00:00
PS00002574,LN00007029,PT02,756.08,2026-04-30,2026-05-05T10:00:00
PS00002575,LN00007032,PT05,1806.90,2026-07-31,2026-08-05T10:00:00
PS00002576,LN00007035,PT02,950.30,2024-10-31,2024-11-05T10:00:00
PS00002577,LN00007041,PT01,984.94,2025-04-30,2025-05-05T10:00:00
PS00002578,LN00007044,PT02,1761.24,2025-07-31,2025-08-05T10:00:00
PS00002579,LN00007047,PT01,438.24,2025-10-31,2025-11-05T10:00:00
PS00002580,LN00007050,PT04,1546.66,2026-01-31,2026-02-05T10:00:00
PS00002581,LN00007052,PT04,1585.42,2026-03-31,2026-04-05T10:00:00
PS00002582,LN00007057,PT01,735.02,2024-08-31,2024-09-05T10:00:00
PS00002583,LN00007061,PT05,720.86,2024-12-31,2025-01-05T10:00:00
PS00002584,LN00007063,PT02,616.46,2025-02-28,2025-03-05T10:00:00
PS00002585,LN00007066,PT02,2022.54,2025-05-31,2025-06-05T10:00:00
PS00002586,LN00007067,PT03,1645.80,2025-06-30,2025-07-05T10:00:00
PS00002587,LN00007069,PT03,364.80,2025-08-31,2025-09-05T10:00:00
PS00002588,LN00007074,PT04,2110.72,2026-01-31,2026-02-05T10:00:00
PS00002589,LN00007079,PT05,2984.90,2026-06-30,2026-07-05T10:00:00
PS00002590,LN00007083,PT05,2352.20,2024-10-31,2024-11-05T10:00:00
PS00002591,LN00007085,PT01,1513.38,2024-12-31,2025-01-05T10:00:00
PS00002592,LN00007087,PT02,361.40,2025-02-28,2025-03-05T10:00:00
PS00002593,LN00007097,PT02,1205.36,2025-12-31,2026-01-05T10:00:00
PS00002594,LN00007100,PT01,1498.20,2026-03-31,2026-04-05T10:00:00
PS00002595,LN00007105,PT01,612.70,2024-08-31,2024-09-05T10:00:00
PS00002596,LN00007106,PT05,914.28,2024-09-30,2024-10-05T10:00:00
PS00002597,LN00007108,PT02,1442.22,2024-11-30,2024-12-05T10:00:00
PS00002598,LN00007115,PT04,2318.80,2025-06-30,2025-07-05T10:00:00
PS00002599,LN00007122,PT03,1320.00,2026-01-31,2026-02-05T10:00:00
PS00002600,LN00007123,PT04,1786.02,2026-02-28,2026-03-05T10:00:00
PS00002601,LN00007126,PT03,1403.10,2026-05-31,2026-06-05T10:00:00
PS00002602,LN00007127,PT01,1278.64,2026-06-30,2026-07-05T10:00:00
PS00002603,LN00007135,PT03,2119.50,2025-02-28,2025-03-05T10:00:00
PS00002604,LN00007136,PT03,418.80,2025-03-31,2025-04-05T10:00:00
PS00002605,LN00007137,PT02,1129.96,2025-04-30,2025-05-05T10:00:00
PS00002606,LN00007138,PT05,2425.54,2025-05-31,2025-06-05T10:00:00
PS00002607,LN00007140,PT03,986.10,2025-07-31,2025-08-05T10:00:00
PS00002608,LN00007143,PT03,740.40,2025-10-31,2025-11-05T10:00:00
PS00002609,LN00007144,PT02,1243.06,2025-11-30,2025-12-05T10:00:00
PS00002610,LN00007145,PT02,626.60,2025-12-31,2026-01-05T10:00:00
PS00002611,LN00007147,PT04,2649.62,2026-02-28,2026-03-05T10:00:00
PS00002612,LN00007148,PT02,571.74,2026-03-31,2026-04-05T10:00:00
PS00002613,LN00007149,PT04,1722.78,2026-04-30,2026-05-05T10:00:00
PS00002614,LN00007152,PT01,426.14,2026-07-31,2026-08-05T10:00:00
PS00002615,LN00007154,PT03,1733.70,2024-09-30,2024-10-05T10:00:00
PS00002616,LN00007155,PT04,1974.72,2024-10-31,2024-11-05T10:00:00
PS00002617,LN00007157,PT01,617.76,2024-12-31,2025-01-05T10:00:00
PS00002618,LN00007158,PT03,1543.80,2025-01-31,2025-02-05T10:00:00
PS00002619,LN00007159,PT05,2595.78,2025-02-28,2025-03-05T10:00:00
PS00002620,LN00007160,PT03,2015.10,2025-03-31,2025-04-05T10:00:00
PS00002621,LN00007161,PT01,1459.70,2025-04-30,2025-05-05T10:00:00
PS00002622,LN00007162,PT05,1302.64,2025-05-31,2025-06-05T10:00:00
PS00002623,LN00007163,PT03,1798.50,2025-06-30,2025-07-05T10:00:00
PS00002624,LN00007164,PT04,538.56,2025-07-31,2025-08-05T10:00:00
PS00002625,LN00007165,PT05,1030.56,2025-08-31,2025-09-05T10:00:00
PS00002626,LN00007168,PT01,645.26,2025-11-30,2025-12-05T10:00:00
PS00002627,LN00007175,PT01,1158.08,2026-06-30,2026-07-05T10:00:00
PS00002628,LN00007176,PT03,1794.60,2026-07-31,2026-08-05T10:00:00
PS00002629,LN00007181,PT01,1246.74,2024-12-31,2025-01-05T10:00:00
PS00002630,LN00007182,PT04,1584.40,2025-01-31,2025-02-05T10:00:00
PS00002631,LN00007191,PT05,1938.00,2025-10-31,2025-11-05T10:00:00
PS00002632,LN00007193,PT01,1182.28,2025-12-31,2026-01-05T10:00:00
PS00002633,LN00007194,PT01,1120.90,2026-01-31,2026-02-05T10:00:00
PS00002634,LN00007198,PT05,581.78,2026-05-31,2026-06-05T10:00:00
PS00002635,LN00007199,PT03,654.90,2026-06-30,2026-07-05T10:00:00
PS00002636,LN00007200,PT04,2212.38,2026-07-31,2026-08-05T10:00:00
PS00002637,LN00007207,PT01,850.30,2025-02-28,2025-03-05T10:00:00
PS00002638,LN00007208,PT01,673.20,2025-03-31,2025-04-05T10:00:00
PS00002639,LN00007210,PT04,1100.24,2025-05-31,2025-06-05T10:00:00
PS00002640,LN00007213,PT03,600.90,2025-08-31,2025-09-05T10:00:00
PS00002641,LN00007218,PT03,2366.40,2026-01-31,2026-02-05T10:00:00
PS00002642,LN00007221,PT05,2305.46,2026-04-30,2026-05-05T10:00:00
PS00002643,LN00007231,PT01,953.04,2025-02-28,2025-03-05T10:00:00
PS00002644,LN00007235,PT03,1635.60,2025-06-30,2025-07-05T10:00:00
PS00002645,LN00007237,PT03,1249.80,2025-08-31,2025-09-05T10:00:00
PS00002646,LN00007239,PT02,627.64,2025-10-31,2025-11-05T10:00:00
PS00002647,LN00007240,PT05,1546.60,2025-11-30,2025-12-05T10:00:00
PS00002648,LN00007246,PT03,402.00,2026-05-31,2026-06-05T10:00:00
PS00002649,LN00007247,PT02,762.06,2026-06-30,2026-07-05T10:00:00
PS00002650,LN00007248,PT03,2377.20,2026-07-31,2026-08-05T10:00:00
PS00002651,LN00007249,PT04,1572.84,2024-08-31,2024-09-05T10:00:00
PS00002652,LN00007250,PT04,849.32,2024-09-30,2024-10-05T10:00:00
PS00002653,LN00007251,PT05,2180.06,2024-10-31,2024-11-05T10:00:00
PS00002654,LN00007252,PT03,2323.20,2024-11-30,2024-12-05T10:00:00
PS00002655,LN00007255,PT02,1590.68,2025-02-28,2025-03-05T10:00:00
PS00002656,LN00007257,PT02,2002.52,2025-04-30,2025-05-05T10:00:00
PS00002657,LN00007261,PT05,524.02,2025-08-31,2025-09-05T10:00:00
PS00002658,LN00007266,PT05,1258.18,2026-01-31,2026-02-05T10:00:00
PS00002659,LN00007267,PT02,332.80,2026-02-28,2026-03-05T10:00:00
PS00002660,LN00007270,PT05,2060.36,2026-05-31,2026-06-05T10:00:00
PS00002661,LN00007271,PT02,1730.56,2026-06-30,2026-07-05T10:00:00
PS00002662,LN00007273,PT03,1171.20,2024-08-31,2024-09-05T10:00:00
PS00002663,LN00007279,PT02,1160.90,2025-02-28,2025-03-05T10:00:00
PS00002664,LN00007280,PT01,373.78,2025-03-31,2025-04-05T10:00:00
PS00002665,LN00007287,PT01,1064.58,2025-10-31,2025-11-05T10:00:00
PS00002666,LN00007293,PT04,1911.48,2026-04-30,2026-05-05T10:00:00
PS00002667,LN00007295,PT03,1223.70,2026-06-30,2026-07-05T10:00:00
PS00002668,LN00007298,PT03,2187.00,2024-09-30,2024-10-05T10:00:00
PS00002669,LN00007302,PT05,2903.20,2025-01-31,2025-02-05T10:00:00
PS00002670,LN00007306,PT01,332.86,2025-05-31,2025-06-05T10:00:00
PS00002671,LN00007308,PT04,2212.72,2025-07-31,2025-08-05T10:00:00
PS00002672,LN00007309,PT05,489.82,2025-08-31,2025-09-05T10:00:00
PS00002673,LN00007314,PT02,498.42,2026-01-31,2026-02-05T10:00:00
PS00002674,LN00007315,PT04,1895.84,2026-02-28,2026-03-05T10:00:00
PS00002675,LN00007320,PT02,558.22,2026-07-31,2026-08-05T10:00:00
PS00002676,LN00007321,PT05,1588.40,2024-08-31,2024-09-05T10:00:00
PS00002677,LN00007322,PT03,2114.70,2024-09-30,2024-10-05T10:00:00
PS00002678,LN00007323,PT05,2850.76,2024-10-31,2024-11-05T10:00:00
PS00002679,LN00007325,PT01,380.82,2024-12-31,2025-01-05T10:00:00
PS00002680,LN00007326,PT02,373.62,2025-01-31,2025-02-05T10:00:00
PS00002681,LN00007328,PT01,1709.84,2025-03-31,2025-04-05T10:00:00
PS00002682,LN00007330,PT01,1558.48,2025-05-31,2025-06-05T10:00:00
PS00002683,LN00007332,PT04,2279.70,2025-07-31,2025-08-05T10:00:00
PS00002684,LN00007339,PT01,492.58,2026-02-28,2026-03-05T10:00:00
PS00002685,LN00007347,PT05,1819.44,2024-10-31,2024-11-05T10:00:00
PS00002686,LN00007349,PT02,1293.50,2024-12-31,2025-01-05T10:00:00
PS00002687,LN00007351,PT01,657.80,2025-02-28,2025-03-05T10:00:00
PS00002688,LN00007353,PT04,974.44,2025-04-30,2025-05-05T10:00:00
PS00002689,LN00007355,PT01,1464.98,2025-06-30,2025-07-05T10:00:00
PS00002690,LN00007358,PT01,825.66,2025-09-30,2025-10-05T10:00:00
PS00002691,LN00007359,PT02,517.66,2025-10-31,2025-11-05T10:00:00
PS00002692,LN00007360,PT01,452.32,2025-11-30,2025-12-05T10:00:00
PS00002693,LN00007362,PT03,1549.80,2026-01-31,2026-02-05T10:00:00
PS00002694,LN00007363,PT02,1011.66,2026-02-28,2026-03-05T10:00:00
PS00002695,LN00007364,PT03,811.50,2026-03-31,2026-04-05T10:00:00
PS00002696,LN00007366,PT03,758.10,2026-05-31,2026-06-05T10:00:00
PS00002697,LN00007368,PT03,496.20,2026-07-31,2026-08-05T10:00:00
PS00002698,LN00007374,PT04,1579.64,2025-01-31,2025-02-05T10:00:00
PS00002699,LN00007375,PT05,2188.80,2025-02-28,2025-03-05T10:00:00
PS00002700,LN00007376,PT02,916.50,2025-03-31,2025-04-05T10:00:00
PS00002701,LN00007378,PT02,1020.24,2025-05-31,2025-06-05T10:00:00
PS00002702,LN00007382,PT02,1634.88,2025-09-30,2025-10-05T10:00:00
PS00002703,LN00007383,PT05,1653.00,2025-10-31,2025-11-05T10:00:00
PS00002704,LN00007384,PT03,2204.70,2025-11-30,2025-12-05T10:00:00
PS00002705,LN00007387,PT02,666.12,2026-02-28,2026-03-05T10:00:00
PS00002706,LN00007401,PT02,725.14,2025-04-30,2025-05-05T10:00:00
PS00002707,LN00007402,PT02,621.40,2025-05-31,2025-06-05T10:00:00
PS00002708,LN00007405,PT02,1522.04,2025-08-31,2025-09-05T10:00:00
PS00002709,LN00007408,PT03,1516.50,2025-11-30,2025-12-05T10:00:00
PS00002710,LN00007409,PT01,287.76,2025-12-31,2026-01-05T10:00:00
PS00002711,LN00007410,PT02,678.34,2026-01-31,2026-02-05T10:00:00
PS00002712,LN00007412,PT05,2807.44,2026-03-31,2026-04-05T10:00:00
PS00002713,LN00007414,PT01,583.88,2026-05-31,2026-06-05T10:00:00
PS00002714,LN00007418,PT05,1686.82,2024-09-30,2024-10-05T10:00:00
PS00002715,LN00007419,PT05,1698.22,2024-10-31,2024-11-05T10:00:00
PS00002716,LN00007421,PT01,1438.36,2024-12-31,2025-01-05T10:00:00
PS00002717,LN00007422,PT03,1182.60,2025-01-31,2025-02-05T10:00:00
PS00002718,LN00007425,PT05,2417.18,2025-04-30,2025-05-05T10:00:00
PS00002719,LN00007428,PT01,1408.88,2025-07-31,2025-08-05T10:00:00
PS00002720,LN00007437,PT04,556.58,2026-04-30,2026-05-05T10:00:00
PS00002721,LN00007438,PT04,1327.36,2026-05-31,2026-06-05T10:00:00
PS00002722,LN00007443,PT04,1333.14,2024-10-31,2024-11-05T10:00:00
PS00002723,LN00007444,PT01,1571.68,2024-11-30,2024-12-05T10:00:00
PS00002724,LN00007445,PT02,1825.46,2024-12-31,2025-01-05T10:00:00
PS00002725,LN00007450,PT05,2831.76,2025-05-31,2025-06-05T10:00:00
PS00002726,LN00007452,PT05,877.80,2025-07-31,2025-08-05T10:00:00
PS00002727,LN00007454,PT05,862.60,2025-09-30,2025-10-05T10:00:00
PS00002728,LN00007457,PT04,1818.32,2025-12-31,2026-01-05T10:00:00
PS00002729,LN00007459,PT02,454.74,2026-02-28,2026-03-05T10:00:00
PS00002730,LN00007461,PT03,1007.70,2026-04-30,2026-05-05T10:00:00
PS00002731,LN00007464,PT02,496.34,2026-07-31,2026-08-05T10:00:00
PS00002732,LN00007465,PT04,1999.20,2024-08-31,2024-09-05T10:00:00
PS00002733,LN00007468,PT03,1456.80,2024-11-30,2024-12-05T10:00:00
PS00002734,LN00007469,PT01,766.04,2024-12-31,2025-01-05T10:00:00
PS00002735,LN00007472,PT05,1241.84,2025-03-31,2025-04-05T10:00:00
PS00002736,LN00007474,PT05,2653.16,2025-05-31,2025-06-05T10:00:00
PS00002737,LN00007476,PT04,2677.50,2025-07-31,2025-08-05T10:00:00
PS00002738,LN00007485,PT03,1271.10,2026-04-30,2026-05-05T10:00:00
PS00002739,LN00007489,PT05,1768.52,2024-08-31,2024-09-05T10:00:00
PS00002740,LN00007491,PT05,1507.08,2024-10-31,2024-11-05T10:00:00
PS00002741,LN00007492,PT04,1645.26,2024-11-30,2024-12-05T10:00:00
PS00002742,LN00007495,PT02,1893.58,2025-02-28,2025-03-05T10:00:00
PS00002743,LN00007500,PT01,742.72,2025-07-31,2025-08-05T10:00:00
PS00002744,LN00007503,PT05,1927.36,2025-10-31,2025-11-05T10:00:00
PS00002745,LN00007507,PT05,2804.02,2026-02-28,2026-03-05T10:00:00
PS00002746,LN00007509,PT03,1049.10,2026-04-30,2026-05-05T10:00:00
PS00002747,LN00007510,PT03,1863.30,2026-05-31,2026-06-05T10:00:00
PS00002748,LN00007512,PT01,412.06,2026-07-31,2026-08-05T10:00:00
PS00002749,LN00007515,PT03,516.30,2024-10-31,2024-11-05T10:00:00
PS00002750,LN00007516,PT05,2138.26,2024-11-30,2024-12-05T10:00:00
PS00002751,LN00007519,PT01,1336.28,2025-02-28,2025-03-05T10:00:00
PS00002752,LN00007520,PT03,2208.00,2025-03-31,2025-04-05T10:00:00
PS00002753,LN00007522,PT01,870.10,2025-05-31,2025-06-05T10:00:00
PS00002754,LN00007525,PT02,1671.54,2025-08-31,2025-09-05T10:00:00
PS00002755,LN00007526,PT03,425.10,2025-09-30,2025-10-05T10:00:00
PS00002756,LN00007534,PT02,467.74,2026-05-31,2026-06-05T10:00:00
PS00002757,LN00007539,PT03,2154.60,2024-10-31,2024-11-05T10:00:00
PS00002758,LN00007540,PT01,928.84,2024-11-30,2024-12-05T10:00:00
PS00002759,LN00007543,PT04,2105.62,2025-02-28,2025-03-05T10:00:00
PS00002760,LN00007548,PT01,679.36,2025-07-31,2025-08-05T10:00:00
PS00002761,LN00007549,PT05,2441.50,2025-08-31,2025-09-05T10:00:00
PS00002762,LN00007553,PT05,1665.92,2025-12-31,2026-01-05T10:00:00
PS00002763,LN00007559,PT03,1464.00,2026-06-30,2026-07-05T10:00:00
PS00002764,LN00007565,PT01,1507.44,2024-12-31,2025-01-05T10:00:00
PS00002765,LN00007567,PT02,553.28,2025-02-28,2025-03-05T10:00:00
PS00002766,LN00007569,PT03,1428.60,2025-04-30,2025-05-05T10:00:00
PS00002767,LN00007571,PT04,1749.98,2025-06-30,2025-07-05T10:00:00
PS00002768,LN00007573,PT01,298.98,2025-08-31,2025-09-05T10:00:00
PS00002769,LN00007588,PT02,1946.10,2024-11-30,2024-12-05T10:00:00
PS00002770,LN00007589,PT01,948.20,2024-12-31,2025-01-05T10:00:00
PS00002771,LN00007591,PT01,1186.02,2025-02-28,2025-03-05T10:00:00
PS00002772,LN00007594,PT01,768.46,2025-05-31,2025-06-05T10:00:00
PS00002773,LN00007599,PT01,623.48,2025-10-31,2025-11-05T10:00:00
PS00002774,LN00007601,PT01,1150.82,2025-12-31,2026-01-05T10:00:00
PS00002775,LN00007609,PT05,2177.40,2024-08-31,2024-09-05T10:00:00
PS00002776,LN00007611,PT03,1496.40,2024-10-31,2024-11-05T10:00:00
PS00002777,LN00007613,PT03,1698.00,2024-12-31,2025-01-05T10:00:00
PS00002778,LN00007614,PT04,1060.80,2025-01-31,2025-02-05T10:00:00
PS00002779,LN00007617,PT03,602.40,2025-04-30,2025-05-05T10:00:00
PS00002780,LN00007620,PT05,519.46,2025-07-31,2025-08-05T10:00:00
PS00002781,LN00007621,PT03,957.60,2025-08-31,2025-09-05T10:00:00
PS00002782,LN00007625,PT05,2215.02,2025-12-31,2026-01-05T10:00:00
PS00002783,LN00007628,PT02,913.38,2026-03-31,2026-04-05T10:00:00
PS00002784,LN00007630,PT01,644.16,2026-05-31,2026-06-05T10:00:00
PS00002785,LN00007632,PT03,683.40,2026-07-31,2026-08-05T10:00:00
PS00002786,LN00007636,PT02,820.04,2024-11-30,2024-12-05T10:00:00
PS00002787,LN00007638,PT03,1555.80,2025-01-31,2025-02-05T10:00:00
PS00002788,LN00007641,PT01,727.76,2025-04-30,2025-05-05T10:00:00
PS00002789,LN00007643,PT03,1604.10,2025-06-30,2025-07-05T10:00:00
PS00002790,LN00007646,PT01,630.08,2025-09-30,2025-10-05T10:00:00
PS00002791,LN00007647,PT01,988.90,2025-10-31,2025-11-05T10:00:00
PS00002792,LN00007651,PT03,2081.70,2026-02-28,2026-03-05T10:00:00
PS00002793,LN00007653,PT05,2880.40,2026-04-30,2026-05-05T10:00:00
PS00002794,LN00007655,PT01,1089.22,2026-06-30,2026-07-05T10:00:00
PS00002795,LN00007656,PT02,589.94,2026-07-31,2026-08-05T10:00:00
PS00002796,LN00007657,PT02,931.58,2024-08-31,2024-09-05T10:00:00
PS00002797,LN00007658,PT01,597.96,2024-09-30,2024-10-05T10:00:00
PS00002798,LN00007659,PT03,2111.40,2024-10-31,2024-11-05T10:00:00
PS00002799,LN00007660,PT01,656.04,2024-11-30,2024-12-05T10:00:00
PS00002800,LN00007663,PT01,397.10,2025-02-28,2025-03-05T10:00:00
PS00002801,LN00007666,PT02,1663.22,2025-05-31,2025-06-05T10:00:00
PS00002802,LN00007670,PT05,2376.14,2025-09-30,2025-10-05T10:00:00
PS00002803,LN00007673,PT05,690.84,2025-12-31,2026-01-05T10:00:00
PS00002804,LN00007678,PT02,1887.34,2026-05-31,2026-06-05T10:00:00
PS00002805,LN00007680,PT03,1072.50,2026-07-31,2026-08-05T10:00:00
PS00002806,LN00007682,PT02,1221.22,2024-09-30,2024-10-05T10:00:00
PS00002807,LN00007685,PT05,2534.22,2024-12-31,2025-01-05T10:00:00
PS00002808,LN00007687,PT02,687.96,2025-02-28,2025-03-05T10:00:00
PS00002809,LN00007690,PT02,693.68,2025-05-31,2025-06-05T10:00:00
PS00002810,LN00007694,PT03,369.60,2025-09-30,2025-10-05T10:00:00
PS00002811,LN00007697,PT04,2125.68,2025-12-31,2026-01-05T10:00:00
PS00002812,LN00007699,PT03,1646.10,2026-02-28,2026-03-05T10:00:00
PS00002813,LN00007702,PT01,1697.96,2026-05-31,2026-06-05T10:00:00
PS00002814,LN00007703,PT05,2376.90,2026-06-30,2026-07-05T10:00:00
PS00002815,LN00007704,PT02,1791.40,2026-07-31,2026-08-05T10:00:00
PS00002816,LN00007705,PT05,1865.80,2024-08-31,2024-09-05T10:00:00
PS00002817,LN00007707,PT03,1122.00,2024-10-31,2024-11-05T10:00:00
PS00002818,LN00007714,PT03,781.80,2025-05-31,2025-06-05T10:00:00
PS00002819,LN00007716,PT05,3025.56,2025-07-31,2025-08-05T10:00:00
PS00002820,LN00007718,PT04,1221.96,2025-09-30,2025-10-05T10:00:00
PS00002821,LN00007720,PT03,597.60,2025-11-30,2025-12-05T10:00:00
PS00002822,LN00007723,PT01,636.24,2026-02-28,2026-03-05T10:00:00
PS00002823,LN00007725,PT01,830.72,2026-04-30,2026-05-05T10:00:00
PS00002824,LN00007726,PT02,580.58,2026-05-31,2026-06-05T10:00:00
PS00002825,LN00007727,PT04,2171.24,2026-06-30,2026-07-05T10:00:00
PS00002826,LN00007728,PT02,378.56,2026-07-31,2026-08-05T10:00:00
PS00002827,LN00007731,PT04,1385.50,2024-10-31,2024-11-05T10:00:00
PS00002828,LN00007741,PT01,992.42,2025-08-31,2025-09-05T10:00:00
PS00002829,LN00007742,PT01,1592.58,2025-09-30,2025-10-05T10:00:00
PS00002830,LN00007744,PT05,2149.66,2025-11-30,2025-12-05T10:00:00
PS00002831,LN00007746,PT01,1383.58,2026-01-31,2026-02-05T10:00:00
PS00002832,LN00007747,PT04,2493.22,2026-02-28,2026-03-05T10:00:00
PS00002833,LN00007751,PT02,1111.76,2026-06-30,2026-07-05T10:00:00
PS00002834,LN00007752,PT02,409.50,2026-07-31,2026-08-05T10:00:00
PS00002835,LN00007755,PT03,2097.00,2024-10-31,2024-11-05T10:00:00
PS00002836,LN00007756,PT01,375.54,2024-11-30,2024-12-05T10:00:00
PS00002837,LN00007758,PT03,1727.70,2025-01-31,2025-02-05T10:00:00
PS00002838,LN00007762,PT01,1753.84,2025-05-31,2025-06-05T10:00:00
PS00002839,LN00007765,PT03,2004.00,2025-08-31,2025-09-05T10:00:00
PS00002840,LN00007767,PT03,557.10,2025-10-31,2025-11-05T10:00:00
PS00002841,LN00007769,PT02,472.16,2025-12-31,2026-01-05T10:00:00
PS00002842,LN00007770,PT02,1404.26,2026-01-31,2026-02-05T10:00:00
PS00002843,LN00007771,PT05,2523.58,2026-02-28,2026-03-05T10:00:00
PS00002844,LN00007772,PT03,2123.70,2026-03-31,2026-04-05T10:00:00
PS00002845,LN00007773,PT04,430.10,2026-04-30,2026-05-05T10:00:00
PS00002846,LN00007774,PT05,2821.50,2026-05-31,2026-06-05T10:00:00
PS00002847,LN00007775,PT02,1279.46,2026-06-30,2026-07-05T10:00:00
PS00002848,LN00007777,PT01,1267.42,2024-08-31,2024-09-05T10:00:00
PS00002849,LN00007780,PT02,1132.56,2024-11-30,2024-12-05T10:00:00
PS00002850,LN00007784,PT03,1726.80,2025-03-31,2025-04-05T10:00:00
PS00002851,LN00007788,PT05,922.64,2025-07-31,2025-08-05T10:00:00
PS00002852,LN00007789,PT02,676.00,2025-08-31,2025-09-05T10:00:00
PS00002853,LN00007799,PT04,966.62,2026-06-30,2026-07-05T10:00:00
PS00002854,LN00007800,PT03,2019.90,2026-07-31,2026-08-05T10:00:00
PS00002855,LN00007801,PT03,652.80,2024-08-31,2024-09-05T10:00:00
PS00002856,LN00007802,PT02,1105.52,2024-09-30,2024-10-05T10:00:00
PS00002857,LN00007803,PT01,701.80,2024-10-31,2024-11-05T10:00:00
PS00002858,LN00007805,PT02,494.26,2024-12-31,2025-01-05T10:00:00
PS00002859,LN00007806,PT03,2073.60,2025-01-31,2025-02-05T10:00:00
PS00002860,LN00007808,PT05,607.62,2025-03-31,2025-04-05T10:00:00
PS00002861,LN00007809,PT04,1542.24,2025-04-30,2025-05-05T10:00:00
PS00002862,LN00007816,PT03,2011.50,2025-11-30,2025-12-05T10:00:00
PS00002863,LN00007821,PT04,638.86,2026-04-30,2026-05-05T10:00:00
PS00002864,LN00007826,PT05,1595.62,2024-09-30,2024-10-05T10:00:00
PS00002865,LN00007829,PT01,689.48,2024-12-31,2025-01-05T10:00:00
PS00002866,LN00007836,PT04,569.84,2025-07-31,2025-08-05T10:00:00
PS00002867,LN00007841,PT03,1330.20,2025-12-31,2026-01-05T10:00:00
PS00002868,LN00007844,PT03,1511.70,2026-03-31,2026-04-05T10:00:00
PS00002869,LN00007845,PT02,1105.00,2026-04-30,2026-05-05T10:00:00
PS00002870,LN00007846,PT05,1955.48,2026-05-31,2026-06-05T10:00:00
PS00002871,LN00007848,PT05,1051.08,2026-07-31,2026-08-05T10:00:00
PS00002872,LN00007850,PT05,1942.56,2024-09-30,2024-10-05T10:00:00
PS00002873,LN00007852,PT03,724.50,2024-11-30,2024-12-05T10:00:00
PS00002874,LN00007854,PT05,1340.64,2025-01-31,2025-02-05T10:00:00
PS00002875,LN00007858,PT04,802.74,2025-05-31,2025-06-05T10:00:00
PS00002876,LN00007859,PT03,1632.30,2025-06-30,2025-07-05T10:00:00
PS00002877,LN00007860,PT05,1919.38,2025-07-31,2025-08-05T10:00:00
PS00002878,LN00007861,PT04,683.06,2025-08-31,2025-09-05T10:00:00
PS00002879,LN00007862,PT02,1311.96,2025-09-30,2025-10-05T10:00:00
PS00002880,LN00007870,PT01,1308.12,2026-05-31,2026-06-05T10:00:00
PS00002881,LN00007871,PT05,559.74,2026-06-30,2026-07-05T10:00:00
PS00002882,LN00007876,PT05,2085.82,2024-11-30,2024-12-05T10:00:00
PS00002883,LN00007880,PT03,987.30,2025-03-31,2025-04-05T10:00:00
PS00002884,LN00007886,PT03,825.30,2025-09-30,2025-10-05T10:00:00
PS00002885,LN00007887,PT05,2291.78,2025-10-31,2025-11-05T10:00:00
PS00002886,LN00007888,PT05,1440.58,2025-11-30,2025-12-05T10:00:00
PS00002887,LN00007890,PT03,2188.50,2026-01-31,2026-02-05T10:00:00
PS00002888,LN00007892,PT04,1829.54,2026-03-31,2026-04-05T10:00:00
PS00002889,LN00007895,PT02,1987.96,2026-06-30,2026-07-05T10:00:00
PS00002890,LN00007896,PT05,1842.62,2026-07-31,2026-08-05T10:00:00
PS00002891,LN00007899,PT02,530.14,2024-10-31,2024-11-05T10:00:00
PS00002892,LN00007900,PT02,1047.54,2024-11-30,2024-12-05T10:00:00
PS00002893,LN00007902,PT04,1608.20,2025-01-31,2025-02-05T10:00:00
PS00002894,LN00007904,PT05,964.06,2025-03-31,2025-04-05T10:00:00
PS00002895,LN00007905,PT04,805.46,2025-04-30,2025-05-05T10:00:00
PS00002896,LN00007909,PT03,1326.60,2025-08-31,2025-09-05T10:00:00
PS00002897,LN00007915,PT05,573.42,2026-02-28,2026-03-05T10:00:00
PS00002898,LN00007916,PT03,1180.50,2026-03-31,2026-04-05T10:00:00
PS00002899,LN00007921,PT05,675.64,2024-08-31,2024-09-05T10:00:00
PS00002900,LN00007925,PT02,782.08,2024-12-31,2025-01-05T10:00:00
PS00002901,LN00007927,PT03,1328.70,2025-02-28,2025-03-05T10:00:00
PS00002902,LN00007929,PT01,1150.82,2025-04-30,2025-05-05T10:00:00
PS00002903,LN00007930,PT05,587.10,2025-05-31,2025-06-05T10:00:00
PS00002904,LN00007931,PT05,2858.74,2025-06-30,2025-07-05T10:00:00
PS00002905,LN00007933,PT02,529.36,2025-08-31,2025-09-05T10:00:00
PS00002906,LN00007936,PT04,1324.98,2025-11-30,2025-12-05T10:00:00
PS00002907,LN00007940,PT02,801.84,2026-03-31,2026-04-05T10:00:00
PS00002908,LN00007941,PT05,520.22,2026-04-30,2026-05-05T10:00:00
PS00002909,LN00007946,PT01,506.88,2024-09-30,2024-10-05T10:00:00
PS00002910,LN00007950,PT01,740.52,2025-01-31,2025-02-05T10:00:00
PS00002911,LN00007952,PT04,891.48,2025-03-31,2025-04-05T10:00:00
PS00002912,LN00007956,PT02,2061.54,2025-07-31,2025-08-05T10:00:00
PS00002913,LN00007957,PT01,295.68,2025-08-31,2025-09-05T10:00:00
PS00002914,LN00007958,PT05,1097.82,2025-09-30,2025-10-05T10:00:00
PS00002915,LN00007959,PT04,479.74,2025-10-31,2025-11-05T10:00:00
PS00002916,LN00007963,PT02,1974.44,2026-02-28,2026-03-05T10:00:00
PS00002917,LN00007965,PT03,1884.30,2026-04-30,2026-05-05T10:00:00
PS00002918,LN00007966,PT03,906.30,2026-05-31,2026-06-05T10:00:00
PS00002919,LN00007969,PT04,1804.38,2024-08-31,2024-09-05T10:00:00
PS00002920,LN00007970,PT03,1371.90,2024-09-30,2024-10-05T10:00:00
PS00002921,LN00007971,PT02,634.40,2024-10-31,2024-11-05T10:00:00
PS00002922,LN00007972,PT03,1212.00,2024-11-30,2024-12-05T10:00:00
PS00002923,LN00007974,PT01,1540.44,2025-01-31,2025-02-05T10:00:00
PS00002924,LN00007975,PT02,1302.86,2025-02-28,2025-03-05T10:00:00
PS00002925,LN00007977,PT01,678.92,2025-04-30,2025-05-05T10:00:00
PS00002926,LN00007978,PT01,863.50,2025-05-31,2025-06-05T10:00:00
PS00002927,LN00007981,PT05,798.38,2025-08-31,2025-09-05T10:00:00
PS00002928,LN00007986,PT01,988.68,2026-01-31,2026-02-05T10:00:00
PS00002929,LN00007992,PT05,1252.86,2026-07-31,2026-08-05T10:00:00
PS00002930,LN00007994,PT02,523.38,2024-09-30,2024-10-05T10:00:00
PS00002931,LN00007995,PT05,2531.18,2024-10-31,2024-11-05T10:00:00
PS00002932,LN00008002,PT02,749.58,2025-05-31,2025-06-05T10:00:00
PS00002933,LN00008010,PT01,423.94,2026-01-31,2026-02-05T10:00:00
PS00002934,LN00008012,PT01,290.40,2026-03-31,2026-04-05T10:00:00
PS00002935,LN00008017,PT03,764.40,2024-08-31,2024-09-05T10:00:00
PS00002936,LN00008019,PT05,1478.96,2024-10-31,2024-11-05T10:00:00
PS00002937,LN00008020,PT01,763.62,2024-11-30,2024-12-05T10:00:00
PS00002938,LN00008023,PT03,642.90,2025-02-28,2025-03-05T10:00:00
PS00002939,LN00008026,PT02,1560.78,2025-05-31,2025-06-05T10:00:00
PS00002940,LN00008027,PT01,1303.72,2025-06-30,2025-07-05T10:00:00
PS00002941,LN00008031,PT02,367.64,2025-10-31,2025-11-05T10:00:00
PS00002942,LN00008034,PT05,2400.84,2026-01-31,2026-02-05T10:00:00
PS00002943,LN00008036,PT02,1648.66,2026-03-31,2026-04-05T10:00:00
PS00002944,LN00008045,PT05,2040.60,2024-12-31,2025-01-05T10:00:00
PS00002945,LN00008048,PT01,319.66,2025-03-31,2025-04-05T10:00:00
PS00002946,LN00008049,PT04,1048.90,2025-04-30,2025-05-05T10:00:00
PS00002947,LN00008051,PT03,2285.70,2025-06-30,2025-07-05T10:00:00
PS00002948,LN00008055,PT05,2147.38,2025-10-31,2025-11-05T10:00:00
PS00002949,LN00008062,PT01,336.38,2026-05-31,2026-06-05T10:00:00
PS00002950,LN00008066,PT03,1230.30,2024-09-30,2024-10-05T10:00:00
PS00002951,LN00008069,PT04,2202.52,2024-12-31,2025-01-05T10:00:00
PS00002952,LN00008071,PT03,628.20,2025-02-28,2025-03-05T10:00:00
PS00002953,LN00008074,PT02,1473.94,2025-05-31,2025-06-05T10:00:00
PS00002954,LN00008076,PT02,1230.06,2025-07-31,2025-08-05T10:00:00
PS00002955,LN00008077,PT02,829.92,2025-08-31,2025-09-05T10:00:00
PS00002956,LN00008081,PT02,668.20,2025-12-31,2026-01-05T10:00:00
PS00002957,LN00008086,PT05,2302.04,2026-05-31,2026-06-05T10:00:00
PS00002958,LN00008091,PT01,1392.16,2024-10-31,2024-11-05T10:00:00
PS00002959,LN00008094,PT02,1415.44,2025-01-31,2025-02-05T10:00:00
PS00002960,LN00008095,PT04,1330.76,2025-02-28,2025-03-05T10:00:00
PS00002961,LN00008097,PT03,2102.40,2025-04-30,2025-05-05T10:00:00
PS00002962,LN00008098,PT02,633.62,2025-05-31,2025-06-05T10:00:00
PS00002963,LN00008101,PT03,1655.40,2025-08-31,2025-09-05T10:00:00
PS00002964,LN00008104,PT04,2373.88,2025-11-30,2025-12-05T10:00:00
PS00002965,LN00008105,PT05,1884.42,2025-12-31,2026-01-05T10:00:00
PS00002966,LN00008107,PT01,383.46,2026-02-28,2026-03-05T10:00:00
PS00002967,LN00008111,PT01,432.74,2026-06-30,2026-07-05T10:00:00
PS00002968,LN00008113,PT05,1268.06,2024-08-31,2024-09-05T10:00:00
PS00002969,LN00008119,PT02,693.94,2025-02-28,2025-03-05T10:00:00
PS00002970,LN00008123,PT02,1248.78,2025-06-30,2025-07-05T10:00:00
PS00002971,LN00008125,PT05,515.28,2025-08-31,2025-09-05T10:00:00
PS00002972,LN00008128,PT05,2180.06,2025-11-30,2025-12-05T10:00:00
PS00002973,LN00008131,PT01,1104.62,2026-02-28,2026-03-05T10:00:00
PS00002974,LN00008134,PT03,1681.50,2026-05-31,2026-06-05T10:00:00
PS00002975,LN00008135,PT01,546.48,2026-06-30,2026-07-05T10:00:00
PS00002976,LN00008141,PT04,1979.48,2024-12-31,2025-01-05T10:00:00
PS00002977,LN00008143,PT02,319.28,2025-02-28,2025-03-05T10:00:00
PS00002978,LN00008146,PT02,469.56,2025-05-31,2025-06-05T10:00:00
PS00002979,LN00008154,PT03,1816.80,2026-01-31,2026-02-05T10:00:00
PS00002980,LN00008155,PT02,579.28,2026-02-28,2026-03-05T10:00:00
PS00002981,LN00008156,PT05,2927.14,2026-03-31,2026-04-05T10:00:00
PS00002982,LN00008158,PT05,1759.02,2026-05-31,2026-06-05T10:00:00
PS00002983,LN00008159,PT05,736.44,2026-06-30,2026-07-05T10:00:00
PS00002984,LN00008160,PT04,793.56,2026-07-31,2026-08-05T10:00:00
PS00002985,LN00008161,PT04,2468.06,2024-08-31,2024-09-05T10:00:00
PS00002986,LN00008169,PT02,1171.56,2025-04-30,2025-05-05T10:00:00
PS00002987,LN00008172,PT01,630.96,2025-07-31,2025-08-05T10:00:00
PS00002988,LN00008178,PT03,1976.70,2026-01-31,2026-02-05T10:00:00
PS00002989,LN00008185,PT04,500.82,2024-08-31,2024-09-05T10:00:00
PS00002990,LN00008189,PT02,811.98,2024-12-31,2025-01-05T10:00:00
PS00002991,LN00008193,PT05,1706.58,2025-04-30,2025-05-05T10:00:00
PS00002992,LN00008194,PT04,2638.74,2025-05-31,2025-06-05T10:00:00
PS00002993,LN00008195,PT01,1344.64,2025-06-30,2025-07-05T10:00:00
PS00002994,LN00008196,PT05,1464.90,2025-07-31,2025-08-05T10:00:00
PS00002995,LN00008197,PT05,2126.48,2025-08-31,2025-09-05T10:00:00
PS00002996,LN00008198,PT04,1239.98,2025-09-30,2025-10-05T10:00:00
PS00002997,LN00008199,PT01,308.88,2025-10-31,2025-11-05T10:00:00
PS00002998,LN00008202,PT05,2715.86,2026-01-31,2026-02-05T10:00:00
PS00002999,LN00008206,PT01,907.50,2026-05-31,2026-06-05T10:00:00
PS00003000,LN00008208,PT05,2697.62,2026-07-31,2026-08-05T10:00:00
PS00003001,LN00008209,PT05,1786.76,2024-08-31,2024-09-05T10:00:00
PS00003002,LN00008214,PT05,1438.68,2025-01-31,2025-02-05T10:00:00
PS00003003,LN00008215,PT05,2117.36,2025-02-28,2025-03-05T10:00:00
PS00003004,LN00008218,PT03,1576.20,2025-05-31,2025-06-05T10:00:00
PS00003005,LN00008221,PT05,704.52,2025-08-31,2025-09-05T10:00:00
PS00003006,LN00008225,PT01,828.52,2025-12-31,2026-01-05T10:00:00
PS00003007,LN00008228,PT02,1202.24,2026-03-31,2026-04-05T10:00:00
PS00003008,LN00008231,PT05,2417.94,2026-06-30,2026-07-05T10:00:00
PS00003009,LN00008241,PT03,1838.10,2025-04-30,2025-05-05T10:00:00
PS00003010,LN00008243,PT05,2044.02,2025-06-30,2025-07-05T10:00:00
PS00003011,LN00008245,PT04,1846.20,2025-08-31,2025-09-05T10:00:00
PS00003012,LN00008252,PT02,601.38,2026-03-31,2026-04-05T10:00:00
PS00003013,LN00008253,PT04,2635.34,2026-04-30,2026-05-05T10:00:00
PS00003014,LN00008257,PT05,1206.12,2024-08-31,2024-09-05T10:00:00
PS00003015,LN00008263,PT05,554.42,2025-02-28,2025-03-05T10:00:00
PS00003016,LN00008266,PT03,2084.10,2025-05-31,2025-06-05T10:00:00
PS00003017,LN00008270,PT03,1299.60,2025-09-30,2025-10-05T10:00:00
PS00003018,LN00008272,PT01,957.44,2025-11-30,2025-12-05T10:00:00
PS00003019,LN00008278,PT01,1117.38,2026-05-31,2026-06-05T10:00:00
PS00003020,LN00008281,PT02,804.70,2024-08-31,2024-09-05T10:00:00
PS00003021,LN00008284,PT01,1418.56,2024-11-30,2024-12-05T10:00:00
PS00003022,LN00008287,PT02,768.82,2025-02-28,2025-03-05T10:00:00
PS00003023,LN00008289,PT04,1320.56,2025-04-30,2025-05-05T10:00:00
PS00003024,LN00008291,PT05,2521.68,2025-06-30,2025-07-05T10:00:00
PS00003025,LN00008292,PT02,633.10,2025-07-31,2025-08-05T10:00:00
PS00003026,LN00008295,PT02,837.20,2025-10-31,2025-11-05T10:00:00
PS00003027,LN00008300,PT05,1407.14,2026-03-31,2026-04-05T10:00:00
PS00003028,LN00008301,PT02,1012.70,2026-04-30,2026-05-05T10:00:00
PS00003029,LN00008302,PT04,1064.54,2026-05-31,2026-06-05T10:00:00
PS00003030,LN00008305,PT05,1330.38,2024-08-31,2024-09-05T10:00:00
PS00003031,LN00008306,PT02,1789.06,2024-09-30,2024-10-05T10:00:00
PS00003032,LN00008308,PT05,1447.80,2024-11-30,2024-12-05T10:00:00
PS00003033,LN00008309,PT05,2522.82,2024-12-31,2025-01-05T10:00:00
PS00003034,LN00008310,PT02,502.06,2025-01-31,2025-02-05T10:00:00
PS00003035,LN00008314,PT02,1668.16,2025-05-31,2025-06-05T10:00:00
PS00003036,LN00008320,PT05,1137.72,2025-11-30,2025-12-05T10:00:00
PS00003037,LN00008322,PT02,1918.54,2026-01-31,2026-02-05T10:00:00
PS00003038,LN00008329,PT05,2492.04,2024-08-31,2024-09-05T10:00:00
PS00003039,LN00008330,PT02,1754.74,2024-09-30,2024-10-05T10:00:00
PS00003040,LN00008331,PT01,321.20,2024-10-31,2024-11-05T10:00:00
PS00003041,LN00008333,PT01,513.92,2024-12-31,2025-01-05T10:00:00
PS00003042,LN00008337,PT01,1430.00,2025-04-30,2025-05-05T10:00:00
PS00003043,LN00008339,PT03,1263.60,2025-06-30,2025-07-05T10:00:00
PS00003044,LN00008342,PT02,679.12,2025-09-30,2025-10-05T10:00:00
PS00003045,LN00008343,PT02,1521.78,2025-10-31,2025-11-05T10:00:00
PS00003046,LN00008348,PT04,1209.38,2026-03-31,2026-04-05T10:00:00
PS00003047,LN00008353,PT01,904.20,2024-08-31,2024-09-05T10:00:00
PS00003048,LN00008354,PT03,2044.80,2024-09-30,2024-10-05T10:00:00
PS00003049,LN00008359,PT03,1369.20,2025-02-28,2025-03-05T10:00:00
PS00003050,LN00008361,PT05,677.16,2025-04-30,2025-05-05T10:00:00
PS00003051,LN00008368,PT04,617.78,2025-11-30,2025-12-05T10:00:00
PS00003052,LN00008375,PT05,3036.20,2026-06-30,2026-07-05T10:00:00
PS00003053,LN00008379,PT05,2010.96,2024-10-31,2024-11-05T10:00:00
PS00003054,LN00008381,PT04,2111.06,2024-12-31,2025-01-05T10:00:00
PS00003055,LN00008382,PT02,588.12,2025-01-31,2025-02-05T10:00:00
PS00003056,LN00008391,PT05,3021.76,2025-10-31,2025-11-05T10:00:00
PS00003057,LN00008392,PT01,309.76,2025-11-30,2025-12-05T10:00:00
PS00003058,LN00008394,PT02,1479.66,2026-01-31,2026-02-05T10:00:00
PS00003059,LN00008395,PT03,2079.90,2026-02-28,2026-03-05T10:00:00
PS00003060,LN00008396,PT03,392.40,2026-03-31,2026-04-05T10:00:00
PS00003061,LN00008397,PT02,689.52,2026-04-30,2026-05-05T10:00:00
PS00003062,LN00008401,PT01,1097.80,2024-08-31,2024-09-05T10:00:00
PS00003063,LN00008402,PT04,830.62,2024-09-30,2024-10-05T10:00:00
PS00003064,LN00008405,PT01,1473.34,2024-12-31,2025-01-05T10:00:00
PS00003065,LN00008406,PT05,1799.68,2025-01-31,2025-02-05T10:00:00
PS00003066,LN00008407,PT05,1559.52,2025-02-28,2025-03-05T10:00:00
PS00003067,LN00008412,PT01,845.46,2025-07-31,2025-08-05T10:00:00
PS00003068,LN00008423,PT04,1767.66,2026-06-30,2026-07-05T10:00:00
PS00003069,LN00008424,PT03,2288.10,2026-07-31,2026-08-05T10:00:00
PS00003070,LN00008430,PT02,1243.84,2025-01-31,2025-02-05T10:00:00
PS00003071,LN00008431,PT01,1642.96,2025-02-28,2025-03-05T10:00:00
PS00003072,LN00008433,PT01,1642.52,2025-04-30,2025-05-05T10:00:00
PS00003073,LN00008434,PT03,1224.30,2025-05-31,2025-06-05T10:00:00
PS00003074,LN00008440,PT01,951.50,2025-11-30,2025-12-05T10:00:00
PS00003075,LN00008441,PT04,1160.08,2025-12-31,2026-01-05T10:00:00
PS00003076,LN00008442,PT02,1517.10,2026-01-31,2026-02-05T10:00:00
PS00003077,LN00008443,PT05,2654.30,2026-02-28,2026-03-05T10:00:00
PS00003078,LN00008444,PT03,1021.50,2026-03-31,2026-04-05T10:00:00
PS00003079,LN00008445,PT02,697.84,2026-04-30,2026-05-05T10:00:00
PS00003080,LN00008446,PT05,1289.72,2026-05-31,2026-06-05T10:00:00
PS00003081,LN00008450,PT05,1608.16,2024-09-30,2024-10-05T10:00:00
PS00003082,LN00008455,PT02,1687.40,2025-02-28,2025-03-05T10:00:00
PS00003083,LN00008456,PT04,659.94,2025-03-31,2025-04-05T10:00:00
PS00003084,LN00008457,PT02,1822.60,2025-04-30,2025-05-05T10:00:00
PS00003085,LN00008461,PT05,2724.22,2025-08-31,2025-09-05T10:00:00
PS00003086,LN00008463,PT03,1722.00,2025-10-31,2025-11-05T10:00:00
PS00003087,LN00008469,PT05,2009.44,2026-04-30,2026-05-05T10:00:00
PS00003088,LN00008473,PT03,490.50,2024-08-31,2024-09-05T10:00:00
PS00003089,LN00008477,PT03,2274.90,2024-12-31,2025-01-05T10:00:00
PS00003090,LN00008483,PT04,1689.12,2025-06-30,2025-07-05T10:00:00
PS00003091,LN00008484,PT03,2135.70,2025-07-31,2025-08-05T10:00:00
PS00003092,LN00008485,PT03,1882.50,2025-08-31,2025-09-05T10:00:00
PS00003093,LN00008486,PT05,738.72,2025-09-30,2025-10-05T10:00:00
PS00003094,LN00008488,PT04,988.04,2025-11-30,2025-12-05T10:00:00
PS00003095,LN00008490,PT05,501.98,2026-01-31,2026-02-05T10:00:00
PS00003096,LN00008491,PT04,919.70,2026-02-28,2026-03-05T10:00:00
PS00003097,LN00008492,PT03,2026.20,2026-03-31,2026-04-05T10:00:00
PS00003098,LN00008494,PT01,366.52,2026-05-31,2026-06-05T10:00:00
PS00003099,LN00008495,PT03,1179.60,2026-06-30,2026-07-05T10:00:00
PS00003100,LN00008496,PT05,492.10,2026-07-31,2026-08-05T10:00:00
PS00003101,LN00008497,PT04,2156.96,2024-08-31,2024-09-05T10:00:00
PS00003102,LN00008500,PT01,1342.88,2024-11-30,2024-12-05T10:00:00
PS00003103,LN00008511,PT02,746.46,2025-10-31,2025-11-05T10:00:00
PS00003104,LN00008513,PT01,1355.20,2025-12-31,2026-01-05T10:00:00
PS00003105,LN00008520,PT02,2006.16,2026-07-31,2026-08-05T10:00:00
PS00003106,LN00008522,PT02,2029.04,2024-09-30,2024-10-05T10:00:00
PS00003107,LN00008525,PT02,381.68,2024-12-31,2025-01-05T10:00:00
PS00003108,LN00008531,PT01,1266.10,2025-06-30,2025-07-05T10:00:00
PS00003109,LN00008532,PT04,2049.52,2025-07-31,2025-08-05T10:00:00
PS00003110,LN00008536,PT01,390.72,2025-11-30,2025-12-05T10:00:00
PS00003111,LN00008539,PT03,649.50,2026-02-28,2026-03-05T10:00:00
PS00003112,LN00008540,PT05,2140.92,2026-03-31,2026-04-05T10:00:00
PS00003113,LN00008541,PT02,1318.20,2026-04-30,2026-05-05T10:00:00
PS00003114,LN00008544,PT03,2220.90,2026-07-31,2026-08-05T10:00:00
PS00003115,LN00008548,PT04,2231.76,2024-11-30,2024-12-05T10:00:00
PS00003116,LN00008552,PT02,1893.58,2025-03-31,2025-04-05T10:00:00
PS00003117,LN00008561,PT02,1822.86,2025-12-31,2026-01-05T10:00:00
PS00003118,LN00008562,PT05,2872.80,2026-01-31,2026-02-05T10:00:00
PS00003119,LN00008566,PT03,1244.40,2026-05-31,2026-06-05T10:00:00
PS00003120,LN00008568,PT01,819.94,2026-07-31,2026-08-05T10:00:00
PS00003121,LN00008570,PT05,876.28,2024-09-30,2024-10-05T10:00:00
PS00003122,LN00008573,PT05,2713.58,2024-12-31,2025-01-05T10:00:00
PS00003123,LN00008574,PT01,1125.52,2025-01-31,2025-02-05T10:00:00
PS00003124,LN00008580,PT02,933.40,2025-07-31,2025-08-05T10:00:00
PS00003125,LN00008584,PT02,1501.24,2025-11-30,2025-12-05T10:00:00
PS00003126,LN00008590,PT04,843.20,2026-05-31,2026-06-05T10:00:00
PS00003127,LN00008592,PT05,1223.98,2026-07-31,2026-08-05T10:00:00
PS00003128,LN00008597,PT03,1554.60,2024-12-31,2025-01-05T10:00:00
PS00003129,LN00008598,PT01,638.88,2025-01-31,2025-02-05T10:00:00
PS00003130,LN00008602,PT02,1995.76,2025-05-31,2025-06-05T10:00:00
PS00003131,LN00008605,PT02,1301.30,2025-08-31,2025-09-05T10:00:00
PS00003132,LN00008607,PT05,1498.34,2025-10-31,2025-11-05T10:00:00
PS00003133,LN00008610,PT04,1253.58,2026-01-31,2026-02-05T10:00:00
PS00003134,LN00008617,PT04,1645.26,2024-08-31,2024-09-05T10:00:00
PS00003135,LN00008618,PT04,2062.44,2024-09-30,2024-10-05T10:00:00
PS00003136,LN00008620,PT03,2099.40,2024-11-30,2024-12-05T10:00:00
PS00003137,LN00008627,PT04,999.60,2025-06-30,2025-07-05T10:00:00
PS00003138,LN00008628,PT01,1618.54,2025-07-31,2025-08-05T10:00:00
PS00003139,LN00008631,PT03,1551.30,2025-10-31,2025-11-05T10:00:00
PS00003140,LN00008635,PT03,1958.10,2026-02-28,2026-03-05T10:00:00
PS00003141,LN00008637,PT04,671.50,2026-04-30,2026-05-05T10:00:00
PS00003142,LN00008644,PT05,745.56,2024-11-30,2024-12-05T10:00:00
PS00003143,LN00008645,PT04,1861.16,2024-12-31,2025-01-05T10:00:00
PS00003144,LN00008648,PT05,2621.24,2025-03-31,2025-04-05T10:00:00
PS00003145,LN00008653,PT02,718.64,2025-08-31,2025-09-05T10:00:00
PS00003146,LN00008655,PT01,782.10,2025-10-31,2025-11-05T10:00:00
PS00003147,LN00008657,PT02,667.16,2025-12-31,2026-01-05T10:00:00
PS00003148,LN00008662,PT02,851.24,2026-05-31,2026-06-05T10:00:00
PS00003149,LN00008669,PT03,1459.80,2024-12-31,2025-01-05T10:00:00
PS00003150,LN00008675,PT02,729.56,2025-06-30,2025-07-05T10:00:00
PS00003151,LN00008680,PT04,874.48,2025-11-30,2025-12-05T10:00:00
PS00003152,LN00008695,PT05,2087.72,2025-02-28,2025-03-05T10:00:00
PS00003153,LN00008715,PT04,546.72,2024-10-31,2024-11-05T10:00:00
PS00003154,LN00008719,PT03,482.10,2025-02-28,2025-03-05T10:00:00
PS00003155,LN00008720,PT03,1995.00,2025-03-31,2025-04-05T10:00:00
PS00003156,LN00008722,PT03,868.50,2025-05-31,2025-06-05T10:00:00
PS00003157,LN00008734,PT03,986.10,2026-05-31,2026-06-05T10:00:00
PS00003158,LN00008736,PT01,1162.04,2026-07-31,2026-08-05T10:00:00
PS00003159,LN00008737,PT03,2031.60,2024-08-31,2024-09-05T10:00:00
PS00003160,LN00008739,PT03,453.60,2024-10-31,2024-11-05T10:00:00
PS00003161,LN00008741,PT01,1327.26,2024-12-31,2025-01-05T10:00:00
PS00003162,LN00008743,PT05,524.78,2025-02-28,2025-03-05T10:00:00
PS00003163,LN00008745,PT03,747.60,2025-04-30,2025-05-05T10:00:00
PS00003164,LN00008746,PT05,1589.16,2025-05-31,2025-06-05T10:00:00
PS00003165,LN00008748,PT04,2480.64,2025-07-31,2025-08-05T10:00:00
PS00003166,LN00008754,PT02,569.92,2026-01-31,2026-02-05T10:00:00
PS00003167,LN00008755,PT05,2724.60,2026-02-28,2026-03-05T10:00:00
PS00003168,LN00008758,PT04,1183.20,2026-05-31,2026-06-05T10:00:00
PS00003169,LN00008760,PT03,1177.80,2026-07-31,2026-08-05T10:00:00
PS00003170,LN00008761,PT02,794.30,2024-08-31,2024-09-05T10:00:00
PS00003171,LN00008762,PT04,956.08,2024-09-30,2024-10-05T10:00:00
PS00003172,LN00008763,PT04,1011.50,2024-10-31,2024-11-05T10:00:00
PS00003173,LN00008767,PT02,875.94,2025-02-28,2025-03-05T10:00:00
PS00003174,LN00008768,PT05,2314.58,2025-03-31,2025-04-05T10:00:00
PS00003175,LN00008769,PT03,1374.60,2025-04-30,2025-05-05T10:00:00
PS00003176,LN00008770,PT02,605.28,2025-05-31,2025-06-05T10:00:00
PS00003177,LN00008774,PT02,419.12,2025-09-30,2025-10-05T10:00:00
PS00003178,LN00008775,PT05,2433.90,2025-10-31,2025-11-05T10:00:00
PS00003179,LN00008776,PT05,2917.26,2025-11-30,2025-12-05T10:00:00
PS00003180,LN00008778,PT05,2865.96,2026-01-31,2026-02-05T10:00:00
PS00003181,LN00008779,PT01,391.16,2026-02-28,2026-03-05T10:00:00
PS00003182,LN00008781,PT01,891.88,2026-04-30,2026-05-05T10:00:00
PS00003183,LN00008782,PT04,2650.30,2026-05-31,2026-06-05T10:00:00
PS00003184,LN00008783,PT01,1702.80,2026-06-30,2026-07-05T10:00:00
PS00003185,LN00008786,PT04,1248.82,2024-09-30,2024-10-05T10:00:00
PS00003186,LN00008787,PT05,2713.58,2024-10-31,2024-11-05T10:00:00
PS00003187,LN00008790,PT05,1882.90,2025-01-31,2025-02-05T10:00:00
PS00003188,LN00008792,PT02,1824.16,2025-03-31,2025-04-05T10:00:00
PS00003189,LN00008793,PT01,1504.36,2025-04-30,2025-05-05T10:00:00
PS00003190,LN00008795,PT04,742.90,2025-06-30,2025-07-05T10:00:00
PS00003191,LN00008797,PT04,2617.66,2025-08-31,2025-09-05T10:00:00
PS00003192,LN00008798,PT04,476.68,2025-09-30,2025-10-05T10:00:00
PS00003193,LN00008799,PT03,978.90,2025-10-31,2025-11-05T10:00:00
PS00003194,LN00008801,PT04,814.30,2025-12-31,2026-01-05T10:00:00
PS00003195,LN00008805,PT04,1911.14,2026-04-30,2026-05-05T10:00:00
PS00003196,LN00008806,PT05,1137.34,2026-05-31,2026-06-05T10:00:00
PS00003197,LN00008807,PT03,912.90,2026-06-30,2026-07-05T10:00:00
PS00003198,LN00008808,PT03,1777.20,2026-07-31,2026-08-05T10:00:00
PS00003199,LN00008812,PT01,459.36,2024-11-30,2024-12-05T10:00:00
PS00003200,LN00008814,PT01,492.80,2025-01-31,2025-02-05T10:00:00
PS00003201,LN00008815,PT04,825.86,2025-02-28,2025-03-05T10:00:00
PS00003202,LN00008817,PT05,911.24,2025-04-30,2025-05-05T10:00:00
PS00003203,LN00008818,PT01,1215.72,2025-05-31,2025-06-05T10:00:00
PS00003204,LN00008821,PT03,766.50,2025-08-31,2025-09-05T10:00:00
PS00003205,LN00008827,PT05,1694.80,2026-02-28,2026-03-05T10:00:00
PS00003206,LN00008831,PT03,921.60,2026-06-30,2026-07-05T10:00:00
PS00003207,LN00008836,PT04,629.68,2024-11-30,2024-12-05T10:00:00
PS00003208,LN00008845,PT02,349.96,2025-08-31,2025-09-05T10:00:00
PS00003209,LN00008846,PT01,754.60,2025-09-30,2025-10-05T10:00:00
PS00003210,LN00008847,PT03,826.20,2025-10-31,2025-11-05T10:00:00
PS00003211,LN00008848,PT01,1609.74,2025-11-30,2025-12-05T10:00:00
PS00003212,LN00008850,PT05,2823.78,2026-01-31,2026-02-05T10:00:00
PS00003213,LN00008852,PT03,1364.40,2026-03-31,2026-04-05T10:00:00
PS00003214,LN00008859,PT04,2691.10,2024-10-31,2024-11-05T10:00:00
PS00003215,LN00008861,PT05,2193.74,2024-12-31,2025-01-05T10:00:00
PS00003216,LN00008863,PT01,482.24,2025-02-28,2025-03-05T10:00:00
PS00003217,LN00008874,PT02,489.32,2026-01-31,2026-02-05T10:00:00
PS00003218,LN00008876,PT04,1567.40,2026-03-31,2026-04-05T10:00:00
PS00003219,LN00008880,PT02,1699.36,2026-07-31,2026-08-05T10:00:00
PS00003220,LN00008882,PT04,1697.96,2024-09-30,2024-10-05T10:00:00
PS00003221,LN00008888,PT05,565.06,2025-03-31,2025-04-05T10:00:00
PS00003222,LN00008892,PT05,2859.50,2025-07-31,2025-08-05T10:00:00
PS00003223,LN00008893,PT04,2408.56,2025-08-31,2025-09-05T10:00:00
PS00003224,LN00008895,PT04,2026.40,2025-10-31,2025-11-05T10:00:00
PS00003225,LN00008897,PT02,1973.92,2025-12-31,2026-01-05T10:00:00
PS00003226,LN00008899,PT04,1005.72,2026-02-28,2026-03-05T10:00:00
PS00003227,LN00008901,PT01,539.00,2026-04-30,2026-05-05T10:00:00
PS00003228,LN00008903,PT01,748.66,2026-06-30,2026-07-05T10:00:00
PS00003229,LN00008907,PT02,513.24,2024-10-31,2024-11-05T10:00:00
PS00003230,LN00008910,PT01,617.10,2025-01-31,2025-02-05T10:00:00
PS00003231,LN00008911,PT01,1504.36,2025-02-28,2025-03-05T10:00:00
PS00003232,LN00008912,PT02,667.16,2025-03-31,2025-04-05T10:00:00
PS00003233,LN00008913,PT04,2642.48,2025-04-30,2025-05-05T10:00:00
PS00003234,LN00008919,PT04,1281.12,2025-10-31,2025-11-05T10:00:00
PS00003235,LN00008921,PT05,1936.86,2025-12-31,2026-01-05T10:00:00
PS00003236,LN00008922,PT05,1651.10,2026-01-31,2026-02-05T10:00:00
PS00003237,LN00008923,PT02,1896.96,2026-02-28,2026-03-05T10:00:00
PS00003238,LN00008925,PT03,1769.10,2026-04-30,2026-05-05T10:00:00
PS00003239,LN00008926,PT03,2109.30,2026-05-31,2026-06-05T10:00:00
PS00003240,LN00008927,PT02,2041.00,2026-06-30,2026-07-05T10:00:00
PS00003241,LN00008928,PT03,2171.70,2026-07-31,2026-08-05T10:00:00
PS00003242,LN00008932,PT04,1540.88,2024-11-30,2024-12-05T10:00:00
PS00003243,LN00008933,PT02,412.10,2024-12-31,2025-01-05T10:00:00
PS00003244,LN00008934,PT01,1652.20,2025-01-31,2025-02-05T10:00:00
PS00003245,LN00008937,PT02,1281.02,2025-04-30,2025-05-05T10:00:00
PS00003246,LN00008938,PT05,2762.98,2025-05-31,2025-06-05T10:00:00
PS00003247,LN00008941,PT02,551.46,2025-08-31,2025-09-05T10:00:00
PS00003248,LN00008944,PT01,1042.14,2025-11-30,2025-12-05T10:00:00
PS00003249,LN00008945,PT05,1749.14,2025-12-31,2026-01-05T10:00:00
PS00003250,LN00008949,PT01,774.84,2026-04-30,2026-05-05T10:00:00
PS00003251,LN00008952,PT03,1649.40,2026-07-31,2026-08-05T10:00:00
PS00003252,LN00008953,PT01,508.64,2024-08-31,2024-09-05T10:00:00
PS00003253,LN00008959,PT02,451.10,2025-02-28,2025-03-05T10:00:00
PS00003254,LN00008965,PT02,701.48,2025-08-31,2025-09-05T10:00:00
PS00003255,LN00008967,PT02,737.10,2025-10-31,2025-11-05T10:00:00
PS00003256,LN00008969,PT01,1153.02,2025-12-31,2026-01-05T10:00:00
PS00003257,LN00008975,PT04,548.08,2026-06-30,2026-07-05T10:00:00
PS00003258,LN00008978,PT05,652.46,2024-09-30,2024-10-05T10:00:00
PS00003259,LN00008981,PT03,2319.00,2024-12-31,2025-01-05T10:00:00
PS00003260,LN00008982,PT03,1960.80,2025-01-31,2025-02-05T10:00:00
PS00003261,LN00008983,PT01,1578.72,2025-02-28,2025-03-05T10:00:00
PS00003262,LN00008985,PT01,608.08,2025-04-30,2025-05-05T10:00:00
PS00003263,LN00008990,PT02,1347.84,2025-09-30,2025-10-05T10:00:00
PS00003264,LN00008993,PT03,1167.30,2025-12-31,2026-01-05T10:00:00
PS00003265,LN00008996,PT01,421.30,2026-03-31,2026-04-05T10:00:00
PS00003266,LN00008998,PT05,1572.44,2026-05-31,2026-06-05T10:00:00
PS00003267,LN00009001,PT02,1651.26,2024-08-31,2024-09-05T10:00:00
PS00003268,LN00009002,PT04,1560.94,2024-09-30,2024-10-05T10:00:00
PS00003269,LN00009004,PT01,475.86,2024-11-30,2024-12-05T10:00:00
PS00003270,LN00009006,PT03,1721.70,2025-01-31,2025-02-05T10:00:00
PS00003271,LN00009007,PT01,353.76,2025-02-28,2025-03-05T10:00:00
PS00003272,LN00009012,PT05,1979.42,2025-07-31,2025-08-05T10:00:00
PS00003273,LN00009016,PT04,1807.10,2025-11-30,2025-12-05T10:00:00
PS00003274,LN00009020,PT02,1201.46,2026-03-31,2026-04-05T10:00:00
PS00003275,LN00009023,PT03,1189.50,2026-06-30,2026-07-05T10:00:00
PS00003276,LN00009024,PT05,1016.88,2026-07-31,2026-08-05T10:00:00
PS00003277,LN00009025,PT05,2166.38,2024-08-31,2024-09-05T10:00:00
PS00003278,LN00009033,PT05,2497.36,2025-04-30,2025-05-05T10:00:00
PS00003279,LN00009036,PT03,1764.60,2025-07-31,2025-08-05T10:00:00
PS00003280,LN00009039,PT02,1769.04,2025-10-31,2025-11-05T10:00:00
PS00003281,LN00009042,PT01,338.14,2026-01-31,2026-02-05T10:00:00
PS00003282,LN00009044,PT04,1083.58,2026-03-31,2026-04-05T10:00:00
PS00003283,LN00009048,PT01,396.88,2026-07-31,2026-08-05T10:00:00
PS00003284,LN00009051,PT02,1963.00,2024-10-31,2024-11-05T10:00:00
PS00003285,LN00009052,PT04,1975.06,2024-11-30,2024-12-05T10:00:00
PS00003286,LN00009054,PT04,1347.42,2025-01-31,2025-02-05T10:00:00
PS00003287,LN00009057,PT05,1975.24,2025-04-30,2025-05-05T10:00:00
PS00003288,LN00009058,PT05,2989.84,2025-05-31,2025-06-05T10:00:00
PS00003289,LN00009059,PT03,1637.10,2025-06-30,2025-07-05T10:00:00
PS00003290,LN00009060,PT02,455.26,2025-07-31,2025-08-05T10:00:00
PS00003291,LN00009063,PT01,1104.62,2025-10-31,2025-11-05T10:00:00
PS00003292,LN00009064,PT04,1831.58,2025-11-30,2025-12-05T10:00:00
PS00003293,LN00009065,PT04,1583.38,2025-12-31,2026-01-05T10:00:00
PS00003294,LN00009066,PT05,801.80,2026-01-31,2026-02-05T10:00:00
PS00003295,LN00009067,PT01,572.88,2026-02-28,2026-03-05T10:00:00
PS00003296,LN00009068,PT05,782.80,2026-03-31,2026-04-05T10:00:00
PS00003297,LN00009070,PT02,691.34,2026-05-31,2026-06-05T10:00:00
PS00003298,LN00009072,PT03,2364.30,2026-07-31,2026-08-05T10:00:00
PS00003299,LN00009074,PT04,871.76,2024-09-30,2024-10-05T10:00:00
PS00003300,LN00009076,PT04,1407.94,2024-11-30,2024-12-05T10:00:00
PS00003301,LN00009077,PT03,1623.60,2024-12-31,2025-01-05T10:00:00
PS00003302,LN00009081,PT03,1752.00,2025-04-30,2025-05-05T10:00:00
PS00003303,LN00009088,PT02,1397.76,2025-11-30,2025-12-05T10:00:00
PS00003304,LN00009092,PT05,2769.82,2026-03-31,2026-04-05T10:00:00
PS00003305,LN00009093,PT01,1477.08,2026-04-30,2026-05-05T10:00:00
PS00003306,LN00009097,PT05,2761.84,2024-08-31,2024-09-05T10:00:00
PS00003307,LN00009098,PT02,1280.50,2024-09-30,2024-10-05T10:00:00
PS00003308,LN00009106,PT01,797.94,2025-05-31,2025-06-05T10:00:00
PS00003309,LN00009107,PT03,2303.70,2025-06-30,2025-07-05T10:00:00
PS00003310,LN00009108,PT05,1442.86,2025-07-31,2025-08-05T10:00:00
PS00003311,LN00009110,PT01,495.00,2025-09-30,2025-10-05T10:00:00
PS00003312,LN00009113,PT01,1662.54,2025-12-31,2026-01-05T10:00:00
PS00003313,LN00009114,PT01,631.18,2026-01-31,2026-02-05T10:00:00
PS00003314,LN00009117,PT03,803.10,2026-04-30,2026-05-05T10:00:00
PS00003315,LN00009118,PT03,952.50,2026-05-31,2026-06-05T10:00:00
PS00003316,LN00009121,PT01,679.36,2024-08-31,2024-09-05T10:00:00
PS00003317,LN00009126,PT02,1849.90,2025-01-31,2025-02-05T10:00:00
PS00003318,LN00009127,PT03,644.70,2025-02-28,2025-03-05T10:00:00
PS00003319,LN00009128,PT05,866.40,2025-03-31,2025-04-05T10:00:00
PS00003320,LN00009133,PT03,435.60,2025-08-31,2025-09-05T10:00:00
PS00003321,LN00009137,PT02,312.52,2025-12-31,2026-01-05T10:00:00
PS00003322,LN00009138,PT04,1964.18,2026-01-31,2026-02-05T10:00:00
PS00003323,LN00009139,PT04,1925.42,2026-02-28,2026-03-05T10:00:00
PS00003324,LN00009145,PT01,404.80,2024-08-31,2024-09-05T10:00:00
PS00003325,LN00009150,PT02,1122.42,2025-01-31,2025-02-05T10:00:00
PS00003326,LN00009153,PT01,1583.78,2025-04-30,2025-05-05T10:00:00
PS00003327,LN00009155,PT01,1499.52,2025-06-30,2025-07-05T10:00:00
PS00003328,LN00009157,PT04,432.14,2025-08-31,2025-09-05T10:00:00
PS00003329,LN00009159,PT05,887.68,2025-10-31,2025-11-05T10:00:00
PS00003330,LN00009160,PT05,2750.82,2025-11-30,2025-12-05T10:00:00
PS00003331,LN00009161,PT01,1375.44,2025-12-31,2026-01-05T10:00:00
PS00003332,LN00009163,PT01,1282.38,2026-02-28,2026-03-05T10:00:00
PS00003333,LN00009168,PT04,2523.48,2026-07-31,2026-08-05T10:00:00
PS00003334,LN00009172,PT02,791.70,2024-11-30,2024-12-05T10:00:00
PS00003335,LN00009180,PT05,1866.94,2025-07-31,2025-08-05T10:00:00
PS00003336,LN00009183,PT03,553.50,2025-10-31,2025-11-05T10:00:00
PS00003337,LN00009184,PT01,1571.02,2025-11-30,2025-12-05T10:00:00
PS00003338,LN00009185,PT03,1610.70,2025-12-31,2026-01-05T10:00:00
PS00003339,LN00009188,PT02,668.72,2026-03-31,2026-04-05T10:00:00
PS00003340,LN00009190,PT02,1480.18,2026-05-31,2026-06-05T10:00:00
PS00003341,LN00009191,PT05,1024.86,2026-06-30,2026-07-05T10:00:00
PS00003342,LN00009198,PT04,830.96,2025-01-31,2025-02-05T10:00:00
PS00003343,LN00009202,PT03,832.50,2025-05-31,2025-06-05T10:00:00
PS00003344,LN00009211,PT03,1181.40,2026-02-28,2026-03-05T10:00:00
PS00003345,LN00009212,PT04,575.96,2026-03-31,2026-04-05T10:00:00
PS00003346,LN00009217,PT02,1403.22,2024-08-31,2024-09-05T10:00:00
PS00003347,LN00009222,PT04,1279.42,2025-01-31,2025-02-05T10:00:00
PS00003348,LN00009229,PT04,1136.62,2025-08-31,2025-09-05T10:00:00
PS00003349,LN00009231,PT04,1840.76,2025-10-31,2025-11-05T10:00:00
PS00003350,LN00009232,PT04,2149.48,2025-11-30,2025-12-05T10:00:00
PS00003351,LN00009234,PT04,2159.34,2026-01-31,2026-02-05T10:00:00
PS00003352,LN00009243,PT01,1485.00,2024-10-31,2024-11-05T10:00:00
PS00003353,LN00009245,PT01,955.90,2024-12-31,2025-01-05T10:00:00
PS00003354,LN00009246,PT05,637.64,2025-01-31,2025-02-05T10:00:00
PS00003355,LN00009247,PT01,1575.64,2025-02-28,2025-03-05T10:00:00
PS00003356,LN00009250,PT01,1049.18,2025-05-31,2025-06-05T10:00:00
PS00003357,LN00009251,PT02,376.22,2025-06-30,2025-07-05T10:00:00
PS00003358,LN00009259,PT03,1577.10,2026-02-28,2026-03-05T10:00:00
PS00003359,LN00009261,PT03,1695.30,2026-04-30,2026-05-05T10:00:00
PS00003360,LN00009263,PT04,1134.24,2026-06-30,2026-07-05T10:00:00
PS00003361,LN00009269,PT01,1377.86,2024-12-31,2025-01-05T10:00:00
PS00003362,LN00009270,PT03,849.90,2025-01-31,2025-02-05T10:00:00
PS00003363,LN00009274,PT03,1006.20,2025-05-31,2025-06-05T10:00:00
PS00003364,LN00009277,PT01,1527.68,2025-08-31,2025-09-05T10:00:00
PS00003365,LN00009278,PT01,1608.64,2025-09-30,2025-10-05T10:00:00
PS00003366,LN00009280,PT02,1216.02,2025-11-30,2025-12-05T10:00:00
PS00003367,LN00009281,PT03,2355.60,2025-12-31,2026-01-05T10:00:00
PS00003368,LN00009284,PT03,1717.50,2026-03-31,2026-04-05T10:00:00
PS00003369,LN00009286,PT05,948.10,2026-05-31,2026-06-05T10:00:00
PS00003370,LN00009288,PT04,1398.76,2026-07-31,2026-08-05T10:00:00
PS00003371,LN00009294,PT01,1365.32,2025-01-31,2025-02-05T10:00:00
PS00003372,LN00009298,PT04,976.48,2025-05-31,2025-06-05T10:00:00
PS00003373,LN00009305,PT01,1693.78,2025-12-31,2026-01-05T10:00:00
PS00003374,LN00009306,PT02,1568.58,2026-01-31,2026-02-05T10:00:00
PS00003375,LN00009307,PT05,1868.46,2026-02-28,2026-03-05T10:00:00
PS00003376,LN00009309,PT01,953.92,2026-04-30,2026-05-05T10:00:00
PS00003377,LN00009311,PT04,2286.84,2026-06-30,2026-07-05T10:00:00
PS00003378,LN00009315,PT05,1237.66,2024-10-31,2024-11-05T10:00:00
PS00003379,LN00009318,PT01,835.34,2025-01-31,2025-02-05T10:00:00
PS00003380,LN00009320,PT05,2960.20,2025-03-31,2025-04-05T10:00:00
PS00003381,LN00009322,PT01,1147.96,2025-05-31,2025-06-05T10:00:00
PS00003382,LN00009325,PT03,429.90,2025-08-31,2025-09-05T10:00:00
PS00003383,LN00009327,PT02,446.68,2025-10-31,2025-11-05T10:00:00
PS00003384,LN00009328,PT02,313.56,2025-11-30,2025-12-05T10:00:00
PS00003385,LN00009332,PT05,470.44,2026-03-31,2026-04-05T10:00:00
PS00003386,LN00009333,PT02,1410.24,2026-04-30,2026-05-05T10:00:00
PS00003387,LN00009335,PT04,760.92,2026-06-30,2026-07-05T10:00:00
PS00003388,LN00009342,PT02,460.20,2025-01-31,2025-02-05T10:00:00
PS00003389,LN00009345,PT05,960.64,2025-04-30,2025-05-05T10:00:00
PS00003390,LN00009353,PT04,1137.30,2025-12-31,2026-01-05T10:00:00
PS00003391,LN00009355,PT04,473.28,2026-02-28,2026-03-05T10:00:00
PS00003392,LN00009356,PT01,351.78,2026-03-31,2026-04-05T10:00:00
PS00003393,LN00009358,PT01,576.84,2026-05-31,2026-06-05T10:00:00
PS00003394,LN00009359,PT01,885.50,2026-06-30,2026-07-05T10:00:00
PS00003395,LN00009361,PT02,1430.52,2024-08-31,2024-09-05T10:00:00
PS00003396,LN00009362,PT05,2666.84,2024-09-30,2024-10-05T10:00:00
PS00003397,LN00009365,PT02,753.48,2024-12-31,2025-01-05T10:00:00
PS00003398,LN00009368,PT04,1370.88,2025-03-31,2025-04-05T10:00:00
PS00003399,LN00009370,PT04,1149.54,2025-05-31,2025-06-05T10:00:00
PS00003400,LN00009373,PT01,1349.70,2025-08-31,2025-09-05T10:00:00
PS00003401,LN00009374,PT02,1778.40,2025-09-30,2025-10-05T10:00:00
PS00003402,LN00009375,PT04,1849.26,2025-10-31,2025-11-05T10:00:00
PS00003403,LN00009380,PT05,2805.16,2026-03-31,2026-04-05T10:00:00
PS00003404,LN00009381,PT03,1023.90,2026-04-30,2026-05-05T10:00:00
PS00003405,LN00009382,PT04,2347.02,2026-05-31,2026-06-05T10:00:00
PS00003406,LN00009383,PT03,1568.10,2026-06-30,2026-07-05T10:00:00
PS00003407,LN00009386,PT03,1831.50,2024-09-30,2024-10-05T10:00:00
PS00003408,LN00009387,PT02,1939.08,2024-10-31,2024-11-05T10:00:00
PS00003409,LN00009389,PT03,1134.90,2024-12-31,2025-01-05T10:00:00
PS00003410,LN00009390,PT02,999.44,2025-01-31,2025-02-05T10:00:00
PS00003411,LN00009392,PT05,981.92,2025-03-31,2025-04-05T10:00:00
PS00003412,LN00009395,PT05,1626.02,2025-06-30,2025-07-05T10:00:00
PS00003413,LN00009397,PT02,468.00,2025-08-31,2025-09-05T10:00:00
PS00003414,LN00009398,PT03,1840.50,2025-09-30,2025-10-05T10:00:00
PS00003415,LN00009400,PT03,1932.60,2025-11-30,2025-12-05T10:00:00
PS00003416,LN00009402,PT01,1429.34,2026-01-31,2026-02-05T10:00:00
PS00003417,LN00009411,PT02,1197.56,2024-10-31,2024-11-05T10:00:00
PS00003418,LN00009413,PT01,1731.18,2024-12-31,2025-01-05T10:00:00
PS00003419,LN00009415,PT02,989.04,2025-02-28,2025-03-05T10:00:00
PS00003420,LN00009418,PT02,626.34,2025-05-31,2025-06-05T10:00:00
PS00003421,LN00009419,PT04,2326.28,2025-06-30,2025-07-05T10:00:00
PS00003422,LN00009428,PT05,1583.46,2026-03-31,2026-04-05T10:00:00
PS00003423,LN00009434,PT03,1434.60,2024-09-30,2024-10-05T10:00:00
PS00003424,LN00009436,PT03,1715.10,2024-11-30,2024-12-05T10:00:00
PS00003425,LN00009441,PT04,530.06,2025-04-30,2025-05-05T10:00:00
PS00003426,LN00009442,PT04,2184.50,2025-05-31,2025-06-05T10:00:00
PS00003427,LN00009448,PT01,1355.42,2025-11-30,2025-12-05T10:00:00
PS00003428,LN00009452,PT04,541.96,2026-03-31,2026-04-05T10:00:00
PS00003429,LN00009454,PT05,913.90,2026-05-31,2026-06-05T10:00:00
PS00003430,LN00009459,PT03,1530.60,2024-10-31,2024-11-05T10:00:00
PS00003431,LN00009461,PT05,2074.80,2024-12-31,2025-01-05T10:00:00
PS00003432,LN00009463,PT01,1468.06,2025-02-28,2025-03-05T10:00:00
PS00003433,LN00009465,PT04,1153.28,2025-04-30,2025-05-05T10:00:00
PS00003434,LN00009468,PT03,1381.80,2025-07-31,2025-08-05T10:00:00
PS00003435,LN00009472,PT01,1703.46,2025-11-30,2025-12-05T10:00:00
PS00003436,LN00009474,PT02,2067.26,2026-01-31,2026-02-05T10:00:00
PS00003437,LN00009478,PT03,1150.20,2026-05-31,2026-06-05T10:00:00
PS00003438,LN00009479,PT01,1135.20,2026-06-30,2026-07-05T10:00:00
PS00003439,LN00009480,PT04,2092.70,2026-07-31,2026-08-05T10:00:00
PS00003440,LN00009488,PT03,901.50,2025-03-31,2025-04-05T10:00:00
PS00003441,LN00009497,PT02,582.92,2025-12-31,2026-01-05T10:00:00
PS00003442,LN00009501,PT01,1020.14,2026-04-30,2026-05-05T10:00:00
PS00003443,LN00009505,PT04,2249.78,2024-08-31,2024-09-05T10:00:00
PS00003444,LN00009506,PT01,628.32,2024-09-30,2024-10-05T10:00:00
PS00003445,LN00009510,PT04,1489.20,2025-01-31,2025-02-05T10:00:00
PS00003446,LN00009512,PT01,659.12,2025-03-31,2025-04-05T10:00:00
PS00003447,LN00009514,PT03,1986.60,2025-05-31,2025-06-05T10:00:00
PS00003448,LN00009520,PT03,2089.50,2025-11-30,2025-12-05T10:00:00
PS00003449,LN00009527,PT01,1435.94,2026-06-30,2026-07-05T10:00:00
PS00003450,LN00009536,PT04,2139.96,2025-03-31,2025-04-05T10:00:00
PS00003451,LN00009539,PT02,1212.12,2025-06-30,2025-07-05T10:00:00
PS00003452,LN00009540,PT03,1838.40,2025-07-31,2025-08-05T10:00:00
PS00003453,LN00009541,PT05,1516.96,2025-08-31,2025-09-05T10:00:00
PS00003454,LN00009543,PT04,1965.20,2025-10-31,2025-11-05T10:00:00
PS00003455,LN00009546,PT01,1104.62,2026-01-31,2026-02-05T10:00:00
PS00003456,LN00009549,PT04,2514.98,2026-04-30,2026-05-05T10:00:00
PS00003457,LN00009551,PT02,1659.06,2026-06-30,2026-07-05T10:00:00
PS00003458,LN00009554,PT05,678.68,2024-09-30,2024-10-05T10:00:00
PS00003459,LN00009556,PT05,640.68,2024-11-30,2024-12-05T10:00:00
PS00003460,LN00009557,PT05,800.66,2024-12-31,2025-01-05T10:00:00
PS00003461,LN00009558,PT01,1698.40,2025-01-31,2025-02-05T10:00:00
PS00003462,LN00009562,PT04,988.72,2025-05-31,2025-06-05T10:00:00
PS00003463,LN00009575,PT05,2160.30,2026-06-30,2026-07-05T10:00:00
PS00003464,LN00009577,PT01,1498.64,2024-08-31,2024-09-05T10:00:00
PS00003465,LN00009578,PT01,515.90,2024-09-30,2024-10-05T10:00:00
PS00003466,LN00009579,PT02,1575.34,2024-10-31,2024-11-05T10:00:00
PS00003467,LN00009580,PT03,1258.50,2024-11-30,2024-12-05T10:00:00
PS00003468,LN00009582,PT05,1246.78,2025-01-31,2025-02-05T10:00:00
PS00003469,LN00009583,PT03,672.00,2025-02-28,2025-03-05T10:00:00
PS00003470,LN00009584,PT02,1211.60,2025-03-31,2025-04-05T10:00:00
PS00003471,LN00009585,PT05,630.42,2025-04-30,2025-05-05T10:00:00
PS00003472,LN00009588,PT04,2282.76,2025-07-31,2025-08-05T10:00:00
PS00003473,LN00009599,PT02,446.68,2026-06-30,2026-07-05T10:00:00
PS00003474,LN00009600,PT05,2039.46,2026-07-31,2026-08-05T10:00:00
PS00003475,LN00009603,PT03,572.10,2024-10-31,2024-11-05T10:00:00
PS00003476,LN00009606,PT03,2151.90,2025-01-31,2025-02-05T10:00:00
PS00003477,LN00009608,PT03,2169.90,2025-03-31,2025-04-05T10:00:00
PS00003478,LN00009610,PT02,1438.32,2025-05-31,2025-06-05T10:00:00
PS00003479,LN00009611,PT05,1107.70,2025-06-30,2025-07-05T10:00:00
PS00003480,LN00009616,PT04,2658.80,2025-11-30,2025-12-05T10:00:00
PS00003481,LN00009621,PT01,1705.22,2026-04-30,2026-05-05T10:00:00
PS00003482,LN00009622,PT04,506.94,2026-05-31,2026-06-05T10:00:00
PS00003483,LN00009623,PT02,1253.20,2026-06-30,2026-07-05T10:00:00
PS00003484,LN00009625,PT04,1777.18,2024-08-31,2024-09-05T10:00:00
PS00003485,LN00009629,PT05,1922.42,2024-12-31,2025-01-05T10:00:00
PS00003486,LN00009631,PT05,2470.00,2025-02-28,2025-03-05T10:00:00
PS00003487,LN00009633,PT01,1521.52,2025-04-30,2025-05-05T10:00:00
PS00003488,LN00009639,PT03,360.60,2025-10-31,2025-11-05T10:00:00
PS00003489,LN00009646,PT01,1249.16,2026-05-31,2026-06-05T10:00:00
PS00003490,LN00009653,PT05,2875.46,2024-12-31,2025-01-05T10:00:00
PS00003491,LN00009657,PT02,868.66,2025-04-30,2025-05-05T10:00:00
PS00003492,LN00009660,PT01,849.20,2025-07-31,2025-08-05T10:00:00
PS00003493,LN00009663,PT01,759.44,2025-10-31,2025-11-05T10:00:00
PS00003494,LN00009667,PT02,521.04,2026-02-28,2026-03-05T10:00:00
PS00003495,LN00009668,PT05,1440.58,2026-03-31,2026-04-05T10:00:00
PS00003496,LN00009671,PT04,1386.18,2026-06-30,2026-07-05T10:00:00
PS00003497,LN00009672,PT05,766.08,2026-07-31,2026-08-05T10:00:00
PS00003498,LN00009688,PT04,1667.36,2025-11-30,2025-12-05T10:00:00
PS00003499,LN00009693,PT04,1832.94,2026-04-30,2026-05-05T10:00:00
PS00003500,LN00009694,PT05,1566.74,2026-05-31,2026-06-05T10:00:00
PS00003501,LN00009695,PT05,2815.42,2026-06-30,2026-07-05T10:00:00
PS00003502,LN00009696,PT03,2062.80,2026-07-31,2026-08-05T10:00:00
PS00003503,LN00009700,PT02,1920.36,2024-11-30,2024-12-05T10:00:00
PS00003504,LN00009702,PT03,999.00,2025-01-31,2025-02-05T10:00:00
PS00003505,LN00009708,PT04,1058.42,2025-07-31,2025-08-05T10:00:00
PS00003506,LN00009709,PT01,1362.90,2025-08-31,2025-09-05T10:00:00
PS00003507,LN00009713,PT05,1112.26,2025-12-31,2026-01-05T10:00:00
PS00003508,LN00009716,PT01,1422.96,2026-03-31,2026-04-05T10:00:00
PS00003509,LN00009717,PT01,442.20,2026-04-30,2026-05-05T10:00:00
PS00003510,LN00009719,PT03,1796.10,2026-06-30,2026-07-05T10:00:00
PS00003511,LN00009720,PT02,849.16,2026-07-31,2026-08-05T10:00:00
PS00003512,LN00009722,PT04,2475.20,2024-09-30,2024-10-05T10:00:00
PS00003513,LN00009723,PT02,1458.86,2024-10-31,2024-11-05T10:00:00
PS00003514,LN00009726,PT01,1258.84,2025-01-31,2025-02-05T10:00:00
PS00003515,LN00009728,PT04,2214.76,2025-03-31,2025-04-05T10:00:00
PS00003516,LN00009733,PT02,1958.84,2025-08-31,2025-09-05T10:00:00
PS00003517,LN00009734,PT01,1721.28,2025-09-30,2025-10-05T10:00:00
PS00003518,LN00009741,PT05,456.38,2026-04-30,2026-05-05T10:00:00
PS00003519,LN00009744,PT02,1179.10,2026-07-31,2026-08-05T10:00:00
PS00003520,LN00009745,PT01,272.80,2024-08-31,2024-09-05T10:00:00
PS00003521,LN00009749,PT05,2794.52,2024-12-31,2025-01-05T10:00:00
PS00003522,LN00009754,PT04,1387.20,2025-05-31,2025-06-05T10:00:00
PS00003523,LN00009767,PT02,2001.74,2026-06-30,2026-07-05T10:00:00
PS00003524,LN00009768,PT03,473.40,2026-07-31,2026-08-05T10:00:00
PS00003525,LN00009769,PT03,1792.80,2024-08-31,2024-09-05T10:00:00
PS00003526,LN00009773,PT02,1655.68,2024-12-31,2025-01-05T10:00:00
PS00003527,LN00009776,PT01,1714.46,2025-03-31,2025-04-05T10:00:00
PS00003528,LN00009778,PT05,1273.38,2025-05-31,2025-06-05T10:00:00
PS00003529,LN00009783,PT02,1421.94,2025-10-31,2025-11-05T10:00:00
PS00003530,LN00009788,PT04,1224.68,2026-03-31,2026-04-05T10:00:00
PS00003531,LN00009790,PT05,2245.04,2026-05-31,2026-06-05T10:00:00
PS00003532,LN00009792,PT01,1205.16,2026-07-31,2026-08-05T10:00:00
PS00003533,LN00009797,PT04,590.24,2024-12-31,2025-01-05T10:00:00
PS00003534,LN00009798,PT02,779.48,2025-01-31,2025-02-05T10:00:00
PS00003535,LN00009801,PT02,1773.46,2025-04-30,2025-05-05T10:00:00
PS00003536,LN00009805,PT02,1831.96,2025-08-31,2025-09-05T10:00:00
PS00003537,LN00009806,PT02,1595.36,2025-09-30,2025-10-05T10:00:00
PS00003538,LN00009810,PT02,1165.06,2026-01-31,2026-02-05T10:00:00
PS00003539,LN00009817,PT02,1184.30,2024-08-31,2024-09-05T10:00:00
PS00003540,LN00009821,PT05,1000.92,2024-12-31,2025-01-05T10:00:00
PS00003541,LN00009823,PT05,615.60,2025-02-28,2025-03-05T10:00:00
PS00003542,LN00009825,PT04,1263.10,2025-04-30,2025-05-05T10:00:00
PS00003543,LN00009831,PT04,2177.02,2025-10-31,2025-11-05T10:00:00
PS00003544,LN00009833,PT03,1028.70,2025-12-31,2026-01-05T10:00:00
PS00003545,LN00009834,PT01,449.90,2026-01-31,2026-02-05T10:00:00
PS00003546,LN00009836,PT05,3004.66,2026-03-31,2026-04-05T10:00:00
PS00003547,LN00009837,PT03,1374.00,2026-04-30,2026-05-05T10:00:00
PS00003548,LN00009840,PT03,831.30,2026-07-31,2026-08-05T10:00:00
PS00003549,LN00009846,PT02,556.66,2025-01-31,2025-02-05T10:00:00
PS00003550,LN00009847,PT04,503.20,2025-02-28,2025-03-05T10:00:00
PS00003551,LN00009854,PT02,1381.38,2025-09-30,2025-10-05T10:00:00
PS00003552,LN00009864,PT02,2031.90,2026-07-31,2026-08-05T10:00:00
PS00003553,LN00009866,PT04,2578.90,2024-09-30,2024-10-05T10:00:00
PS00003554,LN00009869,PT01,1324.18,2024-12-31,2025-01-05T10:00:00
PS00003555,LN00009870,PT01,1199.66,2025-01-31,2025-02-05T10:00:00
PS00003556,LN00009872,PT05,2251.88,2025-03-31,2025-04-05T10:00:00
PS00003557,LN00009874,PT02,1653.08,2025-05-31,2025-06-05T10:00:00
PS00003558,LN00009880,PT01,1179.64,2025-11-30,2025-12-05T10:00:00
PS00003559,LN00009882,PT01,1345.52,2026-01-31,2026-02-05T10:00:00
PS00003560,LN00009885,PT05,2307.74,2026-04-30,2026-05-05T10:00:00
PS00003561,LN00009888,PT02,1832.22,2026-07-31,2026-08-05T10:00:00
PS00003562,LN00009897,PT03,1936.80,2025-04-30,2025-05-05T10:00:00
PS00003563,LN00009900,PT03,727.20,2025-07-31,2025-08-05T10:00:00
PS00003564,LN00009901,PT05,1557.24,2025-08-31,2025-09-05T10:00:00
PS00003565,LN00009903,PT05,1150.64,2025-10-31,2025-11-05T10:00:00
PS00003566,LN00009905,PT04,731.34,2025-12-31,2026-01-05T10:00:00
PS00003567,LN00009906,PT01,446.60,2026-01-31,2026-02-05T10:00:00
PS00003568,LN00009908,PT03,1032.30,2026-03-31,2026-04-05T10:00:00
PS00003569,LN00009911,PT03,2098.80,2026-06-30,2026-07-05T10:00:00
PS00003570,LN00009913,PT04,778.26,2024-08-31,2024-09-05T10:00:00
PS00003571,LN00009915,PT02,1919.06,2024-10-31,2024-11-05T10:00:00
PS00003572,LN00009916,PT02,1674.14,2024-11-30,2024-12-05T10:00:00
PS00003573,LN00009919,PT01,1275.34,2025-02-28,2025-03-05T10:00:00
PS00003574,LN00009924,PT04,2546.60,2025-07-31,2025-08-05T10:00:00
PS00003575,LN00009928,PT02,1736.02,2025-11-30,2025-12-05T10:00:00
PS00003576,LN00009932,PT03,573.00,2026-03-31,2026-04-05T10:00:00
PS00003577,LN00009934,PT02,665.86,2026-05-31,2026-06-05T10:00:00
PS00003578,LN00009941,PT05,2394.00,2024-12-31,2025-01-05T10:00:00
PS00003579,LN00009942,PT03,2386.80,2025-01-31,2025-02-05T10:00:00
PS00003580,LN00009946,PT04,787.10,2025-05-31,2025-06-05T10:00:00
PS00003581,LN00009949,PT02,1136.98,2025-08-31,2025-09-05T10:00:00
PS00003582,LN00009951,PT05,3030.88,2025-10-31,2025-11-05T10:00:00
PS00003583,LN00009952,PT04,2681.58,2025-11-30,2025-12-05T10:00:00
PS00003584,LN00009954,PT01,917.40,2026-01-31,2026-02-05T10:00:00
PS00003585,LN00009955,PT03,386.70,2026-02-28,2026-03-05T10:00:00
PS00003586,LN00009958,PT01,271.70,2026-05-31,2026-06-05T10:00:00
PS00003587,LN00009959,PT02,330.20,2026-06-30,2026-07-05T10:00:00
PS00003588,LN00009961,PT05,1605.50,2024-08-31,2024-09-05T10:00:00
PS00003589,LN00009976,PT03,1496.10,2025-11-30,2025-12-05T10:00:00
PS00003590,LN00009978,PT05,2762.60,2026-01-31,2026-02-05T10:00:00
PS00003591,LN00009981,PT05,2779.70,2026-04-30,2026-05-05T10:00:00
PS00003592,LN00009982,PT05,2411.86,2026-05-31,2026-06-05T10:00:00
PS00003593,LN00009983,PT02,913.38,2026-06-30,2026-07-05T10:00:00
PS00003594,LN00009984,PT03,1166.40,2026-07-31,2026-08-05T10:00:00
PS00003595,LN00009988,PT03,803.70,2024-11-30,2024-12-05T10:00:00
PS00003596,LN00009991,PT01,422.40,2025-02-28,2025-03-05T10:00:00
PS00003597,LN00009992,PT03,667.20,2025-03-31,2025-04-05T10:00:00
PS00003598,LN00009993,PT05,1871.88,2025-04-30,2025-05-05T10:00:00
PS00003599,LN00009996,PT04,1485.80,2025-07-31,2025-08-05T10:00:00
PS00003600,LN00009999,PT01,1600.94,2025-10-31,2025-11-05T10:00:00
PS00003601,LN00010004,PT01,438.68,2026-03-31,2026-04-05T10:00:00
PS00003602,LN00010005,PT05,2118.12,2026-04-30,2026-05-05T10:00:00
PS00003603,LN00010008,PT04,1870.00,2026-07-31,2026-08-05T10:00:00
PS00003604,LN00010009,PT02,1281.28,2024-08-31,2024-09-05T10:00:00
PS00003605,LN00010013,PT05,1277.56,2024-12-31,2025-01-05T10:00:00
PS00003606,LN00010015,PT02,992.94,2025-02-28,2025-03-05T10:00:00
PS00003607,LN00010020,PT03,1680.00,2025-07-31,2025-08-05T10:00:00
PS00003608,LN00010023,PT03,2055.30,2025-10-31,2025-11-05T10:00:00
PS00003609,LN00010024,PT05,1668.96,2025-11-30,2025-12-05T10:00:00
PS00003610,LN00010027,PT05,1762.06,2026-02-28,2026-03-05T10:00:00
PS00003611,LN00010028,PT04,1214.82,2026-03-31,2026-04-05T10:00:00
PS00003612,LN00010029,PT04,2225.30,2026-04-30,2026-05-05T10:00:00
PS00003613,LN00010030,PT02,1744.08,2026-05-31,2026-06-05T10:00:00
PS00003614,LN00010035,PT02,1983.02,2024-10-31,2024-11-05T10:00:00
PS00003615,LN00010039,PT05,473.48,2025-02-28,2025-03-05T10:00:00
PS00003616,LN00010042,PT05,1392.32,2025-05-31,2025-06-05T10:00:00
PS00003617,LN00010045,PT03,1509.90,2025-08-31,2025-09-05T10:00:00
PS00003618,LN00010050,PT02,1661.92,2026-01-31,2026-02-05T10:00:00
PS00003619,LN00010051,PT02,1098.24,2026-02-28,2026-03-05T10:00:00
PS00003620,LN00010056,PT01,388.74,2026-07-31,2026-08-05T10:00:00
PS00003621,LN00010058,PT05,2944.24,2024-09-30,2024-10-05T10:00:00
PS00003622,LN00010073,PT02,361.92,2025-12-31,2026-01-05T10:00:00
PS00003623,LN00010074,PT01,1615.90,2026-01-31,2026-02-05T10:00:00
PS00003624,LN00010075,PT03,1395.00,2026-02-28,2026-03-05T10:00:00
PS00003625,LN00010076,PT02,1844.44,2026-03-31,2026-04-05T10:00:00
PS00003626,LN00010078,PT05,1910.64,2026-05-31,2026-06-05T10:00:00
PS00003627,LN00010080,PT02,656.24,2026-07-31,2026-08-05T10:00:00
PS00003628,LN00010084,PT05,2003.36,2024-11-30,2024-12-05T10:00:00
PS00003629,LN00010087,PT02,415.48,2025-02-28,2025-03-05T10:00:00
PS00003630,LN00010088,PT03,1745.70,2025-03-31,2025-04-05T10:00:00
PS00003631,LN00010090,PT01,506.66,2025-05-31,2025-06-05T10:00:00
PS00003632,LN00010092,PT04,831.98,2025-07-31,2025-08-05T10:00:00
PS00003633,LN00010096,PT04,1868.98,2025-11-30,2025-12-05T10:00:00
PS00003634,LN00010097,PT03,714.90,2025-12-31,2026-01-05T10:00:00
PS00003635,LN00010102,PT01,1288.32,2026-05-31,2026-06-05T10:00:00
PS00003636,LN00010104,PT01,1146.42,2026-07-31,2026-08-05T10:00:00
PS00003637,LN00010106,PT01,1068.32,2024-09-30,2024-10-05T10:00:00
PS00003638,LN00010108,PT03,1174.20,2024-11-30,2024-12-05T10:00:00
PS00003639,LN00010115,PT04,1313.08,2025-06-30,2025-07-05T10:00:00
PS00003640,LN00010116,PT05,2340.04,2025-07-31,2025-08-05T10:00:00
PS00003641,LN00010117,PT02,982.28,2025-08-31,2025-09-05T10:00:00
PS00003642,LN00010120,PT04,593.98,2025-11-30,2025-12-05T10:00:00
PS00003643,LN00010123,PT05,518.32,2026-02-28,2026-03-05T10:00:00
PS00003644,LN00010128,PT01,1127.94,2026-07-31,2026-08-05T10:00:00
PS00003645,LN00010135,PT02,1973.92,2025-02-28,2025-03-05T10:00:00
PS00003646,LN00010139,PT04,2264.40,2025-06-30,2025-07-05T10:00:00
PS00003647,LN00010145,PT05,2207.80,2025-12-31,2026-01-05T10:00:00
PS00003648,LN00010146,PT05,1374.46,2026-01-31,2026-02-05T10:00:00
PS00003649,LN00010152,PT04,1320.90,2026-07-31,2026-08-05T10:00:00
PS00003650,LN00010153,PT05,2146.24,2024-08-31,2024-09-05T10:00:00
PS00003651,LN00010155,PT05,2071.76,2024-10-31,2024-11-05T10:00:00
PS00003652,LN00010156,PT03,1548.30,2024-11-30,2024-12-05T10:00:00
PS00003653,LN00010159,PT02,1384.50,2025-02-28,2025-03-05T10:00:00
PS00003654,LN00010163,PT04,1785.34,2025-06-30,2025-07-05T10:00:00
PS00003655,LN00010164,PT02,947.70,2025-07-31,2025-08-05T10:00:00
PS00003656,LN00010165,PT01,392.92,2025-08-31,2025-09-05T10:00:00
PS00003657,LN00010166,PT02,2054.00,2025-09-30,2025-10-05T10:00:00
PS00003658,LN00010176,PT03,1139.70,2026-07-31,2026-08-05T10:00:00
PS00003659,LN00010177,PT04,2310.98,2024-08-31,2024-09-05T10:00:00
PS00003660,LN00010182,PT02,1768.78,2025-01-31,2025-02-05T10:00:00
PS00003661,LN00010187,PT05,2609.46,2025-06-30,2025-07-05T10:00:00
PS00003662,LN00010189,PT04,858.50,2025-08-31,2025-09-05T10:00:00
PS00003663,LN00010196,PT05,2824.16,2026-03-31,2026-04-05T10:00:00
PS00003664,LN00010200,PT05,589.38,2026-07-31,2026-08-05T10:00:00
PS00003665,LN00010203,PT03,1751.70,2024-10-31,2024-11-05T10:00:00
PS00003666,LN00010206,PT05,1611.58,2025-01-31,2025-02-05T10:00:00
PS00003667,LN00010209,PT03,1988.40,2025-04-30,2025-05-05T10:00:00
PS00003668,LN00010211,PT01,1701.70,2025-06-30,2025-07-05T10:00:00
PS00003669,LN00010212,PT05,2104.44,2025-07-31,2025-08-05T10:00:00
PS00003670,LN00010214,PT04,1921.34,2025-09-30,2025-10-05T10:00:00
PS00003671,LN00010215,PT03,1098.00,2025-10-31,2025-11-05T10:00:00
PS00003672,LN00010219,PT02,1580.80,2026-02-28,2026-03-05T10:00:00
PS00003673,LN00010222,PT01,771.76,2026-05-31,2026-06-05T10:00:00
PS00003674,LN00010224,PT03,1742.40,2026-07-31,2026-08-05T10:00:00
PS00003675,LN00010225,PT04,1439.22,2024-08-31,2024-09-05T10:00:00
PS00003676,LN00010228,PT01,1031.36,2024-11-30,2024-12-05T10:00:00
PS00003677,LN00010233,PT04,1398.42,2025-04-30,2025-05-05T10:00:00
PS00003678,LN00010239,PT05,1968.78,2025-10-31,2025-11-05T10:00:00
PS00003679,LN00010245,PT04,1548.70,2026-04-30,2026-05-05T10:00:00
PS00003680,LN00010248,PT02,1985.36,2026-07-31,2026-08-05T10:00:00
PS00003681,LN00010252,PT05,2277.72,2024-11-30,2024-12-05T10:00:00
PS00003682,LN00010255,PT02,1690.26,2025-02-28,2025-03-05T10:00:00
PS00003683,LN00010256,PT03,1552.20,2025-03-31,2025-04-05T10:00:00
PS00003684,LN00010258,PT04,1564.00,2025-05-31,2025-06-05T10:00:00
PS00003685,LN00010259,PT03,892.20,2025-06-30,2025-07-05T10:00:00
PS00003686,LN00010261,PT02,432.38,2025-08-31,2025-09-05T10:00:00
PS00003687,LN00010263,PT01,735.90,2025-10-31,2025-11-05T10:00:00
PS00003688,LN00010264,PT04,1501.78,2025-11-30,2025-12-05T10:00:00
PS00003689,LN00010268,PT04,628.32,2026-03-31,2026-04-05T10:00:00
PS00003690,LN00010270,PT04,2621.40,2026-05-31,2026-06-05T10:00:00
PS00003691,LN00010284,PT02,1857.70,2025-07-31,2025-08-05T10:00:00
PS00003692,LN00010285,PT01,1748.34,2025-08-31,2025-09-05T10:00:00
PS00003693,LN00010287,PT01,1145.10,2025-10-31,2025-11-05T10:00:00
PS00003694,LN00010290,PT01,698.28,2026-01-31,2026-02-05T10:00:00
PS00003695,LN00010291,PT02,1087.06,2026-02-28,2026-03-05T10:00:00
PS00003696,LN00010293,PT01,473.88,2026-04-30,2026-05-05T10:00:00
PS00003697,LN00010295,PT05,2459.36,2026-06-30,2026-07-05T10:00:00
PS00003698,LN00010297,PT01,882.86,2024-08-31,2024-09-05T10:00:00
PS00003699,LN00010298,PT04,2447.66,2024-09-30,2024-10-05T10:00:00
PS00003700,LN00010300,PT03,1238.70,2024-11-30,2024-12-05T10:00:00
PS00003701,LN00010301,PT05,916.94,2024-12-31,2025-01-05T10:00:00
PS00003702,LN00010303,PT04,1670.42,2025-02-28,2025-03-05T10:00:00
PS00003703,LN00010309,PT03,1319.70,2025-08-31,2025-09-05T10:00:00
PS00003704,LN00010314,PT05,793.82,2026-01-31,2026-02-05T10:00:00
PS00003705,LN00010315,PT03,796.80,2026-02-28,2026-03-05T10:00:00
PS00003706,LN00010319,PT05,841.32,2026-06-30,2026-07-05T10:00:00
PS00003707,LN00010321,PT04,2222.92,2024-08-31,2024-09-05T10:00:00
PS00003708,LN00010324,PT01,1245.42,2024-11-30,2024-12-05T10:00:00
PS00003709,LN00010326,PT04,1196.80,2025-01-31,2025-02-05T10:00:00
PS00003710,LN00010331,PT04,1860.82,2025-06-30,2025-07-05T10:00:00
PS00003711,LN00010334,PT02,1138.02,2025-09-30,2025-10-05T10:00:00
PS00003712,LN00010336,PT02,871.52,2025-11-30,2025-12-05T10:00:00
PS00003713,LN00010340,PT02,637.78,2026-03-31,2026-04-05T10:00:00
PS00003714,LN00010342,PT05,1328.86,2026-05-31,2026-06-05T10:00:00
PS00003715,LN00010344,PT04,2252.16,2026-07-31,2026-08-05T10:00:00
PS00003716,LN00010349,PT02,1025.96,2024-12-31,2025-01-05T10:00:00
PS00003717,LN00010353,PT01,1755.82,2025-04-30,2025-05-05T10:00:00
PS00003718,LN00010354,PT04,1449.76,2025-05-31,2025-06-05T10:00:00
PS00003719,LN00010360,PT03,1014.90,2025-11-30,2025-12-05T10:00:00
PS00003720,LN00010361,PT04,1968.60,2025-12-31,2026-01-05T10:00:00
PS00003721,LN00010363,PT05,1147.98,2026-02-28,2026-03-05T10:00:00
PS00003722,LN00010364,PT05,2063.78,2026-03-31,2026-04-05T10:00:00
PS00003723,LN00010371,PT04,1098.20,2024-10-31,2024-11-05T10:00:00
PS00003724,LN00010372,PT01,1028.06,2024-11-30,2024-12-05T10:00:00
PS00003725,LN00010376,PT01,508.64,2025-03-31,2025-04-05T10:00:00
PS00003726,LN00010380,PT04,2145.40,2025-07-31,2025-08-05T10:00:00
PS00003727,LN00010383,PT02,1517.36,2025-10-31,2025-11-05T10:00:00
PS00003728,LN00010384,PT02,887.64,2025-11-30,2025-12-05T10:00:00
PS00003729,LN00010386,PT02,1616.94,2026-01-31,2026-02-05T10:00:00
PS00003730,LN00010389,PT05,481.46,2026-04-30,2026-05-05T10:00:00
PS00003731,LN00010396,PT05,813.96,2024-11-30,2024-12-05T10:00:00
PS00003732,LN00010404,PT04,1892.78,2025-07-31,2025-08-05T10:00:00
PS00003733,LN00010406,PT01,1366.20,2025-09-30,2025-10-05T10:00:00
PS00003734,LN00010413,PT05,2466.58,2026-04-30,2026-05-05T10:00:00
PS00003735,LN00010418,PT02,2013.44,2024-09-30,2024-10-05T10:00:00
PS00003736,LN00010420,PT05,504.26,2024-11-30,2024-12-05T10:00:00
PS00003737,LN00010423,PT02,972.40,2025-02-28,2025-03-05T10:00:00
PS00003738,LN00010428,PT05,1590.68,2025-07-31,2025-08-05T10:00:00
PS00003739,LN00010430,PT01,1459.92,2025-09-30,2025-10-05T10:00:00
PS00003740,LN00010431,PT04,1885.30,2025-10-31,2025-11-05T10:00:00
PS00003741,LN00010438,PT02,1814.28,2026-05-31,2026-06-05T10:00:00
PS00003742,LN00010439,PT03,1307.70,2026-06-30,2026-07-05T10:00:00
PS00003743,LN00010442,PT04,2288.88,2024-09-30,2024-10-05T10:00:00
PS00003744,LN00010445,PT03,421.80,2024-12-31,2025-01-05T10:00:00
PS00003745,LN00010447,PT02,1374.36,2025-02-28,2025-03-05T10:00:00
PS00003746,LN00010448,PT01,1697.74,2025-03-31,2025-04-05T10:00:00
PS00003747,LN00010449,PT05,2893.32,2025-04-30,2025-05-05T10:00:00
PS00003748,LN00010450,PT04,2057.68,2025-05-31,2025-06-05T10:00:00
PS00003749,LN00010452,PT01,1327.92,2025-07-31,2025-08-05T10:00:00
PS00003750,LN00010454,PT03,601.50,2025-09-30,2025-10-05T10:00:00
PS00003751,LN00010461,PT01,1544.18,2026-04-30,2026-05-05T10:00:00
PS00003752,LN00010462,PT02,1352.52,2026-05-31,2026-06-05T10:00:00
PS00003753,LN00010466,PT01,1604.02,2024-09-30,2024-10-05T10:00:00
PS00003754,LN00010467,PT03,1865.10,2024-10-31,2024-11-05T10:00:00
PS00003755,LN00010468,PT05,1547.74,2024-11-30,2024-12-05T10:00:00
PS00003756,LN00010470,PT01,487.08,2025-01-31,2025-02-05T10:00:00
PS00003757,LN00010474,PT04,1478.66,2025-05-31,2025-06-05T10:00:00
PS00003758,LN00010476,PT03,1444.20,2025-07-31,2025-08-05T10:00:00
PS00003759,LN00010478,PT05,931.38,2025-09-30,2025-10-05T10:00:00
PS00003760,LN00010482,PT04,2245.02,2026-01-31,2026-02-05T10:00:00
PS00003761,LN00010483,PT01,1431.32,2026-02-28,2026-03-05T10:00:00
PS00003762,LN00010484,PT01,1738.44,2026-03-31,2026-04-05T10:00:00
PS00003763,LN00010485,PT03,606.00,2026-04-30,2026-05-05T10:00:00
PS00003764,LN00010488,PT03,1207.20,2026-07-31,2026-08-05T10:00:00
PS00003765,LN00010489,PT04,1790.78,2024-08-31,2024-09-05T10:00:00
PS00003766,LN00010492,PT05,2799.08,2024-11-30,2024-12-05T10:00:00
PS00003767,LN00010493,PT05,2576.02,2024-12-31,2025-01-05T10:00:00
PS00003768,LN00010497,PT05,706.42,2025-04-30,2025-05-05T10:00:00
PS00003769,LN00010498,PT04,771.12,2025-05-31,2025-06-05T10:00:00
PS00003770,LN00010499,PT02,1639.82,2025-06-30,2025-07-05T10:00:00
PS00003771,LN00010501,PT03,2308.80,2025-08-31,2025-09-05T10:00:00
PS00003772,LN00010505,PT04,449.14,2025-12-31,2026-01-05T10:00:00
PS00003773,LN00010511,PT01,372.24,2026-06-30,2026-07-05T10:00:00
PS00003774,LN00010513,PT05,1127.84,2024-08-31,2024-09-05T10:00:00
PS00003775,LN00010514,PT03,1442.10,2024-09-30,2024-10-05T10:00:00
PS00003776,LN00010516,PT03,1412.70,2024-11-30,2024-12-05T10:00:00
PS00003777,LN00010518,PT02,360.88,2025-01-31,2025-02-05T10:00:00
PS00003778,LN00010520,PT05,2877.36,2025-03-31,2025-04-05T10:00:00
PS00003779,LN00010521,PT02,1567.54,2025-04-30,2025-05-05T10:00:00
PS00003780,LN00010524,PT05,767.98,2025-07-31,2025-08-05T10:00:00
PS00003781,LN00010525,PT02,1939.08,2025-08-31,2025-09-05T10:00:00
PS00003782,LN00010528,PT05,2604.52,2025-11-30,2025-12-05T10:00:00
PS00003783,LN00010532,PT04,2419.44,2026-03-31,2026-04-05T10:00:00
PS00003784,LN00010536,PT03,720.90,2026-07-31,2026-08-05T10:00:00
PS00003785,LN00010537,PT02,322.66,2024-08-31,2024-09-05T10:00:00
PS00003786,LN00010542,PT02,913.90,2025-01-31,2025-02-05T10:00:00
PS00003787,LN00010543,PT05,2780.46,2025-02-28,2025-03-05T10:00:00
PS00003788,LN00010544,PT05,2144.34,2025-03-31,2025-04-05T10:00:00
PS00003789,LN00010545,PT01,1021.02,2025-04-30,2025-05-05T10:00:00
PS00003790,LN00010546,PT03,487.80,2025-05-31,2025-06-05T10:00:00
PS00003791,LN00010548,PT03,1503.00,2025-07-31,2025-08-05T10:00:00
PS00003792,LN00010557,PT01,1024.32,2026-04-30,2026-05-05T10:00:00
PS00003793,LN00010559,PT03,2328.90,2026-06-30,2026-07-05T10:00:00
PS00003794,LN00010561,PT03,1176.30,2024-08-31,2024-09-05T10:00:00
PS00003795,LN00010563,PT04,1299.82,2024-10-31,2024-11-05T10:00:00
PS00003796,LN00010565,PT04,1209.72,2024-12-31,2025-01-05T10:00:00
PS00003797,LN00010567,PT05,983.82,2025-02-28,2025-03-05T10:00:00
PS00003798,LN00010573,PT02,969.28,2025-08-31,2025-09-05T10:00:00
PS00003799,LN00010574,PT03,851.70,2025-09-30,2025-10-05T10:00:00
PS00003800,LN00010577,PT03,1147.20,2025-12-31,2026-01-05T10:00:00
PS00003801,LN00010588,PT05,3009.60,2024-11-30,2024-12-05T10:00:00
PS00003802,LN00010590,PT01,732.60,2025-01-31,2025-02-05T10:00:00
PS00003803,LN00010593,PT02,1523.86,2025-04-30,2025-05-05T10:00:00
PS00003804,LN00010595,PT04,999.26,2025-06-30,2025-07-05T10:00:00
PS00003805,LN00010596,PT04,1759.84,2025-07-31,2025-08-05T10:00:00
PS00003806,LN00010600,PT04,1884.28,2025-11-30,2025-12-05T10:00:00
PS00003807,LN00010602,PT02,1655.42,2026-01-31,2026-02-05T10:00:00
PS00003808,LN00010605,PT04,828.58,2026-04-30,2026-05-05T10:00:00
PS00003809,LN00010608,PT05,2471.90,2026-07-31,2026-08-05T10:00:00
PS00003810,LN00010611,PT03,1615.50,2024-10-31,2024-11-05T10:00:00
PS00003811,LN00010612,PT04,2458.54,2024-11-30,2024-12-05T10:00:00
PS00003812,LN00010613,PT05,1873.78,2024-12-31,2025-01-05T10:00:00
PS00003813,LN00010618,PT04,1105.00,2025-05-31,2025-06-05T10:00:00
PS00003814,LN00010627,PT05,2613.64,2026-02-28,2026-03-05T10:00:00
PS00003815,LN00010630,PT03,1175.40,2026-05-31,2026-06-05T10:00:00
PS00003816,LN00010632,PT05,2808.96,2026-07-31,2026-08-05T10:00:00
PS00003817,LN00010636,PT03,2139.90,2024-11-30,2024-12-05T10:00:00
PS00003818,LN00010638,PT04,718.42,2025-01-31,2025-02-05T10:00:00
PS00003819,LN00010641,PT02,1776.84,2025-04-30,2025-05-05T10:00:00
PS00003820,LN00010647,PT04,2189.94,2025-10-31,2025-11-05T10:00:00
PS00003821,LN00010649,PT04,2201.16,2025-12-31,2026-01-05T10:00:00
PS00003822,LN00010650,PT04,1614.32,2026-01-31,2026-02-05T10:00:00
PS00003823,LN00010653,PT02,1916.46,2026-04-30,2026-05-05T10:00:00
PS00003824,LN00010654,PT03,944.70,2026-05-31,2026-06-05T10:00:00
PS00003825,LN00010655,PT04,2288.88,2026-06-30,2026-07-05T10:00:00
PS00003826,LN00010656,PT02,711.88,2026-07-31,2026-08-05T10:00:00
PS00003827,LN00010658,PT03,1851.00,2024-09-30,2024-10-05T10:00:00
PS00003828,LN00010662,PT05,2990.60,2025-01-31,2025-02-05T10:00:00
PS00003829,LN00010663,PT03,2083.20,2025-02-28,2025-03-05T10:00:00
PS00003830,LN00010664,PT01,521.84,2025-03-31,2025-04-05T10:00:00
PS00003831,LN00010666,PT05,535.80,2025-05-31,2025-06-05T10:00:00
PS00003832,LN00010667,PT01,642.18,2025-06-30,2025-07-05T10:00:00
PS00003833,LN00010674,PT05,2238.58,2026-01-31,2026-02-05T10:00:00
PS00003834,LN00010676,PT02,1867.84,2026-03-31,2026-04-05T10:00:00
PS00003835,LN00010681,PT04,702.78,2024-08-31,2024-09-05T10:00:00
PS00003836,LN00010682,PT05,2110.90,2024-09-30,2024-10-05T10:00:00
PS00003837,LN00010685,PT03,1467.00,2024-12-31,2025-01-05T10:00:00
PS00003838,LN00010690,PT02,686.14,2025-05-31,2025-06-05T10:00:00
PS00003839,LN00010692,PT04,1632.00,2025-07-31,2025-08-05T10:00:00
PS00003840,LN00010694,PT05,2588.56,2025-09-30,2025-10-05T10:00:00
PS00003841,LN00010695,PT04,2526.88,2025-10-31,2025-11-05T10:00:00
PS00003842,LN00010699,PT04,2346.00,2026-02-28,2026-03-05T10:00:00
PS00003843,LN00010702,PT03,1739.40,2026-05-31,2026-06-05T10:00:00
PS00003844,LN00010703,PT01,1185.36,2026-06-30,2026-07-05T10:00:00
PS00003845,LN00010705,PT04,2306.56,2024-08-31,2024-09-05T10:00:00
PS00003846,LN00010710,PT01,1140.04,2025-01-31,2025-02-05T10:00:00
PS00003847,LN00010711,PT05,2864.44,2025-02-28,2025-03-05T10:00:00
PS00003848,LN00010713,PT04,1156.34,2025-04-30,2025-05-05T10:00:00
PS00003849,LN00010714,PT04,2426.24,2025-05-31,2025-06-05T10:00:00
PS00003850,LN00010716,PT02,1889.94,2025-07-31,2025-08-05T10:00:00
PS00003851,LN00010717,PT01,475.42,2025-08-31,2025-09-05T10:00:00
PS00003852,LN00010722,PT04,2557.82,2026-01-31,2026-02-05T10:00:00
PS00003853,LN00010723,PT02,803.40,2026-02-28,2026-03-05T10:00:00
PS00003854,LN00010725,PT02,1151.02,2026-04-30,2026-05-05T10:00:00
PS00003855,LN00010726,PT03,1881.60,2026-05-31,2026-06-05T10:00:00
PS00003856,LN00010728,PT02,1688.44,2026-07-31,2026-08-05T10:00:00
PS00003857,LN00010730,PT05,2851.90,2024-09-30,2024-10-05T10:00:00
PS00003858,LN00010731,PT04,1242.36,2024-10-31,2024-11-05T10:00:00
PS00003859,LN00010732,PT02,1519.18,2024-11-30,2024-12-05T10:00:00
PS00003860,LN00010737,PT05,2508.00,2025-04-30,2025-05-05T10:00:00
PS00003861,LN00010740,PT01,581.90,2025-07-31,2025-08-05T10:00:00
PS00003862,LN00010747,PT02,1689.74,2026-02-28,2026-03-05T10:00:00
PS00003863,LN00010749,PT03,614.40,2026-04-30,2026-05-05T10:00:00
PS00003864,LN00010750,PT02,715.78,2026-05-31,2026-06-05T10:00:00
PS00003865,LN00010755,PT04,1746.24,2024-10-31,2024-11-05T10:00:00
PS00003866,LN00010759,PT03,1460.40,2025-02-28,2025-03-05T10:00:00
PS00003867,LN00010760,PT05,2887.24,2025-03-31,2025-04-05T10:00:00
PS00003868,LN00010763,PT04,1526.94,2025-06-30,2025-07-05T10:00:00
PS00003869,LN00010766,PT04,2495.94,2025-09-30,2025-10-05T10:00:00
PS00003870,LN00010769,PT04,1936.30,2025-12-31,2026-01-05T10:00:00
PS00003871,LN00010771,PT02,539.24,2026-02-28,2026-03-05T10:00:00
PS00003872,LN00010773,PT05,1505.18,2026-04-30,2026-05-05T10:00:00
PS00003873,LN00010777,PT01,1157.42,2024-08-31,2024-09-05T10:00:00
PS00003874,LN00010779,PT05,1359.26,2024-10-31,2024-11-05T10:00:00
PS00003875,LN00010786,PT03,1889.10,2025-05-31,2025-06-05T10:00:00
PS00003876,LN00010787,PT01,985.82,2025-06-30,2025-07-05T10:00:00
PS00003877,LN00010788,PT05,1506.70,2025-07-31,2025-08-05T10:00:00
PS00003878,LN00010792,PT03,2266.20,2025-11-30,2025-12-05T10:00:00
PS00003879,LN00010793,PT01,758.34,2025-12-31,2026-01-05T10:00:00
PS00003880,LN00010794,PT02,1272.18,2026-01-31,2026-02-05T10:00:00
PS00003881,LN00010795,PT02,1375.14,2026-02-28,2026-03-05T10:00:00
PS00003882,LN00010797,PT05,2213.88,2026-04-30,2026-05-05T10:00:00
PS00003883,LN00010798,PT02,727.48,2026-05-31,2026-06-05T10:00:00
PS00003884,LN00010802,PT05,893.38,2024-09-30,2024-10-05T10:00:00
PS00003885,LN00010807,PT03,2356.50,2025-02-28,2025-03-05T10:00:00
PS00003886,LN00010808,PT04,2247.40,2025-03-31,2025-04-05T10:00:00
PS00003887,LN00010810,PT05,663.10,2025-05-31,2025-06-05T10:00:00
PS00003888,LN00010813,PT05,2528.52,2025-08-31,2025-09-05T10:00:00
PS00003889,LN00010814,PT03,494.40,2025-09-30,2025-10-05T10:00:00
PS00003890,LN00010817,PT04,2420.80,2025-12-31,2026-01-05T10:00:00
PS00003891,LN00010818,PT01,930.82,2026-01-31,2026-02-05T10:00:00
PS00003892,LN00010823,PT03,1192.50,2026-06-30,2026-07-05T10:00:00
PS00003893,LN00010824,PT04,1021.36,2026-07-31,2026-08-05T10:00:00
PS00003894,LN00010826,PT01,481.14,2024-09-30,2024-10-05T10:00:00
PS00003895,LN00010827,PT05,519.46,2024-10-31,2024-11-05T10:00:00
PS00003896,LN00010829,PT03,1196.10,2024-12-31,2025-01-05T10:00:00
PS00003897,LN00010831,PT04,2291.26,2025-02-28,2025-03-05T10:00:00
PS00003898,LN00010833,PT03,1890.90,2025-04-30,2025-05-05T10:00:00
PS00003899,LN00010834,PT05,1028.28,2025-05-31,2025-06-05T10:00:00
PS00003900,LN00010836,PT03,1423.20,2025-07-31,2025-08-05T10:00:00
PS00003901,LN00010839,PT03,1200.90,2025-10-31,2025-11-05T10:00:00
PS00003902,LN00010844,PT01,432.52,2026-03-31,2026-04-05T10:00:00
PS00003903,LN00010845,PT04,451.52,2026-04-30,2026-05-05T10:00:00
PS00003904,LN00010849,PT05,2956.02,2024-08-31,2024-09-05T10:00:00
PS00003905,LN00010851,PT03,407.70,2024-10-31,2024-11-05T10:00:00
PS00003906,LN00010853,PT05,796.86,2024-12-31,2025-01-05T10:00:00
PS00003907,LN00010854,PT05,1675.42,2025-01-31,2025-02-05T10:00:00
PS00003908,LN00010857,PT04,1462.00,2025-04-30,2025-05-05T10:00:00
PS00003909,LN00010861,PT03,1401.00,2025-08-31,2025-09-05T10:00:00
PS00003910,LN00010862,PT02,1915.94,2025-09-30,2025-10-05T10:00:00
PS00003911,LN00010863,PT05,1907.22,2025-10-31,2025-11-05T10:00:00
PS00003912,LN00010868,PT01,1382.92,2026-03-31,2026-04-05T10:00:00
PS00003913,LN00010871,PT03,707.10,2026-06-30,2026-07-05T10:00:00
PS00003914,LN00010872,PT03,1224.90,2026-07-31,2026-08-05T10:00:00
PS00003915,LN00010879,PT02,473.46,2025-02-28,2025-03-05T10:00:00
PS00003916,LN00010881,PT03,624.60,2025-04-30,2025-05-05T10:00:00
PS00003917,LN00010882,PT05,3035.44,2025-05-31,2025-06-05T10:00:00
PS00003918,LN00010887,PT05,1825.90,2025-10-31,2025-11-05T10:00:00
PS00003919,LN00010898,PT04,1992.06,2024-09-30,2024-10-05T10:00:00
PS00003920,LN00010899,PT03,1086.00,2024-10-31,2024-11-05T10:00:00
PS00003921,LN00010903,PT03,1680.90,2025-02-28,2025-03-05T10:00:00
PS00003922,LN00010906,PT03,1047.30,2025-05-31,2025-06-05T10:00:00
PS00003923,LN00010907,PT04,426.36,2025-06-30,2025-07-05T10:00:00
PS00003924,LN00010908,PT05,1118.34,2025-07-31,2025-08-05T10:00:00
PS00003925,LN00010909,PT03,1425.90,2025-08-31,2025-09-05T10:00:00
PS00003926,LN00010913,PT03,1283.70,2025-12-31,2026-01-05T10:00:00
PS00003927,LN00010914,PT02,1371.24,2026-01-31,2026-02-05T10:00:00
PS00003928,LN00010918,PT01,891.66,2026-05-31,2026-06-05T10:00:00
PS00003929,LN00010920,PT03,1038.30,2026-07-31,2026-08-05T10:00:00
PS00003930,LN00010921,PT03,990.30,2024-08-31,2024-09-05T10:00:00
PS00003931,LN00010926,PT04,2415.70,2025-01-31,2025-02-05T10:00:00
PS00003932,LN00010928,PT03,1998.90,2025-03-31,2025-04-05T10:00:00
PS00003933,LN00010930,PT02,1932.84,2025-05-31,2025-06-05T10:00:00
PS00003934,LN00010936,PT04,2233.12,2025-11-30,2025-12-05T10:00:00
PS00003935,LN00010937,PT05,714.78,2025-12-31,2026-01-05T10:00:00
PS00003936,LN00010939,PT04,2197.42,2026-02-28,2026-03-05T10:00:00
PS00003937,LN00010941,PT01,589.82,2026-04-30,2026-05-05T10:00:00
PS00003938,LN00010944,PT02,1399.06,2026-07-31,2026-08-05T10:00:00
PS00003939,LN00010946,PT04,1933.92,2024-09-30,2024-10-05T10:00:00
PS00003940,LN00010953,PT04,667.08,2025-04-30,2025-05-05T10:00:00
PS00003941,LN00010954,PT03,891.00,2025-05-31,2025-06-05T10:00:00
PS00003942,LN00010956,PT03,1539.60,2025-07-31,2025-08-05T10:00:00
PS00003943,LN00010957,PT01,1668.70,2025-08-31,2025-09-05T10:00:00
PS00003944,LN00010960,PT03,2251.20,2025-11-30,2025-12-05T10:00:00
PS00003945,LN00010961,PT01,1363.12,2025-12-31,2026-01-05T10:00:00
PS00003946,LN00010966,PT03,955.20,2026-05-31,2026-06-05T10:00:00
PS00003947,LN00010967,PT01,325.82,2026-06-30,2026-07-05T10:00:00
PS00003948,LN00010970,PT02,1507.48,2024-09-30,2024-10-05T10:00:00
PS00003949,LN00010972,PT05,2628.08,2024-11-30,2024-12-05T10:00:00
PS00003950,LN00010973,PT04,813.62,2024-12-31,2025-01-05T10:00:00
PS00003951,LN00010979,PT01,1499.30,2025-06-30,2025-07-05T10:00:00
PS00003952,LN00010983,PT04,2357.56,2025-10-31,2025-11-05T10:00:00
PS00003953,LN00010984,PT01,1670.02,2025-11-30,2025-12-05T10:00:00
PS00003954,LN00010990,PT05,1948.64,2026-05-31,2026-06-05T10:00:00
PS00003955,LN00010999,PT02,2070.12,2025-02-28,2025-03-05T10:00:00
PS00003956,LN00011006,PT01,1287.66,2025-09-30,2025-10-05T10:00:00
PS00003957,LN00011008,PT04,1186.94,2025-11-30,2025-12-05T10:00:00
PS00003958,LN00011016,PT03,728.10,2026-07-31,2026-08-05T10:00:00
PS00003959,LN00011017,PT03,993.00,2024-08-31,2024-09-05T10:00:00
PS00003960,LN00011018,PT03,1689.30,2024-09-30,2024-10-05T10:00:00
PS00003961,LN00011020,PT01,919.60,2024-11-30,2024-12-05T10:00:00
PS00003962,LN00011023,PT01,1115.62,2025-02-28,2025-03-05T10:00:00
PS00003963,LN00011025,PT03,1264.50,2025-04-30,2025-05-05T10:00:00
PS00003964,LN00011026,PT02,1084.20,2025-05-31,2025-06-05T10:00:00
PS00003965,LN00011027,PT01,830.72,2025-06-30,2025-07-05T10:00:00
PS00003966,LN00011030,PT04,1859.12,2025-09-30,2025-10-05T10:00:00
PS00003967,LN00011031,PT01,1166.22,2025-10-31,2025-11-05T10:00:00
PS00003968,LN00011033,PT01,438.68,2025-12-31,2026-01-05T10:00:00
PS00003969,LN00011036,PT02,803.92,2026-03-31,2026-04-05T10:00:00
PS00003970,LN00011039,PT04,1501.44,2026-06-30,2026-07-05T10:00:00
PS00003971,LN00011043,PT04,2516.34,2024-10-31,2024-11-05T10:00:00
PS00003972,LN00011045,PT04,2563.94,2024-12-31,2025-01-05T10:00:00
PS00003973,LN00011050,PT03,1655.40,2025-05-31,2025-06-05T10:00:00
PS00003974,LN00011054,PT04,649.06,2025-09-30,2025-10-05T10:00:00
PS00003975,LN00011058,PT04,2693.48,2026-01-31,2026-02-05T10:00:00
PS00003976,LN00011059,PT05,2211.60,2026-02-28,2026-03-05T10:00:00
PS00003977,LN00011062,PT03,1946.70,2026-05-31,2026-06-05T10:00:00
PS00003978,LN00011066,PT03,1693.80,2024-09-30,2024-10-05T10:00:00
PS00003979,LN00011070,PT05,1085.28,2025-01-31,2025-02-05T10:00:00
PS00003980,LN00011071,PT05,2038.70,2025-02-28,2025-03-05T10:00:00
PS00003981,LN00011077,PT02,1882.66,2025-08-31,2025-09-05T10:00:00
PS00003982,LN00011079,PT03,1713.60,2025-10-31,2025-11-05T10:00:00
PS00003983,LN00011083,PT01,1029.38,2026-02-28,2026-03-05T10:00:00
PS00003984,LN00011084,PT03,529.50,2026-03-31,2026-04-05T10:00:00
PS00003985,LN00011085,PT02,2009.02,2026-04-30,2026-05-05T10:00:00
PS00003986,LN00011086,PT02,1997.58,2026-05-31,2026-06-05T10:00:00
PS00003987,LN00011088,PT03,2244.90,2026-07-31,2026-08-05T10:00:00
PS00003988,LN00011091,PT02,434.72,2024-10-31,2024-11-05T10:00:00
PS00003989,LN00011096,PT02,1674.66,2025-03-31,2025-04-05T10:00:00
PS00003990,LN00011100,PT04,2456.84,2025-07-31,2025-08-05T10:00:00
PS00003991,LN00011102,PT02,1013.74,2025-09-30,2025-10-05T10:00:00
PS00003992,LN00011103,PT03,909.90,2025-10-31,2025-11-05T10:00:00
PS00003993,LN00011111,PT05,1376.74,2026-06-30,2026-07-05T10:00:00
PS00003994,LN00011113,PT05,1794.74,2024-08-31,2024-09-05T10:00:00
PS00003995,LN00011115,PT02,1583.66,2024-10-31,2024-11-05T10:00:00
PS00003996,LN00011124,PT01,1569.92,2025-07-31,2025-08-05T10:00:00
PS00003997,LN00011125,PT04,1721.76,2025-08-31,2025-09-05T10:00:00
PS00003998,LN00011129,PT05,867.54,2025-12-31,2026-01-05T10:00:00
PS00003999,LN00011130,PT04,2040.34,2026-01-31,2026-02-05T10:00:00
PS00004000,LN00011132,PT03,1978.80,2026-03-31,2026-04-05T10:00:00
PS00004001,LN00011136,PT03,1479.00,2026-07-31,2026-08-05T10:00:00
PS00004002,LN00011140,PT04,2659.48,2024-11-30,2024-12-05T10:00:00
PS00004003,LN00011141,PT01,1223.64,2024-12-31,2025-01-05T10:00:00
PS00004004,LN00011145,PT04,2114.46,2025-04-30,2025-05-05T10:00:00
PS00004005,LN00011147,PT02,1736.28,2025-06-30,2025-07-05T10:00:00
PS00004006,LN00011151,PT01,804.54,2025-10-31,2025-11-05T10:00:00
PS00004007,LN00011157,PT02,1219.14,2026-04-30,2026-05-05T10:00:00
PS00004008,LN00011160,PT05,662.72,2026-07-31,2026-08-05T10:00:00
PS00004009,LN00011163,PT01,1348.82,2024-10-31,2024-11-05T10:00:00
PS00004010,LN00011164,PT05,2990.22,2024-11-30,2024-12-05T10:00:00
PS00004011,LN00011166,PT04,942.48,2025-01-31,2025-02-05T10:00:00
PS00004012,LN00011172,PT04,803.08,2025-07-31,2025-08-05T10:00:00
PS00004013,LN00011174,PT03,855.60,2025-09-30,2025-10-05T10:00:00
PS00004014,LN00011178,PT01,768.90,2026-01-31,2026-02-05T10:00:00
PS00004015,LN00011180,PT05,2005.64,2026-03-31,2026-04-05T10:00:00
PS00004016,LN00011184,PT05,2393.24,2026-07-31,2026-08-05T10:00:00
PS00004017,LN00011186,PT01,1589.50,2024-09-30,2024-10-05T10:00:00
PS00004018,LN00011187,PT05,2050.10,2024-10-31,2024-11-05T10:00:00
PS00004019,LN00011193,PT02,487.76,2025-04-30,2025-05-05T10:00:00
PS00004020,LN00011195,PT01,1534.94,2025-06-30,2025-07-05T10:00:00
PS00004021,LN00011200,PT03,2277.30,2025-11-30,2025-12-05T10:00:00
PS00004022,LN00011202,PT04,1860.82,2026-01-31,2026-02-05T10:00:00
PS00004023,LN00011204,PT02,1178.84,2026-03-31,2026-04-05T10:00:00
PS00004024,LN00011210,PT02,1602.64,2024-09-30,2024-10-05T10:00:00
PS00004025,LN00011213,PT01,1540.22,2024-12-31,2025-01-05T10:00:00
PS00004026,LN00011217,PT02,378.04,2025-04-30,2025-05-05T10:00:00
PS00004027,LN00011220,PT05,1432.60,2025-07-31,2025-08-05T10:00:00
PS00004028,LN00011224,PT05,3013.78,2025-11-30,2025-12-05T10:00:00
PS00004029,LN00011227,PT01,1479.50,2026-02-28,2026-03-05T10:00:00
PS00004030,LN00011228,PT04,1137.30,2026-03-31,2026-04-05T10:00:00
PS00004031,LN00011232,PT02,655.20,2026-07-31,2026-08-05T10:00:00
PS00004032,LN00011238,PT04,1174.36,2025-01-31,2025-02-05T10:00:00
PS00004033,LN00011246,PT01,1682.12,2025-09-30,2025-10-05T10:00:00
PS00004034,LN00011248,PT04,512.72,2025-11-30,2025-12-05T10:00:00
PS00004035,LN00011250,PT03,1836.30,2026-01-31,2026-02-05T10:00:00
PS00004036,LN00011255,PT03,2361.90,2026-06-30,2026-07-05T10:00:00
PS00004037,LN00011256,PT05,1356.22,2026-07-31,2026-08-05T10:00:00
PS00004038,LN00011259,PT04,2551.02,2024-10-31,2024-11-05T10:00:00
PS00004039,LN00011260,PT05,611.04,2024-11-30,2024-12-05T10:00:00
PS00004040,LN00011274,PT02,1710.80,2026-01-31,2026-02-05T10:00:00
PS00004041,LN00011284,PT01,1569.48,2024-11-30,2024-12-05T10:00:00
PS00004042,LN00011286,PT05,2435.42,2025-01-31,2025-02-05T10:00:00
PS00004043,LN00011287,PT03,1420.20,2025-02-28,2025-03-05T10:00:00
PS00004044,LN00011290,PT04,570.52,2025-05-31,2025-06-05T10:00:00
PS00004045,LN00011297,PT03,539.10,2025-12-31,2026-01-05T10:00:00
PS00004046,LN00011302,PT01,1525.92,2026-05-31,2026-06-05T10:00:00
PS00004047,LN00011306,PT04,500.82,2024-09-30,2024-10-05T10:00:00
PS00004048,LN00011307,PT02,455.26,2024-10-31,2024-11-05T10:00:00
PS00004049,LN00011312,PT03,1848.00,2025-03-31,2025-04-05T10:00:00
PS00004050,LN00011314,PT03,1069.50,2025-05-31,2025-06-05T10:00:00
PS00004051,LN00011316,PT03,1004.70,2025-07-31,2025-08-05T10:00:00
PS00004052,LN00011325,PT02,865.80,2026-04-30,2026-05-05T10:00:00
PS00004053,LN00011337,PT05,2862.92,2025-04-30,2025-05-05T10:00:00
PS00004054,LN00011338,PT04,1676.20,2025-05-31,2025-06-05T10:00:00
PS00004055,LN00011340,PT05,1831.60,2025-07-31,2025-08-05T10:00:00
PS00004056,LN00011344,PT03,1107.00,2025-11-30,2025-12-05T10:00:00
PS00004057,LN00011345,PT05,1500.62,2025-12-31,2026-01-05T10:00:00
PS00004058,LN00011346,PT03,2336.70,2026-01-31,2026-02-05T10:00:00
PS00004059,LN00011348,PT02,862.16,2026-03-31,2026-04-05T10:00:00
PS00004060,LN00011350,PT04,2546.94,2026-05-31,2026-06-05T10:00:00
PS00004061,LN00011351,PT01,976.36,2026-06-30,2026-07-05T10:00:00
PS00004062,LN00011355,PT01,482.68,2024-10-31,2024-11-05T10:00:00
PS00004063,LN00011356,PT03,703.80,2024-11-30,2024-12-05T10:00:00
PS00004064,LN00011357,PT05,1802.34,2024-12-31,2025-01-05T10:00:00
PS00004065,LN00011358,PT05,1477.06,2025-01-31,2025-02-05T10:00:00
PS00004066,LN00011359,PT02,1976.26,2025-02-28,2025-03-05T10:00:00
PS00004067,LN00011360,PT02,986.96,2025-03-31,2025-04-05T10:00:00
PS00004068,LN00011363,PT01,1558.04,2025-06-30,2025-07-05T10:00:00
PS00004069,LN00011364,PT04,480.08,2025-07-31,2025-08-05T10:00:00
PS00004070,LN00011367,PT04,2372.52,2025-10-31,2025-11-05T10:00:00
PS00004071,LN00011368,PT02,1847.30,2025-11-30,2025-12-05T10:00:00
PS00004072,LN00011370,PT05,2513.32,2026-01-31,2026-02-05T10:00:00
PS00004073,LN00011373,PT02,339.56,2026-04-30,2026-05-05T10:00:00
PS00004074,LN00011374,PT04,1346.40,2026-05-31,2026-06-05T10:00:00
PS00004075,LN00011376,PT03,1622.70,2026-07-31,2026-08-05T10:00:00
PS00004076,LN00011377,PT02,1998.62,2024-08-31,2024-09-05T10:00:00
PS00004077,LN00011380,PT04,488.58,2024-11-30,2024-12-05T10:00:00
PS00004078,LN00011383,PT04,2004.64,2025-02-28,2025-03-05T10:00:00
PS00004079,LN00011386,PT02,376.74,2025-05-31,2025-06-05T10:00:00
PS00004080,LN00011387,PT02,1970.28,2025-06-30,2025-07-05T10:00:00
PS00004081,LN00011389,PT01,515.68,2025-08-31,2025-09-05T10:00:00
PS00004082,LN00011392,PT02,702.26,2025-11-30,2025-12-05T10:00:00
PS00004083,LN00011393,PT01,1143.12,2025-12-31,2026-01-05T10:00:00
PS00004084,LN00011394,PT03,844.80,2026-01-31,2026-02-05T10:00:00
PS00004085,LN00011397,PT04,2412.98,2026-04-30,2026-05-05T10:00:00
PS00004086,LN00011398,PT01,863.94,2026-05-31,2026-06-05T10:00:00
PS00004087,LN00011399,PT01,1034.44,2026-06-30,2026-07-05T10:00:00
PS00004088,LN00011403,PT04,959.82,2024-10-31,2024-11-05T10:00:00
PS00004089,LN00011404,PT03,1062.30,2024-11-30,2024-12-05T10:00:00
PS00004090,LN00011406,PT05,1121.00,2025-01-31,2025-02-05T10:00:00
PS00004091,LN00011407,PT05,2137.50,2025-02-28,2025-03-05T10:00:00
PS00004092,LN00011408,PT05,1513.92,2025-03-31,2025-04-05T10:00:00
PS00004093,LN00011412,PT05,1503.66,2025-07-31,2025-08-05T10:00:00
PS00004094,LN00011414,PT04,1105.00,2025-09-30,2025-10-05T10:00:00
PS00004095,LN00011416,PT05,922.64,2025-11-30,2025-12-05T10:00:00
PS00004096,LN00011418,PT03,1229.40,2026-01-31,2026-02-05T10:00:00
PS00004097,LN00011420,PT05,503.50,2026-03-31,2026-04-05T10:00:00
PS00004098,LN00011423,PT04,2006.00,2026-06-30,2026-07-05T10:00:00
PS00004099,LN00011424,PT04,1588.48,2026-07-31,2026-08-05T10:00:00
PS00004100,LN00011426,PT05,3013.78,2024-09-30,2024-10-05T10:00:00
PS00004101,LN00011429,PT05,1046.14,2024-12-31,2025-01-05T10:00:00
PS00004102,LN00011430,PT03,1579.50,2025-01-31,2025-02-05T10:00:00
PS00004103,LN00011431,PT04,1964.52,2025-02-28,2025-03-05T10:00:00
PS00004104,LN00011436,PT01,1329.46,2025-07-31,2025-08-05T10:00:00
PS00004105,LN00011439,PT05,905.54,2025-10-31,2025-11-05T10:00:00
PS00004106,LN00011440,PT01,426.58,2025-11-30,2025-12-05T10:00:00
PS00004107,LN00011441,PT03,412.80,2025-12-31,2026-01-05T10:00:00
PS00004108,LN00011443,PT03,1869.00,2026-02-28,2026-03-05T10:00:00
PS00004109,LN00011445,PT05,1923.18,2026-04-30,2026-05-05T10:00:00
PS00004110,LN00011449,PT05,2660.76,2024-08-31,2024-09-05T10:00:00
PS00004111,LN00011450,PT05,1690.24,2024-09-30,2024-10-05T10:00:00
PS00004112,LN00011451,PT05,934.04,2024-10-31,2024-11-05T10:00:00
PS00004113,LN00011452,PT04,2024.02,2024-11-30,2024-12-05T10:00:00
PS00004114,LN00011455,PT01,932.36,2025-02-28,2025-03-05T10:00:00
PS00004115,LN00011457,PT01,656.04,2025-04-30,2025-05-05T10:00:00
PS00004116,LN00011458,PT05,899.46,2025-05-31,2025-06-05T10:00:00
PS00004117,LN00011461,PT03,1292.10,2025-08-31,2025-09-05T10:00:00
PS00004118,LN00011463,PT05,2381.84,2025-10-31,2025-11-05T10:00:00
PS00004119,LN00011465,PT03,1220.40,2025-12-31,2026-01-05T10:00:00
PS00004120,LN00011466,PT04,503.20,2026-01-31,2026-02-05T10:00:00
PS00004121,LN00011473,PT05,1583.46,2024-08-31,2024-09-05T10:00:00
PS00004122,LN00011474,PT03,1004.10,2024-09-30,2024-10-05T10:00:00
PS00004123,LN00011477,PT05,1594.48,2024-12-31,2025-01-05T10:00:00
PS00004124,LN00011478,PT01,811.36,2025-01-31,2025-02-05T10:00:00
PS00004125,LN00011481,PT04,2177.70,2025-04-30,2025-05-05T10:00:00
PS00004126,LN00011488,PT02,1927.38,2025-11-30,2025-12-05T10:00:00
PS00004127,LN00011493,PT05,1182.56,2026-04-30,2026-05-05T10:00:00
PS00004128,LN00011495,PT03,1194.00,2026-06-30,2026-07-05T10:00:00
PS00004129,LN00011496,PT01,835.34,2026-07-31,2026-08-05T10:00:00
PS00004130,LN00011499,PT02,1537.90,2024-10-31,2024-11-05T10:00:00
PS00004131,LN00011501,PT04,1085.62,2024-12-31,2025-01-05T10:00:00
PS00004132,LN00011504,PT04,2149.48,2025-03-31,2025-04-05T10:00:00
PS00004133,LN00011518,PT02,1017.12,2026-05-31,2026-06-05T10:00:00
PS00004134,LN00011521,PT04,2682.26,2024-08-31,2024-09-05T10:00:00
PS00004135,LN00011522,PT03,760.80,2024-09-30,2024-10-05T10:00:00
PS00004136,LN00011523,PT04,954.38,2024-10-31,2024-11-05T10:00:00
PS00004137,LN00011527,PT02,826.54,2025-02-28,2025-03-05T10:00:00
PS00004138,LN00011530,PT03,1449.60,2025-05-31,2025-06-05T10:00:00
PS00004139,LN00011532,PT01,968.00,2025-07-31,2025-08-05T10:00:00
PS00004140,LN00011533,PT05,2434.66,2025-08-31,2025-09-05T10:00:00
PS00004141,LN00011538,PT02,776.88,2026-01-31,2026-02-05T10:00:00
PS00004142,LN00011541,PT04,1949.22,2026-04-30,2026-05-05T10:00:00
PS00004143,LN00011543,PT03,711.60,2026-06-30,2026-07-05T10:00:00
PS00004144,LN00011545,PT02,1613.04,2024-08-31,2024-09-05T10:00:00
PS00004145,LN00011548,PT01,766.26,2024-11-30,2024-12-05T10:00:00
PS00004146,LN00011552,PT01,1160.72,2025-03-31,2025-04-05T10:00:00
PS00004147,LN00011553,PT03,1669.50,2025-04-30,2025-05-05T10:00:00
PS00004148,LN00011557,PT03,1956.30,2025-08-31,2025-09-05T10:00:00
PS00004149,LN00011566,PT04,1833.62,2026-05-31,2026-06-05T10:00:00
PS00004150,LN00011568,PT04,2661.52,2026-07-31,2026-08-05T10:00:00
PS00004151,LN00011570,PT05,1793.98,2024-09-30,2024-10-05T10:00:00
PS00004152,LN00011572,PT05,3038.86,2024-11-30,2024-12-05T10:00:00
PS00004153,LN00011579,PT02,1005.68,2025-06-30,2025-07-05T10:00:00
PS00004154,LN00011580,PT04,1752.36,2025-07-31,2025-08-05T10:00:00
PS00004155,LN00011582,PT04,1805.06,2025-09-30,2025-10-05T10:00:00
PS00004156,LN00011583,PT03,1856.10,2025-10-31,2025-11-05T10:00:00
PS00004157,LN00011587,PT02,2045.68,2026-02-28,2026-03-05T10:00:00
PS00004158,LN00011588,PT01,1511.84,2026-03-31,2026-04-05T10:00:00
PS00004159,LN00011590,PT01,491.48,2026-05-31,2026-06-05T10:00:00
PS00004160,LN00011594,PT02,695.50,2024-09-30,2024-10-05T10:00:00
PS00004161,LN00011595,PT01,1519.32,2024-10-31,2024-11-05T10:00:00
PS00004162,LN00011602,PT03,1572.90,2025-05-31,2025-06-05T10:00:00
PS00004163,LN00011603,PT04,554.20,2025-06-30,2025-07-05T10:00:00
PS00004164,LN00011605,PT01,1065.24,2025-08-31,2025-09-05T10:00:00
PS00004165,LN00011607,PT05,1597.14,2025-10-31,2025-11-05T10:00:00
PS00004166,LN00011608,PT05,1692.52,2025-11-30,2025-12-05T10:00:00
PS00004167,LN00011609,PT03,2347.80,2025-12-31,2026-01-05T10:00:00
PS00004168,LN00011610,PT04,2102.56,2026-01-31,2026-02-05T10:00:00
PS00004169,LN00011611,PT02,1824.94,2026-02-28,2026-03-05T10:00:00
PS00004170,LN00011615,PT03,2277.30,2026-06-30,2026-07-05T10:00:00
PS00004171,LN00011619,PT01,1717.76,2024-10-31,2024-11-05T10:00:00
PS00004172,LN00011623,PT04,2500.70,2025-02-28,2025-03-05T10:00:00
PS00004173,LN00011627,PT04,2181.10,2025-06-30,2025-07-05T10:00:00
PS00004174,LN00011628,PT03,594.30,2025-07-31,2025-08-05T10:00:00
PS00004175,LN00011629,PT04,559.64,2025-08-31,2025-09-05T10:00:00
PS00004176,LN00011642,PT04,1240.32,2024-09-30,2024-10-05T10:00:00
PS00004177,LN00011648,PT02,956.80,2025-03-31,2025-04-05T10:00:00
PS00004178,LN00011653,PT01,1274.02,2025-08-31,2025-09-05T10:00:00
PS00004179,LN00011657,PT01,1591.26,2025-12-31,2026-01-05T10:00:00
PS00004180,LN00011658,PT04,1767.66,2026-01-31,2026-02-05T10:00:00
PS00004181,LN00011667,PT03,1872.90,2024-10-31,2024-11-05T10:00:00
PS00004182,LN00011668,PT05,821.18,2024-11-30,2024-12-05T10:00:00
PS00004183,LN00011673,PT02,819.78,2025-04-30,2025-05-05T10:00:00
PS00004184,LN00011676,PT05,1746.10,2025-07-31,2025-08-05T10:00:00
PS00004185,LN00011678,PT05,2329.40,2025-09-30,2025-10-05T10:00:00
PS00004186,LN00011679,PT03,2267.10,2025-10-31,2025-11-05T10:00:00
PS00004187,LN00011681,PT04,2038.30,2025-12-31,2026-01-05T10:00:00
PS00004188,LN00011682,PT01,1323.52,2026-01-31,2026-02-05T10:00:00
PS00004189,LN00011694,PT02,1269.32,2025-01-31,2025-02-05T10:00:00
PS00004190,LN00011698,PT01,768.02,2025-05-31,2025-06-05T10:00:00
PS00004191,LN00011699,PT04,1028.16,2025-06-30,2025-07-05T10:00:00
PS00004192,LN00011707,PT04,1077.80,2026-02-28,2026-03-05T10:00:00
PS00004193,LN00011709,PT01,363.00,2026-04-30,2026-05-05T10:00:00
PS00004194,LN00011710,PT01,1382.92,2026-05-31,2026-06-05T10:00:00
PS00004195,LN00011713,PT03,2371.80,2024-08-31,2024-09-05T10:00:00
PS00004196,LN00011715,PT01,1031.36,2024-10-31,2024-11-05T10:00:00
PS00004197,LN00011724,PT01,1218.36,2025-07-31,2025-08-05T10:00:00
PS00004198,LN00011725,PT01,652.74,2025-08-31,2025-09-05T10:00:00
PS00004199,LN00011727,PT05,2644.04,2025-10-31,2025-11-05T10:00:00
PS00004200,LN00011729,PT03,2293.20,2025-12-31,2026-01-05T10:00:00
PS00004201,LN00011730,PT04,2118.54,2026-01-31,2026-02-05T10:00:00
PS00004202,LN00011734,PT02,1701.96,2026-05-31,2026-06-05T10:00:00
PS00004203,LN00011737,PT01,1547.48,2024-08-31,2024-09-05T10:00:00
PS00004204,LN00011741,PT01,896.50,2024-12-31,2025-01-05T10:00:00
PS00004205,LN00011749,PT03,441.60,2025-08-31,2025-09-05T10:00:00
PS00004206,LN00011752,PT04,2560.54,2025-11-30,2025-12-05T10:00:00
PS00004207,LN00011754,PT02,1376.18,2026-01-31,2026-02-05T10:00:00
PS00004208,LN00011755,PT01,395.78,2026-02-28,2026-03-05T10:00:00
PS00004209,LN00011759,PT05,1741.92,2026-06-30,2026-07-05T10:00:00
PS00004210,LN00011761,PT03,2374.50,2024-08-31,2024-09-05T10:00:00
PS00004211,LN00011762,PT04,1999.88,2024-09-30,2024-10-05T10:00:00
PS00004212,LN00011764,PT05,2801.74,2024-11-30,2024-12-05T10:00:00
PS00004213,LN00011765,PT01,589.60,2024-12-31,2025-01-05T10:00:00
PS00004214,LN00011768,PT03,1337.40,2025-03-31,2025-04-05T10:00:00
PS00004215,LN00011770,PT05,2703.70,2025-05-31,2025-06-05T10:00:00
PS00004216,LN00011772,PT04,2145.06,2025-07-31,2025-08-05T10:00:00
PS00004217,LN00011773,PT02,1095.64,2025-08-31,2025-09-05T10:00:00
PS00004218,LN00011778,PT03,1415.70,2026-01-31,2026-02-05T10:00:00
PS00004219,LN00011779,PT04,2704.36,2026-02-28,2026-03-05T10:00:00
PS00004220,LN00011780,PT01,489.94,2026-03-31,2026-04-05T10:00:00
PS00004221,LN00011782,PT01,808.72,2026-05-31,2026-06-05T10:00:00
PS00004222,LN00011783,PT03,1283.10,2026-06-30,2026-07-05T10:00:00
PS00004223,LN00011785,PT02,1835.60,2024-08-31,2024-09-05T10:00:00
PS00004224,LN00011786,PT05,2007.54,2024-09-30,2024-10-05T10:00:00
PS00004225,LN00011788,PT01,1244.76,2024-11-30,2024-12-05T10:00:00
PS00004226,LN00011789,PT04,1190.68,2024-12-31,2025-01-05T10:00:00
PS00004227,LN00011791,PT05,505.78,2025-02-28,2025-03-05T10:00:00
PS00004228,LN00011793,PT03,431.10,2025-04-30,2025-05-05T10:00:00
PS00004229,LN00011799,PT01,1065.46,2025-10-31,2025-11-05T10:00:00
PS00004230,LN00011801,PT03,1292.40,2025-12-31,2026-01-05T10:00:00
PS00004231,LN00011803,PT05,2495.84,2026-02-28,2026-03-05T10:00:00
PS00004232,LN00011806,PT02,1116.44,2026-05-31,2026-06-05T10:00:00
PS00004233,LN00011813,PT01,1201.86,2024-12-31,2025-01-05T10:00:00
PS00004234,LN00011815,PT01,770.88,2025-02-28,2025-03-05T10:00:00
PS00004235,LN00011817,PT01,269.94,2025-04-30,2025-05-05T10:00:00
PS00004236,LN00011821,PT02,1459.90,2025-08-31,2025-09-05T10:00:00
PS00004237,LN00011823,PT04,1603.78,2025-10-31,2025-11-05T10:00:00
PS00004238,LN00011824,PT05,1630.58,2025-11-30,2025-12-05T10:00:00
PS00004239,LN00011825,PT01,863.50,2025-12-31,2026-01-05T10:00:00
PS00004240,LN00011827,PT02,1102.92,2026-02-28,2026-03-05T10:00:00
PS00004241,LN00011828,PT02,891.02,2026-03-31,2026-04-05T10:00:00
PS00004242,LN00011829,PT05,1868.84,2026-04-30,2026-05-05T10:00:00
PS00004243,LN00011831,PT04,413.78,2026-06-30,2026-07-05T10:00:00
PS00004244,LN00011835,PT01,1194.60,2024-10-31,2024-11-05T10:00:00
PS00004245,LN00011836,PT02,1418.56,2024-11-30,2024-12-05T10:00:00
PS00004246,LN00011842,PT05,2711.68,2025-05-31,2025-06-05T10:00:00
PS00004247,LN00011847,PT05,761.14,2025-10-31,2025-11-05T10:00:00
PS00004248,LN00011848,PT04,1214.14,2025-11-30,2025-12-05T10:00:00
PS00004249,LN00011854,PT02,1418.82,2026-05-31,2026-06-05T10:00:00
PS00004250,LN00011857,PT03,1798.20,2024-08-31,2024-09-05T10:00:00
PS00004251,LN00011858,PT04,2374.90,2024-09-30,2024-10-05T10:00:00
PS00004252,LN00011861,PT05,2891.04,2024-12-31,2025-01-05T10:00:00
PS00004253,LN00011864,PT04,1653.42,2025-03-31,2025-04-05T10:00:00
PS00004254,LN00011865,PT05,2885.34,2025-04-30,2025-05-05T10:00:00
PS00004255,LN00011868,PT03,720.90,2025-07-31,2025-08-05T10:00:00
PS00004256,LN00011870,PT02,1602.38,2025-09-30,2025-10-05T10:00:00
PS00004257,LN00011871,PT05,1375.60,2025-10-31,2025-11-05T10:00:00
PS00004258,LN00011874,PT01,1208.02,2026-01-31,2026-02-05T10:00:00
PS00004259,LN00011875,PT01,1334.08,2026-02-28,2026-03-05T10:00:00
PS00004260,LN00011881,PT04,1806.42,2024-08-31,2024-09-05T10:00:00
PS00004261,LN00011883,PT02,1688.70,2024-10-31,2024-11-05T10:00:00
PS00004262,LN00011892,PT05,671.84,2025-07-31,2025-08-05T10:00:00
PS00004263,LN00011893,PT04,943.16,2025-08-31,2025-09-05T10:00:00
PS00004264,LN00011894,PT04,1438.54,2025-09-30,2025-10-05T10:00:00
PS00004265,LN00011896,PT03,1759.80,2025-11-30,2025-12-05T10:00:00
PS00004266,LN00011897,PT02,1661.92,2025-12-31,2026-01-05T10:00:00
PS00004267,LN00011899,PT05,1385.86,2026-02-28,2026-03-05T10:00:00
PS00004268,LN00011900,PT05,883.50,2026-03-31,2026-04-05T10:00:00
PS00004269,LN00011902,PT02,2007.98,2026-05-31,2026-06-05T10:00:00
PS00004270,LN00011904,PT04,1076.78,2026-07-31,2026-08-05T10:00:00
PS00004271,LN00011905,PT01,788.48,2024-08-31,2024-09-05T10:00:00
PS00004272,LN00011906,PT05,2357.52,2024-09-30,2024-10-05T10:00:00
PS00004273,LN00011908,PT04,1685.04,2024-11-30,2024-12-05T10:00:00
PS00004274,LN00011909,PT05,2320.28,2024-12-31,2025-01-05T10:00:00
PS00004275,LN00011913,PT04,1841.78,2025-04-30,2025-05-05T10:00:00
PS00004276,LN00011916,PT04,1046.86,2025-07-31,2025-08-05T10:00:00
PS00004277,LN00011917,PT02,1501.24,2025-08-31,2025-09-05T10:00:00
PS00004278,LN00011919,PT01,1720.40,2025-10-31,2025-11-05T10:00:00
PS00004279,LN00011920,PT02,473.72,2025-11-30,2025-12-05T10:00:00
PS00004280,LN00011921,PT04,2684.98,2025-12-31,2026-01-05T10:00:00
PS00004281,LN00011923,PT04,1002.66,2026-02-28,2026-03-05T10:00:00
PS00004282,LN00011924,PT03,1286.70,2026-03-31,2026-04-05T10:00:00
PS00004283,LN00011925,PT01,1466.96,2026-04-30,2026-05-05T10:00:00
PS00004284,LN00011926,PT05,1209.16,2026-05-31,2026-06-05T10:00:00
PS00004285,LN00011927,PT02,1094.34,2026-06-30,2026-07-05T10:00:00
PS00004286,LN00011932,PT04,2441.54,2024-11-30,2024-12-05T10:00:00
PS00004287,LN00011933,PT01,1316.70,2024-12-31,2025-01-05T10:00:00
PS00004288,LN00011939,PT01,1137.18,2025-06-30,2025-07-05T10:00:00
PS00004289,LN00011947,PT04,1624.86,2026-02-28,2026-03-05T10:00:00
PS00004290,LN00011948,PT04,1276.36,2026-03-31,2026-04-05T10:00:00
PS00004291,LN00011950,PT02,1463.02,2026-05-31,2026-06-05T10:00:00
PS00004292,LN00011954,PT04,2613.92,2024-09-30,2024-10-05T10:00:00
PS00004293,LN00011955,PT05,2117.74,2024-10-31,2024-11-05T10:00:00
PS00004294,LN00011956,PT03,1392.00,2024-11-30,2024-12-05T10:00:00
PS00004295,LN00011961,PT03,1005.00,2025-04-30,2025-05-05T10:00:00
PS00004296,LN00011966,PT03,1972.20,2025-09-30,2025-10-05T10:00:00
PS00004297,LN00011972,PT02,681.46,2026-03-31,2026-04-05T10:00:00
PS00004298,LN00011979,PT01,357.72,2024-10-31,2024-11-05T10:00:00
PS00004299,LN00011980,PT05,1682.26,2024-11-30,2024-12-05T10:00:00
PS00004300,LN00011982,PT03,1788.30,2025-01-31,2025-02-05T10:00:00
PS00004301,LN00011983,PT05,782.80,2025-02-28,2025-03-05T10:00:00
PS00004302,LN00011985,PT05,462.46,2025-04-30,2025-05-05T10:00:00
PS00004303,LN00011987,PT05,2880.78,2025-06-30,2025-07-05T10:00:00
PS00004304,LN00011989,PT03,2397.00,2025-08-31,2025-09-05T10:00:00
PS00004305,LN00011993,PT02,1788.80,2025-12-31,2026-01-05T10:00:00
PS00004306,LN00012001,PT05,2123.44,2024-08-31,2024-09-05T10:00:00
PS00004307,LN00012003,PT03,764.10,2024-10-31,2024-11-05T10:00:00
PS00004308,LN00012005,PT01,870.54,2024-12-31,2025-01-05T10:00:00
PS00004309,LN00012008,PT04,2643.84,2025-03-31,2025-04-05T10:00:00
PS00004310,LN00012009,PT01,1419.00,2025-04-30,2025-05-05T10:00:00
PS00004311,LN00012013,PT03,2129.40,2025-08-31,2025-09-05T10:00:00
PS00004312,LN00012014,PT03,743.10,2025-09-30,2025-10-05T10:00:00
PS00004313,LN00012018,PT05,1669.72,2026-01-31,2026-02-05T10:00:00
PS00004314,LN00012020,PT01,1321.76,2026-03-31,2026-04-05T10:00:00
PS00004315,LN00012021,PT05,2523.96,2026-04-30,2026-05-05T10:00:00
PS00004316,LN00012022,PT04,708.90,2026-05-31,2026-06-05T10:00:00
PS00004317,LN00012026,PT04,1505.18,2024-09-30,2024-10-05T10:00:00
PS00004318,LN00012030,PT03,1022.10,2025-01-31,2025-02-05T10:00:00
PS00004319,LN00012032,PT02,973.18,2025-03-31,2025-04-05T10:00:00
PS00004320,LN00012037,PT02,418.34,2025-08-31,2025-09-05T10:00:00
PS00004321,LN00012044,PT02,1859.52,2026-03-31,2026-04-05T10:00:00
PS00004322,LN00012046,PT03,1001.40,2026-05-31,2026-06-05T10:00:00
PS00004323,LN00012049,PT02,697.58,2024-08-31,2024-09-05T10:00:00
PS00004324,LN00012050,PT02,1975.74,2024-09-30,2024-10-05T10:00:00
PS00004325,LN00012051,PT04,1724.82,2024-10-31,2024-11-05T10:00:00
PS00004326,LN00012056,PT01,380.38,2025-03-31,2025-04-05T10:00:00
PS00004327,LN00012058,PT03,1821.60,2025-05-31,2025-06-05T10:00:00
PS00004328,LN00012060,PT05,2780.46,2025-07-31,2025-08-05T10:00:00
PS00004329,LN00012065,PT02,1257.88,2025-12-31,2026-01-05T10:00:00
PS00004330,LN00012066,PT02,1454.70,2026-01-31,2026-02-05T10:00:00
PS00004331,LN00012070,PT03,1272.00,2026-05-31,2026-06-05T10:00:00
PS00004332,LN00012077,PT01,1105.94,2024-12-31,2025-01-05T10:00:00
PS00004333,LN00012078,PT01,1377.20,2025-01-31,2025-02-05T10:00:00
PS00004334,LN00012079,PT04,884.34,2025-02-28,2025-03-05T10:00:00
PS00004335,LN00012080,PT01,763.40,2025-03-31,2025-04-05T10:00:00
PS00004336,LN00012082,PT01,649.00,2025-05-31,2025-06-05T10:00:00
PS00004337,LN00012084,PT02,1594.84,2025-07-31,2025-08-05T10:00:00
PS00004338,LN00012085,PT02,537.42,2025-08-31,2025-09-05T10:00:00
PS00004339,LN00012086,PT04,2112.42,2025-09-30,2025-10-05T10:00:00
PS00004340,LN00012096,PT04,1171.30,2026-07-31,2026-08-05T10:00:00
PS00004341,LN00012097,PT03,1432.20,2024-08-31,2024-09-05T10:00:00
PS00004342,LN00012103,PT04,1766.30,2025-02-28,2025-03-05T10:00:00
PS00004343,LN00012104,PT04,1136.28,2025-03-31,2025-04-05T10:00:00
PS00004344,LN00012106,PT05,2392.86,2025-05-31,2025-06-05T10:00:00
PS00004345,LN00012113,PT03,986.10,2025-12-31,2026-01-05T10:00:00
PS00004346,LN00012115,PT01,1729.86,2026-02-28,2026-03-05T10:00:00
PS00004347,LN00012118,PT02,1123.98,2026-05-31,2026-06-05T10:00:00
PS00004348,LN00012121,PT05,1469.08,2024-08-31,2024-09-05T10:00:00
PS00004349,LN00012123,PT04,1760.18,2024-10-31,2024-11-05T10:00:00
PS00004350,LN00012125,PT04,2625.82,2024-12-31,2025-01-05T10:00:00
PS00004351,LN00012128,PT05,812.82,2025-03-31,2025-04-05T10:00:00
PS00004352,LN00012129,PT02,1975.48,2025-04-30,2025-05-05T10:00:00
PS00004353,LN00012133,PT01,875.38,2025-08-31,2025-09-05T10:00:00
PS00004354,LN00012135,PT02,602.94,2025-10-31,2025-11-05T10:00:00
PS00004355,LN00012136,PT04,466.14,2025-11-30,2025-12-05T10:00:00
PS00004356,LN00012138,PT02,702.78,2026-01-31,2026-02-05T10:00:00
PS00004357,LN00012142,PT03,1659.60,2026-05-31,2026-06-05T10:00:00
PS00004358,LN00012144,PT01,548.46,2026-07-31,2026-08-05T10:00:00
PS00004359,LN00012145,PT05,2071.76,2024-08-31,2024-09-05T10:00:00
PS00004360,LN00012146,PT02,1752.14,2024-09-30,2024-10-05T10:00:00
PS00004361,LN00012147,PT03,1774.20,2024-10-31,2024-11-05T10:00:00
PS00004362,LN00012150,PT04,1999.54,2025-01-31,2025-02-05T10:00:00
PS00004363,LN00012151,PT04,1180.82,2025-02-28,2025-03-05T10:00:00
PS00004364,LN00012152,PT03,1710.90,2025-03-31,2025-04-05T10:00:00
PS00004365,LN00012155,PT02,923.00,2025-06-30,2025-07-05T10:00:00
PS00004366,LN00012159,PT05,2379.18,2025-10-31,2025-11-05T10:00:00
PS00004367,LN00012161,PT04,2612.56,2025-12-31,2026-01-05T10:00:00
PS00004368,LN00012162,PT01,1215.28,2026-01-31,2026-02-05T10:00:00
PS00004369,LN00012167,PT05,3033.92,2026-06-30,2026-07-05T10:00:00
PS00004370,LN00012168,PT05,1964.22,2026-07-31,2026-08-05T10:00:00
PS00004371,LN00012171,PT05,2317.62,2024-10-31,2024-11-05T10:00:00
PS00004372,LN00012172,PT05,748.22,2024-11-30,2024-12-05T10:00:00
PS00004373,LN00012179,PT03,1497.60,2025-06-30,2025-07-05T10:00:00
PS00004374,LN00012180,PT01,1410.20,2025-07-31,2025-08-05T10:00:00
PS00004375,LN00012181,PT03,493.20,2025-08-31,2025-09-05T10:00:00
PS00004376,LN00012182,PT05,879.70,2025-09-30,2025-10-05T10:00:00
PS00004377,LN00012184,PT01,781.22,2025-11-30,2025-12-05T10:00:00
PS00004378,LN00012186,PT01,1032.68,2026-01-31,2026-02-05T10:00:00
PS00004379,LN00012192,PT02,2034.76,2026-07-31,2026-08-05T10:00:00
PS00004380,LN00012194,PT03,573.90,2024-09-30,2024-10-05T10:00:00
PS00004381,LN00012195,PT02,864.24,2024-10-31,2024-11-05T10:00:00
PS00004382,LN00012198,PT05,1044.24,2025-01-31,2025-02-05T10:00:00
PS00004383,LN00012200,PT04,705.16,2025-03-31,2025-04-05T10:00:00
PS00004384,LN00012202,PT02,1195.48,2025-05-31,2025-06-05T10:00:00
PS00004385,LN00012203,PT04,2309.62,2025-06-30,2025-07-05T10:00:00
PS00004386,LN00012204,PT01,1219.02,2025-07-31,2025-08-05T10:00:00
PS00004387,LN00012209,PT01,850.08,2025-12-31,2026-01-05T10:00:00
PS00004388,LN00012213,PT03,1564.50,2026-04-30,2026-05-05T10:00:00
PS00004389,LN00012214,PT05,2163.72,2026-05-31,2026-06-05T10:00:00
PS00004390,LN00012217,PT02,1522.30,2024-08-31,2024-09-05T10:00:00
PS00004391,LN00012224,PT01,1305.26,2025-03-31,2025-04-05T10:00:00
PS00004392,LN00012226,PT03,1073.10,2025-05-31,2025-06-05T10:00:00
PS00004393,LN00012227,PT03,577.50,2025-06-30,2025-07-05T10:00:00
PS00004394,LN00012230,PT05,948.86,2025-09-30,2025-10-05T10:00:00
PS00004395,LN00012233,PT04,1835.32,2025-12-31,2026-01-05T10:00:00
PS00004396,LN00012234,PT05,1314.42,2026-01-31,2026-02-05T10:00:00
PS00004397,LN00012236,PT02,790.92,2026-03-31,2026-04-05T10:00:00
PS00004398,LN00012241,PT02,461.50,2024-08-31,2024-09-05T10:00:00
PS00004399,LN00012245,PT05,2290.64,2024-12-31,2025-01-05T10:00:00
PS00004400,LN00012247,PT02,318.24,2025-02-28,2025-03-05T10:00:00
PS00004401,LN00012248,PT02,718.90,2025-03-31,2025-04-05T10:00:00
PS00004402,LN00012250,PT04,2301.46,2025-05-31,2025-06-05T10:00:00
PS00004403,LN00012251,PT05,2453.66,2025-06-30,2025-07-05T10:00:00
PS00004404,LN00012253,PT01,899.36,2025-08-31,2025-09-05T10:00:00
PS00004405,LN00012254,PT05,2191.84,2025-09-30,2025-10-05T10:00:00
PS00004406,LN00012255,PT03,1746.30,2025-10-31,2025-11-05T10:00:00
PS00004407,LN00012259,PT05,1740.78,2026-02-28,2026-03-05T10:00:00
PS00004408,LN00012261,PT05,1906.84,2026-04-30,2026-05-05T10:00:00
PS00004409,LN00012262,PT05,1262.36,2026-05-31,2026-06-05T10:00:00
PS00004410,LN00012263,PT05,2762.98,2026-06-30,2026-07-05T10:00:00
PS00004411,LN00012264,PT03,2255.70,2026-07-31,2026-08-05T10:00:00
PS00004412,LN00012268,PT04,1803.36,2024-11-30,2024-12-05T10:00:00
PS00004413,LN00012269,PT03,1346.70,2024-12-31,2025-01-05T10:00:00
PS00004414,LN00012271,PT04,1993.42,2025-02-28,2025-03-05T10:00:00
PS00004415,LN00012274,PT04,1463.70,2025-05-31,2025-06-05T10:00:00
PS00004416,LN00012275,PT03,1766.70,2025-06-30,2025-07-05T10:00:00
PS00004417,LN00012284,PT02,1084.98,2026-03-31,2026-04-05T10:00:00
PS00004418,LN00012286,PT03,783.90,2026-05-31,2026-06-05T10:00:00
PS00004419,LN00012287,PT04,2198.10,2026-06-30,2026-07-05T10:00:00
PS00004420,LN00012291,PT03,902.70,2024-10-31,2024-11-05T10:00:00
PS00004421,LN00012296,PT04,1866.60,2025-03-31,2025-04-05T10:00:00
PS00004422,LN00012297,PT04,2231.76,2025-04-30,2025-05-05T10:00:00
PS00004423,LN00012299,PT01,1301.52,2025-06-30,2025-07-05T10:00:00
PS00004424,LN00012307,PT04,1797.92,2026-02-28,2026-03-05T10:00:00
PS00004425,LN00012308,PT05,827.64,2026-03-31,2026-04-05T10:00:00
PS00004426,LN00012314,PT01,280.28,2024-09-30,2024-10-05T10:00:00
PS00004427,LN00012316,PT03,1739.10,2024-11-30,2024-12-05T10:00:00
PS00004428,LN00012317,PT03,1485.00,2024-12-31,2025-01-05T10:00:00
PS00004429,LN00012318,PT02,1854.58,2025-01-31,2025-02-05T10:00:00
PS00004430,LN00012320,PT02,1115.40,2025-03-31,2025-04-05T10:00:00
PS00004431,LN00012325,PT02,1694.68,2025-08-31,2025-09-05T10:00:00
PS00004432,LN00012327,PT04,518.84,2025-10-31,2025-11-05T10:00:00
PS00004433,LN00012328,PT01,1225.18,2025-11-30,2025-12-05T10:00:00
PS00004434,LN00012330,PT04,473.96,2026-01-31,2026-02-05T10:00:00
PS00004435,LN00012332,PT04,431.46,2026-03-31,2026-04-05T10:00:00
PS00004436,LN00012335,PT03,1669.20,2026-06-30,2026-07-05T10:00:00
PS00004437,LN00012336,PT04,1218.22,2026-07-31,2026-08-05T10:00:00
PS00004438,LN00012339,PT02,1434.42,2024-10-31,2024-11-05T10:00:00
PS00004439,LN00012342,PT05,2518.64,2025-01-31,2025-02-05T10:00:00
PS00004440,LN00012344,PT01,1512.50,2025-03-31,2025-04-05T10:00:00
PS00004441,LN00012346,PT01,1556.50,2025-05-31,2025-06-05T10:00:00
PS00004442,LN00012348,PT03,1406.40,2025-07-31,2025-08-05T10:00:00
PS00004443,LN00012352,PT02,1170.00,2025-11-30,2025-12-05T10:00:00
PS00004444,LN00012353,PT01,684.64,2025-12-31,2026-01-05T10:00:00
PS00004445,LN00012356,PT03,1118.40,2026-03-31,2026-04-05T10:00:00
PS00004446,LN00012361,PT04,2664.58,2024-08-31,2024-09-05T10:00:00
PS00004447,LN00012362,PT03,1245.90,2024-09-30,2024-10-05T10:00:00
PS00004448,LN00012364,PT05,1511.64,2024-11-30,2024-12-05T10:00:00
PS00004449,LN00012365,PT01,885.28,2024-12-31,2025-01-05T10:00:00
PS00004450,LN00012369,PT02,565.24,2025-04-30,2025-05-05T10:00:00
PS00004451,LN00012370,PT05,2501.92,2025-05-31,2025-06-05T10:00:00
PS00004452,LN00012371,PT05,2054.66,2025-06-30,2025-07-05T10:00:00
PS00004453,LN00012372,PT05,1205.74,2025-07-31,2025-08-05T10:00:00
PS00004454,LN00012379,PT01,926.42,2026-02-28,2026-03-05T10:00:00
PS00004455,LN00012380,PT05,2344.60,2026-03-31,2026-04-05T10:00:00
PS00004456,LN00012381,PT02,410.02,2026-04-30,2026-05-05T10:00:00
PS00004457,LN00012383,PT05,2739.80,2026-06-30,2026-07-05T10:00:00
PS00004458,LN00012385,PT03,893.10,2024-08-31,2024-09-05T10:00:00
PS00004459,LN00012388,PT03,1991.40,2024-11-30,2024-12-05T10:00:00
PS00004460,LN00012390,PT01,807.84,2025-01-31,2025-02-05T10:00:00
PS00004461,LN00012391,PT03,2155.80,2025-02-28,2025-03-05T10:00:00
PS00004462,LN00012393,PT01,859.10,2025-04-30,2025-05-05T10:00:00
PS00004463,LN00012394,PT01,1708.74,2025-05-31,2025-06-05T10:00:00
PS00004464,LN00012399,PT04,990.08,2025-10-31,2025-11-05T10:00:00
PS00004465,LN00012400,PT05,1988.92,2025-11-30,2025-12-05T10:00:00
PS00004466,LN00012406,PT05,723.90,2026-05-31,2026-06-05T10:00:00
PS00004467,LN00012407,PT01,1153.68,2026-06-30,2026-07-05T10:00:00
PS00004468,LN00012409,PT02,681.72,2024-08-31,2024-09-05T10:00:00
PS00004469,LN00012410,PT02,1020.76,2024-09-30,2024-10-05T10:00:00
PS00004470,LN00012413,PT01,693.66,2024-12-31,2025-01-05T10:00:00
PS00004471,LN00012416,PT03,728.10,2025-03-31,2025-04-05T10:00:00
PS00004472,LN00012417,PT05,794.96,2025-04-30,2025-05-05T10:00:00
PS00004473,LN00012418,PT01,1010.90,2025-05-31,2025-06-05T10:00:00
PS00004474,LN00012422,PT04,446.76,2025-09-30,2025-10-05T10:00:00
PS00004475,LN00012423,PT03,601.50,2025-10-31,2025-11-05T10:00:00
PS00004476,LN00012429,PT01,1497.10,2026-04-30,2026-05-05T10:00:00
PS00004477,LN00012431,PT03,945.30,2026-06-30,2026-07-05T10:00:00
PS00004478,LN00012433,PT03,873.60,2024-08-31,2024-09-05T10:00:00
PS00004479,LN00012435,PT01,1380.28,2024-10-31,2024-11-05T10:00:00
PS00004480,LN00012437,PT01,267.30,2024-12-31,2025-01-05T10:00:00
PS00004481,LN00012438,PT03,1200.90,2025-01-31,2025-02-05T10:00:00
PS00004482,LN00012440,PT01,546.04,2025-03-31,2025-04-05T10:00:00
PS00004483,LN00012442,PT03,2215.50,2025-05-31,2025-06-05T10:00:00
PS00004484,LN00012445,PT03,1838.40,2025-08-31,2025-09-05T10:00:00
PS00004485,LN00012449,PT05,1231.58,2025-12-31,2026-01-05T10:00:00
PS00004486,LN00012456,PT04,2162.40,2026-07-31,2026-08-05T10:00:00
PS00004487,LN00012457,PT01,1510.08,2024-08-31,2024-09-05T10:00:00
PS00004488,LN00012459,PT04,2195.38,2024-10-31,2024-11-05T10:00:00
PS00004489,LN00012460,PT01,569.58,2024-11-30,2024-12-05T10:00:00
PS00004490,LN00012464,PT04,921.40,2025-03-31,2025-04-05T10:00:00
PS00004491,LN00012465,PT05,613.70,2025-04-30,2025-05-05T10:00:00
PS00004492,LN00012466,PT01,286.88,2025-05-31,2025-06-05T10:00:00
PS00004493,LN00012469,PT01,1147.96,2025-08-31,2025-09-05T10:00:00
PS00004494,LN00012471,PT02,915.20,2025-10-31,2025-11-05T10:00:00
PS00004495,LN00012473,PT04,1434.80,2025-12-31,2026-01-05T10:00:00
PS00004496,LN00012488,PT02,646.88,2025-03-31,2025-04-05T10:00:00
PS00004497,LN00012489,PT01,1593.68,2025-04-30,2025-05-05T10:00:00
PS00004498,LN00012490,PT04,888.42,2025-05-31,2025-06-05T10:00:00
PS00004499,LN00012492,PT01,1703.24,2025-07-31,2025-08-05T10:00:00
PS00004500,LN00012497,PT02,1321.58,2025-12-31,2026-01-05T10:00:00
PS00004501,LN00012498,PT02,1458.60,2026-01-31,2026-02-05T10:00:00
PS00004502,LN00012499,PT01,990.00,2026-02-28,2026-03-05T10:00:00
PS00004503,LN00012502,PT05,1301.12,2026-05-31,2026-06-05T10:00:00
PS00004504,LN00012503,PT02,540.28,2026-06-30,2026-07-05T10:00:00
PS00004505,LN00012504,PT04,480.76,2026-07-31,2026-08-05T10:00:00
PS00004506,LN00012506,PT04,1003.68,2024-09-30,2024-10-05T10:00:00
PS00004507,LN00012508,PT05,1307.20,2024-11-30,2024-12-05T10:00:00
PS00004508,LN00012509,PT02,652.08,2024-12-31,2025-01-05T10:00:00
PS00004509,LN00012512,PT04,1639.82,2025-03-31,2025-04-05T10:00:00
PS00004510,LN00012516,PT03,623.40,2025-07-31,2025-08-05T10:00:00
PS00004511,LN00012517,PT05,2186.90,2025-08-31,2025-09-05T10:00:00
PS00004512,LN00012518,PT05,2385.26,2025-09-30,2025-10-05T10:00:00
PS00004513,LN00012522,PT04,1679.26,2026-01-31,2026-02-05T10:00:00
PS00004514,LN00012523,PT04,2614.94,2026-02-28,2026-03-05T10:00:00
PS00004515,LN00012529,PT05,3030.88,2024-08-31,2024-09-05T10:00:00
PS00004516,LN00012531,PT03,972.90,2024-10-31,2024-11-05T10:00:00
PS00004517,LN00012535,PT01,839.30,2025-02-28,2025-03-05T10:00:00
PS00004518,LN00012537,PT04,511.02,2025-04-30,2025-05-05T10:00:00
PS00004519,LN00012540,PT04,2319.48,2025-07-31,2025-08-05T10:00:00
PS00004520,LN00012546,PT04,1470.50,2026-01-31,2026-02-05T10:00:00
PS00004521,LN00012548,PT03,948.90,2026-03-31,2026-04-05T10:00:00
PS00004522,LN00012553,PT03,2387.40,2024-08-31,2024-09-05T10:00:00
PS00004523,LN00012558,PT02,1820.52,2025-01-31,2025-02-05T10:00:00
PS00004524,LN00012560,PT04,2058.70,2025-03-31,2025-04-05T10:00:00
PS00004525,LN00012566,PT04,725.22,2025-09-30,2025-10-05T10:00:00
PS00004526,LN00012572,PT05,499.70,2026-03-31,2026-04-05T10:00:00
PS00004527,LN00012577,PT05,2226.04,2024-08-31,2024-09-05T10:00:00
PS00004528,LN00012578,PT03,741.30,2024-09-30,2024-10-05T10:00:00
PS00004529,LN00012580,PT05,1893.54,2024-11-30,2024-12-05T10:00:00
PS00004530,LN00012582,PT04,1621.12,2025-01-31,2025-02-05T10:00:00
PS00004531,LN00012586,PT01,363.66,2025-05-31,2025-06-05T10:00:00
PS00004532,LN00012588,PT03,1294.80,2025-07-31,2025-08-05T10:00:00
PS00004533,LN00012590,PT04,619.14,2025-09-30,2025-10-05T10:00:00
PS00004534,LN00012594,PT05,1594.10,2026-01-31,2026-02-05T10:00:00
PS00004535,LN00012595,PT05,612.18,2026-02-28,2026-03-05T10:00:00
PS00004536,LN00012597,PT01,1514.04,2026-04-30,2026-05-05T10:00:00
PS00004537,LN00012608,PT03,1675.20,2025-03-31,2025-04-05T10:00:00
PS00004538,LN00012611,PT02,1150.76,2025-06-30,2025-07-05T10:00:00
PS00004539,LN00012612,PT05,1478.58,2025-07-31,2025-08-05T10:00:00
PS00004540,LN00012613,PT02,1164.02,2025-08-31,2025-09-05T10:00:00
PS00004541,LN00012615,PT03,1879.80,2025-10-31,2025-11-05T10:00:00
PS00004542,LN00012616,PT01,1442.32,2025-11-30,2025-12-05T10:00:00
PS00004543,LN00012617,PT05,809.78,2025-12-31,2026-01-05T10:00:00
PS00004544,LN00012618,PT03,665.70,2026-01-31,2026-02-05T10:00:00
PS00004545,LN00012622,PT05,1603.22,2026-05-31,2026-06-05T10:00:00
PS00004546,LN00012625,PT03,979.50,2024-08-31,2024-09-05T10:00:00
PS00004547,LN00012627,PT02,1744.60,2024-10-31,2024-11-05T10:00:00
PS00004548,LN00012631,PT05,501.60,2025-02-28,2025-03-05T10:00:00
PS00004549,LN00012637,PT04,2361.98,2025-08-31,2025-09-05T10:00:00
PS00004550,LN00012640,PT02,1801.80,2025-11-30,2025-12-05T10:00:00
PS00004551,LN00012641,PT05,2783.50,2025-12-31,2026-01-05T10:00:00
PS00004552,LN00012642,PT04,1741.82,2026-01-31,2026-02-05T10:00:00
PS00004553,LN00012644,PT04,2357.56,2026-03-31,2026-04-05T10:00:00
PS00004554,LN00012650,PT05,2868.24,2024-09-30,2024-10-05T10:00:00
PS00004555,LN00012651,PT04,1837.02,2024-10-31,2024-11-05T10:00:00
PS00004556,LN00012652,PT01,1593.24,2024-11-30,2024-12-05T10:00:00
PS00004557,LN00012655,PT05,2006.40,2025-02-28,2025-03-05T10:00:00
PS00004558,LN00012664,PT03,2078.10,2025-11-30,2025-12-05T10:00:00
PS00004559,LN00012669,PT01,944.02,2026-04-30,2026-05-05T10:00:00
PS00004560,LN00012673,PT04,2211.70,2024-08-31,2024-09-05T10:00:00
PS00004561,LN00012675,PT05,2476.84,2024-10-31,2024-11-05T10:00:00
PS00004562,LN00012676,PT04,1033.94,2024-11-30,2024-12-05T10:00:00
PS00004563,LN00012677,PT03,888.60,2024-12-31,2025-01-05T10:00:00
PS00004564,LN00012682,PT04,2669.68,2025-05-31,2025-06-05T10:00:00
PS00004565,LN00012689,PT04,729.64,2025-12-31,2026-01-05T10:00:00
PS00004566,LN00012696,PT01,1028.94,2026-07-31,2026-08-05T10:00:00
PS00004567,LN00012700,PT02,726.70,2024-11-30,2024-12-05T10:00:00
PS00004568,LN00012701,PT05,946.20,2024-12-31,2025-01-05T10:00:00
PS00004569,LN00012702,PT01,1716.22,2025-01-31,2025-02-05T10:00:00
PS00004570,LN00012713,PT02,1335.10,2025-12-31,2026-01-05T10:00:00
PS00004571,LN00012714,PT02,1268.54,2026-01-31,2026-02-05T10:00:00
PS00004572,LN00012716,PT02,565.76,2026-03-31,2026-04-05T10:00:00
PS00004573,LN00012718,PT04,2648.26,2026-05-31,2026-06-05T10:00:00
PS00004574,LN00012719,PT03,1284.30,2026-06-30,2026-07-05T10:00:00
PS00004575,LN00012720,PT04,593.30,2026-07-31,2026-08-05T10:00:00
PS00004576,LN00012721,PT03,884.40,2024-08-31,2024-09-05T10:00:00
PS00004577,LN00012723,PT03,561.30,2024-10-31,2024-11-05T10:00:00
PS00004578,LN00012726,PT02,844.22,2025-01-31,2025-02-05T10:00:00
PS00004579,LN00012728,PT02,976.56,2025-03-31,2025-04-05T10:00:00
PS00004580,LN00012729,PT03,645.00,2025-04-30,2025-05-05T10:00:00
PS00004581,LN00012730,PT05,1873.78,2025-05-31,2025-06-05T10:00:00
PS00004582,LN00012731,PT05,2152.70,2025-06-30,2025-07-05T10:00:00
PS00004583,LN00012733,PT02,996.06,2025-08-31,2025-09-05T10:00:00
PS00004584,LN00012736,PT02,2039.44,2025-11-30,2025-12-05T10:00:00
PS00004585,LN00012738,PT05,1141.14,2026-01-31,2026-02-05T10:00:00
PS00004586,LN00012739,PT03,1892.10,2026-02-28,2026-03-05T10:00:00
PS00004587,LN00012748,PT02,1012.70,2024-11-30,2024-12-05T10:00:00
PS00004588,LN00012749,PT04,1947.18,2024-12-31,2025-01-05T10:00:00
PS00004589,LN00012751,PT05,2758.04,2025-02-28,2025-03-05T10:00:00
PS00004590,LN00012752,PT03,1685.10,2025-03-31,2025-04-05T10:00:00
PS00004591,LN00012755,PT04,1927.80,2025-06-30,2025-07-05T10:00:00
PS00004592,LN00012756,PT03,495.30,2025-07-31,2025-08-05T10:00:00
PS00004593,LN00012758,PT04,1357.28,2025-09-30,2025-10-05T10:00:00
PS00004594,LN00012764,PT05,2809.34,2026-03-31,2026-04-05T10:00:00
PS00004595,LN00012767,PT03,1345.50,2026-06-30,2026-07-05T10:00:00
PS00004596,LN00012771,PT02,1195.74,2024-10-31,2024-11-05T10:00:00
PS00004597,LN00012774,PT05,1558.38,2025-01-31,2025-02-05T10:00:00
PS00004598,LN00012776,PT02,381.68,2025-03-31,2025-04-05T10:00:00
PS00004599,LN00012777,PT03,1508.10,2025-04-30,2025-05-05T10:00:00
PS00004600,LN00012781,PT02,1984.84,2025-08-31,2025-09-05T10:00:00
PS00004601,LN00012783,PT03,2190.30,2025-10-31,2025-11-05T10:00:00
PS00004602,LN00012786,PT02,2058.68,2026-01-31,2026-02-05T10:00:00
PS00004603,LN00012787,PT01,1660.78,2026-02-28,2026-03-05T10:00:00
PS00004604,LN00012798,PT04,2664.92,2025-01-31,2025-02-05T10:00:00
PS00004605,LN00012800,PT02,1716.52,2025-03-31,2025-04-05T10:00:00
PS00004606,LN00012802,PT02,936.52,2025-05-31,2025-06-05T10:00:00
PS00004607,LN00012803,PT04,1176.74,2025-06-30,2025-07-05T10:00:00
PS00004608,LN00012804,PT02,1153.10,2025-07-31,2025-08-05T10:00:00
PS00004609,LN00012805,PT05,2525.86,2025-08-31,2025-09-05T10:00:00
PS00004610,LN00012811,PT03,2058.90,2026-02-28,2026-03-05T10:00:00
PS00004611,LN00012822,PT03,1816.80,2025-01-31,2025-02-05T10:00:00
PS00004612,LN00012823,PT04,1575.90,2025-02-28,2025-03-05T10:00:00
PS00004613,LN00012824,PT05,2058.46,2025-03-31,2025-04-05T10:00:00
PS00004614,LN00012828,PT01,1578.94,2025-07-31,2025-08-05T10:00:00
PS00004615,LN00012838,PT03,1172.40,2026-05-31,2026-06-05T10:00:00
PS00004616,LN00012839,PT05,1369.14,2026-06-30,2026-07-05T10:00:00
PS00004617,LN00012843,PT04,1170.96,2024-10-31,2024-11-05T10:00:00
PS00004618,LN00012849,PT02,1561.56,2025-04-30,2025-05-05T10:00:00
PS00004619,LN00012850,PT05,2178.16,2025-05-31,2025-06-05T10:00:00
PS00004620,LN00012856,PT03,2278.80,2025-11-30,2025-12-05T10:00:00
PS00004621,LN00012860,PT02,1641.12,2026-03-31,2026-04-05T10:00:00
PS00004622,LN00012863,PT02,936.26,2026-06-30,2026-07-05T10:00:00
PS00004623,LN00012869,PT04,823.82,2024-12-31,2025-01-05T10:00:00
PS00004624,LN00012876,PT05,1494.92,2025-07-31,2025-08-05T10:00:00
PS00004625,LN00012879,PT02,629.20,2025-10-31,2025-11-05T10:00:00
PS00004626,LN00012881,PT05,1694.80,2025-12-31,2026-01-05T10:00:00
PS00004627,LN00012883,PT05,1346.72,2026-02-28,2026-03-05T10:00:00
PS00004628,LN00012884,PT04,2013.48,2026-03-31,2026-04-05T10:00:00
PS00004629,LN00012885,PT02,401.44,2026-04-30,2026-05-05T10:00:00
PS00004630,LN00012886,PT04,1375.30,2026-05-31,2026-06-05T10:00:00
PS00004631,LN00012888,PT04,738.48,2026-07-31,2026-08-05T10:00:00
PS00004632,LN00012890,PT03,1859.70,2024-09-30,2024-10-05T10:00:00
PS00004633,LN00012894,PT04,1814.92,2025-01-31,2025-02-05T10:00:00
PS00004634,LN00012897,PT05,1588.78,2025-04-30,2025-05-05T10:00:00
PS00004635,LN00012899,PT04,2507.84,2025-06-30,2025-07-05T10:00:00
PS00004636,LN00012900,PT05,2828.72,2025-07-31,2025-08-05T10:00:00
PS00004637,LN00012907,PT04,2317.44,2026-02-28,2026-03-05T10:00:00
PS00004638,LN00012909,PT02,1049.88,2026-04-30,2026-05-05T10:00:00
PS00004639,LN00012910,PT03,1065.30,2026-05-31,2026-06-05T10:00:00
PS00004640,LN00012912,PT03,971.10,2026-07-31,2026-08-05T10:00:00
PS00004641,LN00012913,PT03,981.60,2024-08-31,2024-09-05T10:00:00
PS00004642,LN00012914,PT01,1083.94,2024-09-30,2024-10-05T10:00:00
PS00004643,LN00012916,PT01,506.00,2024-11-30,2024-12-05T10:00:00
PS00004644,LN00012920,PT01,1751.64,2025-03-31,2025-04-05T10:00:00
PS00004645,LN00012921,PT04,1314.78,2025-04-30,2025-05-05T10:00:00
PS00004646,LN00012923,PT05,1936.86,2025-06-30,2025-07-05T10:00:00
PS00004647,LN00012928,PT02,1955.72,2025-11-30,2025-12-05T10:00:00
PS00004648,LN00012930,PT04,2119.22,2026-01-31,2026-02-05T10:00:00
PS00004649,LN00012931,PT03,1590.00,2026-02-28,2026-03-05T10:00:00
PS00004650,LN00012940,PT02,441.48,2024-11-30,2024-12-05T10:00:00
PS00004651,LN00012942,PT05,1348.24,2025-01-31,2025-02-05T10:00:00
PS00004652,LN00012945,PT04,995.52,2025-04-30,2025-05-05T10:00:00
PS00004653,LN00012950,PT05,2439.22,2025-09-30,2025-10-05T10:00:00
PS00004654,LN00012954,PT03,759.90,2026-01-31,2026-02-05T10:00:00
PS00004655,LN00012955,PT01,1191.08,2026-02-28,2026-03-05T10:00:00
PS00004656,LN00012957,PT02,1474.98,2026-04-30,2026-05-05T10:00:00
PS00004657,LN00012958,PT01,1675.96,2026-05-31,2026-06-05T10:00:00
PS00004658,LN00012959,PT01,1481.48,2026-06-30,2026-07-05T10:00:00
PS00004659,LN00012960,PT01,366.08,2026-07-31,2026-08-05T10:00:00
PS00004660,LN00012962,PT05,801.80,2024-09-30,2024-10-05T10:00:00
PS00004661,LN00012965,PT05,672.60,2024-12-31,2025-01-05T10:00:00
PS00004662,LN00012969,PT03,1254.30,2025-04-30,2025-05-05T10:00:00
PS00004663,LN00012970,PT05,1749.14,2025-05-31,2025-06-05T10:00:00
PS00004664,LN00012971,PT02,1579.76,2025-06-30,2025-07-05T10:00:00
PS00004665,LN00012972,PT05,1874.16,2025-07-31,2025-08-05T10:00:00
PS00004666,LN00012979,PT01,1525.92,2026-02-28,2026-03-05T10:00:00
PS00004667,LN00012981,PT03,1337.70,2026-04-30,2026-05-05T10:00:00
PS00004668,LN00012982,PT02,1940.90,2026-05-31,2026-06-05T10:00:00
PS00004669,LN00012983,PT04,1843.48,2026-06-30,2026-07-05T10:00:00
PS00004670,LN00012985,PT04,2325.26,2024-08-31,2024-09-05T10:00:00
PS00004671,LN00012986,PT01,1284.80,2024-09-30,2024-10-05T10:00:00
PS00004672,LN00012987,PT02,1594.06,2024-10-31,2024-11-05T10:00:00
PS00004673,LN00012989,PT02,1504.36,2024-12-31,2025-01-05T10:00:00
PS00004674,LN00012990,PT04,460.70,2025-01-31,2025-02-05T10:00:00
PS00004675,LN00012992,PT04,1582.36,2025-03-31,2025-04-05T10:00:00
PS00004676,LN00012999,PT05,2776.28,2025-10-31,2025-11-05T10:00:00
PS00004677,LN00013000,PT01,461.34,2025-11-30,2025-12-05T10:00:00
PS00004678,LN00013005,PT01,1563.98,2026-04-30,2026-05-05T10:00:00
PS00004679,LN00013006,PT05,2559.30,2026-05-31,2026-06-05T10:00:00
PS00004680,LN00013009,PT04,2116.50,2024-08-31,2024-09-05T10:00:00
PS00004681,LN00013012,PT02,1454.44,2024-11-30,2024-12-05T10:00:00
PS00004682,LN00013017,PT02,1120.86,2025-04-30,2025-05-05T10:00:00
PS00004683,LN00013022,PT05,478.42,2025-09-30,2025-10-05T10:00:00
PS00004684,LN00013023,PT05,567.72,2025-10-31,2025-11-05T10:00:00
PS00004685,LN00013029,PT02,651.82,2026-04-30,2026-05-05T10:00:00
PS00004686,LN00013032,PT05,2508.00,2026-07-31,2026-08-05T10:00:00
PS00004687,LN00013037,PT01,806.96,2024-12-31,2025-01-05T10:00:00
PS00004688,LN00013039,PT03,1566.30,2025-02-28,2025-03-05T10:00:00
PS00004689,LN00013041,PT03,624.60,2025-04-30,2025-05-05T10:00:00
PS00004690,LN00013044,PT04,1238.96,2025-07-31,2025-08-05T10:00:00
PS00004691,LN00013048,PT04,2627.52,2025-11-30,2025-12-05T10:00:00
PS00004692,LN00013052,PT03,1371.90,2026-03-31,2026-04-05T10:00:00
PS00004693,LN00013056,PT05,1774.98,2026-07-31,2026-08-05T10:00:00
PS00004694,LN00013057,PT03,1686.60,2024-08-31,2024-09-05T10:00:00
PS00004695,LN00013059,PT02,821.86,2024-10-31,2024-11-05T10:00:00
PS00004696,LN00013060,PT01,1145.98,2024-11-30,2024-12-05T10:00:00
PS00004697,LN00013063,PT01,1289.42,2025-02-28,2025-03-05T10:00:00
PS00004698,LN00013067,PT01,1460.58,2025-06-30,2025-07-05T10:00:00
PS00004699,LN00013068,PT01,495.22,2025-07-31,2025-08-05T10:00:00
PS00004700,LN00013079,PT04,1303.56,2026-06-30,2026-07-05T10:00:00
PS00004701,LN00013082,PT04,954.04,2024-09-30,2024-10-05T10:00:00
PS00004702,LN00013083,PT02,1050.14,2024-10-31,2024-11-05T10:00:00
PS00004703,LN00013084,PT03,2014.20,2024-11-30,2024-12-05T10:00:00
PS00004704,LN00013085,PT01,1618.54,2024-12-31,2025-01-05T10:00:00
PS00004705,LN00013086,PT01,940.72,2025-01-31,2025-02-05T10:00:00
PS00004706,LN00013087,PT01,976.36,2025-02-28,2025-03-05T10:00:00
PS00004707,LN00013088,PT03,1115.40,2025-03-31,2025-04-05T10:00:00
PS00004708,LN00013090,PT02,2070.64,2025-05-31,2025-06-05T10:00:00
PS00004709,LN00013100,PT03,2355.30,2026-03-31,2026-04-05T10:00:00
PS00004710,LN00013107,PT04,881.28,2024-10-31,2024-11-05T10:00:00
PS00004711,LN00013111,PT04,1124.04,2025-02-28,2025-03-05T10:00:00
PS00004712,LN00013116,PT03,1588.20,2025-07-31,2025-08-05T10:00:00
PS00004713,LN00013118,PT02,1162.46,2025-09-30,2025-10-05T10:00:00
PS00004714,LN00013128,PT02,1302.86,2026-07-31,2026-08-05T10:00:00
PS00004715,LN00013130,PT03,1403.70,2024-09-30,2024-10-05T10:00:00
PS00004716,LN00013131,PT03,2030.70,2024-10-31,2024-11-05T10:00:00
PS00004717,LN00013132,PT04,2708.44,2024-11-30,2024-12-05T10:00:00
PS00004718,LN00013136,PT05,1382.06,2025-03-31,2025-04-05T10:00:00
PS00004719,LN00013140,PT04,1487.16,2025-07-31,2025-08-05T10:00:00
PS00004720,LN00013146,PT01,539.44,2026-01-31,2026-02-05T10:00:00
PS00004721,LN00013148,PT02,728.26,2026-03-31,2026-04-05T10:00:00
PS00004722,LN00013154,PT05,2302.04,2024-09-30,2024-10-05T10:00:00
PS00004723,LN00013155,PT04,2477.58,2024-10-31,2024-11-05T10:00:00
PS00004724,LN00013157,PT05,537.32,2024-12-31,2025-01-05T10:00:00
PS00004725,LN00013158,PT01,626.12,2025-01-31,2025-02-05T10:00:00
PS00004726,LN00013160,PT01,1659.46,2025-03-31,2025-04-05T10:00:00
PS00004727,LN00013161,PT05,1296.56,2025-04-30,2025-05-05T10:00:00
PS00004728,LN00013163,PT03,1851.90,2025-06-30,2025-07-05T10:00:00
PS00004729,LN00013165,PT04,1921.34,2025-08-31,2025-09-05T10:00:00
PS00004730,LN00013166,PT04,1326.34,2025-09-30,2025-10-05T10:00:00
PS00004731,LN00013168,PT04,946.22,2025-11-30,2025-12-05T10:00:00
PS00004732,LN00013171,PT02,1284.14,2026-02-28,2026-03-05T10:00:00
PS00004733,LN00013173,PT02,1764.36,2026-04-30,2026-05-05T10:00:00
PS00004734,LN00013175,PT05,1097.06,2026-06-30,2026-07-05T10:00:00
PS00004735,LN00013177,PT04,1130.84,2024-08-31,2024-09-05T10:00:00
PS00004736,LN00013178,PT01,930.60,2024-09-30,2024-10-05T10:00:00
PS00004737,LN00013181,PT01,1039.28,2024-12-31,2025-01-05T10:00:00
PS00004738,LN00013186,PT05,1390.04,2025-05-31,2025-06-05T10:00:00
PS00004739,LN00013188,PT04,1387.88,2025-07-31,2025-08-05T10:00:00
PS00004740,LN00013191,PT04,984.30,2025-10-31,2025-11-05T10:00:00
PS00004741,LN00013194,PT03,1157.40,2026-01-31,2026-02-05T10:00:00
PS00004742,LN00013195,PT05,1551.16,2026-02-28,2026-03-05T10:00:00
PS00004743,LN00013196,PT01,321.42,2026-03-31,2026-04-05T10:00:00
PS00004744,LN00013197,PT02,667.16,2026-04-30,2026-05-05T10:00:00
PS00004745,LN00013199,PT02,1131.78,2026-06-30,2026-07-05T10:00:00
PS00004746,LN00013201,PT01,1355.86,2024-08-31,2024-09-05T10:00:00
PS00004747,LN00013204,PT05,966.34,2024-11-30,2024-12-05T10:00:00
PS00004748,LN00013209,PT04,1935.62,2025-04-30,2025-05-05T10:00:00
PS00004749,LN00013210,PT02,1162.72,2025-05-31,2025-06-05T10:00:00
PS00004750,LN00013214,PT03,2068.50,2025-09-30,2025-10-05T10:00:00
PS00004751,LN00013215,PT05,2479.88,2025-10-31,2025-11-05T10:00:00
PS00004752,LN00013217,PT01,464.64,2025-12-31,2026-01-05T10:00:00
PS00004753,LN00013218,PT01,419.54,2026-01-31,2026-02-05T10:00:00
PS00004754,LN00013219,PT03,991.80,2026-02-28,2026-03-05T10:00:00
PS00004755,LN00013221,PT01,1205.38,2026-04-30,2026-05-05T10:00:00
PS00004756,LN00013223,PT04,785.06,2026-06-30,2026-07-05T10:00:00
PS00004757,LN00013225,PT02,446.16,2024-08-31,2024-09-05T10:00:00
PS00004758,LN00013226,PT03,1486.80,2024-09-30,2024-10-05T10:00:00
PS00004759,LN00013227,PT03,1637.10,2024-10-31,2024-11-05T10:00:00
PS00004760,LN00013228,PT01,1367.96,2024-11-30,2024-12-05T10:00:00
PS00004761,LN00013229,PT03,511.80,2024-12-31,2025-01-05T10:00:00
PS00004762,LN00013238,PT02,390.00,2025-09-30,2025-10-05T10:00:00
PS00004763,LN00013239,PT02,1803.36,2025-10-31,2025-11-05T10:00:00
PS00004764,LN00013247,PT04,408.34,2026-06-30,2026-07-05T10:00:00
PS00004765,LN00013251,PT04,816.00,2024-10-31,2024-11-05T10:00:00
PS00004766,LN00013254,PT02,565.24,2025-01-31,2025-02-05T10:00:00
PS00004767,LN00013255,PT05,2063.02,2025-02-28,2025-03-05T10:00:00
PS00004768,LN00013260,PT03,1303.50,2025-07-31,2025-08-05T10:00:00
PS00004769,LN00013264,PT03,2316.60,2025-11-30,2025-12-05T10:00:00
PS00004770,LN00013266,PT02,1331.46,2026-01-31,2026-02-05T10:00:00
PS00004771,LN00013270,PT03,1077.90,2026-05-31,2026-06-05T10:00:00
PS00004772,LN00013272,PT03,1884.60,2026-07-31,2026-08-05T10:00:00
PS00004773,LN00013276,PT01,1139.16,2024-11-30,2024-12-05T10:00:00
PS00004774,LN00013279,PT05,2832.14,2025-02-28,2025-03-05T10:00:00
PS00004775,LN00013281,PT05,886.54,2025-04-30,2025-05-05T10:00:00
PS00004776,LN00013282,PT05,843.22,2025-05-31,2025-06-05T10:00:00
PS00004777,LN00013287,PT01,439.34,2025-10-31,2025-11-05T10:00:00
PS00004778,LN00013288,PT02,2064.92,2025-11-30,2025-12-05T10:00:00
PS00004779,LN00013289,PT05,1586.12,2025-12-31,2026-01-05T10:00:00
PS00004780,LN00013292,PT03,1556.40,2026-03-31,2026-04-05T10:00:00
PS00004781,LN00013294,PT03,1854.00,2026-05-31,2026-06-05T10:00:00
PS00004782,LN00013296,PT05,2883.06,2026-07-31,2026-08-05T10:00:00
PS00004783,LN00013298,PT01,550.44,2024-09-30,2024-10-05T10:00:00
PS00004784,LN00013303,PT02,521.04,2025-02-28,2025-03-05T10:00:00
PS00004785,LN00013305,PT03,671.40,2025-04-30,2025-05-05T10:00:00
PS00004786,LN00013313,PT03,2142.00,2025-12-31,2026-01-05T10:00:00
PS00004787,LN00013314,PT05,1267.68,2026-01-31,2026-02-05T10:00:00
PS00004788,LN00013317,PT04,1300.84,2026-04-30,2026-05-05T10:00:00
PS00004789,LN00013321,PT05,1310.62,2024-08-31,2024-09-05T10:00:00
PS00004790,LN00013325,PT01,505.12,2024-12-31,2025-01-05T10:00:00
PS00004791,LN00013329,PT05,892.62,2025-04-30,2025-05-05T10:00:00
PS00004792,LN00013331,PT02,1644.76,2025-06-30,2025-07-05T10:00:00
PS00004793,LN00013332,PT04,1532.38,2025-07-31,2025-08-05T10:00:00
PS00004794,LN00013334,PT05,1178.00,2025-09-30,2025-10-05T10:00:00
PS00004795,LN00013336,PT04,2018.24,2025-11-30,2025-12-05T10:00:00
PS00004796,LN00013338,PT05,1300.74,2026-01-31,2026-02-05T10:00:00
PS00004797,LN00013340,PT04,1918.28,2026-03-31,2026-04-05T10:00:00
PS00004798,LN00013343,PT02,1821.56,2026-06-30,2026-07-05T10:00:00
PS00004799,LN00013345,PT01,1507.22,2024-08-31,2024-09-05T10:00:00
PS00004800,LN00013349,PT01,703.34,2024-12-31,2025-01-05T10:00:00
PS00004801,LN00013361,PT02,1021.02,2025-12-31,2026-01-05T10:00:00
PS00004802,LN00013366,PT01,1729.42,2026-05-31,2026-06-05T10:00:00
PS00004803,LN00013371,PT03,1999.80,2024-10-31,2024-11-05T10:00:00
PS00004804,LN00013372,PT02,802.62,2024-11-30,2024-12-05T10:00:00
PS00004805,LN00013374,PT02,1113.32,2025-01-31,2025-02-05T10:00:00
PS00004806,LN00013376,PT03,1549.80,2025-03-31,2025-04-05T10:00:00
PS00004807,LN00013379,PT01,502.04,2025-06-30,2025-07-05T10:00:00
PS00004808,LN00013380,PT05,2818.84,2025-07-31,2025-08-05T10:00:00
PS00004809,LN00013383,PT02,497.12,2025-10-31,2025-11-05T10:00:00
PS00004810,LN00013384,PT02,823.94,2025-11-30,2025-12-05T10:00:00
PS00004811,LN00013387,PT04,1548.70,2026-02-28,2026-03-05T10:00:00
PS00004812,LN00013390,PT04,2434.74,2026-05-31,2026-06-05T10:00:00
PS00004813,LN00013397,PT03,2023.50,2024-12-31,2025-01-05T10:00:00
PS00004814,LN00013401,PT04,972.40,2025-04-30,2025-05-05T10:00:00
PS00004815,LN00013404,PT01,1755.38,2025-07-31,2025-08-05T10:00:00
PS00004816,LN00013412,PT02,1671.02,2026-03-31,2026-04-05T10:00:00
PS00004817,LN00013415,PT01,876.04,2026-06-30,2026-07-05T10:00:00
PS00004818,LN00013417,PT05,782.42,2024-08-31,2024-09-05T10:00:00
PS00004819,LN00013419,PT05,2476.84,2024-10-31,2024-11-05T10:00:00
PS00004820,LN00013425,PT05,2899.02,2025-04-30,2025-05-05T10:00:00
PS00004821,LN00013432,PT03,1334.70,2025-11-30,2025-12-05T10:00:00
PS00004822,LN00013433,PT02,1617.20,2025-12-31,2026-01-05T10:00:00
PS00004823,LN00013437,PT02,1818.18,2026-04-30,2026-05-05T10:00:00
PS00004824,LN00013439,PT01,1128.82,2026-06-30,2026-07-05T10:00:00
PS00004825,LN00013441,PT01,924.66,2024-08-31,2024-09-05T10:00:00
PS00004826,LN00013443,PT04,682.04,2024-10-31,2024-11-05T10:00:00
PS00004827,LN00013444,PT05,2063.78,2024-11-30,2024-12-05T10:00:00
PS00004828,LN00013447,PT01,695.20,2025-02-28,2025-03-05T10:00:00
PS00004829,LN00013448,PT05,1227.78,2025-03-31,2025-04-05T10:00:00
PS00004830,LN00013450,PT05,2352.58,2025-05-31,2025-06-05T10:00:00
PS00004831,LN00013451,PT01,1172.16,2025-06-30,2025-07-05T10:00:00
PS00004832,LN00013461,PT02,1821.04,2026-04-30,2026-05-05T10:00:00
PS00004833,LN00013468,PT04,464.10,2024-11-30,2024-12-05T10:00:00
PS00004834,LN00013470,PT03,1860.30,2025-01-31,2025-02-05T10:00:00
PS00004835,LN00013471,PT04,1674.84,2025-02-28,2025-03-05T10:00:00
PS00004836,LN00013472,PT03,990.00,2025-03-31,2025-04-05T10:00:00
PS00004837,LN00013475,PT01,1606.88,2025-06-30,2025-07-05T10:00:00
PS00004838,LN00013477,PT02,406.64,2025-08-31,2025-09-05T10:00:00
PS00004839,LN00013480,PT04,1016.94,2025-11-30,2025-12-05T10:00:00
PS00004840,LN00013482,PT04,2502.06,2026-01-31,2026-02-05T10:00:00
PS00004841,LN00013487,PT01,1417.46,2026-06-30,2026-07-05T10:00:00
PS00004842,LN00013488,PT04,1607.18,2026-07-31,2026-08-05T10:00:00
PS00004843,LN00013492,PT03,1240.80,2024-11-30,2024-12-05T10:00:00
PS00004844,LN00013499,PT02,1244.62,2025-06-30,2025-07-05T10:00:00
PS00004845,LN00013500,PT01,1391.94,2025-07-31,2025-08-05T10:00:00
PS00004846,LN00013503,PT02,383.24,2025-10-31,2025-11-05T10:00:00
PS00004847,LN00013505,PT02,1180.66,2025-12-31,2026-01-05T10:00:00
PS00004848,LN00013506,PT05,865.64,2026-01-31,2026-02-05T10:00:00
PS00004849,LN00013507,PT01,268.62,2026-02-28,2026-03-05T10:00:00
PS00004850,LN00013509,PT04,664.02,2026-04-30,2026-05-05T10:00:00
PS00004851,LN00013510,PT03,432.30,2026-05-31,2026-06-05T10:00:00
PS00004852,LN00013511,PT02,802.62,2026-06-30,2026-07-05T10:00:00
PS00004853,LN00013512,PT05,2087.34,2026-07-31,2026-08-05T10:00:00
PS00004854,LN00013520,PT04,1900.94,2025-03-31,2025-04-05T10:00:00
PS00004855,LN00013521,PT03,2262.60,2025-04-30,2025-05-05T10:00:00
PS00004856,LN00013524,PT02,607.62,2025-07-31,2025-08-05T10:00:00
PS00004857,LN00013525,PT05,1814.88,2025-08-31,2025-09-05T10:00:00
PS00004858,LN00013526,PT05,1600.94,2025-09-30,2025-10-05T10:00:00
PS00004859,LN00013527,PT02,1944.28,2025-10-31,2025-11-05T10:00:00
PS00004860,LN00013533,PT01,313.28,2026-04-30,2026-05-05T10:00:00
PS00004861,LN00013537,PT04,947.24,2024-08-31,2024-09-05T10:00:00
PS00004862,LN00013538,PT01,929.94,2024-09-30,2024-10-05T10:00:00
PS00004863,LN00013540,PT05,1357.36,2024-11-30,2024-12-05T10:00:00
PS00004864,LN00013542,PT01,1385.34,2025-01-31,2025-02-05T10:00:00
PS00004865,LN00013544,PT05,3034.30,2025-03-31,2025-04-05T10:00:00
PS00004866,LN00013546,PT04,490.62,2025-05-31,2025-06-05T10:00:00
PS00004867,LN00013548,PT05,504.64,2025-07-31,2025-08-05T10:00:00
PS00004868,LN00013552,PT04,1824.78,2025-11-30,2025-12-05T10:00:00
PS00004869,LN00013554,PT05,2682.04,2026-01-31,2026-02-05T10:00:00
PS00004870,LN00013561,PT03,1626.90,2024-08-31,2024-09-05T10:00:00
PS00004871,LN00013562,PT01,1461.02,2024-09-30,2024-10-05T10:00:00
PS00004872,LN00013564,PT02,955.24,2024-11-30,2024-12-05T10:00:00
PS00004873,LN00013568,PT01,693.00,2025-03-31,2025-04-05T10:00:00
PS00004874,LN00013569,PT04,1139.00,2025-04-30,2025-05-05T10:00:00
PS00004875,LN00013571,PT05,2997.06,2025-06-30,2025-07-05T10:00:00
PS00004876,LN00013574,PT05,2303.94,2025-09-30,2025-10-05T10:00:00
PS00004877,LN00013576,PT02,1648.92,2025-11-30,2025-12-05T10:00:00
PS00004878,LN00013577,PT05,2930.56,2025-12-31,2026-01-05T10:00:00
PS00004879,LN00013583,PT04,1578.28,2026-06-30,2026-07-05T10:00:00
PS00004880,LN00013584,PT03,985.50,2026-07-31,2026-08-05T10:00:00
PS00004881,LN00013586,PT02,1618.50,2024-09-30,2024-10-05T10:00:00
PS00004882,LN00013588,PT01,267.74,2024-11-30,2024-12-05T10:00:00
PS00004883,LN00013589,PT05,2832.14,2024-12-31,2025-01-05T10:00:00
PS00004884,LN00013590,PT01,1393.04,2025-01-31,2025-02-05T10:00:00
PS00004885,LN00013591,PT01,1425.38,2025-02-28,2025-03-05T10:00:00
PS00004886,LN00013594,PT01,1713.36,2025-05-31,2025-06-05T10:00:00
PS00004887,LN00013599,PT01,1376.32,2025-10-31,2025-11-05T10:00:00
PS00004888,LN00013601,PT03,2330.10,2025-12-31,2026-01-05T10:00:00
PS00004889,LN00013603,PT02,1727.18,2026-02-28,2026-03-05T10:00:00
PS00004890,LN00013608,PT02,1750.32,2026-07-31,2026-08-05T10:00:00
PS00004891,LN00013610,PT03,1985.70,2024-09-30,2024-10-05T10:00:00
PS00004892,LN00013611,PT02,1783.86,2024-10-31,2024-11-05T10:00:00
PS00004893,LN00013613,PT03,1296.90,2024-12-31,2025-01-05T10:00:00
PS00004894,LN00013616,PT02,673.14,2025-03-31,2025-04-05T10:00:00
PS00004895,LN00013617,PT04,2199.46,2025-04-30,2025-05-05T10:00:00
PS00004896,LN00013619,PT03,2068.50,2025-06-30,2025-07-05T10:00:00
PS00004897,LN00013620,PT01,714.12,2025-07-31,2025-08-05T10:00:00
PS00004898,LN00013628,PT01,1203.40,2026-03-31,2026-04-05T10:00:00
PS00004899,LN00013629,PT05,2910.42,2026-04-30,2026-05-05T10:00:00
PS00004900,LN00013632,PT05,2286.46,2026-07-31,2026-08-05T10:00:00
PS00004901,LN00013633,PT02,1839.76,2024-08-31,2024-09-05T10:00:00
PS00004902,LN00013635,PT02,1782.04,2024-10-31,2024-11-05T10:00:00
PS00004903,LN00013637,PT05,694.26,2024-12-31,2025-01-05T10:00:00
PS00004904,LN00013638,PT05,2897.50,2025-01-31,2025-02-05T10:00:00
PS00004905,LN00013639,PT02,1715.48,2025-02-28,2025-03-05T10:00:00
PS00004906,LN00013642,PT04,1163.48,2025-05-31,2025-06-05T10:00:00
PS00004907,LN00013643,PT04,1182.18,2025-06-30,2025-07-05T10:00:00
PS00004908,LN00013646,PT03,1001.40,2025-09-30,2025-10-05T10:00:00
PS00004909,LN00013651,PT03,1864.50,2026-02-28,2026-03-05T10:00:00
PS00004910,LN00013654,PT04,1415.08,2026-05-31,2026-06-05T10:00:00
PS00004911,LN00013659,PT05,1818.30,2024-10-31,2024-11-05T10:00:00
PS00004912,LN00013664,PT01,1523.72,2025-03-31,2025-04-05T10:00:00
PS00004913,LN00013670,PT03,453.30,2025-09-30,2025-10-05T10:00:00
PS00004914,LN00013671,PT03,439.20,2025-10-31,2025-11-05T10:00:00
PS00004915,LN00013674,PT04,1589.84,2026-01-31,2026-02-05T10:00:00
PS00004916,LN00013685,PT02,1192.10,2024-12-31,2025-01-05T10:00:00
PS00004917,LN00013689,PT01,703.78,2025-04-30,2025-05-05T10:00:00
PS00004918,LN00013697,PT05,1836.54,2025-12-31,2026-01-05T10:00:00
PS00004919,LN00013702,PT05,1795.88,2026-05-31,2026-06-05T10:00:00
PS00004920,LN00013703,PT01,1625.36,2026-06-30,2026-07-05T10:00:00
PS00004921,LN00013708,PT02,1707.68,2024-11-30,2024-12-05T10:00:00
PS00004922,LN00013710,PT03,2111.70,2025-01-31,2025-02-05T10:00:00
PS00004923,LN00013712,PT02,981.50,2025-03-31,2025-04-05T10:00:00
PS00004924,LN00013714,PT04,982.26,2025-05-31,2025-06-05T10:00:00
PS00004925,LN00013717,PT03,1277.70,2025-08-31,2025-09-05T10:00:00
PS00004926,LN00013724,PT02,1125.02,2026-03-31,2026-04-05T10:00:00
PS00004927,LN00013725,PT04,2621.06,2026-04-30,2026-05-05T10:00:00
PS00004928,LN00013727,PT04,1754.06,2026-06-30,2026-07-05T10:00:00
PS00004929,LN00013730,PT05,1481.62,2024-09-30,2024-10-05T10:00:00
PS00004930,LN00013738,PT02,384.28,2025-05-31,2025-06-05T10:00:00
PS00004931,LN00013739,PT01,1496.22,2025-06-30,2025-07-05T10:00:00
PS00004932,LN00013748,PT01,1019.92,2026-03-31,2026-04-05T10:00:00
PS00004933,LN00013749,PT03,452.70,2026-04-30,2026-05-05T10:00:00
PS00004934,LN00013754,PT01,705.98,2024-09-30,2024-10-05T10:00:00
PS00004935,LN00013755,PT05,2432.76,2024-10-31,2024-11-05T10:00:00
PS00004936,LN00013757,PT02,1614.34,2024-12-31,2025-01-05T10:00:00
PS00004937,LN00013762,PT01,1304.60,2025-05-31,2025-06-05T10:00:00
PS00004938,LN00013764,PT05,1799.68,2025-07-31,2025-08-05T10:00:00
PS00004939,LN00013765,PT04,2083.52,2025-08-31,2025-09-05T10:00:00
PS00004940,LN00013768,PT03,1311.00,2025-11-30,2025-12-05T10:00:00
PS00004941,LN00013769,PT02,580.84,2025-12-31,2026-01-05T10:00:00
PS00004942,LN00013770,PT03,394.20,2026-01-31,2026-02-05T10:00:00
PS00004943,LN00013773,PT01,836.22,2026-04-30,2026-05-05T10:00:00
PS00004944,LN00013776,PT02,1159.60,2026-07-31,2026-08-05T10:00:00
PS00004945,LN00013777,PT05,1537.48,2024-08-31,2024-09-05T10:00:00
PS00004946,LN00013782,PT01,390.72,2025-01-31,2025-02-05T10:00:00
PS00004947,LN00013785,PT02,1381.38,2025-04-30,2025-05-05T10:00:00
PS00004948,LN00013789,PT02,542.88,2025-08-31,2025-09-05T10:00:00
PS00004949,LN00013795,PT04,1440.92,2026-02-28,2026-03-05T10:00:00
PS00004950,LN00013796,PT03,363.00,2026-03-31,2026-04-05T10:00:00
PS00004951,LN00013798,PT03,2310.60,2026-05-31,2026-06-05T10:00:00
PS00004952,LN00013799,PT02,1703.78,2026-06-30,2026-07-05T10:00:00
PS00004953,LN00013802,PT03,1687.50,2024-09-30,2024-10-05T10:00:00
PS00004954,LN00013804,PT01,295.68,2024-11-30,2024-12-05T10:00:00
PS00004955,LN00013807,PT05,3011.12,2025-02-28,2025-03-05T10:00:00
PS00004956,LN00013808,PT05,652.84,2025-03-31,2025-04-05T10:00:00
PS00004957,LN00013810,PT04,2568.70,2025-05-31,2025-06-05T10:00:00
PS00004958,LN00013812,PT02,1678.82,2025-07-31,2025-08-05T10:00:00
PS00004959,LN00013815,PT04,2542.52,2025-10-31,2025-11-05T10:00:00
PS00004960,LN00013816,PT02,961.74,2025-11-30,2025-12-05T10:00:00
PS00004961,LN00013818,PT04,1263.44,2026-01-31,2026-02-05T10:00:00
PS00004962,LN00013820,PT05,2846.96,2026-03-31,2026-04-05T10:00:00
PS00004963,LN00013823,PT02,608.40,2026-06-30,2026-07-05T10:00:00
PS00004964,LN00013827,PT02,650.78,2024-10-31,2024-11-05T10:00:00
PS00004965,LN00013828,PT02,1551.42,2024-11-30,2024-12-05T10:00:00
PS00004966,LN00013830,PT05,2567.66,2025-01-31,2025-02-05T10:00:00
PS00004967,LN00013833,PT03,1506.00,2025-04-30,2025-05-05T10:00:00
PS00004968,LN00013834,PT01,1437.70,2025-05-31,2025-06-05T10:00:00
PS00004969,LN00013835,PT04,1780.24,2025-06-30,2025-07-05T10:00:00
PS00004970,LN00013837,PT05,2671.02,2025-08-31,2025-09-05T10:00:00
PS00004971,LN00013844,PT04,1865.24,2026-03-31,2026-04-05T10:00:00
PS00004972,LN00013845,PT03,1914.00,2026-04-30,2026-05-05T10:00:00
PS00004973,LN00013847,PT05,2707.12,2026-06-30,2026-07-05T10:00:00
PS00004974,LN00013850,PT01,898.92,2024-09-30,2024-10-05T10:00:00
PS00004975,LN00013852,PT01,1048.08,2024-11-30,2024-12-05T10:00:00
PS00004976,LN00013856,PT04,771.12,2025-03-31,2025-04-05T10:00:00
PS00004977,LN00013857,PT05,1548.50,2025-04-30,2025-05-05T10:00:00
PS00004978,LN00013859,PT02,1401.40,2025-06-30,2025-07-05T10:00:00
PS00004979,LN00013865,PT03,1728.00,2025-12-31,2026-01-05T10:00:00
PS00004980,LN00013868,PT04,1727.20,2026-03-31,2026-04-05T10:00:00
PS00004981,LN00013873,PT04,1299.82,2024-08-31,2024-09-05T10:00:00
PS00004982,LN00013876,PT01,663.74,2024-11-30,2024-12-05T10:00:00
PS00004983,LN00013878,PT01,774.40,2025-01-31,2025-02-05T10:00:00
PS00004984,LN00013879,PT04,928.20,2025-02-28,2025-03-05T10:00:00
PS00004985,LN00013880,PT04,718.76,2025-03-31,2025-04-05T10:00:00
PS00004986,LN00013883,PT02,576.42,2025-06-30,2025-07-05T10:00:00
PS00004987,LN00013887,PT01,354.20,2025-10-31,2025-11-05T10:00:00
PS00004988,LN00013888,PT05,2791.10,2025-11-30,2025-12-05T10:00:00
PS00004989,LN00013891,PT04,485.52,2026-02-28,2026-03-05T10:00:00
PS00004990,LN00013899,PT01,1198.34,2024-10-31,2024-11-05T10:00:00
PS00004991,LN00013901,PT03,1256.10,2024-12-31,2025-01-05T10:00:00
PS00004992,LN00013904,PT01,418.00,2025-03-31,2025-04-05T10:00:00
PS00004993,LN00013910,PT05,2422.50,2025-09-30,2025-10-05T10:00:00
PS00004994,LN00013913,PT04,2133.16,2025-12-31,2026-01-05T10:00:00
PS00004995,LN00013919,PT03,1107.30,2026-06-30,2026-07-05T10:00:00
PS00004996,LN00013921,PT01,1111.66,2024-08-31,2024-09-05T10:00:00
PS00004997,LN00013922,PT04,528.36,2024-09-30,2024-10-05T10:00:00
PS00004998,LN00013923,PT01,1359.82,2024-10-31,2024-11-05T10:00:00
PS00004999,LN00013926,PT02,446.94,2025-01-31,2025-02-05T10:00:00
PS00005000,LN00013932,PT04,708.56,2025-07-31,2025-08-05T10:00:00
PS00005001,LN00013939,PT03,976.50,2026-02-28,2026-03-05T10:00:00
PS00005002,LN00013940,PT01,1229.58,2026-03-31,2026-04-05T10:00:00
PS00005003,LN00013942,PT04,1674.16,2026-05-31,2026-06-05T10:00:00
PS00005004,LN00013943,PT04,842.86,2026-06-30,2026-07-05T10:00:00
PS00005005,LN00013944,PT01,1698.40,2026-07-31,2026-08-05T10:00:00
PS00005006,LN00013946,PT04,1734.34,2024-09-30,2024-10-05T10:00:00
PS00005007,LN00013947,PT03,1721.10,2024-10-31,2024-11-05T10:00:00
PS00005008,LN00013948,PT02,961.22,2024-11-30,2024-12-05T10:00:00
PS00005009,LN00013949,PT03,1080.60,2024-12-31,2025-01-05T10:00:00
PS00005010,LN00013950,PT04,1103.64,2025-01-31,2025-02-05T10:00:00
PS00005011,LN00013954,PT01,1312.30,2025-05-31,2025-06-05T10:00:00
PS00005012,LN00013956,PT04,1020.34,2025-07-31,2025-08-05T10:00:00
PS00005013,LN00013962,PT04,2625.14,2026-01-31,2026-02-05T10:00:00
PS00005014,LN00013964,PT02,873.08,2026-03-31,2026-04-05T10:00:00
PS00005015,LN00013969,PT04,835.38,2024-08-31,2024-09-05T10:00:00
PS00005016,LN00013971,PT05,2489.00,2024-10-31,2024-11-05T10:00:00
PS00005017,LN00013972,PT02,2015.52,2024-11-30,2024-12-05T10:00:00
PS00005018,LN00013973,PT02,1881.88,2024-12-31,2025-01-05T10:00:00
PS00005019,LN00013974,PT02,838.50,2025-01-31,2025-02-05T10:00:00
PS00005020,LN00013975,PT01,1124.64,2025-02-28,2025-03-05T10:00:00
PS00005021,LN00013976,PT02,1485.64,2025-03-31,2025-04-05T10:00:00
PS00005022,LN00013981,PT04,2042.72,2025-08-31,2025-09-05T10:00:00
PS00005023,LN00013984,PT04,2124.66,2025-11-30,2025-12-05T10:00:00
PS00005024,LN00013988,PT01,1109.24,2026-03-31,2026-04-05T10:00:00
PS00005025,LN00013990,PT03,1529.70,2026-05-31,2026-06-05T10:00:00
PS00005026,LN00013993,PT03,1170.60,2024-08-31,2024-09-05T10:00:00
PS00005027,LN00013994,PT02,885.04,2024-09-30,2024-10-05T10:00:00
PS00005028,LN00013995,PT04,1197.82,2024-10-31,2024-11-05T10:00:00
PS00005029,LN00013998,PT03,651.30,2025-01-31,2025-02-05T10:00:00
PS00005030,LN00014001,PT05,1063.24,2025-04-30,2025-05-05T10:00:00
PS00005031,LN00014006,PT05,2156.12,2025-09-30,2025-10-05T10:00:00
PS00005032,LN00014008,PT05,466.64,2025-11-30,2025-12-05T10:00:00
PS00005033,LN00014014,PT03,2031.30,2026-05-31,2026-06-05T10:00:00
PS00005034,LN00014015,PT01,1552.76,2026-06-30,2026-07-05T10:00:00
PS00005035,LN00014016,PT01,1261.26,2026-07-31,2026-08-05T10:00:00
PS00005036,LN00014018,PT04,1832.26,2024-09-30,2024-10-05T10:00:00
PS00005037,LN00014024,PT02,1473.94,2025-03-31,2025-04-05T10:00:00
PS00005038,LN00014029,PT04,1359.66,2025-08-31,2025-09-05T10:00:00
PS00005039,LN00014030,PT01,1069.86,2025-09-30,2025-10-05T10:00:00
PS00005040,LN00014034,PT05,2818.46,2026-01-31,2026-02-05T10:00:00
PS00005041,LN00014035,PT03,2147.10,2026-02-28,2026-03-05T10:00:00
PS00005042,LN00014036,PT02,1885.26,2026-03-31,2026-04-05T10:00:00
PS00005043,LN00014041,PT03,1653.30,2024-08-31,2024-09-05T10:00:00
PS00005044,LN00014042,PT04,1015.24,2024-09-30,2024-10-05T10:00:00
PS00005045,LN00014045,PT02,660.92,2024-12-31,2025-01-05T10:00:00
PS00005046,LN00014047,PT03,630.60,2025-02-28,2025-03-05T10:00:00
PS00005047,LN00014051,PT02,1751.10,2025-06-30,2025-07-05T10:00:00
PS00005048,LN00014052,PT03,2172.60,2025-07-31,2025-08-05T10:00:00
PS00005049,LN00014058,PT01,645.04,2026-01-31,2026-02-05T10:00:00
PS00005050,LN00014063,PT05,2310.40,2026-06-30,2026-07-05T10:00:00
PS00005051,LN00014064,PT05,1486.18,2026-07-31,2026-08-05T10:00:00
PS00005052,LN00014065,PT01,594.00,2024-08-31,2024-09-05T10:00:00
PS00005053,LN00014067,PT01,1323.52,2024-10-31,2024-11-05T10:00:00
PS00005054,LN00014069,PT03,1829.10,2024-12-31,2025-01-05T10:00:00
PS00005055,LN00014082,PT04,2221.56,2026-01-31,2026-02-05T10:00:00
PS00005056,LN00014084,PT01,799.04,2026-03-31,2026-04-05T10:00:00
PS00005057,LN00014085,PT01,290.40,2026-04-30,2026-05-05T10:00:00
PS00005058,LN00014086,PT01,1557.16,2026-05-31,2026-06-05T10:00:00
PS00005059,LN00014094,PT02,845.00,2025-01-31,2025-02-05T10:00:00
PS00005060,LN00014095,PT04,1136.28,2025-02-28,2025-03-05T10:00:00
PS00005061,LN00014098,PT04,2711.50,2025-05-31,2025-06-05T10:00:00
PS00005062,LN00014101,PT01,1687.40,2025-08-31,2025-09-05T10:00:00
PS00005063,LN00014102,PT05,1052.22,2025-09-30,2025-10-05T10:00:00
PS00005064,LN00014104,PT03,2249.70,2025-11-30,2025-12-05T10:00:00
PS00005065,LN00014107,PT04,2305.54,2026-02-28,2026-03-05T10:00:00
PS00005066,LN00014109,PT03,1243.50,2026-04-30,2026-05-05T10:00:00
PS00005067,LN00014112,PT05,1420.44,2026-07-31,2026-08-05T10:00:00
PS00005068,LN00014114,PT04,1553.80,2024-09-30,2024-10-05T10:00:00
PS00005069,LN00014119,PT05,534.28,2025-02-28,2025-03-05T10:00:00
PS00005070,LN00014125,PT03,894.00,2025-08-31,2025-09-05T10:00:00
PS00005071,LN00014127,PT04,950.64,2025-10-31,2025-11-05T10:00:00
PS00005072,LN00014128,PT05,1363.06,2025-11-30,2025-12-05T10:00:00
PS00005073,LN00014133,PT04,1309.34,2026-04-30,2026-05-05T10:00:00
PS00005074,LN00014135,PT04,569.16,2026-06-30,2026-07-05T10:00:00
PS00005075,LN00014140,PT02,1317.42,2024-11-30,2024-12-05T10:00:00
PS00005076,LN00014142,PT05,1494.92,2025-01-31,2025-02-05T10:00:00
PS00005077,LN00014145,PT05,2958.68,2025-04-30,2025-05-05T10:00:00
PS00005078,LN00014146,PT03,2285.10,2025-05-31,2025-06-05T10:00:00
PS00005079,LN00014148,PT03,480.90,2025-07-31,2025-08-05T10:00:00
PS00005080,LN00014149,PT05,2906.24,2025-08-31,2025-09-05T10:00:00
PS00005081,LN00014150,PT04,1166.88,2025-09-30,2025-10-05T10:00:00
PS00005082,LN00014151,PT04,573.92,2025-10-31,2025-11-05T10:00:00
PS00005083,LN00014152,PT05,2898.26,2025-11-30,2025-12-05T10:00:00
PS00005084,LN00014154,PT01,1331.88,2026-01-31,2026-02-05T10:00:00
PS00005085,LN00014157,PT05,1961.56,2026-04-30,2026-05-05T10:00:00
PS00005086,LN00014159,PT05,2501.92,2026-06-30,2026-07-05T10:00:00
PS00005087,LN00014166,PT03,2106.90,2025-01-31,2025-02-05T10:00:00
PS00005088,LN00014170,PT04,2604.06,2025-05-31,2025-06-05T10:00:00
PS00005089,LN00014171,PT05,1122.52,2025-06-30,2025-07-05T10:00:00
PS00005090,LN00014173,PT05,868.68,2025-08-31,2025-09-05T10:00:00
PS00005091,LN00014176,PT05,1844.52,2025-11-30,2025-12-05T10:00:00
PS00005092,LN00014177,PT02,689.78,2025-12-31,2026-01-05T10:00:00
PS00005093,LN00014184,PT04,2605.08,2026-07-31,2026-08-05T10:00:00
PS00005094,LN00014185,PT02,960.70,2024-08-31,2024-09-05T10:00:00
PS00005095,LN00014186,PT05,2733.34,2024-09-30,2024-10-05T10:00:00
PS00005096,LN00014190,PT05,1691.00,2025-01-31,2025-02-05T10:00:00
PS00005097,LN00014191,PT03,2331.30,2025-02-28,2025-03-05T10:00:00
PS00005098,LN00014193,PT04,710.94,2025-04-30,2025-05-05T10:00:00
PS00005099,LN00014194,PT02,1934.40,2025-05-31,2025-06-05T10:00:00
PS00005100,LN00014197,PT05,1785.62,2025-08-31,2025-09-05T10:00:00
PS00005101,LN00014200,PT03,1596.60,2025-11-30,2025-12-05T10:00:00
PS00005102,LN00014202,PT03,477.00,2026-01-31,2026-02-05T10:00:00
PS00005103,LN00014204,PT05,1572.44,2026-03-31,2026-04-05T10:00:00
PS00005104,LN00014206,PT03,832.50,2026-05-31,2026-06-05T10:00:00
PS00005105,LN00014211,PT02,1612.00,2024-10-31,2024-11-05T10:00:00
PS00005106,LN00014213,PT04,558.62,2024-12-31,2025-01-05T10:00:00
PS00005107,LN00014214,PT05,942.78,2025-01-31,2025-02-05T10:00:00
PS00005108,LN00014217,PT02,1763.58,2025-04-30,2025-05-05T10:00:00
PS00005109,LN00014221,PT03,1613.10,2025-08-31,2025-09-05T10:00:00
PS00005110,LN00014225,PT05,895.28,2025-12-31,2026-01-05T10:00:00
PS00005111,LN00014230,PT02,897.78,2026-05-31,2026-06-05T10:00:00
PS00005112,LN00014231,PT05,1950.16,2026-06-30,2026-07-05T10:00:00
PS00005113,LN00014232,PT03,1638.60,2026-07-31,2026-08-05T10:00:00
PS00005114,LN00014235,PT04,670.48,2024-10-31,2024-11-05T10:00:00
PS00005115,LN00014236,PT03,1842.60,2024-11-30,2024-12-05T10:00:00
PS00005116,LN00014237,PT05,2691.54,2024-12-31,2025-01-05T10:00:00
PS00005117,LN00014240,PT02,1151.80,2025-03-31,2025-04-05T10:00:00
PS00005118,LN00014241,PT02,715.00,2025-04-30,2025-05-05T10:00:00
PS00005119,LN00014244,PT01,1415.04,2025-07-31,2025-08-05T10:00:00
PS00005120,LN00014246,PT02,1067.04,2025-09-30,2025-10-05T10:00:00
PS00005121,LN00014250,PT02,532.22,2026-01-31,2026-02-05T10:00:00
PS00005122,LN00014259,PT01,310.64,2024-10-31,2024-11-05T10:00:00
PS00005123,LN00014260,PT03,1605.60,2024-11-30,2024-12-05T10:00:00
PS00005124,LN00014267,PT03,2347.80,2025-06-30,2025-07-05T10:00:00
PS00005125,LN00014270,PT05,1611.96,2025-09-30,2025-10-05T10:00:00
PS00005126,LN00014271,PT01,1081.74,2025-10-31,2025-11-05T10:00:00
PS00005127,LN00014272,PT03,1960.50,2025-11-30,2025-12-05T10:00:00
PS00005128,LN00014276,PT02,1723.54,2026-03-31,2026-04-05T10:00:00
PS00005129,LN00014279,PT05,666.52,2026-06-30,2026-07-05T10:00:00
PS00005130,LN00014282,PT02,483.08,2024-09-30,2024-10-05T10:00:00
PS00005131,LN00014284,PT03,1317.30,2024-11-30,2024-12-05T10:00:00
PS00005132,LN00014289,PT01,1384.02,2025-04-30,2025-05-05T10:00:00
PS00005133,LN00014292,PT05,527.82,2025-07-31,2025-08-05T10:00:00
PS00005134,LN00014293,PT04,567.12,2025-08-31,2025-09-05T10:00:00
PS00005135,LN00014299,PT05,657.78,2026-02-28,2026-03-05T10:00:00
PS00005136,LN00014300,PT03,649.20,2026-03-31,2026-04-05T10:00:00
PS00005137,LN00014301,PT01,738.54,2026-04-30,2026-05-05T10:00:00
PS00005138,LN00014303,PT05,824.98,2026-06-30,2026-07-05T10:00:00
PS00005139,LN00014304,PT02,1717.56,2026-07-31,2026-08-05T10:00:00
PS00005140,LN00014308,PT04,2659.48,2024-11-30,2024-12-05T10:00:00
PS00005141,LN00014311,PT04,1400.80,2025-02-28,2025-03-05T10:00:00
PS00005142,LN00014316,PT05,1744.96,2025-07-31,2025-08-05T10:00:00
PS00005143,LN00014317,PT01,1212.86,2025-08-31,2025-09-05T10:00:00
PS00005144,LN00014319,PT05,931.00,2025-10-31,2025-11-05T10:00:00
PS00005145,LN00014322,PT01,1643.18,2026-01-31,2026-02-05T10:00:00
PS00005146,LN00014323,PT03,1130.70,2026-02-28,2026-03-05T10:00:00
PS00005147,LN00014325,PT05,2563.86,2026-04-30,2026-05-05T10:00:00
PS00005148,LN00014331,PT04,2128.74,2024-10-31,2024-11-05T10:00:00
PS00005149,LN00014333,PT03,1587.90,2024-12-31,2025-01-05T10:00:00
PS00005150,LN00014337,PT01,550.22,2025-04-30,2025-05-05T10:00:00
PS00005151,LN00014340,PT01,836.66,2025-07-31,2025-08-05T10:00:00
PS00005152,LN00014342,PT03,824.40,2025-09-30,2025-10-05T10:00:00
PS00005153,LN00014345,PT05,2268.22,2025-12-31,2026-01-05T10:00:00
PS00005154,LN00014347,PT05,1637.80,2026-02-28,2026-03-05T10:00:00
PS00005155,LN00014348,PT03,1322.40,2026-03-31,2026-04-05T10:00:00
PS00005156,LN00014350,PT01,1695.10,2026-05-31,2026-06-05T10:00:00
PS00005157,LN00014352,PT01,518.10,2026-07-31,2026-08-05T10:00:00
PS00005158,LN00014353,PT01,321.64,2024-08-31,2024-09-05T10:00:00
PS00005159,LN00014361,PT05,2089.62,2025-04-30,2025-05-05T10:00:00
PS00005160,LN00014362,PT03,1343.70,2025-05-31,2025-06-05T10:00:00
PS00005161,LN00014363,PT04,2357.90,2025-06-30,2025-07-05T10:00:00
PS00005162,LN00014366,PT03,565.80,2025-09-30,2025-10-05T10:00:00
PS00005163,LN00014373,PT04,861.90,2026-04-30,2026-05-05T10:00:00
PS00005164,LN00014374,PT05,2572.98,2026-05-31,2026-06-05T10:00:00
PS00005165,LN00014377,PT02,1934.92,2024-08-31,2024-09-05T10:00:00
PS00005166,LN00014380,PT03,1363.20,2024-11-30,2024-12-05T10:00:00
PS00005167,LN00014382,PT03,617.40,2025-01-31,2025-02-05T10:00:00
PS00005168,LN00014385,PT02,389.48,2025-04-30,2025-05-05T10:00:00
PS00005169,LN00014386,PT01,1094.50,2025-05-31,2025-06-05T10:00:00
PS00005170,LN00014387,PT03,1896.60,2025-06-30,2025-07-05T10:00:00
PS00005171,LN00014388,PT04,1022.72,2025-07-31,2025-08-05T10:00:00
PS00005172,LN00014389,PT02,1802.32,2025-08-31,2025-09-05T10:00:00
PS00005173,LN00014390,PT05,2077.08,2025-09-30,2025-10-05T10:00:00
PS00005174,LN00014391,PT02,1390.48,2025-10-31,2025-11-05T10:00:00
PS00005175,LN00014394,PT04,1438.54,2026-01-31,2026-02-05T10:00:00
PS00005176,LN00014395,PT02,835.90,2026-02-28,2026-03-05T10:00:00
PS00005177,LN00014398,PT04,2411.96,2026-05-31,2026-06-05T10:00:00
PS00005178,LN00014401,PT01,505.56,2024-08-31,2024-09-05T10:00:00
PS00005179,LN00014402,PT03,1403.40,2024-09-30,2024-10-05T10:00:00
PS00005180,LN00014415,PT04,467.84,2025-10-31,2025-11-05T10:00:00
PS00005181,LN00014416,PT04,933.98,2025-11-30,2025-12-05T10:00:00
PS00005182,LN00014417,PT03,2065.80,2025-12-31,2026-01-05T10:00:00
PS00005183,LN00014418,PT03,1420.20,2026-01-31,2026-02-05T10:00:00
PS00005184,LN00014419,PT04,484.84,2026-02-28,2026-03-05T10:00:00
PS00005185,LN00014420,PT02,960.70,2026-03-31,2026-04-05T10:00:00
PS00005186,LN00014421,PT04,2419.10,2026-04-30,2026-05-05T10:00:00
PS00005187,LN00014423,PT04,2183.82,2026-06-30,2026-07-05T10:00:00
PS00005188,LN00014424,PT03,975.30,2026-07-31,2026-08-05T10:00:00
PS00005189,LN00014427,PT02,1571.44,2024-10-31,2024-11-05T10:00:00
PS00005190,LN00014430,PT02,1341.60,2025-01-31,2025-02-05T10:00:00
PS00005191,LN00014431,PT01,766.26,2025-02-28,2025-03-05T10:00:00
PS00005192,LN00014432,PT05,2782.36,2025-03-31,2025-04-05T10:00:00
PS00005193,LN00014434,PT05,2846.96,2025-05-31,2025-06-05T10:00:00
PS00005194,LN00014435,PT04,553.18,2025-06-30,2025-07-05T10:00:00
PS00005195,LN00014436,PT01,1014.20,2025-07-31,2025-08-05T10:00:00
PS00005196,LN00014438,PT05,2352.20,2025-09-30,2025-10-05T10:00:00
PS00005197,LN00014444,PT03,1856.40,2026-03-31,2026-04-05T10:00:00
PS00005198,LN00014446,PT04,2166.14,2026-05-31,2026-06-05T10:00:00
PS00005199,LN00014447,PT05,1760.16,2026-06-30,2026-07-05T10:00:00
PS00005200,LN00014448,PT02,1579.76,2026-07-31,2026-08-05T10:00:00
PS00005201,LN00014450,PT03,1838.10,2024-09-30,2024-10-05T10:00:00
PS00005202,LN00014451,PT03,1932.60,2024-10-31,2024-11-05T10:00:00
PS00005203,LN00014453,PT03,1800.90,2024-12-31,2025-01-05T10:00:00
PS00005204,LN00014454,PT04,2133.84,2025-01-31,2025-02-05T10:00:00
PS00005205,LN00014457,PT01,862.84,2025-04-30,2025-05-05T10:00:00
PS00005206,LN00014461,PT04,1676.88,2025-08-31,2025-09-05T10:00:00
PS00005207,LN00014462,PT05,1821.34,2025-09-30,2025-10-05T10:00:00
PS00005208,LN00014463,PT02,1285.18,2025-10-31,2025-11-05T10:00:00
PS00005209,LN00014465,PT02,1418.30,2025-12-31,2026-01-05T10:00:00
PS00005210,LN00014466,PT04,2113.44,2026-01-31,2026-02-05T10:00:00
PS00005211,LN00014474,PT03,1127.10,2024-09-30,2024-10-05T10:00:00
PS00005212,LN00014476,PT04,1401.14,2024-11-30,2024-12-05T10:00:00
PS00005213,LN00014481,PT02,1346.54,2025-04-30,2025-05-05T10:00:00
PS00005214,LN00014484,PT03,1133.10,2025-07-31,2025-08-05T10:00:00
PS00005215,LN00014486,PT02,1384.24,2025-09-30,2025-10-05T10:00:00
PS00005216,LN00014490,PT02,1926.86,2026-01-31,2026-02-05T10:00:00
PS00005217,LN00014499,PT01,969.98,2024-10-31,2024-11-05T10:00:00
PS00005218,LN00014503,PT01,861.08,2025-02-28,2025-03-05T10:00:00
PS00005219,LN00014505,PT03,2205.00,2025-04-30,2025-05-05T10:00:00
PS00005220,LN00014506,PT02,1234.22,2025-05-31,2025-06-05T10:00:00
PS00005221,LN00014511,PT05,2836.32,2025-10-31,2025-11-05T10:00:00
PS00005222,LN00014512,PT04,2012.46,2025-11-30,2025-12-05T10:00:00
PS00005223,LN00014513,PT05,1697.46,2025-12-31,2026-01-05T10:00:00
PS00005224,LN00014518,PT04,2508.86,2026-05-31,2026-06-05T10:00:00
PS00005225,LN00014519,PT04,1513.68,2026-06-30,2026-07-05T10:00:00
PS00005226,LN00014520,PT03,974.70,2026-07-31,2026-08-05T10:00:00
PS00005227,LN00014524,PT05,2196.40,2024-11-30,2024-12-05T10:00:00
PS00005228,LN00014526,PT03,1189.50,2025-01-31,2025-02-05T10:00:00
PS00005229,LN00014527,PT03,1325.10,2025-02-28,2025-03-05T10:00:00
PS00005230,LN00014531,PT05,938.60,2025-06-30,2025-07-05T10:00:00
PS00005231,LN00014532,PT03,1617.90,2025-07-31,2025-08-05T10:00:00
PS00005232,LN00014536,PT04,462.40,2025-11-30,2025-12-05T10:00:00
PS00005233,LN00014544,PT05,606.86,2026-07-31,2026-08-05T10:00:00
PS00005234,LN00014551,PT04,2361.30,2025-02-28,2025-03-05T10:00:00
PS00005235,LN00014554,PT01,1063.04,2025-05-31,2025-06-05T10:00:00
PS00005236,LN00014555,PT05,3007.70,2025-06-30,2025-07-05T10:00:00
PS00005237,LN00014556,PT02,2009.28,2025-07-31,2025-08-05T10:00:00
PS00005238,LN00014557,PT05,622.82,2025-08-31,2025-09-05T10:00:00
PS00005239,LN00014563,PT04,2556.80,2026-02-28,2026-03-05T10:00:00
PS00005240,LN00014566,PT01,915.42,2026-05-31,2026-06-05T10:00:00
PS00005241,LN00014568,PT04,1669.40,2026-07-31,2026-08-05T10:00:00
PS00005242,LN00014571,PT01,286.22,2024-10-31,2024-11-05T10:00:00
PS00005243,LN00014580,PT03,606.90,2025-07-31,2025-08-05T10:00:00
PS00005244,LN00014581,PT01,1476.64,2025-08-31,2025-09-05T10:00:00
PS00005245,LN00014582,PT03,760.50,2025-09-30,2025-10-05T10:00:00
PS00005246,LN00014589,PT01,1105.72,2026-04-30,2026-05-05T10:00:00
PS00005247,LN00014590,PT01,1390.40,2026-05-31,2026-06-05T10:00:00
PS00005248,LN00014592,PT02,936.78,2026-07-31,2026-08-05T10:00:00
PS00005249,LN00014593,PT02,1417.78,2024-08-31,2024-09-05T10:00:00
PS00005250,LN00014601,PT03,841.80,2025-04-30,2025-05-05T10:00:00
PS00005251,LN00014603,PT03,1562.10,2025-06-30,2025-07-05T10:00:00
PS00005252,LN00014606,PT05,2510.28,2025-09-30,2025-10-05T10:00:00
PS00005253,LN00014607,PT04,594.32,2025-10-31,2025-11-05T10:00:00
PS00005254,LN00014608,PT02,1200.68,2025-11-30,2025-12-05T10:00:00
PS00005255,LN00014614,PT02,1977.56,2026-05-31,2026-06-05T10:00:00
PS00005256,LN00014617,PT02,345.02,2024-08-31,2024-09-05T10:00:00
PS00005257,LN00014622,PT02,488.02,2025-01-31,2025-02-05T10:00:00
PS00005258,LN00014623,PT03,2000.10,2025-02-28,2025-03-05T10:00:00
PS00005259,LN00014624,PT04,643.96,2025-03-31,2025-04-05T10:00:00
PS00005260,LN00014626,PT05,1410.18,2025-05-31,2025-06-05T10:00:00
PS00005261,LN00014631,PT03,2397.90,2025-10-31,2025-11-05T10:00:00
PS00005262,LN00014632,PT01,1589.50,2025-11-30,2025-12-05T10:00:00
PS00005263,LN00014635,PT03,642.30,2026-02-28,2026-03-05T10:00:00
PS00005264,LN00014641,PT05,661.96,2024-08-31,2024-09-05T10:00:00
PS00005265,LN00014643,PT03,692.70,2024-10-31,2024-11-05T10:00:00
PS00005266,LN00014645,PT04,551.82,2024-12-31,2025-01-05T10:00:00
PS00005267,LN00014647,PT04,1228.76,2025-02-28,2025-03-05T10:00:00
PS00005268,LN00014649,PT01,1111.66,2025-04-30,2025-05-05T10:00:00
PS00005269,LN00014650,PT05,1396.88,2025-05-31,2025-06-05T10:00:00
PS00005270,LN00014654,PT05,775.96,2025-09-30,2025-10-05T10:00:00
PS00005271,LN00014655,PT05,470.82,2025-10-31,2025-11-05T10:00:00
PS00005272,LN00014657,PT04,2167.16,2025-12-31,2026-01-05T10:00:00
PS00005273,LN00014658,PT03,635.40,2026-01-31,2026-02-05T10:00:00
PS00005274,LN00014659,PT01,1124.64,2026-02-28,2026-03-05T10:00:00
PS00005275,LN00014660,PT02,1913.34,2026-03-31,2026-04-05T10:00:00
PS00005276,LN00014661,PT04,1260.72,2026-04-30,2026-05-05T10:00:00
PS00005277,LN00014663,PT02,707.20,2026-06-30,2026-07-05T10:00:00
PS00005278,LN00014666,PT05,2560.44,2024-09-30,2024-10-05T10:00:00
PS00005279,LN00014667,PT02,1414.92,2024-10-31,2024-11-05T10:00:00
PS00005280,LN00014670,PT04,2384.42,2025-01-31,2025-02-05T10:00:00
PS00005281,LN00014672,PT02,1471.34,2025-03-31,2025-04-05T10:00:00
PS00005282,LN00014674,PT02,1366.04,2025-05-31,2025-06-05T10:00:00
PS00005283,LN00014675,PT03,560.70,2025-06-30,2025-07-05T10:00:00
PS00005284,LN00014678,PT04,744.26,2025-09-30,2025-10-05T10:00:00
PS00005285,LN00014680,PT04,573.92,2025-11-30,2025-12-05T10:00:00
PS00005286,LN00014681,PT04,572.22,2025-12-31,2026-01-05T10:00:00
PS00005287,LN00014698,PT03,1379.10,2025-05-31,2025-06-05T10:00:00
PS00005288,LN00014701,PT01,650.76,2025-08-31,2025-09-05T10:00:00
PS00005289,LN00014708,PT03,392.40,2026-03-31,2026-04-05T10:00:00
PS00005290,LN00014714,PT04,1726.18,2024-09-30,2024-10-05T10:00:00
PS00005291,LN00014716,PT01,1701.26,2024-11-30,2024-12-05T10:00:00
PS00005292,LN00014722,PT04,2191.30,2025-05-31,2025-06-05T10:00:00
PS00005293,LN00014724,PT01,367.62,2025-07-31,2025-08-05T10:00:00
PS00005294,LN00014727,PT01,408.32,2025-10-31,2025-11-05T10:00:00
PS00005295,LN00014728,PT01,1513.82,2025-11-30,2025-12-05T10:00:00
PS00005296,LN00014737,PT03,2322.30,2024-08-31,2024-09-05T10:00:00
PS00005297,LN00014738,PT01,1088.12,2024-09-30,2024-10-05T10:00:00
PS00005298,LN00014739,PT02,1018.68,2024-10-31,2024-11-05T10:00:00
PS00005299,LN00014740,PT03,776.10,2024-11-30,2024-12-05T10:00:00
PS00005300,LN00014744,PT04,688.84,2025-03-31,2025-04-05T10:00:00
PS00005301,LN00014746,PT01,473.88,2025-05-31,2025-06-05T10:00:00
PS00005302,LN00014747,PT02,1485.12,2025-06-30,2025-07-05T10:00:00
PS00005303,LN00014749,PT03,481.80,2025-08-31,2025-09-05T10:00:00
PS00005304,LN00014753,PT01,1711.82,2025-12-31,2026-01-05T10:00:00
PS00005305,LN00014754,PT05,2858.74,2026-01-31,2026-02-05T10:00:00
PS00005306,LN00014761,PT01,1676.40,2024-08-31,2024-09-05T10:00:00
PS00005307,LN00014769,PT02,813.28,2025-04-30,2025-05-05T10:00:00
PS00005308,LN00014770,PT02,1394.38,2025-05-31,2025-06-05T10:00:00
PS00005309,LN00014774,PT01,1155.44,2025-09-30,2025-10-05T10:00:00
PS00005310,LN00014777,PT04,1377.34,2025-12-31,2026-01-05T10:00:00
PS00005311,LN00014778,PT01,834.46,2026-01-31,2026-02-05T10:00:00
PS00005312,LN00014782,PT02,1688.18,2026-05-31,2026-06-05T10:00:00
PS00005313,LN00014783,PT01,272.80,2026-06-30,2026-07-05T10:00:00
PS00005314,LN00014784,PT02,1316.12,2026-07-31,2026-08-05T10:00:00
PS00005315,LN00014785,PT04,1618.40,2024-08-31,2024-09-05T10:00:00
PS00005316,LN00014787,PT04,2030.14,2024-10-31,2024-11-05T10:00:00
PS00005317,LN00014795,PT02,636.48,2025-06-30,2025-07-05T10:00:00
PS00005318,LN00014796,PT03,1074.30,2025-07-31,2025-08-05T10:00:00
PS00005319,LN00014798,PT03,2247.00,2025-09-30,2025-10-05T10:00:00
PS00005320,LN00014799,PT03,810.60,2025-10-31,2025-11-05T10:00:00
PS00005321,LN00014800,PT05,810.54,2025-11-30,2025-12-05T10:00:00
PS00005322,LN00014805,PT04,1431.06,2026-04-30,2026-05-05T10:00:00
PS00005323,LN00014806,PT03,390.00,2026-05-31,2026-06-05T10:00:00
PS00005324,LN00014808,PT03,1968.60,2026-07-31,2026-08-05T10:00:00
PS00005325,LN00014810,PT04,2280.38,2024-09-30,2024-10-05T10:00:00
PS00005326,LN00014816,PT01,603.68,2025-03-31,2025-04-05T10:00:00
PS00005327,LN00014818,PT05,2649.74,2025-05-31,2025-06-05T10:00:00
PS00005328,LN00014819,PT05,2424.02,2025-06-30,2025-07-05T10:00:00
PS00005329,LN00014820,PT01,404.36,2025-07-31,2025-08-05T10:00:00
PS00005330,LN00014821,PT01,882.64,2025-08-31,2025-09-05T10:00:00
PS00005331,LN00014824,PT01,1065.24,2025-11-30,2025-12-05T10:00:00
PS00005332,LN00014828,PT03,1945.80,2026-03-31,2026-04-05T10:00:00
PS00005333,LN00014829,PT05,2457.08,2026-04-30,2026-05-05T10:00:00
PS00005334,LN00014834,PT05,2449.10,2024-09-30,2024-10-05T10:00:00
PS00005335,LN00014836,PT02,773.76,2024-11-30,2024-12-05T10:00:00
PS00005336,LN00014839,PT04,2186.88,2025-02-28,2025-03-05T10:00:00
PS00005337,LN00014843,PT05,2262.52,2025-06-30,2025-07-05T10:00:00
PS00005338,LN00014844,PT02,364.26,2025-07-31,2025-08-05T10:00:00
PS00005339,LN00014849,PT05,974.70,2025-12-31,2026-01-05T10:00:00
PS00005340,LN00014850,PT04,1997.84,2026-01-31,2026-02-05T10:00:00
PS00005341,LN00014851,PT03,1027.50,2026-02-28,2026-03-05T10:00:00
PS00005342,LN00014852,PT05,1190.92,2026-03-31,2026-04-05T10:00:00
PS00005343,LN00014857,PT03,754.80,2024-08-31,2024-09-05T10:00:00
PS00005344,LN00014859,PT04,2280.72,2024-10-31,2024-11-05T10:00:00
PS00005345,LN00014860,PT03,1323.60,2024-11-30,2024-12-05T10:00:00
PS00005346,LN00014864,PT05,1390.42,2025-03-31,2025-04-05T10:00:00
PS00005347,LN00014868,PT04,873.12,2025-07-31,2025-08-05T10:00:00
PS00005348,LN00014873,PT02,1823.64,2025-12-31,2026-01-05T10:00:00
PS00005349,LN00014876,PT02,365.82,2026-03-31,2026-04-05T10:00:00
PS00005350,LN00014878,PT04,1923.38,2026-05-31,2026-06-05T10:00:00
PS00005351,LN00014879,PT01,930.16,2026-06-30,2026-07-05T10:00:00
PS00005352,LN00014880,PT05,2339.66,2026-07-31,2026-08-05T10:00:00
PS00005353,LN00014882,PT05,465.12,2024-09-30,2024-10-05T10:00:00
PS00005354,LN00014886,PT02,1708.46,2025-01-31,2025-02-05T10:00:00
PS00005355,LN00014891,PT04,586.50,2025-06-30,2025-07-05T10:00:00
PS00005356,LN00014892,PT04,914.94,2025-07-31,2025-08-05T10:00:00
PS00005357,LN00014898,PT05,1674.66,2026-01-31,2026-02-05T10:00:00
PS00005358,LN00014899,PT04,438.60,2026-02-28,2026-03-05T10:00:00
PS00005359,LN00014900,PT02,1650.22,2026-03-31,2026-04-05T10:00:00
PS00005360,LN00014901,PT02,1593.80,2026-04-30,2026-05-05T10:00:00
PS00005361,LN00014906,PT03,922.20,2024-09-30,2024-10-05T10:00:00
PS00005362,LN00014909,PT04,1755.08,2024-12-31,2025-01-05T10:00:00
PS00005363,LN00014913,PT03,802.80,2025-04-30,2025-05-05T10:00:00
PS00005364,LN00014914,PT05,934.42,2025-05-31,2025-06-05T10:00:00
PS00005365,LN00014916,PT03,1683.90,2025-07-31,2025-08-05T10:00:00
PS00005366,LN00014918,PT05,2296.72,2025-09-30,2025-10-05T10:00:00
PS00005367,LN00014920,PT01,646.58,2025-11-30,2025-12-05T10:00:00
PS00005368,LN00014923,PT03,1138.20,2026-02-28,2026-03-05T10:00:00
PS00005369,LN00014927,PT02,1805.96,2026-06-30,2026-07-05T10:00:00
PS00005370,LN00014935,PT02,1592.76,2025-02-28,2025-03-05T10:00:00
PS00005371,LN00014939,PT04,674.56,2025-06-30,2025-07-05T10:00:00
PS00005372,LN00014941,PT03,2232.30,2025-08-31,2025-09-05T10:00:00
PS00005373,LN00014943,PT05,736.44,2025-10-31,2025-11-05T10:00:00
PS00005374,LN00014944,PT05,2408.82,2025-11-30,2025-12-05T10:00:00
PS00005375,LN00014947,PT03,684.00,2026-02-28,2026-03-05T10:00:00
PS00005376,LN00014954,PT04,2433.04,2024-09-30,2024-10-05T10:00:00
PS00005377,LN00014958,PT03,1671.90,2025-01-31,2025-02-05T10:00:00
PS00005378,LN00014961,PT05,1209.92,2025-04-30,2025-05-05T10:00:00
PS00005379,LN00014964,PT05,2714.34,2025-07-31,2025-08-05T10:00:00
PS00005380,LN00014965,PT04,444.38,2025-08-31,2025-09-05T10:00:00
PS00005381,LN00014970,PT04,1119.96,2026-01-31,2026-02-05T10:00:00
PS00005382,LN00014974,PT04,2009.74,2026-05-31,2026-06-05T10:00:00
PS00005383,LN00014976,PT04,1975.40,2026-07-31,2026-08-05T10:00:00
PS00005384,LN00014979,PT04,2694.16,2024-10-31,2024-11-05T10:00:00
PS00005385,LN00014981,PT05,1621.08,2024-12-31,2025-01-05T10:00:00
PS00005386,LN00014982,PT01,824.78,2025-01-31,2025-02-05T10:00:00
PS00005387,LN00014986,PT03,433.20,2025-05-31,2025-06-05T10:00:00
PS00005388,LN00014989,PT05,1347.48,2025-08-31,2025-09-05T10:00:00
PS00005389,LN00014990,PT05,2470.76,2025-09-30,2025-10-05T10:00:00
PS00005390,LN00014992,PT02,1408.16,2025-11-30,2025-12-05T10:00:00
PS00005391,LN00014993,PT02,938.34,2025-12-31,2026-01-05T10:00:00
PS00005392,LN00014994,PT03,847.20,2026-01-31,2026-02-05T10:00:00
PS00005393,LN00014995,PT03,1523.10,2026-02-28,2026-03-05T10:00:00
PS00005394,LN00014998,PT03,1048.80,2026-05-31,2026-06-05T10:00:00
PS00005395,LN00014999,PT03,1562.70,2026-06-30,2026-07-05T10:00:00
PS00005396,LN00015002,PT04,2001.92,2024-09-30,2024-10-05T10:00:00
PS00005397,LN00015004,PT01,916.74,2024-11-30,2024-12-05T10:00:00
PS00005398,LN00015007,PT05,1233.10,2025-02-28,2025-03-05T10:00:00
PS00005399,LN00015009,PT02,1822.08,2025-04-30,2025-05-05T10:00:00
PS00005400,LN00015011,PT02,375.96,2025-06-30,2025-07-05T10:00:00
PS00005401,LN00015018,PT01,1541.98,2026-01-31,2026-02-05T10:00:00
PS00005402,LN00015022,PT02,1348.88,2026-05-31,2026-06-05T10:00:00
PS00005403,LN00015026,PT02,499.72,2024-09-30,2024-10-05T10:00:00
PS00005404,LN00015027,PT03,843.90,2024-10-31,2024-11-05T10:00:00
PS00005405,LN00015029,PT03,2108.70,2024-12-31,2025-01-05T10:00:00
PS00005406,LN00015033,PT02,1816.62,2025-04-30,2025-05-05T10:00:00
PS00005407,LN00015037,PT04,996.20,2025-08-31,2025-09-05T10:00:00
PS00005408,LN00015039,PT03,1302.00,2025-10-31,2025-11-05T10:00:00
PS00005409,LN00015040,PT04,1656.48,2025-11-30,2025-12-05T10:00:00
PS00005410,LN00015042,PT02,1991.86,2026-01-31,2026-02-05T10:00:00
PS00005411,LN00015046,PT05,1436.40,2026-05-31,2026-06-05T10:00:00
PS00005412,LN00015049,PT04,1322.94,2024-08-31,2024-09-05T10:00:00
PS00005413,LN00015051,PT02,1376.44,2024-10-31,2024-11-05T10:00:00
PS00005414,LN00015052,PT02,820.30,2024-11-30,2024-12-05T10:00:00
PS00005415,LN00015053,PT03,1995.30,2024-12-31,2025-01-05T10:00:00
PS00005416,LN00015056,PT04,1466.08,2025-03-31,2025-04-05T10:00:00
PS00005417,LN00015061,PT05,2678.62,2025-08-31,2025-09-05T10:00:00
PS00005418,LN00015062,PT01,1195.26,2025-09-30,2025-10-05T10:00:00
PS00005419,LN00015063,PT05,470.44,2025-10-31,2025-11-05T10:00:00
PS00005420,LN00015064,PT02,403.52,2025-11-30,2025-12-05T10:00:00
PS00005421,LN00015071,PT04,2105.28,2026-06-30,2026-07-05T10:00:00
PS00005422,LN00015073,PT02,855.40,2024-08-31,2024-09-05T10:00:00
PS00005423,LN00015074,PT04,676.26,2024-09-30,2024-10-05T10:00:00
PS00005424,LN00015078,PT01,1592.58,2025-01-31,2025-02-05T10:00:00
PS00005425,LN00015081,PT02,406.90,2025-04-30,2025-05-05T10:00:00
PS00005426,LN00015083,PT04,1796.56,2025-06-30,2025-07-05T10:00:00
PS00005427,LN00015085,PT05,1299.98,2025-08-31,2025-09-05T10:00:00
PS00005428,LN00015087,PT04,1774.80,2025-10-31,2025-11-05T10:00:00
PS00005429,LN00015088,PT02,628.68,2025-11-30,2025-12-05T10:00:00
PS00005430,LN00015091,PT03,2148.90,2026-02-28,2026-03-05T10:00:00
PS00005431,LN00015094,PT01,514.80,2026-05-31,2026-06-05T10:00:00
PS00005432,LN00015095,PT01,1565.74,2026-06-30,2026-07-05T10:00:00
PS00005433,LN00015096,PT04,580.72,2026-07-31,2026-08-05T10:00:00
PS00005434,LN00015102,PT02,1898.26,2025-01-31,2025-02-05T10:00:00
PS00005435,LN00015103,PT03,2085.00,2025-02-28,2025-03-05T10:00:00
PS00005436,LN00015107,PT05,1635.14,2025-06-30,2025-07-05T10:00:00
PS00005437,LN00015109,PT05,917.70,2025-08-31,2025-09-05T10:00:00
PS00005438,LN00015110,PT03,1412.40,2025-09-30,2025-10-05T10:00:00
PS00005439,LN00015111,PT04,1416.78,2025-10-31,2025-11-05T10:00:00
PS00005440,LN00015122,PT04,2496.96,2024-09-30,2024-10-05T10:00:00
PS00005441,LN00015123,PT03,2077.50,2024-10-31,2024-11-05T10:00:00
PS00005442,LN00015124,PT04,482.46,2024-11-30,2024-12-05T10:00:00
PS00005443,LN00015125,PT04,1172.32,2024-12-31,2025-01-05T10:00:00
PS00005444,LN00015129,PT01,933.90,2025-04-30,2025-05-05T10:00:00
PS00005445,LN00015130,PT04,1117.92,2025-05-31,2025-06-05T10:00:00
PS00005446,LN00015134,PT02,2047.76,2025-09-30,2025-10-05T10:00:00
PS00005447,LN00015137,PT03,1536.60,2025-12-31,2026-01-05T10:00:00
PS00005448,LN00015142,PT01,1636.14,2026-05-31,2026-06-05T10:00:00
PS00005449,LN00015145,PT05,2080.88,2024-08-31,2024-09-05T10:00:00
PS00005450,LN00015146,PT04,2237.20,2024-09-30,2024-10-05T10:00:00
PS00005451,LN00015154,PT03,816.60,2025-05-31,2025-06-05T10:00:00
PS00005452,LN00015155,PT03,853.20,2025-06-30,2025-07-05T10:00:00
PS00005453,LN00015156,PT03,875.10,2025-07-31,2025-08-05T10:00:00
PS00005454,LN00015158,PT04,2370.14,2025-09-30,2025-10-05T10:00:00
PS00005455,LN00015159,PT04,2203.88,2025-10-31,2025-11-05T10:00:00
PS00005456,LN00015160,PT01,999.24,2025-11-30,2025-12-05T10:00:00
PS00005457,LN00015164,PT01,332.64,2026-03-31,2026-04-05T10:00:00
PS00005458,LN00015165,PT05,1722.16,2026-04-30,2026-05-05T10:00:00
PS00005459,LN00015167,PT01,1507.66,2026-06-30,2026-07-05T10:00:00
PS00005460,LN00015170,PT02,1099.80,2024-09-30,2024-10-05T10:00:00
PS00005461,LN00015171,PT05,1576.62,2024-10-31,2024-11-05T10:00:00
PS00005462,LN00015172,PT01,1648.68,2024-11-30,2024-12-05T10:00:00
PS00005463,LN00015174,PT03,1068.60,2025-01-31,2025-02-05T10:00:00
PS00005464,LN00015177,PT01,607.64,2025-04-30,2025-05-05T10:00:00
PS00005465,LN00015178,PT01,1187.34,2025-05-31,2025-06-05T10:00:00
PS00005466,LN00015179,PT05,1643.50,2025-06-30,2025-07-05T10:00:00
PS00005467,LN00015181,PT03,1946.40,2025-08-31,2025-09-05T10:00:00
PS00005468,LN00015184,PT04,1489.88,2025-11-30,2025-12-05T10:00:00
PS00005469,LN00015186,PT04,1718.02,2026-01-31,2026-02-05T10:00:00
PS00005470,LN00015190,PT01,1573.44,2026-05-31,2026-06-05T10:00:00
PS00005471,LN00015192,PT04,443.70,2026-07-31,2026-08-05T10:00:00
PS00005472,LN00015208,PT01,1730.96,2025-11-30,2025-12-05T10:00:00
PS00005473,LN00015210,PT05,1035.88,2026-01-31,2026-02-05T10:00:00
PS00005474,LN00015212,PT02,421.98,2026-03-31,2026-04-05T10:00:00
PS00005475,LN00015216,PT03,448.80,2026-07-31,2026-08-05T10:00:00
PS00005476,LN00015217,PT05,2722.70,2024-08-31,2024-09-05T10:00:00
PS00005477,LN00015226,PT03,798.60,2025-05-31,2025-06-05T10:00:00
PS00005478,LN00015227,PT04,1813.22,2025-06-30,2025-07-05T10:00:00
PS00005479,LN00015228,PT05,2851.90,2025-07-31,2025-08-05T10:00:00
PS00005480,LN00015229,PT03,668.70,2025-08-31,2025-09-05T10:00:00
PS00005481,LN00015232,PT01,1015.52,2025-11-30,2025-12-05T10:00:00
PS00005482,LN00015238,PT03,1608.30,2026-05-31,2026-06-05T10:00:00
PS00005483,LN00015240,PT03,1180.50,2026-07-31,2026-08-05T10:00:00
PS00005484,LN00015250,PT01,1411.52,2025-05-31,2025-06-05T10:00:00
PS00005485,LN00015252,PT05,1904.94,2025-07-31,2025-08-05T10:00:00
PS00005486,LN00015253,PT02,670.54,2025-08-31,2025-09-05T10:00:00
PS00005487,LN00015255,PT05,2963.24,2025-10-31,2025-11-05T10:00:00
PS00005488,LN00015257,PT01,1491.60,2025-12-31,2026-01-05T10:00:00
PS00005489,LN00015261,PT05,2148.14,2026-04-30,2026-05-05T10:00:00
PS00005490,LN00015262,PT03,1929.30,2026-05-31,2026-06-05T10:00:00
PS00005491,LN00015263,PT01,1445.84,2026-06-30,2026-07-05T10:00:00
PS00005492,LN00015264,PT03,1236.00,2026-07-31,2026-08-05T10:00:00
PS00005493,LN00015268,PT03,2304.30,2024-11-30,2024-12-05T10:00:00
PS00005494,LN00015272,PT01,1219.90,2025-03-31,2025-04-05T10:00:00
PS00005495,LN00015274,PT04,833.68,2025-05-31,2025-06-05T10:00:00
PS00005496,LN00015278,PT03,2238.00,2025-09-30,2025-10-05T10:00:00
PS00005497,LN00015280,PT01,607.42,2025-11-30,2025-12-05T10:00:00
PS00005498,LN00015285,PT01,564.96,2026-04-30,2026-05-05T10:00:00
PS00005499,LN00015288,PT04,2718.64,2026-07-31,2026-08-05T10:00:00
PS00005500,LN00015290,PT02,1361.88,2024-09-30,2024-10-05T10:00:00
PS00005501,LN00015291,PT02,589.42,2024-10-31,2024-11-05T10:00:00
PS00005502,LN00015292,PT01,1302.18,2024-11-30,2024-12-05T10:00:00
PS00005503,LN00015293,PT05,889.96,2024-12-31,2025-01-05T10:00:00
PS00005504,LN00015295,PT01,1646.92,2025-02-28,2025-03-05T10:00:00
PS00005505,LN00015301,PT05,1662.12,2025-08-31,2025-09-05T10:00:00
PS00005506,LN00015304,PT02,1344.20,2025-11-30,2025-12-05T10:00:00
PS00005507,LN00015305,PT03,623.70,2025-12-31,2026-01-05T10:00:00
PS00005508,LN00015308,PT05,1161.66,2026-03-31,2026-04-05T10:00:00
PS00005509,LN00015309,PT04,1851.98,2026-04-30,2026-05-05T10:00:00
PS00005510,LN00015315,PT03,1098.90,2024-10-31,2024-11-05T10:00:00
PS00005511,LN00015316,PT03,1085.40,2024-11-30,2024-12-05T10:00:00
PS00005512,LN00015319,PT01,1049.18,2025-02-28,2025-03-05T10:00:00
PS00005513,LN00015323,PT01,841.06,2025-06-30,2025-07-05T10:00:00
PS00005514,LN00015325,PT04,1076.78,2025-08-31,2025-09-05T10:00:00
PS00005515,LN00015328,PT05,1592.96,2025-11-30,2025-12-05T10:00:00
PS00005516,LN00015329,PT03,663.90,2025-12-31,2026-01-05T10:00:00
PS00005517,LN00015333,PT03,1906.80,2026-04-30,2026-05-05T10:00:00
PS00005518,LN00015334,PT01,1278.64,2026-05-31,2026-06-05T10:00:00
PS00005519,LN00015339,PT03,1848.90,2024-10-31,2024-11-05T10:00:00
PS00005520,LN00015342,PT02,666.12,2025-01-31,2025-02-05T10:00:00
PS00005521,LN00015347,PT01,1434.18,2025-06-30,2025-07-05T10:00:00
PS00005522,LN00015348,PT04,867.34,2025-07-31,2025-08-05T10:00:00
PS00005523,LN00015353,PT05,2736.76,2025-12-31,2026-01-05T10:00:00
PS00005524,LN00015354,PT02,386.10,2026-01-31,2026-02-05T10:00:00
PS00005525,LN00015355,PT02,685.10,2026-02-28,2026-03-05T10:00:00
PS00005526,LN00015359,PT01,987.36,2026-06-30,2026-07-05T10:00:00
PS00005527,LN00015366,PT04,1087.66,2025-01-31,2025-02-05T10:00:00
PS00005528,LN00015369,PT02,477.62,2025-04-30,2025-05-05T10:00:00
PS00005529,LN00015374,PT05,1759.02,2025-09-30,2025-10-05T10:00:00
PS00005530,LN00015378,PT02,919.88,2026-01-31,2026-02-05T10:00:00
PS00005531,LN00015379,PT05,840.56,2026-02-28,2026-03-05T10:00:00
PS00005532,LN00015383,PT04,523.60,2026-06-30,2026-07-05T10:00:00
PS00005533,LN00015387,PT05,2304.32,2024-10-31,2024-11-05T10:00:00
PS00005534,LN00015389,PT04,646.34,2024-12-31,2025-01-05T10:00:00
PS00005535,LN00015393,PT02,2022.80,2025-04-30,2025-05-05T10:00:00
PS00005536,LN00015395,PT05,1995.38,2025-06-30,2025-07-05T10:00:00
PS00005537,LN00015397,PT01,1538.24,2025-08-31,2025-09-05T10:00:00
PS00005538,LN00015401,PT03,1270.80,2025-12-31,2026-01-05T10:00:00
PS00005539,LN00015402,PT03,2322.90,2026-01-31,2026-02-05T10:00:00
PS00005540,LN00015404,PT01,1694.44,2026-03-31,2026-04-05T10:00:00
PS00005541,LN00015405,PT01,1101.32,2026-04-30,2026-05-05T10:00:00
PS00005542,LN00015406,PT01,1136.08,2026-05-31,2026-06-05T10:00:00
PS00005543,LN00015408,PT03,685.50,2026-07-31,2026-08-05T10:00:00
PS00005544,LN00015412,PT01,1552.54,2024-11-30,2024-12-05T10:00:00
PS00005545,LN00015414,PT03,1518.30,2025-01-31,2025-02-05T10:00:00
PS00005546,LN00015416,PT02,582.40,2025-03-31,2025-04-05T10:00:00
PS00005547,LN00015423,PT03,969.30,2025-10-31,2025-11-05T10:00:00
PS00005548,LN00015428,PT02,1454.70,2026-03-31,2026-04-05T10:00:00
PS00005549,LN00015431,PT02,1142.96,2026-06-30,2026-07-05T10:00:00
PS00005550,LN00015442,PT05,1173.06,2025-05-31,2025-06-05T10:00:00
PS00005551,LN00015443,PT05,2073.66,2025-06-30,2025-07-05T10:00:00
PS00005552,LN00015445,PT03,1775.70,2025-08-31,2025-09-05T10:00:00
PS00005553,LN00015446,PT05,1735.84,2025-09-30,2025-10-05T10:00:00
PS00005554,LN00015456,PT04,807.84,2026-07-31,2026-08-05T10:00:00
PS00005555,LN00015457,PT04,528.36,2024-08-31,2024-09-05T10:00:00
PS00005556,LN00015459,PT01,349.36,2024-10-31,2024-11-05T10:00:00
PS00005557,LN00015461,PT04,758.20,2024-12-31,2025-01-05T10:00:00
PS00005558,LN00015462,PT05,1414.36,2025-01-31,2025-02-05T10:00:00
PS00005559,LN00015463,PT04,1779.22,2025-02-28,2025-03-05T10:00:00
PS00005560,LN00015464,PT05,1903.80,2025-03-31,2025-04-05T10:00:00
PS00005561,LN00015472,PT02,826.28,2025-11-30,2025-12-05T10:00:00
PS00005562,LN00015473,PT02,727.74,2025-12-31,2026-01-05T10:00:00
PS00005563,LN00015479,PT03,1385.10,2026-06-30,2026-07-05T10:00:00
PS00005564,LN00015481,PT04,2096.10,2024-08-31,2024-09-05T10:00:00
PS00005565,LN00015484,PT05,2636.06,2024-11-30,2024-12-05T10:00:00
PS00005566,LN00015488,PT05,1236.90,2025-03-31,2025-04-05T10:00:00
PS00005567,LN00015489,PT01,557.04,2025-04-30,2025-05-05T10:00:00
PS00005568,LN00015491,PT05,2400.84,2025-06-30,2025-07-05T10:00:00
PS00005569,LN00015494,PT03,2136.00,2025-09-30,2025-10-05T10:00:00
PS00005570,LN00015495,PT04,962.54,2025-10-31,2025-11-05T10:00:00
PS00005571,LN00015497,PT03,1880.70,2025-12-31,2026-01-05T10:00:00
PS00005572,LN00015498,PT03,1940.40,2026-01-31,2026-02-05T10:00:00
PS00005573,LN00015500,PT02,423.28,2026-03-31,2026-04-05T10:00:00
PS00005574,LN00015505,PT03,417.00,2024-08-31,2024-09-05T10:00:00
PS00005575,LN00015512,PT03,1847.40,2025-03-31,2025-04-05T10:00:00
PS00005576,LN00015516,PT02,589.68,2025-07-31,2025-08-05T10:00:00
PS00005577,LN00015517,PT01,1222.98,2025-08-31,2025-09-05T10:00:00
PS00005578,LN00015518,PT02,1629.42,2025-09-30,2025-10-05T10:00:00
PS00005579,LN00015519,PT04,1804.04,2025-10-31,2025-11-05T10:00:00
PS00005580,LN00015525,PT05,2937.78,2026-04-30,2026-05-05T10:00:00
PS00005581,LN00015529,PT02,1304.42,2024-08-31,2024-09-05T10:00:00
PS00005582,LN00015530,PT01,1310.98,2024-09-30,2024-10-05T10:00:00
PS00005583,LN00015533,PT01,1050.06,2024-12-31,2025-01-05T10:00:00
PS00005584,LN00015536,PT05,2642.90,2025-03-31,2025-04-05T10:00:00
PS00005585,LN00015542,PT01,833.58,2025-09-30,2025-10-05T10:00:00
PS00005586,LN00015546,PT02,1047.54,2026-01-31,2026-02-05T10:00:00
PS00005587,LN00015547,PT03,1270.20,2026-02-28,2026-03-05T10:00:00
PS00005588,LN00015548,PT01,883.74,2026-03-31,2026-04-05T10:00:00
PS00005589,LN00015553,PT04,1634.72,2024-08-31,2024-09-05T10:00:00
PS00005590,LN00015557,PT04,2055.30,2024-12-31,2025-01-05T10:00:00
PS00005591,LN00015560,PT01,1595.00,2025-03-31,2025-04-05T10:00:00
PS00005592,LN00015561,PT03,1109.10,2025-04-30,2025-05-05T10:00:00
PS00005593,LN00015562,PT05,1792.84,2025-05-31,2025-06-05T10:00:00
PS00005594,LN00015568,PT05,514.90,2025-11-30,2025-12-05T10:00:00
PS00005595,LN00015570,PT03,2066.70,2026-01-31,2026-02-05T10:00:00
PS00005596,LN00015573,PT02,1376.18,2026-04-30,2026-05-05T10:00:00
PS00005597,LN00015580,PT04,1461.32,2024-11-30,2024-12-05T10:00:00
PS00005598,LN00015585,PT03,636.60,2025-04-30,2025-05-05T10:00:00
PS00005599,LN00015586,PT01,1624.92,2025-05-31,2025-06-05T10:00:00
PS00005600,LN00015596,PT04,2577.54,2026-03-31,2026-04-05T10:00:00
PS00005601,LN00015597,PT02,960.96,2026-04-30,2026-05-05T10:00:00
PS00005602,LN00015603,PT04,1985.94,2024-10-31,2024-11-05T10:00:00
PS00005603,LN00015605,PT02,313.04,2024-12-31,2025-01-05T10:00:00
PS00005604,LN00015611,PT01,938.52,2025-06-30,2025-07-05T10:00:00
PS00005605,LN00015616,PT04,1073.72,2025-11-30,2025-12-05T10:00:00
PS00005606,LN00015619,PT04,1588.82,2026-02-28,2026-03-05T10:00:00
PS00005607,LN00015621,PT04,1802.68,2026-04-30,2026-05-05T10:00:00
PS00005608,LN00015623,PT04,2044.42,2026-06-30,2026-07-05T10:00:00
PS00005609,LN00015629,PT05,1381.30,2024-12-31,2025-01-05T10:00:00
PS00005610,LN00015646,PT01,467.06,2026-05-31,2026-06-05T10:00:00
PS00005611,LN00015652,PT03,1810.20,2024-11-30,2024-12-05T10:00:00
PS00005612,LN00015656,PT05,1960.80,2025-03-31,2025-04-05T10:00:00
PS00005613,LN00015659,PT02,1793.22,2025-06-30,2025-07-05T10:00:00
PS00005614,LN00015660,PT04,1422.22,2025-07-31,2025-08-05T10:00:00
PS00005615,LN00015666,PT03,1467.60,2026-01-31,2026-02-05T10:00:00
PS00005616,LN00015668,PT02,1297.14,2026-03-31,2026-04-05T10:00:00
PS00005617,LN00015674,PT04,1915.90,2024-09-30,2024-10-05T10:00:00
PS00005618,LN00015676,PT05,1863.90,2024-11-30,2024-12-05T10:00:00
PS00005619,LN00015677,PT01,508.64,2024-12-31,2025-01-05T10:00:00
PS00005620,LN00015681,PT05,2916.88,2025-04-30,2025-05-05T10:00:00
PS00005621,LN00015682,PT02,1822.34,2025-05-31,2025-06-05T10:00:00
PS00005622,LN00015683,PT02,607.88,2025-06-30,2025-07-05T10:00:00
PS00005623,LN00015684,PT05,2840.12,2025-07-31,2025-08-05T10:00:00
PS00005624,LN00015686,PT05,476.52,2025-09-30,2025-10-05T10:00:00
PS00005625,LN00015688,PT03,966.60,2025-11-30,2025-12-05T10:00:00
PS00005626,LN00015692,PT05,2298.62,2026-03-31,2026-04-05T10:00:00
PS00005627,LN00015697,PT04,442.68,2024-08-31,2024-09-05T10:00:00
PS00005628,LN00015700,PT04,1978.46,2024-11-30,2024-12-05T10:00:00
PS00005629,LN00015702,PT03,450.60,2025-01-31,2025-02-05T10:00:00
PS00005630,LN00015705,PT05,2071.38,2025-04-30,2025-05-05T10:00:00
PS00005631,LN00015706,PT02,1817.14,2025-05-31,2025-06-05T10:00:00
PS00005632,LN00015708,PT05,460.94,2025-07-31,2025-08-05T10:00:00
PS00005633,LN00015709,PT02,1123.72,2025-08-31,2025-09-05T10:00:00
PS00005634,LN00015710,PT03,909.90,2025-09-30,2025-10-05T10:00:00
PS00005635,LN00015713,PT03,1387.80,2025-12-31,2026-01-05T10:00:00
PS00005636,LN00015722,PT05,1426.90,2024-09-30,2024-10-05T10:00:00
PS00005637,LN00015724,PT04,728.96,2024-11-30,2024-12-05T10:00:00
PS00005638,LN00015726,PT03,1249.80,2025-01-31,2025-02-05T10:00:00
PS00005639,LN00015730,PT04,1146.48,2025-05-31,2025-06-05T10:00:00
PS00005640,LN00015731,PT04,1029.52,2025-06-30,2025-07-05T10:00:00
PS00005641,LN00015732,PT05,1086.80,2025-07-31,2025-08-05T10:00:00
PS00005642,LN00015735,PT02,674.96,2025-10-31,2025-11-05T10:00:00
PS00005643,LN00015736,PT04,1764.26,2025-11-30,2025-12-05T10:00:00
PS00005644,LN00015739,PT02,1695.98,2026-02-28,2026-03-05T10:00:00
PS00005645,LN00015740,PT01,1634.60,2026-03-31,2026-04-05T10:00:00
PS00005646,LN00015741,PT02,491.40,2026-04-30,2026-05-05T10:00:00
PS00005647,LN00015742,PT01,474.32,2026-05-31,2026-06-05T10:00:00
PS00005648,LN00015745,PT04,2195.38,2024-08-31,2024-09-05T10:00:00
PS00005649,LN00015746,PT05,2296.34,2024-09-30,2024-10-05T10:00:00
PS00005650,LN00015747,PT05,2207.42,2024-10-31,2024-11-05T10:00:00
PS00005651,LN00015749,PT05,2864.06,2024-12-31,2025-01-05T10:00:00
PS00005652,LN00015751,PT05,1163.56,2025-02-28,2025-03-05T10:00:00
PS00005653,LN00015753,PT05,2834.42,2025-04-30,2025-05-05T10:00:00
PS00005654,LN00015756,PT01,524.26,2025-07-31,2025-08-05T10:00:00
PS00005655,LN00015757,PT01,598.40,2025-08-31,2025-09-05T10:00:00
PS00005656,LN00015758,PT01,1467.40,2025-09-30,2025-10-05T10:00:00
PS00005657,LN00015759,PT05,1540.14,2025-10-31,2025-11-05T10:00:00
PS00005658,LN00015760,PT01,409.20,2025-11-30,2025-12-05T10:00:00
PS00005659,LN00015765,PT04,1185.24,2026-04-30,2026-05-05T10:00:00
PS00005660,LN00015767,PT02,1999.14,2026-06-30,2026-07-05T10:00:00
PS00005661,LN00015769,PT01,1232.44,2024-08-31,2024-09-05T10:00:00
PS00005662,LN00015770,PT04,2223.94,2024-09-30,2024-10-05T10:00:00
PS00005663,LN00015777,PT04,1186.60,2025-04-30,2025-05-05T10:00:00
PS00005664,LN00015778,PT04,2716.26,2025-05-31,2025-06-05T10:00:00
PS00005665,LN00015783,PT04,1024.42,2025-10-31,2025-11-05T10:00:00
PS00005666,LN00015793,PT01,802.78,2024-08-31,2024-09-05T10:00:00
PS00005667,LN00015794,PT05,1950.16,2024-09-30,2024-10-05T10:00:00
PS00005668,LN00015795,PT05,2020.08,2024-10-31,2024-11-05T10:00:00
PS00005669,LN00015797,PT01,588.94,2024-12-31,2025-01-05T10:00:00
PS00005670,LN00015799,PT05,1174.58,2025-02-28,2025-03-05T10:00:00
PS00005671,LN00015803,PT05,1429.18,2025-06-30,2025-07-05T10:00:00
PS00005672,LN00015805,PT05,1208.02,2025-08-31,2025-09-05T10:00:00
PS00005673,LN00015806,PT05,885.78,2025-09-30,2025-10-05T10:00:00
PS00005674,LN00015809,PT04,797.98,2025-12-31,2026-01-05T10:00:00
PS00005675,LN00015811,PT03,1348.50,2026-02-28,2026-03-05T10:00:00
PS00005676,LN00015812,PT04,2159.34,2026-03-31,2026-04-05T10:00:00
PS00005677,LN00015814,PT03,1669.50,2026-05-31,2026-06-05T10:00:00
PS00005678,LN00015818,PT02,1962.74,2024-09-30,2024-10-05T10:00:00
PS00005679,LN00015819,PT03,392.10,2024-10-31,2024-11-05T10:00:00
PS00005680,LN00015820,PT05,1912.92,2024-11-30,2024-12-05T10:00:00
PS00005681,LN00015821,PT02,1333.54,2024-12-31,2025-01-05T10:00:00
PS00005682,LN00015823,PT03,812.70,2025-02-28,2025-03-05T10:00:00
PS00005683,LN00015824,PT05,1299.22,2025-03-31,2025-04-05T10:00:00
PS00005684,LN00015834,PT04,485.52,2026-01-31,2026-02-05T10:00:00
PS00005685,LN00015836,PT01,1340.24,2026-03-31,2026-04-05T10:00:00
PS00005686,LN00015840,PT01,637.78,2026-07-31,2026-08-05T10:00:00
PS00005687,LN00015845,PT05,1282.88,2024-12-31,2025-01-05T10:00:00
PS00005688,LN00015846,PT05,2230.98,2025-01-31,2025-02-05T10:00:00
PS00005689,LN00015848,PT05,840.94,2025-03-31,2025-04-05T10:00:00
PS00005690,LN00015851,PT02,639.08,2025-06-30,2025-07-05T10:00:00
PS00005691,LN00015858,PT02,352.04,2026-01-31,2026-02-05T10:00:00
PS00005692,LN00015864,PT05,1771.94,2026-07-31,2026-08-05T10:00:00
PS00005693,LN00015867,PT01,1587.52,2024-10-31,2024-11-05T10:00:00
PS00005694,LN00015868,PT03,501.00,2024-11-30,2024-12-05T10:00:00
PS00005695,LN00015869,PT03,1628.70,2024-12-31,2025-01-05T10:00:00
PS00005696,LN00015873,PT03,1322.70,2025-04-30,2025-05-05T10:00:00
PS00005697,LN00015874,PT04,596.36,2025-05-31,2025-06-05T10:00:00
PS00005698,LN00015876,PT05,1693.28,2025-07-31,2025-08-05T10:00:00
PS00005699,LN00015880,PT04,429.08,2025-11-30,2025-12-05T10:00:00
PS00005700,LN00015881,PT01,1555.84,2025-12-31,2026-01-05T10:00:00
PS00005701,LN00015883,PT02,479.44,2026-02-28,2026-03-05T10:00:00
PS00005702,LN00015888,PT02,869.18,2026-07-31,2026-08-05T10:00:00
PS00005703,LN00015893,PT02,470.86,2024-12-31,2025-01-05T10:00:00
PS00005704,LN00015895,PT01,558.36,2025-02-28,2025-03-05T10:00:00
PS00005705,LN00015900,PT05,1169.26,2025-07-31,2025-08-05T10:00:00
PS00005706,LN00015904,PT05,1304.54,2025-11-30,2025-12-05T10:00:00
PS00005707,LN00015907,PT03,951.30,2026-02-28,2026-03-05T10:00:00
PS00005708,LN00015912,PT04,1723.46,2026-07-31,2026-08-05T10:00:00
PS00005709,LN00015913,PT02,1788.28,2024-08-31,2024-09-05T10:00:00
PS00005710,LN00015915,PT03,1047.90,2024-10-31,2024-11-05T10:00:00
PS00005711,LN00015917,PT04,1380.06,2024-12-31,2025-01-05T10:00:00
PS00005712,LN00015920,PT05,1404.10,2025-03-31,2025-04-05T10:00:00
PS00005713,LN00015923,PT01,1107.48,2025-06-30,2025-07-05T10:00:00
PS00005714,LN00015924,PT04,1384.48,2025-07-31,2025-08-05T10:00:00
PS00005715,LN00015925,PT04,2416.72,2025-08-31,2025-09-05T10:00:00
PS00005716,LN00015927,PT02,798.20,2025-10-31,2025-11-05T10:00:00
PS00005717,LN00015933,PT05,2352.96,2026-04-30,2026-05-05T10:00:00
PS00005718,LN00015937,PT01,930.60,2024-08-31,2024-09-05T10:00:00
PS00005719,LN00015938,PT01,298.10,2024-09-30,2024-10-05T10:00:00
PS00005720,LN00015939,PT02,787.02,2024-10-31,2024-11-05T10:00:00
PS00005721,LN00015941,PT05,927.96,2024-12-31,2025-01-05T10:00:00
PS00005722,LN00015945,PT03,468.30,2025-04-30,2025-05-05T10:00:00
PS00005723,LN00015949,PT03,384.00,2025-08-31,2025-09-05T10:00:00
PS00005724,LN00015954,PT02,1851.98,2026-01-31,2026-02-05T10:00:00
PS00005725,LN00015963,PT01,304.26,2024-10-31,2024-11-05T10:00:00
PS00005726,LN00015966,PT01,1035.10,2025-01-31,2025-02-05T10:00:00
PS00005727,LN00015970,PT01,1027.62,2025-05-31,2025-06-05T10:00:00
PS00005728,LN00015971,PT02,1090.70,2025-06-30,2025-07-05T10:00:00
PS00005729,LN00015972,PT04,1624.18,2025-07-31,2025-08-05T10:00:00
PS00005730,LN00015973,PT03,577.80,2025-08-31,2025-09-05T10:00:00
PS00005731,LN00015974,PT03,866.70,2025-09-30,2025-10-05T10:00:00
PS00005732,LN00015976,PT02,1036.10,2025-11-30,2025-12-05T10:00:00
PS00005733,LN00015978,PT02,1096.94,2026-01-31,2026-02-05T10:00:00
PS00005734,LN00015979,PT05,564.68,2026-02-28,2026-03-05T10:00:00
PS00005735,LN00015983,PT03,1929.30,2026-06-30,2026-07-05T10:00:00
PS00005736,LN00015984,PT03,1149.60,2026-07-31,2026-08-05T10:00:00
PS00005737,LN00015986,PT05,2257.58,2024-09-30,2024-10-05T10:00:00
PS00005738,LN00015988,PT05,1958.14,2024-11-30,2024-12-05T10:00:00
PS00005739,LN00015992,PT01,1180.74,2025-03-31,2025-04-05T10:00:00
PS00005740,LN00016003,PT03,2147.70,2026-02-28,2026-03-05T10:00:00
PS00005741,LN00016006,PT02,978.64,2026-05-31,2026-06-05T10:00:00
PS00005742,LN00016008,PT01,848.54,2026-07-31,2026-08-05T10:00:00
PS00005743,LN00016009,PT04,871.76,2024-08-31,2024-09-05T10:00:00
PS00005744,LN00016010,PT02,473.98,2024-09-30,2024-10-05T10:00:00
PS00005745,LN00016011,PT04,1179.80,2024-10-31,2024-11-05T10:00:00
PS00005746,LN00016013,PT03,2282.40,2024-12-31,2025-01-05T10:00:00
PS00005747,LN00016016,PT04,1600.04,2025-03-31,2025-04-05T10:00:00
PS00005748,LN00016017,PT02,871.78,2025-04-30,2025-05-05T10:00:00
PS00005749,LN00016021,PT03,2067.00,2025-08-31,2025-09-05T10:00:00
PS00005750,LN00016025,PT05,1121.00,2025-12-31,2026-01-05T10:00:00
PS00005751,LN00016029,PT04,2521.78,2026-04-30,2026-05-05T10:00:00
PS00005752,LN00016030,PT05,2805.16,2026-05-31,2026-06-05T10:00:00
PS00005753,LN00016032,PT01,1661.00,2026-07-31,2026-08-05T10:00:00
PS00005754,LN00016034,PT05,1784.48,2024-09-30,2024-10-05T10:00:00
PS00005755,LN00016037,PT01,1648.90,2024-12-31,2025-01-05T10:00:00
PS00005756,LN00016042,PT03,1440.00,2025-05-31,2025-06-05T10:00:00
PS00005757,LN00016044,PT05,1821.72,2025-07-31,2025-08-05T10:00:00
PS00005758,LN00016045,PT01,479.60,2025-08-31,2025-09-05T10:00:00
PS00005759,LN00016046,PT04,552.84,2025-09-30,2025-10-05T10:00:00
PS00005760,LN00016047,PT01,1637.46,2025-10-31,2025-11-05T10:00:00
PS00005761,LN00016048,PT01,1454.20,2025-11-30,2025-12-05T10:00:00
PS00005762,LN00016052,PT04,1899.58,2026-03-31,2026-04-05T10:00:00
PS00005763,LN00016053,PT05,575.32,2026-04-30,2026-05-05T10:00:00
PS00005764,LN00016060,PT02,1732.12,2024-11-30,2024-12-05T10:00:00
PS00005765,LN00016072,PT05,1529.50,2025-11-30,2025-12-05T10:00:00
PS00005766,LN00016079,PT04,2269.50,2026-06-30,2026-07-05T10:00:00
PS00005767,LN00016081,PT03,1811.70,2024-08-31,2024-09-05T10:00:00
PS00005768,LN00016082,PT01,1465.42,2024-09-30,2024-10-05T10:00:00
PS00005769,LN00016083,PT01,301.18,2024-10-31,2024-11-05T10:00:00
PS00005770,LN00016084,PT02,1363.96,2024-11-30,2024-12-05T10:00:00
PS00005771,LN00016095,PT05,977.36,2025-10-31,2025-11-05T10:00:00
PS00005772,LN00016096,PT02,1745.38,2025-11-30,2025-12-05T10:00:00
PS00005773,LN00016098,PT02,1219.40,2026-01-31,2026-02-05T10:00:00
PS00005774,LN00016101,PT02,398.84,2026-04-30,2026-05-05T10:00:00
PS00005775,LN00016102,PT01,305.36,2026-05-31,2026-06-05T10:00:00
PS00005776,LN00016103,PT04,1589.16,2026-06-30,2026-07-05T10:00:00
PS00005777,LN00016104,PT02,1000.48,2026-07-31,2026-08-05T10:00:00
PS00005778,LN00016105,PT05,2535.36,2024-08-31,2024-09-05T10:00:00
PS00005779,LN00016107,PT04,2085.90,2024-10-31,2024-11-05T10:00:00
PS00005780,LN00016108,PT05,2170.56,2024-11-30,2024-12-05T10:00:00
PS00005781,LN00016114,PT03,1319.10,2025-05-31,2025-06-05T10:00:00
PS00005782,LN00016120,PT04,2444.26,2025-11-30,2025-12-05T10:00:00
PS00005783,LN00016124,PT01,959.86,2026-03-31,2026-04-05T10:00:00
PS00005784,LN00016131,PT01,435.60,2024-10-31,2024-11-05T10:00:00
PS00005785,LN00016133,PT05,675.26,2024-12-31,2025-01-05T10:00:00
PS00005786,LN00016135,PT01,762.96,2025-02-28,2025-03-05T10:00:00
PS00005787,LN00016142,PT04,2537.76,2025-09-30,2025-10-05T10:00:00
PS00005788,LN00016143,PT02,1461.72,2025-10-31,2025-11-05T10:00:00
PS00005789,LN00016144,PT03,2077.50,2025-11-30,2025-12-05T10:00:00
PS00005790,LN00016145,PT05,1010.80,2025-12-31,2026-01-05T10:00:00
PS00005791,LN00016149,PT05,2822.64,2026-04-30,2026-05-05T10:00:00
PS00005792,LN00016151,PT02,1271.66,2026-06-30,2026-07-05T10:00:00
PS00005793,LN00016155,PT05,2844.68,2024-10-31,2024-11-05T10:00:00
PS00005794,LN00016157,PT04,1911.82,2024-12-31,2025-01-05T10:00:00
PS00005795,LN00016165,PT01,368.50,2025-08-31,2025-09-05T10:00:00
PS00005796,LN00016167,PT03,513.90,2025-10-31,2025-11-05T10:00:00
PS00005797,LN00016168,PT03,1863.90,2025-11-30,2025-12-05T10:00:00
PS00005798,LN00016171,PT02,2036.32,2026-02-28,2026-03-05T10:00:00
PS00005799,LN00016174,PT01,421.30,2026-05-31,2026-06-05T10:00:00
PS00005800,LN00016176,PT05,2440.74,2026-07-31,2026-08-05T10:00:00
PS00005801,LN00016178,PT04,1452.82,2024-09-30,2024-10-05T10:00:00
PS00005802,LN00016183,PT01,1119.58,2025-02-28,2025-03-05T10:00:00
PS00005803,LN00016187,PT03,1716.90,2025-06-30,2025-07-05T10:00:00
PS00005804,LN00016190,PT01,338.58,2025-09-30,2025-10-05T10:00:00
PS00005805,LN00016192,PT01,1373.02,2025-11-30,2025-12-05T10:00:00
PS00005806,LN00016193,PT03,1177.50,2025-12-31,2026-01-05T10:00:00
PS00005807,LN00016194,PT04,1455.88,2026-01-31,2026-02-05T10:00:00
PS00005808,LN00016196,PT03,2271.30,2026-03-31,2026-04-05T10:00:00
PS00005809,LN00016197,PT01,985.60,2026-04-30,2026-05-05T10:00:00
PS00005810,LN00016198,PT03,422.70,2026-05-31,2026-06-05T10:00:00
PS00005811,LN00016200,PT05,1502.52,2026-07-31,2026-08-05T10:00:00
PS00005812,LN00016202,PT02,370.50,2024-09-30,2024-10-05T10:00:00
PS00005813,LN00016203,PT04,518.16,2024-10-31,2024-11-05T10:00:00
PS00005814,LN00016207,PT01,896.28,2025-02-28,2025-03-05T10:00:00
PS00005815,LN00016208,PT04,642.60,2025-03-31,2025-04-05T10:00:00
PS00005816,LN00016210,PT05,1736.98,2025-05-31,2025-06-05T10:00:00
PS00005817,LN00016211,PT05,939.36,2025-06-30,2025-07-05T10:00:00
PS00005818,LN00016213,PT01,1467.18,2025-08-31,2025-09-05T10:00:00
PS00005819,LN00016215,PT01,660.44,2025-10-31,2025-11-05T10:00:00
PS00005820,LN00016219,PT04,2437.12,2026-02-28,2026-03-05T10:00:00
PS00005821,LN00016220,PT01,968.44,2026-03-31,2026-04-05T10:00:00
PS00005822,LN00016221,PT05,1329.24,2026-04-30,2026-05-05T10:00:00
PS00005823,LN00016223,PT02,1438.32,2026-06-30,2026-07-05T10:00:00
PS00005824,LN00016225,PT05,2328.64,2024-08-31,2024-09-05T10:00:00
PS00005825,LN00016228,PT03,2008.50,2024-11-30,2024-12-05T10:00:00
PS00005826,LN00016229,PT01,911.46,2024-12-31,2025-01-05T10:00:00
PS00005827,LN00016233,PT03,1100.40,2025-04-30,2025-05-05T10:00:00
PS00005828,LN00016235,PT04,1975.06,2025-06-30,2025-07-05T10:00:00
PS00005829,LN00016237,PT02,2024.88,2025-08-31,2025-09-05T10:00:00
PS00005830,LN00016242,PT02,1636.70,2026-01-31,2026-02-05T10:00:00
PS00005831,LN00016246,PT03,1269.00,2026-05-31,2026-06-05T10:00:00
PS00005832,LN00016247,PT03,2053.20,2026-06-30,2026-07-05T10:00:00
PS00005833,LN00016252,PT04,2350.08,2024-11-30,2024-12-05T10:00:00
PS00005834,LN00016254,PT03,842.40,2025-01-31,2025-02-05T10:00:00
PS00005835,LN00016255,PT01,1551.00,2025-02-28,2025-03-05T10:00:00
PS00005836,LN00016257,PT01,1576.96,2025-04-30,2025-05-05T10:00:00
PS00005837,LN00016259,PT02,1386.32,2025-06-30,2025-07-05T10:00:00
PS00005838,LN00016261,PT03,417.90,2025-08-31,2025-09-05T10:00:00
PS00005839,LN00016262,PT05,957.22,2025-09-30,2025-10-05T10:00:00
PS00005840,LN00016263,PT02,1572.22,2025-10-31,2025-11-05T10:00:00
PS00005841,LN00016268,PT03,1919.10,2026-03-31,2026-04-05T10:00:00
PS00005842,LN00016269,PT04,2423.86,2026-04-30,2026-05-05T10:00:00
PS00005843,LN00016270,PT04,727.94,2026-05-31,2026-06-05T10:00:00
PS00005844,LN00016271,PT03,2172.90,2026-06-30,2026-07-05T10:00:00
PS00005845,LN00016274,PT01,899.80,2024-09-30,2024-10-05T10:00:00
PS00005846,LN00016275,PT02,1509.30,2024-10-31,2024-11-05T10:00:00
PS00005847,LN00016276,PT02,489.06,2024-11-30,2024-12-05T10:00:00
PS00005848,LN00016277,PT01,1244.32,2024-12-31,2025-01-05T10:00:00
PS00005849,LN00016279,PT03,996.00,2025-02-28,2025-03-05T10:00:00
PS00005850,LN00016282,PT03,1270.80,2025-05-31,2025-06-05T10:00:00
PS00005851,LN00016283,PT02,1364.48,2025-06-30,2025-07-05T10:00:00
PS00005852,LN00016284,PT01,1326.82,2025-07-31,2025-08-05T10:00:00
PS00005853,LN00016286,PT03,2278.20,2025-09-30,2025-10-05T10:00:00
PS00005854,LN00016287,PT04,1666.00,2025-10-31,2025-11-05T10:00:00
PS00005855,LN00016289,PT03,1480.50,2025-12-31,2026-01-05T10:00:00
PS00005856,LN00016295,PT04,1139.68,2026-06-30,2026-07-05T10:00:00
PS00005857,LN00016298,PT04,2494.58,2024-09-30,2024-10-05T10:00:00
PS00005858,LN00016304,PT03,1101.30,2025-03-31,2025-04-05T10:00:00
PS00005859,LN00016307,PT03,1437.60,2025-06-30,2025-07-05T10:00:00
PS00005860,LN00016308,PT01,1388.64,2025-07-31,2025-08-05T10:00:00
PS00005861,LN00016309,PT04,2495.94,2025-08-31,2025-09-05T10:00:00
PS00005862,LN00016314,PT05,483.36,2026-01-31,2026-02-05T10:00:00
PS00005863,LN00016319,PT03,1573.50,2026-06-30,2026-07-05T10:00:00
PS00005864,LN00016324,PT02,1405.82,2024-11-30,2024-12-05T10:00:00
PS00005865,LN00016325,PT04,1438.54,2024-12-31,2025-01-05T10:00:00
PS00005866,LN00016326,PT01,1395.24,2025-01-31,2025-02-05T10:00:00
PS00005867,LN00016328,PT04,1646.28,2025-03-31,2025-04-05T10:00:00
PS00005868,LN00016330,PT04,1070.66,2025-05-31,2025-06-05T10:00:00
PS00005869,LN00016332,PT02,1384.76,2025-07-31,2025-08-05T10:00:00
PS00005870,LN00016334,PT02,1934.66,2025-09-30,2025-10-05T10:00:00
PS00005871,LN00016336,PT01,1741.08,2025-11-30,2025-12-05T10:00:00
PS00005872,LN00016337,PT04,2114.46,2025-12-31,2026-01-05T10:00:00
PS00005873,LN00016341,PT02,1396.20,2026-04-30,2026-05-05T10:00:00
PS00005874,LN00016344,PT03,1026.30,2026-07-31,2026-08-05T10:00:00
PS00005875,LN00016347,PT03,2176.50,2024-10-31,2024-11-05T10:00:00
PS00005876,LN00016350,PT04,1189.32,2025-01-31,2025-02-05T10:00:00
PS00005877,LN00016351,PT02,1990.82,2025-02-28,2025-03-05T10:00:00
PS00005878,LN00016355,PT02,492.18,2025-06-30,2025-07-05T10:00:00
PS00005879,LN00016361,PT02,615.16,2025-12-31,2026-01-05T10:00:00
PS00005880,LN00016362,PT02,723.58,2026-01-31,2026-02-05T10:00:00
PS00005881,LN00016365,PT01,852.72,2026-04-30,2026-05-05T10:00:00
PS00005882,LN00016366,PT01,498.96,2026-05-31,2026-06-05T10:00:00
PS00005883,LN00016372,PT04,607.92,2024-11-30,2024-12-05T10:00:00
PS00005884,LN00016374,PT01,667.70,2025-01-31,2025-02-05T10:00:00
PS00005885,LN00016376,PT04,1554.48,2025-03-31,2025-04-05T10:00:00
PS00005886,LN00016378,PT03,1198.50,2025-05-31,2025-06-05T10:00:00
PS00005887,LN00016379,PT01,1333.86,2025-06-30,2025-07-05T10:00:00
PS00005888,LN00016384,PT05,943.92,2025-11-30,2025-12-05T10:00:00
PS00005889,LN00016385,PT04,762.28,2025-12-31,2026-01-05T10:00:00
PS00005890,LN00016386,PT03,1565.40,2026-01-31,2026-02-05T10:00:00
PS00005891,LN00016388,PT01,1205.60,2026-03-31,2026-04-05T10:00:00
PS00005892,LN00016398,PT02,1482.78,2025-01-31,2025-02-05T10:00:00
PS00005893,LN00016401,PT05,1450.84,2025-04-30,2025-05-05T10:00:00
PS00005894,LN00016402,PT01,1282.60,2025-05-31,2025-06-05T10:00:00
PS00005895,LN00016407,PT03,852.00,2025-10-31,2025-11-05T10:00:00
PS00005896,LN00016408,PT01,815.76,2025-11-30,2025-12-05T10:00:00
PS00005897,LN00016409,PT04,487.22,2025-12-31,2026-01-05T10:00:00
PS00005898,LN00016410,PT05,2938.92,2026-01-31,2026-02-05T10:00:00
PS00005899,LN00016413,PT02,910.78,2026-04-30,2026-05-05T10:00:00
PS00005900,LN00016416,PT02,1341.08,2026-07-31,2026-08-05T10:00:00
PS00005901,LN00016417,PT01,1528.34,2024-08-31,2024-09-05T10:00:00
PS00005902,LN00016418,PT01,1623.16,2024-09-30,2024-10-05T10:00:00
PS00005903,LN00016428,PT01,667.70,2025-07-31,2025-08-05T10:00:00
PS00005904,LN00016429,PT01,1046.10,2025-08-31,2025-09-05T10:00:00
PS00005905,LN00016430,PT01,283.80,2025-09-30,2025-10-05T10:00:00
PS00005906,LN00016436,PT01,1277.54,2026-03-31,2026-04-05T10:00:00
PS00005907,LN00016440,PT04,1817.30,2026-07-31,2026-08-05T10:00:00
PS00005908,LN00016441,PT02,846.04,2024-08-31,2024-09-05T10:00:00
PS00005909,LN00016442,PT04,1854.02,2024-09-30,2024-10-05T10:00:00
PS00005910,LN00016446,PT04,1588.82,2025-01-31,2025-02-05T10:00:00
PS00005911,LN00016447,PT05,1103.14,2025-02-28,2025-03-05T10:00:00
PS00005912,LN00016448,PT05,980.40,2025-03-31,2025-04-05T10:00:00
PS00005913,LN00016455,PT05,2543.72,2025-10-31,2025-11-05T10:00:00
PS00005914,LN00016462,PT04,2654.38,2026-05-31,2026-06-05T10:00:00
PS00005915,LN00016465,PT05,2727.26,2024-08-31,2024-09-05T10:00:00
PS00005916,LN00016466,PT05,2306.98,2024-09-30,2024-10-05T10:00:00
PS00005917,LN00016467,PT02,1377.22,2024-10-31,2024-11-05T10:00:00
PS00005918,LN00016468,PT04,1112.82,2024-11-30,2024-12-05T10:00:00
PS00005919,LN00016472,PT04,2144.04,2025-03-31,2025-04-05T10:00:00
PS00005920,LN00016480,PT02,1137.24,2025-11-30,2025-12-05T10:00:00
PS00005921,LN00016482,PT05,876.66,2026-01-31,2026-02-05T10:00:00
PS00005922,LN00016486,PT01,467.28,2026-05-31,2026-06-05T10:00:00
PS00005923,LN00016488,PT04,2584.34,2026-07-31,2026-08-05T10:00:00
PS00005924,LN00016489,PT02,956.28,2024-08-31,2024-09-05T10:00:00
PS00005925,LN00016492,PT04,1623.50,2024-11-30,2024-12-05T10:00:00
PS00005926,LN00016494,PT04,2031.50,2025-01-31,2025-02-05T10:00:00
PS00005927,LN00016497,PT03,705.00,2025-04-30,2025-05-05T10:00:00
PS00005928,LN00016499,PT05,2098.74,2025-06-30,2025-07-05T10:00:00
PS00005929,LN00016500,PT05,1057.54,2025-07-31,2025-08-05T10:00:00
PS00005930,LN00016512,PT02,1298.96,2026-07-31,2026-08-05T10:00:00
PS00005931,LN00016517,PT02,1293.50,2024-12-31,2025-01-05T10:00:00
PS00005932,LN00016519,PT02,1182.22,2025-02-28,2025-03-05T10:00:00
PS00005933,LN00016520,PT03,2176.80,2025-03-31,2025-04-05T10:00:00
PS00005934,LN00016531,PT01,392.70,2026-02-28,2026-03-05T10:00:00
PS00005935,LN00016534,PT01,463.76,2026-05-31,2026-06-05T10:00:00
PS00005936,LN00016535,PT05,651.32,2026-06-30,2026-07-05T10:00:00
PS00005937,LN00016539,PT04,2089.30,2024-10-31,2024-11-05T10:00:00
PS00005938,LN00016541,PT05,2288.74,2024-12-31,2025-01-05T10:00:00
PS00005939,LN00016543,PT05,912.76,2025-02-28,2025-03-05T10:00:00
PS00005940,LN00016545,PT05,1159.38,2025-04-30,2025-05-05T10:00:00
PS00005941,LN00016549,PT01,866.58,2025-08-31,2025-09-05T10:00:00
PS00005942,LN00016550,PT05,2848.86,2025-09-30,2025-10-05T10:00:00
PS00005943,LN00016552,PT04,1819.34,2025-11-30,2025-12-05T10:00:00
PS00005944,LN00016554,PT02,1233.18,2026-01-31,2026-02-05T10:00:00
PS00005945,LN00016555,PT04,1781.26,2026-02-28,2026-03-05T10:00:00
PS00005946,LN00016557,PT04,757.86,2026-04-30,2026-05-05T10:00:00
PS00005947,LN00016559,PT05,2288.74,2026-06-30,2026-07-05T10:00:00
PS00005948,LN00016560,PT03,1795.20,2026-07-31,2026-08-05T10:00:00
PS00005949,LN00016561,PT03,957.90,2024-08-31,2024-09-05T10:00:00
PS00005950,LN00016564,PT04,1274.66,2024-11-30,2024-12-05T10:00:00
PS00005951,LN00016565,PT04,1621.12,2024-12-31,2025-01-05T10:00:00
PS00005952,LN00016566,PT03,898.80,2025-01-31,2025-02-05T10:00:00
PS00005953,LN00016567,PT01,1142.24,2025-02-28,2025-03-05T10:00:00
PS00005954,LN00016571,PT04,491.30,2025-06-30,2025-07-05T10:00:00
PS00005955,LN00016572,PT03,2021.70,2025-07-31,2025-08-05T10:00:00
PS00005956,LN00016573,PT03,1992.90,2025-08-31,2025-09-05T10:00:00
PS00005957,LN00016578,PT04,1998.86,2026-01-31,2026-02-05T10:00:00
PS00005958,LN00016582,PT02,1049.62,2026-05-31,2026-06-05T10:00:00
PS00005959,LN00016584,PT01,884.84,2026-07-31,2026-08-05T10:00:00
PS00005960,LN00016590,PT02,791.44,2025-01-31,2025-02-05T10:00:00
PS00005961,LN00016592,PT02,1854.58,2025-03-31,2025-04-05T10:00:00
PS00005962,LN00016597,PT03,1151.40,2025-08-31,2025-09-05T10:00:00
PS00005963,LN00016600,PT03,2214.60,2025-11-30,2025-12-05T10:00:00
PS00005964,LN00016602,PT01,444.84,2026-01-31,2026-02-05T10:00:00
PS00005965,LN00016603,PT05,1489.60,2026-02-28,2026-03-05T10:00:00
PS00005966,LN00016606,PT01,1619.64,2026-05-31,2026-06-05T10:00:00
PS00005967,LN00016607,PT02,1302.08,2026-06-30,2026-07-05T10:00:00
PS00005968,LN00016609,PT02,770.64,2024-08-31,2024-09-05T10:00:00
PS00005969,LN00016610,PT05,1845.66,2024-09-30,2024-10-05T10:00:00
PS00005970,LN00016613,PT01,601.04,2024-12-31,2025-01-05T10:00:00
PS00005971,LN00016619,PT01,751.30,2025-06-30,2025-07-05T10:00:00
PS00005972,LN00016620,PT02,803.92,2025-07-31,2025-08-05T10:00:00
PS00005973,LN00016622,PT02,1231.62,2025-09-30,2025-10-05T10:00:00
PS00005974,LN00016625,PT02,1821.30,2025-12-31,2026-01-05T10:00:00
PS00005975,LN00016628,PT04,1995.12,2026-03-31,2026-04-05T10:00:00
PS00005976,LN00016631,PT05,2397.80,2026-06-30,2026-07-05T10:00:00
PS00005977,LN00016634,PT01,1143.56,2024-09-30,2024-10-05T10:00:00
PS00005978,LN00016635,PT01,807.62,2024-10-31,2024-11-05T10:00:00
PS00005979,LN00016636,PT02,1344.72,2024-11-30,2024-12-05T10:00:00
PS00005980,LN00016638,PT05,2930.18,2025-01-31,2025-02-05T10:00:00
PS00005981,LN00016640,PT05,1447.42,2025-03-31,2025-04-05T10:00:00
PS00005982,LN00016641,PT05,1841.48,2025-04-30,2025-05-05T10:00:00
PS00005983,LN00016643,PT05,2528.14,2025-06-30,2025-07-05T10:00:00
PS00005984,LN00016647,PT05,2393.24,2025-10-31,2025-11-05T10:00:00
PS00005985,LN00016648,PT03,483.00,2025-11-30,2025-12-05T10:00:00
PS00005986,LN00016649,PT04,2661.52,2025-12-31,2026-01-05T10:00:00
PS00005987,LN00016654,PT05,1084.90,2026-05-31,2026-06-05T10:00:00
PS00005988,LN00016656,PT02,1331.98,2026-07-31,2026-08-05T10:00:00
PS00005989,LN00016657,PT02,1628.12,2024-08-31,2024-09-05T10:00:00
PS00005990,LN00016663,PT01,1040.16,2025-02-28,2025-03-05T10:00:00
PS00005991,LN00016669,PT02,328.38,2025-08-31,2025-09-05T10:00:00
PS00005992,LN00016676,PT03,1684.50,2026-03-31,2026-04-05T10:00:00
PS00005993,LN00016677,PT02,665.08,2026-04-30,2026-05-05T10:00:00
PS00005994,LN00016678,PT05,2914.60,2026-05-31,2026-06-05T10:00:00
PS00005995,LN00016679,PT03,1612.50,2026-06-30,2026-07-05T10:00:00
PS00005996,LN00016680,PT02,1598.22,2026-07-31,2026-08-05T10:00:00
PS00005997,LN00016683,PT02,811.20,2024-10-31,2024-11-05T10:00:00
PS00005998,LN00016684,PT03,2180.70,2024-11-30,2024-12-05T10:00:00
PS00005999,LN00016685,PT04,709.24,2024-12-31,2025-01-05T10:00:00
PS00006000,LN00016690,PT04,1830.22,2025-05-31,2025-06-05T10:00:00
PS00006001,LN00016695,PT01,815.76,2025-10-31,2025-11-05T10:00:00
PS00006002,LN00016696,PT03,1301.10,2025-11-30,2025-12-05T10:00:00
PS00006003,LN00016700,PT04,1146.48,2026-03-31,2026-04-05T10:00:00
PS00006004,LN00016702,PT04,923.44,2026-05-31,2026-06-05T10:00:00
PS00006005,LN00016704,PT02,1056.12,2026-07-31,2026-08-05T10:00:00
PS00006006,LN00016705,PT03,1412.70,2024-08-31,2024-09-05T10:00:00
PS00006007,LN00016706,PT05,1466.42,2024-09-30,2024-10-05T10:00:00
PS00006008,LN00016714,PT03,1911.90,2025-05-31,2025-06-05T10:00:00
PS00006009,LN00016719,PT04,1616.70,2025-10-31,2025-11-05T10:00:00
PS00006010,LN00016725,PT03,1258.50,2026-04-30,2026-05-05T10:00:00
PS00006011,LN00016726,PT05,1898.86,2026-05-31,2026-06-05T10:00:00
PS00006012,LN00016727,PT05,2570.70,2026-06-30,2026-07-05T10:00:00
PS00006013,LN00016728,PT03,1320.00,2026-07-31,2026-08-05T10:00:00
PS00006014,LN00016730,PT04,871.42,2024-09-30,2024-10-05T10:00:00
PS00006015,LN00016731,PT02,931.84,2024-10-31,2024-11-05T10:00:00
PS00006016,LN00016735,PT01,1192.18,2025-02-28,2025-03-05T10:00:00
PS00006017,LN00016736,PT02,337.48,2025-03-31,2025-04-05T10:00:00
PS00006018,LN00016739,PT03,2165.10,2025-06-30,2025-07-05T10:00:00
PS00006019,LN00016742,PT03,400.50,2025-09-30,2025-10-05T10:00:00
PS00006020,LN00016749,PT04,675.92,2026-04-30,2026-05-05T10:00:00
PS00006021,LN00016751,PT01,389.18,2026-06-30,2026-07-05T10:00:00
PS00006022,LN00016754,PT05,1030.18,2024-09-30,2024-10-05T10:00:00
PS00006023,LN00016755,PT04,1247.12,2024-10-31,2024-11-05T10:00:00
PS00006024,LN00016757,PT05,2742.46,2024-12-31,2025-01-05T10:00:00
PS00006025,LN00016758,PT04,2199.12,2025-01-31,2025-02-05T10:00:00
PS00006026,LN00016760,PT05,1770.42,2025-03-31,2025-04-05T10:00:00
PS00006027,LN00016762,PT01,1406.24,2025-05-31,2025-06-05T10:00:00
PS00006028,LN00016766,PT01,594.44,2025-09-30,2025-10-05T10:00:00
PS00006029,LN00016768,PT04,866.32,2025-11-30,2025-12-05T10:00:00
PS00006030,LN00016774,PT04,716.04,2026-05-31,2026-06-05T10:00:00
PS00006031,LN00016778,PT03,1074.00,2024-09-30,2024-10-05T10:00:00
PS00006032,LN00016779,PT04,2544.22,2024-10-31,2024-11-05T10:00:00
PS00006033,LN00016781,PT01,1285.68,2024-12-31,2025-01-05T10:00:00
PS00006034,LN00016784,PT04,1454.86,2025-03-31,2025-04-05T10:00:00
PS00006035,LN00016788,PT02,907.40,2025-07-31,2025-08-05T10:00:00
PS00006036,LN00016790,PT03,2112.00,2025-09-30,2025-10-05T10:00:00
PS00006037,LN00016792,PT01,704.22,2025-11-30,2025-12-05T10:00:00
PS00006038,LN00016794,PT02,1786.72,2026-01-31,2026-02-05T10:00:00
PS00006039,LN00016796,PT01,1566.18,2026-03-31,2026-04-05T10:00:00
PS00006040,LN00016799,PT03,2374.20,2026-06-30,2026-07-05T10:00:00
PS00006041,LN00016805,PT05,1331.14,2024-12-31,2025-01-05T10:00:00
PS00006042,LN00016806,PT02,2045.94,2025-01-31,2025-02-05T10:00:00
PS00006043,LN00016812,PT05,859.18,2025-07-31,2025-08-05T10:00:00
PS00006044,LN00016814,PT04,1942.76,2025-09-30,2025-10-05T10:00:00
PS00006045,LN00016815,PT03,1066.20,2025-10-31,2025-11-05T10:00:00
PS00006046,LN00016817,PT05,1807.66,2025-12-31,2026-01-05T10:00:00
PS00006047,LN00016819,PT02,1257.10,2026-02-28,2026-03-05T10:00:00
PS00006048,LN00016824,PT02,843.70,2026-07-31,2026-08-05T10:00:00
PS00006049,LN00016827,PT01,1246.74,2024-10-31,2024-11-05T10:00:00
PS00006050,LN00016829,PT02,847.86,2024-12-31,2025-01-05T10:00:00
PS00006051,LN00016830,PT03,803.70,2025-01-31,2025-02-05T10:00:00
PS00006052,LN00016833,PT02,1199.12,2025-04-30,2025-05-05T10:00:00
PS00006053,LN00016838,PT02,1536.08,2025-09-30,2025-10-05T10:00:00
PS00006054,LN00016842,PT02,1472.90,2026-01-31,2026-02-05T10:00:00
PS00006055,LN00016843,PT05,2561.20,2026-02-28,2026-03-05T10:00:00
PS00006056,LN00016844,PT02,1308.84,2026-03-31,2026-04-05T10:00:00
PS00006057,LN00016853,PT03,751.80,2024-12-31,2025-01-05T10:00:00
PS00006058,LN00016856,PT05,2198.30,2025-03-31,2025-04-05T10:00:00
PS00006059,LN00016862,PT04,1567.74,2025-09-30,2025-10-05T10:00:00
PS00006060,LN00016863,PT02,2050.36,2025-10-31,2025-11-05T10:00:00
PS00006061,LN00016865,PT01,942.92,2025-12-31,2026-01-05T10:00:00
PS00006062,LN00016867,PT01,638.00,2026-02-28,2026-03-05T10:00:00
PS00006063,LN00016868,PT05,753.92,2026-03-31,2026-04-05T10:00:00
PS00006064,LN00016869,PT04,1603.10,2026-04-30,2026-05-05T10:00:00
PS00006065,LN00016873,PT03,798.60,2024-08-31,2024-09-05T10:00:00
PS00006066,LN00016875,PT05,1285.16,2024-10-31,2024-11-05T10:00:00
PS00006067,LN00016877,PT04,1750.66,2024-12-31,2025-01-05T10:00:00
PS00006068,LN00016881,PT04,898.62,2025-04-30,2025-05-05T10:00:00
PS00006069,LN00016882,PT01,1243.22,2025-05-31,2025-06-05T10:00:00
PS00006070,LN00016884,PT05,2291.02,2025-07-31,2025-08-05T10:00:00
PS00006071,LN00016887,PT01,751.96,2025-10-31,2025-11-05T10:00:00
PS00006072,LN00016891,PT03,1402.80,2026-02-28,2026-03-05T10:00:00
PS00006073,LN00016894,PT01,751.52,2026-05-31,2026-06-05T10:00:00
PS00006074,LN00016896,PT01,535.48,2026-07-31,2026-08-05T10:00:00
PS00006075,LN00016900,PT01,745.36,2024-11-30,2024-12-05T10:00:00
PS00006076,LN00016906,PT03,865.80,2025-05-31,2025-06-05T10:00:00
PS00006077,LN00016907,PT04,611.32,2025-06-30,2025-07-05T10:00:00
PS00006078,LN00016909,PT05,1022.96,2025-08-31,2025-09-05T10:00:00
PS00006079,LN00016910,PT03,387.30,2025-09-30,2025-10-05T10:00:00
PS00006080,LN00016914,PT04,487.22,2026-01-31,2026-02-05T10:00:00
PS00006081,LN00016917,PT04,2289.56,2026-04-30,2026-05-05T10:00:00
PS00006082,LN00016918,PT03,448.50,2026-05-31,2026-06-05T10:00:00
PS00006083,LN00016923,PT03,2002.80,2024-10-31,2024-11-05T10:00:00
PS00006084,LN00016924,PT05,2314.58,2024-11-30,2024-12-05T10:00:00
PS00006085,LN00016925,PT02,1857.70,2024-12-31,2025-01-05T10:00:00
PS00006086,LN00016930,PT01,1742.18,2025-05-31,2025-06-05T10:00:00
PS00006087,LN00016934,PT02,1752.66,2025-09-30,2025-10-05T10:00:00
PS00006088,LN00016936,PT05,2539.54,2025-11-30,2025-12-05T10:00:00
PS00006089,LN00016942,PT02,958.10,2026-05-31,2026-06-05T10:00:00
PS00006090,LN00016943,PT04,2326.62,2026-06-30,2026-07-05T10:00:00
PS00006091,LN00016948,PT05,1829.70,2024-11-30,2024-12-05T10:00:00
PS00006092,LN00016951,PT02,1591.20,2025-02-28,2025-03-05T10:00:00
PS00006093,LN00016953,PT02,1638.26,2025-04-30,2025-05-05T10:00:00
PS00006094,LN00016959,PT02,540.28,2025-10-31,2025-11-05T10:00:00
PS00006095,LN00016960,PT02,524.68,2025-11-30,2025-12-05T10:00:00
PS00006096,LN00016961,PT02,1082.12,2025-12-31,2026-01-05T10:00:00
PS00006097,LN00016967,PT05,2726.50,2026-06-30,2026-07-05T10:00:00
PS00006098,LN00016969,PT02,325.78,2024-08-31,2024-09-05T10:00:00
PS00006099,LN00016971,PT04,2158.32,2024-10-31,2024-11-05T10:00:00
PS00006100,LN00016972,PT05,848.54,2024-11-30,2024-12-05T10:00:00
PS00006101,LN00016973,PT05,2397.80,2024-12-31,2025-01-05T10:00:00
PS00006102,LN00016977,PT03,1650.90,2025-04-30,2025-05-05T10:00:00
PS00006103,LN00016980,PT02,1684.80,2025-07-31,2025-08-05T10:00:00
PS00006104,LN00016981,PT01,477.62,2025-08-31,2025-09-05T10:00:00
PS00006105,LN00016982,PT02,1883.96,2025-09-30,2025-10-05T10:00:00
PS00006106,LN00016986,PT05,1064.00,2026-01-31,2026-02-05T10:00:00
PS00006107,LN00016987,PT02,1866.80,2026-02-28,2026-03-05T10:00:00
PS00006108,LN00016991,PT03,1713.30,2026-06-30,2026-07-05T10:00:00
PS00006109,LN00016994,PT01,649.22,2024-09-30,2024-10-05T10:00:00
PS00006110,LN00016995,PT03,525.00,2024-10-31,2024-11-05T10:00:00
PS00006111,LN00016998,PT03,1040.40,2025-01-31,2025-02-05T10:00:00
PS00006112,LN00016999,PT01,435.82,2025-02-28,2025-03-05T10:00:00
PS00006113,LN00017000,PT03,388.50,2025-03-31,2025-04-05T10:00:00
PS00006114,LN00017003,PT05,2836.70,2025-06-30,2025-07-05T10:00:00
PS00006115,LN00017006,PT05,2996.30,2025-09-30,2025-10-05T10:00:00
PS00006116,LN00017012,PT03,1639.50,2026-03-31,2026-04-05T10:00:00
PS00006117,LN00017014,PT04,1340.28,2026-05-31,2026-06-05T10:00:00
PS00006118,LN00017016,PT05,1119.48,2026-07-31,2026-08-05T10:00:00
PS00006119,LN00017018,PT03,2393.40,2024-09-30,2024-10-05T10:00:00
PS00006120,LN00017020,PT02,1051.96,2024-11-30,2024-12-05T10:00:00
PS00006121,LN00017021,PT04,1522.52,2024-12-31,2025-01-05T10:00:00
PS00006122,LN00017027,PT01,534.82,2025-06-30,2025-07-05T10:00:00
PS00006123,LN00017030,PT02,431.86,2025-09-30,2025-10-05T10:00:00
PS00006124,LN00017035,PT02,561.86,2026-02-28,2026-03-05T10:00:00
PS00006125,LN00017039,PT02,1090.70,2026-06-30,2026-07-05T10:00:00
PS00006126,LN00017040,PT02,1005.16,2026-07-31,2026-08-05T10:00:00
PS00006127,LN00017042,PT04,2590.80,2024-09-30,2024-10-05T10:00:00
PS00006128,LN00017045,PT04,1303.56,2024-12-31,2025-01-05T10:00:00
PS00006129,LN00017047,PT05,1608.16,2025-02-28,2025-03-05T10:00:00
PS00006130,LN00017048,PT03,1122.60,2025-03-31,2025-04-05T10:00:00
PS00006131,LN00017049,PT04,769.42,2025-04-30,2025-05-05T10:00:00
PS00006132,LN00017050,PT03,1521.90,2025-05-31,2025-06-05T10:00:00
PS00006133,LN00017054,PT04,933.30,2025-09-30,2025-10-05T10:00:00
PS00006134,LN00017058,PT01,1436.38,2026-01-31,2026-02-05T10:00:00
PS00006135,LN00017059,PT05,1041.96,2026-02-28,2026-03-05T10:00:00
PS00006136,LN00017060,PT04,1898.56,2026-03-31,2026-04-05T10:00:00
PS00006137,LN00017062,PT02,791.70,2026-05-31,2026-06-05T10:00:00
PS00006138,LN00017063,PT01,417.34,2026-06-30,2026-07-05T10:00:00
PS00006139,LN00017074,PT05,1245.26,2025-05-31,2025-06-05T10:00:00
PS00006140,LN00017077,PT02,1109.16,2025-08-31,2025-09-05T10:00:00
PS00006141,LN00017078,PT05,476.14,2025-09-30,2025-10-05T10:00:00
PS00006142,LN00017084,PT04,2397.68,2026-03-31,2026-04-05T10:00:00
PS00006143,LN00017086,PT05,1486.94,2026-05-31,2026-06-05T10:00:00
PS00006144,LN00017089,PT04,1743.18,2024-08-31,2024-09-05T10:00:00
PS00006145,LN00017090,PT03,1824.60,2024-09-30,2024-10-05T10:00:00
PS00006146,LN00017091,PT04,1128.80,2024-10-31,2024-11-05T10:00:00
PS00006147,LN00017093,PT05,2635.68,2024-12-31,2025-01-05T10:00:00
PS00006148,LN00017095,PT01,1310.10,2025-02-28,2025-03-05T10:00:00
PS00006149,LN00017099,PT02,2058.94,2025-06-30,2025-07-05T10:00:00
PS00006150,LN00017103,PT03,1604.70,2025-10-31,2025-11-05T10:00:00
PS00006151,LN00017107,PT02,719.16,2026-02-28,2026-03-05T10:00:00
PS00006152,LN00017108,PT02,1027.78,2026-03-31,2026-04-05T10:00:00
PS00006153,LN00017110,PT01,667.70,2026-05-31,2026-06-05T10:00:00
PS00006154,LN00017111,PT03,1469.40,2026-06-30,2026-07-05T10:00:00
PS00006155,LN00017112,PT04,1208.36,2026-07-31,2026-08-05T10:00:00
PS00006156,LN00017116,PT03,2360.40,2024-11-30,2024-12-05T10:00:00
PS00006157,LN00017117,PT01,1687.18,2024-12-31,2025-01-05T10:00:00
PS00006158,LN00017122,PT04,1247.12,2025-05-31,2025-06-05T10:00:00
PS00006159,LN00017124,PT01,396.44,2025-07-31,2025-08-05T10:00:00
PS00006160,LN00017125,PT05,2290.26,2025-08-31,2025-09-05T10:00:00
PS00006161,LN00017130,PT03,578.70,2026-01-31,2026-02-05T10:00:00
PS00006162,LN00017131,PT04,724.88,2026-02-28,2026-03-05T10:00:00
PS00006163,LN00017138,PT04,1188.64,2024-09-30,2024-10-05T10:00:00
PS00006164,LN00017142,PT05,1131.26,2025-01-31,2025-02-05T10:00:00
PS00006165,LN00017143,PT03,435.30,2025-02-28,2025-03-05T10:00:00
PS00006166,LN00017146,PT05,867.92,2025-05-31,2025-06-05T10:00:00
PS00006167,LN00017147,PT01,1376.76,2025-06-30,2025-07-05T10:00:00
PS00006168,LN00017150,PT01,1013.54,2025-09-30,2025-10-05T10:00:00
PS00006169,LN00017152,PT05,554.42,2025-11-30,2025-12-05T10:00:00
PS00006170,LN00017157,PT02,757.64,2026-04-30,2026-05-05T10:00:00
PS00006171,LN00017159,PT02,2032.16,2026-06-30,2026-07-05T10:00:00
PS00006172,LN00017160,PT01,948.20,2026-07-31,2026-08-05T10:00:00
PS00006173,LN00017166,PT04,836.06,2025-01-31,2025-02-05T10:00:00
PS00006174,LN00017173,PT05,2083.16,2025-08-31,2025-09-05T10:00:00
PS00006175,LN00017175,PT03,1727.10,2025-10-31,2025-11-05T10:00:00
PS00006176,LN00017177,PT03,1315.80,2025-12-31,2026-01-05T10:00:00
PS00006177,LN00017181,PT02,419.90,2026-04-30,2026-05-05T10:00:00
PS00006178,LN00017185,PT01,1448.48,2024-08-31,2024-09-05T10:00:00
PS00006179,LN00017186,PT04,2463.30,2024-09-30,2024-10-05T10:00:00
PS00006180,LN00017187,PT02,1982.50,2024-10-31,2024-11-05T10:00:00
PS00006181,LN00017188,PT05,718.96,2024-11-30,2024-12-05T10:00:00
PS00006182,LN00017191,PT01,601.70,2025-02-28,2025-03-05T10:00:00
PS00006183,LN00017193,PT03,1803.90,2025-04-30,2025-05-05T10:00:00
PS00006184,LN00017195,PT01,744.92,2025-06-30,2025-07-05T10:00:00
PS00006185,LN00017202,PT02,562.38,2026-01-31,2026-02-05T10:00:00
PS00006186,LN00017204,PT04,2515.66,2026-03-31,2026-04-05T10:00:00
PS00006187,LN00017208,PT02,322.14,2026-07-31,2026-08-05T10:00:00
PS00006188,LN00017209,PT04,2603.72,2024-08-31,2024-09-05T10:00:00
PS00006189,LN00017211,PT01,1007.38,2024-10-31,2024-11-05T10:00:00
PS00006190,LN00017213,PT04,1248.14,2024-12-31,2025-01-05T10:00:00
PS00006191,LN00017214,PT02,1345.24,2025-01-31,2025-02-05T10:00:00
PS00006192,LN00017221,PT03,1257.60,2025-08-31,2025-09-05T10:00:00
PS00006193,LN00017222,PT03,1108.20,2025-09-30,2025-10-05T10:00:00
PS00006194,LN00017223,PT05,1597.90,2025-10-31,2025-11-05T10:00:00
PS00006195,LN00017227,PT03,1965.60,2026-02-28,2026-03-05T10:00:00
PS00006196,LN00017229,PT04,2428.62,2026-04-30,2026-05-05T10:00:00
PS00006197,LN00017231,PT05,2764.12,2026-06-30,2026-07-05T10:00:00
PS00006198,LN00017232,PT03,1417.80,2026-07-31,2026-08-05T10:00:00
PS00006199,LN00017233,PT02,384.28,2024-08-31,2024-09-05T10:00:00
PS00006200,LN00017236,PT05,1688.72,2024-11-30,2024-12-05T10:00:00
PS00006201,LN00017240,PT05,2361.32,2025-03-31,2025-04-05T10:00:00
PS00006202,LN00017241,PT05,1957.76,2025-04-30,2025-05-05T10:00:00
PS00006203,LN00017246,PT03,505.80,2025-09-30,2025-10-05T10:00:00
PS00006204,LN00017251,PT01,664.40,2026-02-28,2026-03-05T10:00:00
PS00006205,LN00017253,PT05,2468.86,2026-04-30,2026-05-05T10:00:00
PS00006206,LN00017256,PT05,2208.94,2026-07-31,2026-08-05T10:00:00
PS00006207,LN00017258,PT03,1481.40,2024-09-30,2024-10-05T10:00:00
PS00006208,LN00017259,PT05,2269.74,2024-10-31,2024-11-05T10:00:00
PS00006209,LN00017263,PT01,856.46,2025-02-28,2025-03-05T10:00:00
PS00006210,LN00017266,PT01,546.48,2025-05-31,2025-06-05T10:00:00
PS00006211,LN00017268,PT02,869.96,2025-07-31,2025-08-05T10:00:00
PS00006212,LN00017269,PT01,790.68,2025-08-31,2025-09-05T10:00:00
PS00006213,LN00017271,PT05,2873.94,2025-10-31,2025-11-05T10:00:00
PS00006214,LN00017275,PT04,2274.94,2026-02-28,2026-03-05T10:00:00
PS00006215,LN00017279,PT05,2480.64,2026-06-30,2026-07-05T10:00:00
PS00006216,LN00017281,PT03,1621.50,2024-08-31,2024-09-05T10:00:00
PS00006217,LN00017283,PT05,1211.44,2024-10-31,2024-11-05T10:00:00
PS00006218,LN00017289,PT02,591.24,2025-04-30,2025-05-05T10:00:00
PS00006219,LN00017292,PT05,2516.36,2025-07-31,2025-08-05T10:00:00
PS00006220,LN00017293,PT05,1905.32,2025-08-31,2025-09-05T10:00:00
PS00006221,LN00017294,PT01,1464.98,2025-09-30,2025-10-05T10:00:00
PS00006222,LN00017299,PT04,673.20,2026-02-28,2026-03-05T10:00:00
PS00006223,LN00017300,PT03,1161.30,2026-03-31,2026-04-05T10:00:00
PS00006224,LN00017302,PT02,1484.86,2026-05-31,2026-06-05T10:00:00
PS00006225,LN00017303,PT05,1339.50,2026-06-30,2026-07-05T10:00:00
PS00006226,LN00017308,PT05,2907.38,2024-11-30,2024-12-05T10:00:00
PS00006227,LN00017312,PT03,494.10,2025-03-31,2025-04-05T10:00:00
PS00006228,LN00017313,PT02,983.06,2025-04-30,2025-05-05T10:00:00
PS00006229,LN00017317,PT03,2244.60,2025-08-31,2025-09-05T10:00:00
PS00006230,LN00017320,PT02,1230.32,2025-11-30,2025-12-05T10:00:00
PS00006231,LN00017322,PT03,1747.50,2026-01-31,2026-02-05T10:00:00
PS00006232,LN00017323,PT05,2059.22,2026-02-28,2026-03-05T10:00:00
PS00006233,LN00017327,PT04,1405.90,2026-06-30,2026-07-05T10:00:00
PS00006234,LN00017328,PT01,924.44,2026-07-31,2026-08-05T10:00:00
PS00006235,LN00017330,PT02,722.28,2024-09-30,2024-10-05T10:00:00
PS00006236,LN00017334,PT03,975.90,2025-01-31,2025-02-05T10:00:00
PS00006237,LN00017335,PT04,885.02,2025-02-28,2025-03-05T10:00:00
PS00006238,LN00017337,PT03,1977.00,2025-04-30,2025-05-05T10:00:00
PS00006239,LN00017339,PT02,1374.10,2025-06-30,2025-07-05T10:00:00
PS00006240,LN00017342,PT05,2862.92,2025-09-30,2025-10-05T10:00:00
PS00006241,LN00017343,PT03,2224.80,2025-10-31,2025-11-05T10:00:00
PS00006242,LN00017350,PT03,1572.30,2026-05-31,2026-06-05T10:00:00
PS00006243,LN00017360,PT03,723.00,2025-03-31,2025-04-05T10:00:00
PS00006244,LN00017366,PT05,781.28,2025-09-30,2025-10-05T10:00:00
PS00006245,LN00017368,PT02,410.80,2025-11-30,2025-12-05T10:00:00
PS00006246,LN00017371,PT03,1497.00,2026-02-28,2026-03-05T10:00:00
PS00006247,LN00017372,PT05,1041.20,2026-03-31,2026-04-05T10:00:00
PS00006248,LN00017378,PT02,401.44,2024-09-30,2024-10-05T10:00:00
PS00006249,LN00017382,PT05,729.98,2025-01-31,2025-02-05T10:00:00
PS00006250,LN00017384,PT04,2027.08,2025-03-31,2025-04-05T10:00:00
PS00006251,LN00017385,PT01,1683.88,2025-04-30,2025-05-05T10:00:00
PS00006252,LN00017387,PT05,995.22,2025-06-30,2025-07-05T10:00:00
PS00006253,LN00017390,PT03,1768.50,2025-09-30,2025-10-05T10:00:00
PS00006254,LN00017392,PT01,1748.34,2025-11-30,2025-12-05T10:00:00
PS00006255,LN00017395,PT01,269.06,2026-02-28,2026-03-05T10:00:00
PS00006256,LN00017397,PT04,1365.10,2026-04-30,2026-05-05T10:00:00
PS00006257,LN00017398,PT04,921.40,2026-05-31,2026-06-05T10:00:00
PS00006258,LN00017400,PT02,386.36,2026-07-31,2026-08-05T10:00:00
PS00006259,LN00017408,PT01,271.04,2025-03-31,2025-04-05T10:00:00
PS00006260,LN00017414,PT05,1478.20,2025-09-30,2025-10-05T10:00:00
PS00006261,LN00017416,PT01,597.96,2025-11-30,2025-12-05T10:00:00
PS00006262,LN00017421,PT01,1254.00,2026-04-30,2026-05-05T10:00:00
PS00006263,LN00017422,PT03,1724.10,2026-05-31,2026-06-05T10:00:00
PS00006264,LN00017428,PT02,1083.16,2024-11-30,2024-12-05T10:00:00
PS00006265,LN00017431,PT04,1274.32,2025-02-28,2025-03-05T10:00:00
PS00006266,LN00017435,PT01,339.68,2025-06-30,2025-07-05T10:00:00
PS00006267,LN00017437,PT04,1361.70,2025-08-31,2025-09-05T10:00:00
PS00006268,LN00017442,PT05,2586.66,2026-01-31,2026-02-05T10:00:00
PS00006269,LN00017443,PT01,1024.32,2026-02-28,2026-03-05T10:00:00
PS00006270,LN00017444,PT02,800.54,2026-03-31,2026-04-05T10:00:00
PS00006271,LN00017450,PT04,2234.82,2024-09-30,2024-10-05T10:00:00
PS00006272,LN00017451,PT02,527.28,2024-10-31,2024-11-05T10:00:00
PS00006273,LN00017452,PT01,1082.40,2024-11-30,2024-12-05T10:00:00
PS00006274,LN00017454,PT05,881.22,2025-01-31,2025-02-05T10:00:00
PS00006275,LN00017455,PT01,991.54,2025-02-28,2025-03-05T10:00:00
PS00006276,LN00017459,PT05,2841.26,2025-06-30,2025-07-05T10:00:00
PS00006277,LN00017463,PT01,1673.10,2025-10-31,2025-11-05T10:00:00
PS00006278,LN00017466,PT02,1273.22,2026-01-31,2026-02-05T10:00:00
PS00006279,LN00017470,PT03,1824.90,2026-05-31,2026-06-05T10:00:00
PS00006280,LN00017471,PT03,2325.60,2026-06-30,2026-07-05T10:00:00
PS00006281,LN00017477,PT02,1021.02,2024-12-31,2025-01-05T10:00:00
PS00006282,LN00017480,PT03,641.70,2025-03-31,2025-04-05T10:00:00
PS00006283,LN00017484,PT05,2321.42,2025-07-31,2025-08-05T10:00:00
PS00006284,LN00017488,PT05,1164.70,2025-11-30,2025-12-05T10:00:00
PS00006285,LN00017490,PT05,1706.58,2026-01-31,2026-02-05T10:00:00
PS00006286,LN00017494,PT05,2627.32,2026-05-31,2026-06-05T10:00:00
PS00006287,LN00017499,PT05,577.22,2024-10-31,2024-11-05T10:00:00
PS00006288,LN00017500,PT01,885.72,2024-11-30,2024-12-05T10:00:00
PS00006289,LN00017501,PT04,1581.00,2024-12-31,2025-01-05T10:00:00
PS00006290,LN00017502,PT05,1266.92,2025-01-31,2025-02-05T10:00:00
PS00006291,LN00017504,PT01,400.62,2025-03-31,2025-04-05T10:00:00
PS00006292,LN00017511,PT03,1289.10,2025-10-31,2025-11-05T10:00:00
PS00006293,LN00017513,PT04,882.98,2025-12-31,2026-01-05T10:00:00
PS00006294,LN00017514,PT05,1415.12,2026-01-31,2026-02-05T10:00:00
PS00006295,LN00017522,PT05,2117.36,2024-09-30,2024-10-05T10:00:00
PS00006296,LN00017524,PT05,990.28,2024-11-30,2024-12-05T10:00:00
PS00006297,LN00017526,PT05,607.24,2025-01-31,2025-02-05T10:00:00
PS00006298,LN00017527,PT04,1344.02,2025-02-28,2025-03-05T10:00:00
PS00006299,LN00017528,PT03,2245.20,2025-03-31,2025-04-05T10:00:00
PS00006300,LN00017530,PT05,1607.78,2025-05-31,2025-06-05T10:00:00
PS00006301,LN00017539,PT01,824.56,2026-02-28,2026-03-05T10:00:00
PS00006302,LN00017540,PT03,1729.50,2026-03-31,2026-04-05T10:00:00
PS00006303,LN00017543,PT02,1160.90,2026-06-30,2026-07-05T10:00:00
PS00006304,LN00017544,PT04,2060.40,2026-07-31,2026-08-05T10:00:00
PS00006305,LN00017545,PT01,911.90,2024-08-31,2024-09-05T10:00:00
PS00006306,LN00017553,PT01,1263.46,2025-04-30,2025-05-05T10:00:00
PS00006307,LN00017554,PT04,1025.10,2025-05-31,2025-06-05T10:00:00
PS00006308,LN00017555,PT03,2117.70,2025-06-30,2025-07-05T10:00:00
PS00006309,LN00017556,PT01,1550.78,2025-07-31,2025-08-05T10:00:00
PS00006310,LN00017557,PT01,561.66,2025-08-31,2025-09-05T10:00:00
PS00006311,LN00017560,PT02,807.30,2025-11-30,2025-12-05T10:00:00
PS00006312,LN00017565,PT04,1074.74,2026-04-30,2026-05-05T10:00:00
PS00006313,LN00017567,PT03,2180.70,2026-06-30,2026-07-05T10:00:00
PS00006314,LN00017570,PT01,967.78,2024-09-30,2024-10-05T10:00:00
PS00006315,LN00017572,PT03,2294.70,2024-11-30,2024-12-05T10:00:00
PS00006316,LN00017573,PT02,426.66,2024-12-31,2025-01-05T10:00:00
PS00006317,LN00017576,PT04,2533.00,2025-03-31,2025-04-05T10:00:00
PS00006318,LN00017578,PT03,1682.10,2025-05-31,2025-06-05T10:00:00
PS00006319,LN00017583,PT03,1983.00,2025-10-31,2025-11-05T10:00:00
PS00006320,LN00017584,PT01,1186.68,2025-11-30,2025-12-05T10:00:00
PS00006321,LN00017589,PT05,2914.22,2026-04-30,2026-05-05T10:00:00
PS00006322,LN00017595,PT05,2813.90,2024-10-31,2024-11-05T10:00:00
PS00006323,LN00017596,PT04,547.74,2024-11-30,2024-12-05T10:00:00
PS00006324,LN00017599,PT04,414.46,2025-02-28,2025-03-05T10:00:00
PS00006325,LN00017605,PT05,1293.14,2025-08-31,2025-09-05T10:00:00
PS00006326,LN00017610,PT02,2030.34,2026-01-31,2026-02-05T10:00:00
PS00006327,LN00017612,PT04,2533.34,2026-03-31,2026-04-05T10:00:00
PS00006328,LN00017616,PT04,516.46,2026-07-31,2026-08-05T10:00:00
PS00006329,LN00017620,PT05,1957.00,2024-11-30,2024-12-05T10:00:00
PS00006330,LN00017626,PT02,751.14,2025-05-31,2025-06-05T10:00:00
PS00006331,LN00017629,PT03,1081.20,2025-08-31,2025-09-05T10:00:00
PS00006332,LN00017631,PT03,2388.00,2025-10-31,2025-11-05T10:00:00
PS00006333,LN00017632,PT04,854.08,2025-11-30,2025-12-05T10:00:00
PS00006334,LN00017633,PT04,934.32,2025-12-31,2026-01-05T10:00:00
PS00006335,LN00017635,PT04,1784.66,2026-02-28,2026-03-05T10:00:00
PS00006336,LN00017637,PT03,672.90,2026-04-30,2026-05-05T10:00:00
PS00006337,LN00017639,PT01,559.46,2026-06-30,2026-07-05T10:00:00
PS00006338,LN00017641,PT04,1656.48,2024-08-31,2024-09-05T10:00:00
PS00006339,LN00017642,PT02,1635.14,2024-09-30,2024-10-05T10:00:00
PS00006340,LN00017646,PT03,1224.30,2025-01-31,2025-02-05T10:00:00
PS00006341,LN00017648,PT01,950.40,2025-03-31,2025-04-05T10:00:00
PS00006342,LN00017649,PT04,1918.28,2025-04-30,2025-05-05T10:00:00
PS00006343,LN00017656,PT01,1352.56,2025-11-30,2025-12-05T10:00:00
PS00006344,LN00017660,PT02,1898.26,2026-03-31,2026-04-05T10:00:00
PS00006345,LN00017663,PT01,388.08,2026-06-30,2026-07-05T10:00:00
PS00006346,LN00017664,PT04,688.16,2026-07-31,2026-08-05T10:00:00
PS00006347,LN00017665,PT05,2789.96,2024-08-31,2024-09-05T10:00:00
PS00006348,LN00017676,PT01,1620.96,2025-07-31,2025-08-05T10:00:00
PS00006349,LN00017677,PT03,756.30,2025-08-31,2025-09-05T10:00:00
PS00006350,LN00017683,PT05,474.24,2026-02-28,2026-03-05T10:00:00
PS00006351,LN00017684,PT01,776.38,2026-03-31,2026-04-05T10:00:00
PS00006352,LN00017689,PT01,1073.82,2024-08-31,2024-09-05T10:00:00
PS00006353,LN00017695,PT03,1530.00,2025-02-28,2025-03-05T10:00:00
PS00006354,LN00017697,PT04,1667.02,2025-04-30,2025-05-05T10:00:00
PS00006355,LN00017699,PT03,1436.70,2025-06-30,2025-07-05T10:00:00
PS00006356,LN00017701,PT04,1102.96,2025-08-31,2025-09-05T10:00:00
PS00006357,LN00017702,PT05,1759.40,2025-09-30,2025-10-05T10:00:00
PS00006358,LN00017703,PT01,1009.36,2025-10-31,2025-11-05T10:00:00
PS00006359,LN00017713,PT04,691.22,2024-08-31,2024-09-05T10:00:00
PS00006360,LN00017716,PT03,813.00,2024-11-30,2024-12-05T10:00:00
PS00006361,LN00017718,PT05,674.88,2025-01-31,2025-02-05T10:00:00
PS00006362,LN00017719,PT04,1613.30,2025-02-28,2025-03-05T10:00:00
PS00006363,LN00017724,PT01,1219.02,2025-07-31,2025-08-05T10:00:00
PS00006364,LN00017726,PT05,2182.72,2025-09-30,2025-10-05T10:00:00
PS00006365,LN00017727,PT03,659.40,2025-10-31,2025-11-05T10:00:00
PS00006366,LN00017730,PT05,2995.54,2026-01-31,2026-02-05T10:00:00
PS00006367,LN00017733,PT01,544.06,2026-04-30,2026-05-05T10:00:00
PS00006368,LN00017734,PT02,676.52,2026-05-31,2026-06-05T10:00:00
PS00006369,LN00017735,PT02,707.72,2026-06-30,2026-07-05T10:00:00
PS00006370,LN00017736,PT04,1494.30,2026-07-31,2026-08-05T10:00:00
PS00006371,LN00017740,PT02,510.90,2024-11-30,2024-12-05T10:00:00
PS00006372,LN00017741,PT02,831.22,2024-12-31,2025-01-05T10:00:00
PS00006373,LN00017751,PT03,1442.70,2025-10-31,2025-11-05T10:00:00
PS00006374,LN00017753,PT04,1386.18,2025-12-31,2026-01-05T10:00:00
PS00006375,LN00017760,PT01,754.38,2026-07-31,2026-08-05T10:00:00
PS00006376,LN00017762,PT05,1041.20,2024-09-30,2024-10-05T10:00:00
PS00006377,LN00017767,PT02,1731.34,2025-02-28,2025-03-05T10:00:00
PS00006378,LN00017769,PT05,595.08,2025-04-30,2025-05-05T10:00:00
PS00006379,LN00017770,PT04,1039.04,2025-05-31,2025-06-05T10:00:00
PS00006380,LN00017771,PT02,1700.14,2025-06-30,2025-07-05T10:00:00
PS00006381,LN00017777,PT05,2827.58,2025-12-31,2026-01-05T10:00:00
PS00006382,LN00017779,PT04,516.12,2026-02-28,2026-03-05T10:00:00
PS00006383,LN00017781,PT05,2062.64,2026-04-30,2026-05-05T10:00:00
PS00006384,LN00017783,PT04,2261.00,2026-06-30,2026-07-05T10:00:00
PS00006385,LN00017784,PT03,1252.50,2026-07-31,2026-08-05T10:00:00
PS00006386,LN00017786,PT05,2873.18,2024-09-30,2024-10-05T10:00:00
PS00006387,LN00017788,PT02,514.54,2024-11-30,2024-12-05T10:00:00
PS00006388,LN00017791,PT03,781.50,2025-02-28,2025-03-05T10:00:00
PS00006389,LN00017794,PT04,1801.32,2025-05-31,2025-06-05T10:00:00
PS00006390,LN00017795,PT03,464.70,2025-06-30,2025-07-05T10:00:00
PS00006391,LN00017796,PT04,1351.84,2025-07-31,2025-08-05T10:00:00
PS00006392,LN00017798,PT01,922.24,2025-09-30,2025-10-05T10:00:00
PS00006393,LN00017807,PT02,2016.82,2026-06-30,2026-07-05T10:00:00
PS00006394,LN00017809,PT03,2348.70,2024-08-31,2024-09-05T10:00:00
PS00006395,LN00017810,PT04,1172.32,2024-09-30,2024-10-05T10:00:00
PS00006396,LN00017812,PT03,2212.20,2024-11-30,2024-12-05T10:00:00
PS00006397,LN00017818,PT01,765.16,2025-05-31,2025-06-05T10:00:00
PS00006398,LN00017822,PT02,1210.82,2025-09-30,2025-10-05T10:00:00
PS00006399,LN00017829,PT04,1727.88,2026-04-30,2026-05-05T10:00:00
PS00006400,LN00017836,PT03,1784.70,2024-11-30,2024-12-05T10:00:00
PS00006401,LN00017837,PT05,800.66,2024-12-31,2025-01-05T10:00:00
PS00006402,LN00017838,PT05,2684.32,2025-01-31,2025-02-05T10:00:00
PS00006403,LN00017839,PT05,560.50,2025-02-28,2025-03-05T10:00:00
PS00006404,LN00017840,PT02,1291.16,2025-03-31,2025-04-05T10:00:00
PS00006405,LN00017844,PT02,1891.50,2025-07-31,2025-08-05T10:00:00
PS00006406,LN00017845,PT02,847.34,2025-08-31,2025-09-05T10:00:00
PS00006407,LN00017847,PT02,705.38,2025-10-31,2025-11-05T10:00:00
PS00006408,LN00017848,PT05,2308.88,2025-11-30,2025-12-05T10:00:00
PS00006409,LN00017852,PT01,1153.68,2026-03-31,2026-04-05T10:00:00
PS00006410,LN00017855,PT02,1526.20,2026-06-30,2026-07-05T10:00:00
PS00006411,LN00017856,PT01,1302.18,2026-07-31,2026-08-05T10:00:00
PS00006412,LN00017860,PT05,1486.94,2024-11-30,2024-12-05T10:00:00
PS00006413,LN00017862,PT03,1654.20,2025-01-31,2025-02-05T10:00:00
PS00006414,LN00017863,PT01,1267.86,2025-02-28,2025-03-05T10:00:00
PS00006415,LN00017865,PT01,554.84,2025-04-30,2025-05-05T10:00:00
PS00006416,LN00017872,PT04,1211.76,2025-11-30,2025-12-05T10:00:00
PS00006417,LN00017873,PT03,1560.60,2025-12-31,2026-01-05T10:00:00
PS00006418,LN00017874,PT01,1656.16,2026-01-31,2026-02-05T10:00:00
PS00006419,LN00017875,PT04,1194.42,2026-02-28,2026-03-05T10:00:00
PS00006420,LN00017876,PT02,1037.14,2026-03-31,2026-04-05T10:00:00
PS00006421,LN00017886,PT05,570.00,2025-01-31,2025-02-05T10:00:00
PS00006422,LN00017889,PT03,708.90,2025-04-30,2025-05-05T10:00:00
PS00006423,LN00017890,PT05,2678.62,2025-05-31,2025-06-05T10:00:00
PS00006424,LN00017892,PT05,2013.62,2025-07-31,2025-08-05T10:00:00
PS00006425,LN00017893,PT02,1470.56,2025-08-31,2025-09-05T10:00:00
PS00006426,LN00017895,PT04,1827.16,2025-10-31,2025-11-05T10:00:00
PS00006427,LN00017896,PT04,562.70,2025-11-30,2025-12-05T10:00:00
PS00006428,LN00017901,PT01,968.00,2026-04-30,2026-05-05T10:00:00
PS00006429,LN00017902,PT03,1775.70,2026-05-31,2026-06-05T10:00:00
PS00006430,LN00017908,PT03,1877.40,2024-11-30,2024-12-05T10:00:00
PS00006431,LN00017910,PT01,892.98,2025-01-31,2025-02-05T10:00:00
PS00006432,LN00017911,PT01,468.82,2025-02-28,2025-03-05T10:00:00
PS00006433,LN00017912,PT03,891.00,2025-03-31,2025-04-05T10:00:00
PS00006434,LN00017914,PT04,2040.34,2025-05-31,2025-06-05T10:00:00
PS00006435,LN00017917,PT04,2131.46,2025-08-31,2025-09-05T10:00:00
PS00006436,LN00017919,PT05,774.44,2025-10-31,2025-11-05T10:00:00
PS00006437,LN00017920,PT05,1586.50,2025-11-30,2025-12-05T10:00:00
PS00006438,LN00017923,PT02,1207.44,2026-02-28,2026-03-05T10:00:00
PS00006439,LN00017930,PT04,2684.30,2024-09-30,2024-10-05T10:00:00
PS00006440,LN00017931,PT02,864.24,2024-10-31,2024-11-05T10:00:00
PS00006441,LN00017934,PT04,2421.82,2025-01-31,2025-02-05T10:00:00
PS00006442,LN00017935,PT01,1625.14,2025-02-28,2025-03-05T10:00:00
PS00006443,LN00017938,PT02,1992.64,2025-05-31,2025-06-05T10:00:00
PS00006444,LN00017941,PT04,880.94,2025-08-31,2025-09-05T10:00:00
PS00006445,LN00017942,PT05,2601.86,2025-09-30,2025-10-05T10:00:00
PS00006446,LN00017953,PT04,2098.82,2024-08-31,2024-09-05T10:00:00
PS00006447,LN00017954,PT04,740.86,2024-09-30,2024-10-05T10:00:00
PS00006448,LN00017958,PT03,394.50,2025-01-31,2025-02-05T10:00:00
PS00006449,LN00017960,PT02,2079.22,2025-03-31,2025-04-05T10:00:00
PS00006450,LN00017973,PT04,709.24,2026-04-30,2026-05-05T10:00:00
PS00006451,LN00017975,PT04,1310.36,2026-06-30,2026-07-05T10:00:00
PS00006452,LN00017976,PT04,1921.34,2026-07-31,2026-08-05T10:00:00
PS00006453,LN00017978,PT03,1920.60,2024-09-30,2024-10-05T10:00:00
PS00006454,LN00017979,PT05,960.64,2024-10-31,2024-11-05T10:00:00
PS00006455,LN00017984,PT05,1939.14,2025-03-31,2025-04-05T10:00:00
PS00006456,LN00017986,PT01,348.92,2025-05-31,2025-06-05T10:00:00
PS00006457,LN00017990,PT04,1527.28,2025-09-30,2025-10-05T10:00:00
PS00006458,LN00017997,PT04,1052.64,2026-04-30,2026-05-05T10:00:00
PS00006459,LN00017998,PT01,546.26,2026-05-31,2026-06-05T10:00:00
PS00006460,LN00018000,PT01,1136.30,2026-07-31,2026-08-05T10:00:00
PS00006461,LN00018001,PT05,2392.48,2024-08-31,2024-09-05T10:00:00
PS00006462,LN00018004,PT04,1773.78,2024-11-30,2024-12-05T10:00:00
PS00006463,LN00018008,PT02,1649.44,2025-03-31,2025-04-05T10:00:00
PS00006464,LN00018010,PT05,2005.64,2025-05-31,2025-06-05T10:00:00
PS00006465,LN00018015,PT01,331.54,2025-10-31,2025-11-05T10:00:00
PS00006466,LN00018018,PT03,650.70,2026-01-31,2026-02-05T10:00:00
PS00006467,LN00018020,PT02,1482.78,2026-03-31,2026-04-05T10:00:00
PS00006468,LN00018022,PT01,873.40,2026-05-31,2026-06-05T10:00:00
PS00006469,LN00018028,PT04,2342.94,2024-11-30,2024-12-05T10:00:00
PS00006470,LN00018030,PT04,2248.08,2025-01-31,2025-02-05T10:00:00
PS00006471,LN00018040,PT03,1754.70,2025-11-30,2025-12-05T10:00:00
PS00006472,LN00018044,PT02,1023.10,2026-03-31,2026-04-05T10:00:00
PS00006473,LN00018045,PT01,1755.60,2026-04-30,2026-05-05T10:00:00
PS00006474,LN00018046,PT04,1471.18,2026-05-31,2026-06-05T10:00:00
PS00006475,LN00018047,PT02,1261.00,2026-06-30,2026-07-05T10:00:00
PS00006476,LN00018054,PT05,1808.42,2025-01-31,2025-02-05T10:00:00
PS00006477,LN00018056,PT03,1167.00,2025-03-31,2025-04-05T10:00:00
PS00006478,LN00018058,PT01,1102.64,2025-05-31,2025-06-05T10:00:00
PS00006479,LN00018068,PT01,1392.16,2026-03-31,2026-04-05T10:00:00
PS00006480,LN00018069,PT01,1482.58,2026-04-30,2026-05-05T10:00:00
PS00006481,LN00018070,PT01,1209.56,2026-05-31,2026-06-05T10:00:00
PS00006482,LN00018073,PT04,1114.52,2024-08-31,2024-09-05T10:00:00
PS00006483,LN00018076,PT04,1743.18,2024-11-30,2024-12-05T10:00:00
PS00006484,LN00018078,PT05,2512.18,2025-01-31,2025-02-05T10:00:00
PS00006485,LN00018079,PT04,2669.34,2025-02-28,2025-03-05T10:00:00
PS00006486,LN00018081,PT05,2047.44,2025-04-30,2025-05-05T10:00:00
PS00006487,LN00018084,PT01,1617.88,2025-07-31,2025-08-05T10:00:00
PS00006488,LN00018092,PT05,1629.82,2026-03-31,2026-04-05T10:00:00
PS00006489,LN00018094,PT02,1676.22,2026-05-31,2026-06-05T10:00:00
PS00006490,LN00018098,PT02,1933.62,2024-09-30,2024-10-05T10:00:00
PS00006491,LN00018100,PT05,496.66,2024-11-30,2024-12-05T10:00:00
PS00006492,LN00018101,PT04,2209.32,2024-12-31,2025-01-05T10:00:00
PS00006493,LN00018104,PT04,1693.54,2025-03-31,2025-04-05T10:00:00
PS00006494,LN00018105,PT02,1663.48,2025-04-30,2025-05-05T10:00:00
PS00006495,LN00018106,PT04,2082.50,2025-05-31,2025-06-05T10:00:00
PS00006496,LN00018110,PT05,2139.78,2025-09-30,2025-10-05T10:00:00
PS00006497,LN00018111,PT01,492.80,2025-10-31,2025-11-05T10:00:00
PS00006498,LN00018112,PT05,1992.34,2025-11-30,2025-12-05T10:00:00
PS00006499,LN00018113,PT05,1271.86,2025-12-31,2026-01-05T10:00:00
PS00006500,LN00018114,PT02,1887.60,2026-01-31,2026-02-05T10:00:00
PS00006501,LN00018116,PT05,1360.02,2026-03-31,2026-04-05T10:00:00
PS00006502,LN00018117,PT01,1630.64,2026-04-30,2026-05-05T10:00:00
PS00006503,LN00018120,PT02,585.00,2026-07-31,2026-08-05T10:00:00
PS00006504,LN00018121,PT04,2243.32,2024-08-31,2024-09-05T10:00:00
PS00006505,LN00018122,PT05,1304.54,2024-09-30,2024-10-05T10:00:00
PS00006506,LN00018127,PT05,748.98,2025-02-28,2025-03-05T10:00:00
PS00006507,LN00018128,PT02,1305.46,2025-03-31,2025-04-05T10:00:00
PS00006508,LN00018129,PT02,1471.86,2025-04-30,2025-05-05T10:00:00
PS00006509,LN00018130,PT01,297.66,2025-05-31,2025-06-05T10:00:00
PS00006510,LN00018131,PT01,696.08,2025-06-30,2025-07-05T10:00:00
PS00006511,LN00018133,PT02,1996.54,2025-08-31,2025-09-05T10:00:00
PS00006512,LN00018136,PT05,1006.24,2025-11-30,2025-12-05T10:00:00
PS00006513,LN00018144,PT02,1993.94,2026-07-31,2026-08-05T10:00:00
PS00006514,LN00018148,PT05,1290.86,2024-11-30,2024-12-05T10:00:00
PS00006515,LN00018156,PT03,2307.90,2025-07-31,2025-08-05T10:00:00
PS00006516,LN00018157,PT04,1516.74,2025-08-31,2025-09-05T10:00:00
PS00006517,LN00018158,PT02,467.48,2025-09-30,2025-10-05T10:00:00
PS00006518,LN00018159,PT02,1990.82,2025-10-31,2025-11-05T10:00:00
PS00006519,LN00018161,PT04,1929.84,2025-12-31,2026-01-05T10:00:00
PS00006520,LN00018162,PT01,675.84,2026-01-31,2026-02-05T10:00:00
PS00006521,LN00018164,PT01,761.64,2026-03-31,2026-04-05T10:00:00
PS00006522,LN00018166,PT05,2792.62,2026-05-31,2026-06-05T10:00:00
PS00006523,LN00018167,PT02,1068.08,2026-06-30,2026-07-05T10:00:00
PS00006524,LN00018172,PT01,1608.20,2024-11-30,2024-12-05T10:00:00
PS00006525,LN00018175,PT03,628.80,2025-02-28,2025-03-05T10:00:00
PS00006526,LN00018176,PT05,2698.38,2025-03-31,2025-04-05T10:00:00
PS00006527,LN00018180,PT02,1189.76,2025-07-31,2025-08-05T10:00:00
PS00006528,LN00018182,PT01,319.00,2025-09-30,2025-10-05T10:00:00
PS00006529,LN00018191,PT05,2012.86,2026-06-30,2026-07-05T10:00:00
PS00006530,LN00018192,PT03,1761.60,2026-07-31,2026-08-05T10:00:00
PS00006531,LN00018194,PT03,2293.80,2024-09-30,2024-10-05T10:00:00
PS00006532,LN00018199,PT04,1926.44,2025-02-28,2025-03-05T10:00:00
PS00006533,LN00018200,PT05,2630.74,2025-03-31,2025-04-05T10:00:00
PS00006534,LN00018201,PT05,932.90,2025-04-30,2025-05-05T10:00:00
PS00006535,LN00018203,PT01,665.06,2025-06-30,2025-07-05T10:00:00
PS00006536,LN00018204,PT01,1691.80,2025-07-31,2025-08-05T10:00:00
PS00006537,LN00018209,PT05,1277.56,2025-12-31,2026-01-05T10:00:00
PS00006538,LN00018210,PT01,1729.20,2026-01-31,2026-02-05T10:00:00
PS00006539,LN00018216,PT02,1068.34,2026-07-31,2026-08-05T10:00:00
PS00006540,LN00018219,PT04,2407.54,2024-10-31,2024-11-05T10:00:00
PS00006541,LN00018225,PT05,2585.90,2025-04-30,2025-05-05T10:00:00
PS00006542,LN00018228,PT02,1131.00,2025-07-31,2025-08-05T10:00:00
PS00006543,LN00018235,PT02,1927.12,2026-02-28,2026-03-05T10:00:00
PS00006544,LN00018240,PT01,1573.22,2026-07-31,2026-08-05T10:00:00
PS00006545,LN00018241,PT02,901.42,2024-08-31,2024-09-05T10:00:00
PS00006546,LN00018245,PT05,836.38,2024-12-31,2025-01-05T10:00:00
PS00006547,LN00018247,PT04,1023.06,2025-02-28,2025-03-05T10:00:00
PS00006548,LN00018248,PT04,988.04,2025-03-31,2025-04-05T10:00:00
PS00006549,LN00018250,PT03,1221.60,2025-05-31,2025-06-05T10:00:00
PS00006550,LN00018253,PT02,1478.88,2025-08-31,2025-09-05T10:00:00
PS00006551,LN00018254,PT02,339.04,2025-09-30,2025-10-05T10:00:00
PS00006552,LN00018257,PT02,1955.20,2025-12-31,2026-01-05T10:00:00
PS00006553,LN00018259,PT02,1477.06,2026-02-28,2026-03-05T10:00:00
PS00006554,LN00018264,PT05,1000.16,2026-07-31,2026-08-05T10:00:00
PS00006555,LN00018265,PT05,2674.06,2024-08-31,2024-09-05T10:00:00
PS00006556,LN00018274,PT04,1798.60,2025-05-31,2025-06-05T10:00:00
PS00006557,LN00018282,PT05,1577.00,2026-01-31,2026-02-05T10:00:00
PS00006558,LN00018285,PT03,415.80,2026-04-30,2026-05-05T10:00:00
PS00006559,LN00018286,PT03,2397.00,2026-05-31,2026-06-05T10:00:00
PS00006560,LN00018290,PT01,1078.44,2024-09-30,2024-10-05T10:00:00
PS00006561,LN00018294,PT01,313.94,2025-01-31,2025-02-05T10:00:00
PS00006562,LN00018300,PT03,1836.60,2025-07-31,2025-08-05T10:00:00
PS00006563,LN00018302,PT02,1829.36,2025-09-30,2025-10-05T10:00:00
PS00006564,LN00018303,PT05,1449.32,2025-10-31,2025-11-05T10:00:00
PS00006565,LN00018308,PT03,1043.40,2026-03-31,2026-04-05T10:00:00
PS00006566,LN00018310,PT04,1502.46,2026-05-31,2026-06-05T10:00:00
PS00006567,LN00018311,PT01,1477.52,2026-06-30,2026-07-05T10:00:00
PS00006568,LN00018314,PT01,299.20,2024-09-30,2024-10-05T10:00:00
PS00006569,LN00018319,PT04,2524.84,2025-02-28,2025-03-05T10:00:00
PS00006570,LN00018321,PT05,1341.02,2025-04-30,2025-05-05T10:00:00
PS00006571,LN00018322,PT04,1194.08,2025-05-31,2025-06-05T10:00:00
PS00006572,LN00018328,PT02,765.70,2025-11-30,2025-12-05T10:00:00
PS00006573,LN00018329,PT03,1772.40,2025-12-31,2026-01-05T10:00:00
PS00006574,LN00018334,PT04,1228.08,2026-05-31,2026-06-05T10:00:00
PS00006575,LN00018335,PT02,378.30,2026-06-30,2026-07-05T10:00:00
PS00006576,LN00018342,PT05,805.22,2025-01-31,2025-02-05T10:00:00
PS00006577,LN00018345,PT04,1805.40,2025-04-30,2025-05-05T10:00:00
PS00006578,LN00018348,PT04,1691.84,2025-07-31,2025-08-05T10:00:00
PS00006579,LN00018349,PT03,1168.50,2025-08-31,2025-09-05T10:00:00
PS00006580,LN00018352,PT01,1173.48,2025-11-30,2025-12-05T10:00:00
PS00006581,LN00018353,PT02,1082.90,2025-12-31,2026-01-05T10:00:00
PS00006582,LN00018354,PT03,998.10,2026-01-31,2026-02-05T10:00:00
PS00006583,LN00018356,PT03,709.50,2026-03-31,2026-04-05T10:00:00
PS00006584,LN00018357,PT04,794.58,2026-04-30,2026-05-05T10:00:00
PS00006585,LN00018359,PT02,968.50,2026-06-30,2026-07-05T10:00:00
PS00006586,LN00018366,PT04,2100.18,2025-01-31,2025-02-05T10:00:00
PS00006587,LN00018369,PT02,935.74,2025-04-30,2025-05-05T10:00:00
PS00006588,LN00018371,PT02,1157.26,2025-06-30,2025-07-05T10:00:00
PS00006589,LN00018374,PT03,1826.10,2025-09-30,2025-10-05T10:00:00
PS00006590,LN00018379,PT02,1288.56,2026-02-28,2026-03-05T10:00:00
PS00006591,LN00018380,PT05,1837.30,2026-03-31,2026-04-05T10:00:00
PS00006592,LN00018383,PT04,1513.00,2026-06-30,2026-07-05T10:00:00
PS00006593,LN00018384,PT03,2343.00,2026-07-31,2026-08-05T10:00:00
PS00006594,LN00018385,PT05,661.58,2024-08-31,2024-09-05T10:00:00
PS00006595,LN00018387,PT02,1479.40,2024-10-31,2024-11-05T10:00:00
PS00006596,LN00018389,PT01,719.62,2024-12-31,2025-01-05T10:00:00
PS00006597,LN00018393,PT02,568.62,2025-04-30,2025-05-05T10:00:00
PS00006598,LN00018394,PT05,3032.02,2025-05-31,2025-06-05T10:00:00
PS00006599,LN00018395,PT01,1288.32,2025-06-30,2025-07-05T10:00:00
PS00006600,LN00018399,PT02,1647.62,2025-10-31,2025-11-05T10:00:00
PS00006601,LN00018403,PT05,1930.02,2026-02-28,2026-03-05T10:00:00
PS00006602,LN00018406,PT04,2554.76,2026-05-31,2026-06-05T10:00:00
PS00006603,LN00018407,PT02,1471.08,2026-06-30,2026-07-05T10:00:00
PS00006604,LN00018418,PT04,1458.94,2025-05-31,2025-06-05T10:00:00
PS00006605,LN00018419,PT04,1805.06,2025-06-30,2025-07-05T10:00:00
PS00006606,LN00018420,PT01,407.66,2025-07-31,2025-08-05T10:00:00
PS00006607,LN00018429,PT02,423.80,2026-04-30,2026-05-05T10:00:00
PS00006608,LN00018431,PT04,1958.74,2026-06-30,2026-07-05T10:00:00
PS00006609,LN00018432,PT01,1515.58,2026-07-31,2026-08-05T10:00:00
PS00006610,LN00018434,PT03,1172.40,2024-09-30,2024-10-05T10:00:00
PS00006611,LN00018435,PT03,1737.60,2024-10-31,2024-11-05T10:00:00
PS00006612,LN00018436,PT03,2296.50,2024-11-30,2024-12-05T10:00:00
PS00006613,LN00018437,PT05,1323.16,2024-12-31,2025-01-05T10:00:00
PS00006614,LN00018443,PT02,1459.90,2025-06-30,2025-07-05T10:00:00
PS00006615,LN00018449,PT02,440.96,2025-12-31,2026-01-05T10:00:00
PS00006616,LN00018451,PT01,1053.80,2026-02-28,2026-03-05T10:00:00
PS00006617,LN00018452,PT03,1970.40,2026-03-31,2026-04-05T10:00:00
PS00006618,LN00018453,PT01,1487.20,2026-04-30,2026-05-05T10:00:00
PS00006619,LN00018454,PT01,406.34,2026-05-31,2026-06-05T10:00:00
PS00006620,LN00018455,PT01,471.46,2026-06-30,2026-07-05T10:00:00
PS00006621,LN00018456,PT03,1554.30,2026-07-31,2026-08-05T10:00:00
PS00006622,LN00018462,PT01,495.66,2025-01-31,2025-02-05T10:00:00
PS00006623,LN00018464,PT03,1506.30,2025-03-31,2025-04-05T10:00:00
PS00006624,LN00018469,PT02,1625.52,2025-08-31,2025-09-05T10:00:00
PS00006625,LN00018473,PT01,872.74,2025-12-31,2026-01-05T10:00:00
PS00006626,LN00018474,PT04,638.18,2026-01-31,2026-02-05T10:00:00
PS00006627,LN00018475,PT04,2237.88,2026-02-28,2026-03-05T10:00:00
PS00006628,LN00018476,PT03,1452.90,2026-03-31,2026-04-05T10:00:00
PS00006629,LN00018479,PT03,2070.90,2026-06-30,2026-07-05T10:00:00
PS00006630,LN00018480,PT04,2348.04,2026-07-31,2026-08-05T10:00:00
PS00006631,LN00018490,PT05,1586.88,2025-05-31,2025-06-05T10:00:00
PS00006632,LN00018491,PT01,464.86,2025-06-30,2025-07-05T10:00:00
PS00006633,LN00018497,PT02,1040.26,2025-12-31,2026-01-05T10:00:00
PS00006634,LN00018498,PT05,2170.94,2026-01-31,2026-02-05T10:00:00
PS00006635,LN00018503,PT02,1174.16,2026-06-30,2026-07-05T10:00:00
PS00006636,LN00018504,PT04,2599.98,2026-07-31,2026-08-05T10:00:00
PS00006637,LN00018506,PT04,1075.42,2024-09-30,2024-10-05T10:00:00
PS00006638,LN00018514,PT05,1838.44,2025-05-31,2025-06-05T10:00:00
PS00006639,LN00018515,PT03,565.50,2025-06-30,2025-07-05T10:00:00
PS00006640,LN00018516,PT05,1738.88,2025-07-31,2025-08-05T10:00:00
PS00006641,LN00018520,PT04,1288.94,2025-11-30,2025-12-05T10:00:00
PS00006642,LN00018522,PT05,1486.56,2026-01-31,2026-02-05T10:00:00
PS00006643,LN00018526,PT01,944.24,2026-05-31,2026-06-05T10:00:00
PS00006644,LN00018529,PT02,1117.74,2024-08-31,2024-09-05T10:00:00
PS00006645,LN00018532,PT05,1274.52,2024-11-30,2024-12-05T10:00:00
PS00006646,LN00018533,PT02,484.64,2024-12-31,2025-01-05T10:00:00
PS00006647,LN00018538,PT05,764.56,2025-05-31,2025-06-05T10:00:00
PS00006648,LN00018542,PT04,587.52,2025-09-30,2025-10-05T10:00:00
PS00006649,LN00018543,PT03,1732.50,2025-10-31,2025-11-05T10:00:00
PS00006650,LN00018544,PT04,1977.78,2025-11-30,2025-12-05T10:00:00
PS00006651,LN00018549,PT04,2354.84,2026-04-30,2026-05-05T10:00:00
PS00006652,LN00018551,PT02,1571.70,2026-06-30,2026-07-05T10:00:00
PS00006653,LN00018553,PT02,424.06,2024-08-31,2024-09-05T10:00:00
PS00006654,LN00018554,PT05,1939.52,2024-09-30,2024-10-05T10:00:00
PS00006655,LN00018556,PT04,2383.40,2024-11-30,2024-12-05T10:00:00
PS00006656,LN00018557,PT04,2271.20,2024-12-31,2025-01-05T10:00:00
PS00006657,LN00018559,PT02,776.62,2025-02-28,2025-03-05T10:00:00
PS00006658,LN00018561,PT05,2433.90,2025-04-30,2025-05-05T10:00:00
PS00006659,LN00018563,PT01,551.54,2025-06-30,2025-07-05T10:00:00
PS00006660,LN00018566,PT01,1640.32,2025-09-30,2025-10-05T10:00:00
PS00006661,LN00018567,PT02,965.90,2025-10-31,2025-11-05T10:00:00
PS00006662,LN00018568,PT02,400.40,2025-11-30,2025-12-05T10:00:00
PS00006663,LN00018574,PT03,728.40,2026-05-31,2026-06-05T10:00:00
PS00006664,LN00018575,PT01,1113.86,2026-06-30,2026-07-05T10:00:00
PS00006665,LN00018576,PT03,943.20,2026-07-31,2026-08-05T10:00:00
PS00006666,LN00018577,PT03,1047.90,2024-08-31,2024-09-05T10:00:00
PS00006667,LN00018578,PT01,680.90,2024-09-30,2024-10-05T10:00:00
PS00006668,LN00018581,PT04,2218.16,2024-12-31,2025-01-05T10:00:00
PS00006669,LN00018583,PT04,2575.84,2025-02-28,2025-03-05T10:00:00
PS00006670,LN00018587,PT03,2034.30,2025-06-30,2025-07-05T10:00:00
PS00006671,LN00018589,PT05,1046.52,2025-08-31,2025-09-05T10:00:00
PS00006672,LN00018596,PT05,1893.16,2026-03-31,2026-04-05T10:00:00
PS00006673,LN00018597,PT03,819.90,2026-04-30,2026-05-05T10:00:00
PS00006674,LN00018602,PT05,2003.74,2024-09-30,2024-10-05T10:00:00
PS00006675,LN00018604,PT05,963.68,2024-11-30,2024-12-05T10:00:00
PS00006676,LN00018609,PT03,647.40,2025-04-30,2025-05-05T10:00:00
PS00006677,LN00018611,PT02,1353.30,2025-06-30,2025-07-05T10:00:00
PS00006678,LN00018613,PT01,667.04,2025-08-31,2025-09-05T10:00:00
PS00006679,LN00018620,PT05,1407.90,2026-03-31,2026-04-05T10:00:00
PS00006680,LN00018621,PT03,609.00,2026-04-30,2026-05-05T10:00:00
PS00006681,LN00018626,PT05,2334.72,2024-09-30,2024-10-05T10:00:00
PS00006682,LN00018628,PT04,2433.72,2024-11-30,2024-12-05T10:00:00
PS00006683,LN00018631,PT02,669.24,2025-02-28,2025-03-05T10:00:00
PS00006684,LN00018632,PT04,972.06,2025-03-31,2025-04-05T10:00:00
PS00006685,LN00018633,PT05,975.84,2025-04-30,2025-05-05T10:00:00
PS00006686,LN00018635,PT02,1953.90,2025-06-30,2025-07-05T10:00:00
PS00006687,LN00018636,PT04,2432.36,2025-07-31,2025-08-05T10:00:00
PS00006688,LN00018644,PT03,2255.10,2026-03-31,2026-04-05T10:00:00
PS00006689,LN00018646,PT02,879.32,2026-05-31,2026-06-05T10:00:00
PS00006690,LN00018650,PT01,486.64,2024-09-30,2024-10-05T10:00:00
PS00006691,LN00018652,PT01,485.98,2024-11-30,2024-12-05T10:00:00
PS00006692,LN00018653,PT03,1283.40,2024-12-31,2025-01-05T10:00:00
PS00006693,LN00018659,PT03,1234.80,2025-06-30,2025-07-05T10:00:00
PS00006694,LN00018663,PT05,2054.66,2025-10-31,2025-11-05T10:00:00
PS00006695,LN00018665,PT05,782.04,2025-12-31,2026-01-05T10:00:00
PS00006696,LN00018666,PT02,1386.58,2026-01-31,2026-02-05T10:00:00
PS00006697,LN00018668,PT03,2342.70,2026-03-31,2026-04-05T10:00:00
PS00006698,LN00018669,PT01,294.36,2026-04-30,2026-05-05T10:00:00
PS00006699,LN00018670,PT05,1076.92,2026-05-31,2026-06-05T10:00:00
PS00006700,LN00018674,PT04,1783.64,2024-09-30,2024-10-05T10:00:00
PS00006701,LN00018676,PT01,670.34,2024-11-30,2024-12-05T10:00:00
PS00006702,LN00018679,PT01,1371.92,2025-02-28,2025-03-05T10:00:00
PS00006703,LN00018680,PT04,439.28,2025-03-31,2025-04-05T10:00:00
PS00006704,LN00018690,PT03,2277.00,2026-01-31,2026-02-05T10:00:00
PS00006705,LN00018691,PT03,647.40,2026-02-28,2026-03-05T10:00:00
PS00006706,LN00018693,PT02,1040.00,2026-04-30,2026-05-05T10:00:00
PS00006707,LN00018694,PT03,1437.00,2026-05-31,2026-06-05T10:00:00
PS00006708,LN00018695,PT03,1742.70,2026-06-30,2026-07-05T10:00:00
PS00006709,LN00018698,PT02,850.98,2024-09-30,2024-10-05T10:00:00
PS00006710,LN00018700,PT02,1754.48,2024-11-30,2024-12-05T10:00:00
PS00006711,LN00018701,PT04,1691.50,2024-12-31,2025-01-05T10:00:00
PS00006712,LN00018702,PT05,2427.44,2025-01-31,2025-02-05T10:00:00
PS00006713,LN00018704,PT01,743.38,2025-03-31,2025-04-05T10:00:00
PS00006714,LN00018707,PT05,2577.54,2025-06-30,2025-07-05T10:00:00
PS00006715,LN00018708,PT04,2175.66,2025-07-31,2025-08-05T10:00:00
PS00006716,LN00018713,PT04,867.00,2025-12-31,2026-01-05T10:00:00
PS00006717,LN00018714,PT04,412.76,2026-01-31,2026-02-05T10:00:00
PS00006718,LN00018715,PT05,1516.20,2026-02-28,2026-03-05T10:00:00
PS00006719,LN00018717,PT03,640.20,2026-04-30,2026-05-05T10:00:00
PS00006720,LN00018719,PT05,1111.12,2026-06-30,2026-07-05T10:00:00
PS00006721,LN00018721,PT04,2608.48,2024-08-31,2024-09-05T10:00:00
PS00006722,LN00018722,PT03,788.40,2024-09-30,2024-10-05T10:00:00
PS00006723,LN00018723,PT02,1604.98,2024-10-31,2024-11-05T10:00:00
PS00006724,LN00018725,PT02,1754.22,2024-12-31,2025-01-05T10:00:00
PS00006725,LN00018731,PT02,553.54,2025-06-30,2025-07-05T10:00:00
PS00006726,LN00018733,PT02,1828.84,2025-08-31,2025-09-05T10:00:00
PS00006727,LN00018737,PT03,1123.20,2025-12-31,2026-01-05T10:00:00
PS00006728,LN00018740,PT05,2848.48,2026-03-31,2026-04-05T10:00:00
PS00006729,LN00018742,PT01,797.50,2026-05-31,2026-06-05T10:00:00
PS00006730,LN00018743,PT02,1900.86,2026-06-30,2026-07-05T10:00:00
PS00006731,LN00018746,PT03,1873.20,2024-09-30,2024-10-05T10:00:00
PS00006732,LN00018750,PT03,2011.50,2025-01-31,2025-02-05T10:00:00
PS00006733,LN00018751,PT04,1432.42,2025-02-28,2025-03-05T10:00:00
PS00006734,LN00018753,PT04,1977.78,2025-04-30,2025-05-05T10:00:00
PS00006735,LN00018755,PT02,1827.80,2025-06-30,2025-07-05T10:00:00
PS00006736,LN00018761,PT03,1757.40,2025-12-31,2026-01-05T10:00:00
PS00006737,LN00018763,PT02,734.76,2026-02-28,2026-03-05T10:00:00
PS00006738,LN00018764,PT03,620.70,2026-03-31,2026-04-05T10:00:00
PS00006739,LN00018766,PT05,907.44,2026-05-31,2026-06-05T10:00:00
PS00006740,LN00018768,PT04,2529.94,2026-07-31,2026-08-05T10:00:00
PS00006741,LN00018769,PT04,1712.24,2024-08-31,2024-09-05T10:00:00
PS00006742,LN00018770,PT04,1955.34,2024-09-30,2024-10-05T10:00:00
PS00006743,LN00018771,PT02,482.82,2024-10-31,2024-11-05T10:00:00
PS00006744,LN00018772,PT04,2443.58,2024-11-30,2024-12-05T10:00:00
PS00006745,LN00018776,PT02,998.40,2025-03-31,2025-04-05T10:00:00
PS00006746,LN00018780,PT01,500.94,2025-07-31,2025-08-05T10:00:00
PS00006747,LN00018785,PT04,2538.78,2025-12-31,2026-01-05T10:00:00
PS00006748,LN00018788,PT05,968.24,2026-03-31,2026-04-05T10:00:00
PS00006749,LN00018789,PT02,1867.84,2026-04-30,2026-05-05T10:00:00
PS00006750,LN00018794,PT05,1066.66,2024-09-30,2024-10-05T10:00:00
PS00006751,LN00018797,PT05,2405.40,2024-12-31,2025-01-05T10:00:00
PS00006752,LN00018798,PT03,2049.30,2025-01-31,2025-02-05T10:00:00
PS00006753,LN00018800,PT04,1503.82,2025-03-31,2025-04-05T10:00:00
PS00006754,LN00018802,PT05,793.06,2025-05-31,2025-06-05T10:00:00
PS00006755,LN00018804,PT05,969.38,2025-07-31,2025-08-05T10:00:00
PS00006756,LN00018809,PT03,1299.90,2025-12-31,2026-01-05T10:00:00
PS00006757,LN00018810,PT02,1570.92,2026-01-31,2026-02-05T10:00:00
PS00006758,LN00018820,PT03,1784.40,2024-11-30,2024-12-05T10:00:00
PS00006759,LN00018822,PT05,1022.20,2025-01-31,2025-02-05T10:00:00
PS00006760,LN00018823,PT01,1186.24,2025-02-28,2025-03-05T10:00:00
PS00006761,LN00018828,PT01,1025.86,2025-07-31,2025-08-05T10:00:00
PS00006762,LN00018829,PT05,1908.74,2025-08-31,2025-09-05T10:00:00
PS00006763,LN00018830,PT01,498.96,2025-09-30,2025-10-05T10:00:00
PS00006764,LN00018833,PT01,351.12,2025-12-31,2026-01-05T10:00:00
PS00006765,LN00018835,PT01,265.54,2026-02-28,2026-03-05T10:00:00
PS00006766,LN00018838,PT03,924.90,2026-05-31,2026-06-05T10:00:00
PS00006767,LN00018839,PT02,1721.20,2026-06-30,2026-07-05T10:00:00
PS00006768,LN00018840,PT03,812.10,2026-07-31,2026-08-05T10:00:00
PS00006769,LN00018845,PT02,557.96,2024-12-31,2025-01-05T10:00:00
PS00006770,LN00018847,PT01,578.38,2025-02-28,2025-03-05T10:00:00
PS00006771,LN00018848,PT03,1185.90,2025-03-31,2025-04-05T10:00:00
PS00006772,LN00018849,PT05,837.90,2025-04-30,2025-05-05T10:00:00
PS00006773,LN00018853,PT02,413.66,2025-08-31,2025-09-05T10:00:00
PS00006774,LN00018855,PT03,1349.10,2025-10-31,2025-11-05T10:00:00
PS00006775,LN00018859,PT05,1281.74,2026-02-28,2026-03-05T10:00:00
PS00006776,LN00018861,PT03,1694.40,2026-04-30,2026-05-05T10:00:00
PS00006777,LN00018863,PT01,554.62,2026-06-30,2026-07-05T10:00:00
PS00006778,LN00018867,PT02,374.92,2024-10-31,2024-11-05T10:00:00
PS00006779,LN00018868,PT05,2813.52,2024-11-30,2024-12-05T10:00:00
PS00006780,LN00018870,PT05,2749.68,2025-01-31,2025-02-05T10:00:00
PS00006781,LN00018872,PT05,2437.32,2025-03-31,2025-04-05T10:00:00
PS00006782,LN00018876,PT03,2067.90,2025-07-31,2025-08-05T10:00:00
PS00006783,LN00018877,PT05,792.30,2025-08-31,2025-09-05T10:00:00
PS00006784,LN00018879,PT01,1751.42,2025-10-31,2025-11-05T10:00:00
PS00006785,LN00018880,PT02,1477.84,2025-11-30,2025-12-05T10:00:00
PS00006786,LN00018883,PT03,1346.70,2026-02-28,2026-03-05T10:00:00
PS00006787,LN00018884,PT05,1592.96,2026-03-31,2026-04-05T10:00:00
PS00006788,LN00018889,PT04,1272.62,2024-08-31,2024-09-05T10:00:00
PS00006789,LN00018891,PT03,736.20,2024-10-31,2024-11-05T10:00:00
PS00006790,LN00018892,PT04,2004.64,2024-11-30,2024-12-05T10:00:00
PS00006791,LN00018893,PT01,1092.74,2024-12-31,2025-01-05T10:00:00
PS00006792,LN00018898,PT02,1668.42,2025-05-31,2025-06-05T10:00:00
PS00006793,LN00018899,PT05,2063.02,2025-06-30,2025-07-05T10:00:00
PS00006794,LN00018900,PT05,2987.56,2025-07-31,2025-08-05T10:00:00
PS00006795,LN00018901,PT01,1663.42,2025-08-31,2025-09-05T10:00:00
PS00006796,LN00018903,PT02,632.58,2025-10-31,2025-11-05T10:00:00
PS00006797,LN00018905,PT04,1698.64,2025-12-31,2026-01-05T10:00:00
PS00006798,LN00018906,PT02,1415.70,2026-01-31,2026-02-05T10:00:00
PS00006799,LN00018908,PT02,948.74,2026-03-31,2026-04-05T10:00:00
PS00006800,LN00018913,PT05,718.20,2024-08-31,2024-09-05T10:00:00
PS00006801,LN00018914,PT05,920.74,2024-09-30,2024-10-05T10:00:00
PS00006802,LN00018915,PT04,1683.34,2024-10-31,2024-11-05T10:00:00
PS00006803,LN00018916,PT04,2658.46,2024-11-30,2024-12-05T10:00:00
PS00006804,LN00018917,PT05,2220.72,2024-12-31,2025-01-05T10:00:00
PS00006805,LN00018922,PT05,2840.50,2025-05-31,2025-06-05T10:00:00
PS00006806,LN00018928,PT04,2416.04,2025-11-30,2025-12-05T10:00:00
PS00006807,LN00018931,PT03,1067.70,2026-02-28,2026-03-05T10:00:00
PS00006808,LN00018932,PT03,1123.20,2026-03-31,2026-04-05T10:00:00
PS00006809,LN00018933,PT01,1390.18,2026-04-30,2026-05-05T10:00:00
PS00006810,LN00018938,PT01,1008.92,2024-09-30,2024-10-05T10:00:00
PS00006811,LN00018939,PT01,1246.52,2024-10-31,2024-11-05T10:00:00
PS00006812,LN00018941,PT01,1654.18,2024-12-31,2025-01-05T10:00:00
PS00006813,LN00018942,PT03,1708.20,2025-01-31,2025-02-05T10:00:00
PS00006814,LN00018949,PT03,2170.20,2025-08-31,2025-09-05T10:00:00
PS00006815,LN00018953,PT04,682.72,2025-12-31,2026-01-05T10:00:00
PS00006816,LN00018958,PT03,1196.70,2026-05-31,2026-06-05T10:00:00
PS00006817,LN00018959,PT03,1583.40,2026-06-30,2026-07-05T10:00:00
PS00006818,LN00018963,PT04,1623.16,2024-10-31,2024-11-05T10:00:00
PS00006819,LN00018964,PT05,830.30,2024-11-30,2024-12-05T10:00:00
PS00006820,LN00018965,PT04,2703.00,2024-12-31,2025-01-05T10:00:00
PS00006821,LN00018966,PT03,1198.50,2025-01-31,2025-02-05T10:00:00
PS00006822,LN00018968,PT02,1730.04,2025-03-31,2025-04-05T10:00:00
PS00006823,LN00018974,PT02,1226.68,2025-09-30,2025-10-05T10:00:00
PS00006824,LN00018979,PT05,846.64,2026-02-28,2026-03-05T10:00:00
PS00006825,LN00018980,PT05,2595.78,2026-03-31,2026-04-05T10:00:00
PS00006826,LN00018984,PT04,1188.64,2026-07-31,2026-08-05T10:00:00
PS00006827,LN00018985,PT04,2111.74,2024-08-31,2024-09-05T10:00:00
PS00006828,LN00018986,PT02,1141.66,2024-09-30,2024-10-05T10:00:00
PS00006829,LN00018987,PT03,1635.30,2024-10-31,2024-11-05T10:00:00
PS00006830,LN00018988,PT02,705.64,2024-11-30,2024-12-05T10:00:00
PS00006831,LN00018990,PT05,2946.14,2025-01-31,2025-02-05T10:00:00
PS00006832,LN00018991,PT04,1571.48,2025-02-28,2025-03-05T10:00:00
PS00006833,LN00018995,PT05,736.82,2025-06-30,2025-07-05T10:00:00
PS00006834,LN00018998,PT04,542.64,2025-09-30,2025-10-05T10:00:00
PS00006835,LN00018999,PT05,1968.02,2025-10-31,2025-11-05T10:00:00
PS00006836,LN00019000,PT04,1338.92,2025-11-30,2025-12-05T10:00:00
PS00006837,LN00019001,PT02,1284.14,2025-12-31,2026-01-05T10:00:00
PS00006838,LN00019002,PT02,774.02,2026-01-31,2026-02-05T10:00:00
PS00006839,LN00019005,PT01,1602.48,2026-04-30,2026-05-05T10:00:00
PS00006840,LN00019008,PT05,2967.42,2026-07-31,2026-08-05T10:00:00
PS00006841,LN00019009,PT05,2347.64,2024-08-31,2024-09-05T10:00:00
PS00006842,LN00019013,PT02,1142.96,2024-12-31,2025-01-05T10:00:00
PS00006843,LN00019016,PT01,1430.88,2025-03-31,2025-04-05T10:00:00
PS00006844,LN00019017,PT04,1740.12,2025-04-30,2025-05-05T10:00:00
PS00006845,LN00019022,PT02,887.64,2025-09-30,2025-10-05T10:00:00
PS00006846,LN00019023,PT01,484.88,2025-10-31,2025-11-05T10:00:00
PS00006847,LN00019025,PT03,2208.30,2025-12-31,2026-01-05T10:00:00
PS00006848,LN00019033,PT02,470.08,2024-08-31,2024-09-05T10:00:00
PS00006849,LN00019034,PT04,1898.56,2024-09-30,2024-10-05T10:00:00
PS00006850,LN00019035,PT01,1692.24,2024-10-31,2024-11-05T10:00:00
PS00006851,LN00019040,PT05,657.40,2025-03-31,2025-04-05T10:00:00
PS00006852,LN00019048,PT02,1670.24,2025-11-30,2025-12-05T10:00:00
PS00006853,LN00019049,PT03,1862.70,2025-12-31,2026-01-05T10:00:00
PS00006854,LN00019051,PT04,1007.08,2026-02-28,2026-03-05T10:00:00
PS00006855,LN00019052,PT02,1604.98,2026-03-31,2026-04-05T10:00:00
PS00006856,LN00019057,PT01,1414.60,2024-08-31,2024-09-05T10:00:00
PS00006857,LN00019061,PT05,740.62,2024-12-31,2025-01-05T10:00:00
PS00006858,LN00019062,PT02,773.76,2025-01-31,2025-02-05T10:00:00
PS00006859,LN00019064,PT01,589.16,2025-03-31,2025-04-05T10:00:00
PS00006860,LN00019068,PT05,1256.28,2025-07-31,2025-08-05T10:00:00
PS00006861,LN00019069,PT04,2250.46,2025-08-31,2025-09-05T10:00:00
PS00006862,LN00019070,PT04,1828.52,2025-09-30,2025-10-05T10:00:00
PS00006863,LN00019071,PT01,1101.10,2025-10-31,2025-11-05T10:00:00
PS00006864,LN00019072,PT03,2203.50,2025-11-30,2025-12-05T10:00:00
PS00006865,LN00019073,PT04,1625.20,2025-12-31,2026-01-05T10:00:00
PS00006866,LN00019074,PT04,944.52,2026-01-31,2026-02-05T10:00:00
PS00006867,LN00019075,PT04,1738.42,2026-02-28,2026-03-05T10:00:00
PS00006868,LN00019076,PT04,2215.44,2026-03-31,2026-04-05T10:00:00
PS00006869,LN00019086,PT04,1275.34,2025-01-31,2025-02-05T10:00:00
PS00006870,LN00019088,PT01,1244.54,2025-03-31,2025-04-05T10:00:00
PS00006871,LN00019091,PT02,1549.60,2025-06-30,2025-07-05T10:00:00
PS00006872,LN00019093,PT03,1161.00,2025-08-31,2025-09-05T10:00:00
PS00006873,LN00019097,PT05,2917.26,2025-12-31,2026-01-05T10:00:00
PS00006874,LN00019099,PT02,1243.84,2026-02-28,2026-03-05T10:00:00
PS00006875,LN00019100,PT01,1175.90,2026-03-31,2026-04-05T10:00:00
PS00006876,LN00019103,PT04,778.26,2026-06-30,2026-07-05T10:00:00
PS00006877,LN00019104,PT03,1438.50,2026-07-31,2026-08-05T10:00:00
PS00006878,LN00019107,PT01,649.66,2024-10-31,2024-11-05T10:00:00
PS00006879,LN00019109,PT02,1307.02,2024-12-31,2025-01-05T10:00:00
PS00006880,LN00019112,PT04,978.52,2025-03-31,2025-04-05T10:00:00
PS00006881,LN00019117,PT05,2797.18,2025-08-31,2025-09-05T10:00:00
PS00006882,LN00019118,PT03,2313.60,2025-09-30,2025-10-05T10:00:00
PS00006883,LN00019120,PT01,1357.40,2025-11-30,2025-12-05T10:00:00
PS00006884,LN00019121,PT05,2134.08,2025-12-31,2026-01-05T10:00:00
PS00006885,LN00019124,PT01,471.68,2026-03-31,2026-04-05T10:00:00
PS00006886,LN00019125,PT03,2121.30,2026-04-30,2026-05-05T10:00:00
PS00006887,LN00019145,PT04,2392.92,2025-12-31,2026-01-05T10:00:00
PS00006888,LN00019153,PT04,2495.94,2024-08-31,2024-09-05T10:00:00
PS00006889,LN00019155,PT05,2754.62,2024-10-31,2024-11-05T10:00:00
PS00006890,LN00019162,PT01,638.88,2025-05-31,2025-06-05T10:00:00
PS00006891,LN00019164,PT02,319.54,2025-07-31,2025-08-05T10:00:00
PS00006892,LN00019165,PT05,1079.96,2025-08-31,2025-09-05T10:00:00
PS00006893,LN00019168,PT02,1690.52,2025-11-30,2025-12-05T10:00:00
PS00006894,LN00019169,PT04,1423.58,2025-12-31,2026-01-05T10:00:00
PS00006895,LN00019171,PT03,2385.90,2026-02-28,2026-03-05T10:00:00
PS00006896,LN00019172,PT03,864.90,2026-03-31,2026-04-05T10:00:00
PS00006897,LN00019178,PT05,2993.64,2024-09-30,2024-10-05T10:00:00
PS00006898,LN00019189,PT04,819.06,2025-08-31,2025-09-05T10:00:00
PS00006899,LN00019190,PT02,1126.84,2025-09-30,2025-10-05T10:00:00
PS00006900,LN00019193,PT02,1934.66,2025-12-31,2026-01-05T10:00:00
PS00006901,LN00019195,PT03,2192.70,2026-02-28,2026-03-05T10:00:00
PS00006902,LN00019196,PT01,381.92,2026-03-31,2026-04-05T10:00:00
PS00006903,LN00019198,PT04,1197.14,2026-05-31,2026-06-05T10:00:00
PS00006904,LN00019207,PT02,1409.20,2025-02-28,2025-03-05T10:00:00
PS00006905,LN00019215,PT01,650.32,2025-10-31,2025-11-05T10:00:00
PS00006906,LN00019217,PT04,1196.46,2025-12-31,2026-01-05T10:00:00
PS00006907,LN00019219,PT05,2463.16,2026-02-28,2026-03-05T10:00:00
PS00006908,LN00019222,PT01,1119.14,2026-05-31,2026-06-05T10:00:00
PS00006909,LN00019223,PT03,1578.00,2026-06-30,2026-07-05T10:00:00
PS00006910,LN00019228,PT05,2381.08,2024-11-30,2024-12-05T10:00:00
PS00006911,LN00019230,PT03,2385.90,2025-01-31,2025-02-05T10:00:00
PS00006912,LN00019231,PT04,2469.76,2025-02-28,2025-03-05T10:00:00
PS00006913,LN00019235,PT03,1393.20,2025-06-30,2025-07-05T10:00:00
PS00006914,LN00019238,PT03,1452.30,2025-09-30,2025-10-05T10:00:00
PS00006915,LN00019243,PT03,1766.70,2026-02-28,2026-03-05T10:00:00
PS00006916,LN00019253,PT03,2364.00,2024-12-31,2025-01-05T10:00:00
PS00006917,LN00019256,PT04,1480.02,2025-03-31,2025-04-05T10:00:00
PS00006918,LN00019259,PT04,1702.72,2025-06-30,2025-07-05T10:00:00
PS00006919,LN00019260,PT05,2658.86,2025-07-31,2025-08-05T10:00:00
PS00006920,LN00019266,PT02,1457.56,2026-01-31,2026-02-05T10:00:00
PS00006921,LN00019270,PT02,811.98,2026-05-31,2026-06-05T10:00:00
PS00006922,LN00019274,PT01,436.70,2024-09-30,2024-10-05T10:00:00
PS00006923,LN00019277,PT04,992.12,2024-12-31,2025-01-05T10:00:00
PS00006924,LN00019279,PT05,2754.62,2025-02-28,2025-03-05T10:00:00
PS00006925,LN00019281,PT05,1722.16,2025-04-30,2025-05-05T10:00:00
PS00006926,LN00019286,PT02,412.62,2025-09-30,2025-10-05T10:00:00
PS00006927,LN00019289,PT04,2522.12,2025-12-31,2026-01-05T10:00:00
PS00006928,LN00019299,PT02,694.20,2024-10-31,2024-11-05T10:00:00
PS00006929,LN00019301,PT02,647.92,2024-12-31,2025-01-05T10:00:00
PS00006930,LN00019303,PT04,2235.16,2025-02-28,2025-03-05T10:00:00
PS00006931,LN00019304,PT04,2108.68,2025-03-31,2025-04-05T10:00:00
PS00006932,LN00019306,PT05,1763.20,2025-05-31,2025-06-05T10:00:00
PS00006933,LN00019311,PT01,1479.28,2025-10-31,2025-11-05T10:00:00
PS00006934,LN00019312,PT04,923.78,2025-11-30,2025-12-05T10:00:00
PS00006935,LN00019319,PT04,2298.74,2026-06-30,2026-07-05T10:00:00
PS00006936,LN00019320,PT04,1952.28,2026-07-31,2026-08-05T10:00:00
PS00006937,LN00019321,PT03,2082.30,2024-08-31,2024-09-05T10:00:00
PS00006938,LN00019323,PT03,1323.90,2024-10-31,2024-11-05T10:00:00
PS00006939,LN00019325,PT05,2939.68,2024-12-31,2025-01-05T10:00:00
PS00006940,LN00019329,PT01,828.08,2025-04-30,2025-05-05T10:00:00
PS00006941,LN00019330,PT05,1103.52,2025-05-31,2025-06-05T10:00:00
PS00006942,LN00019331,PT02,1655.16,2025-06-30,2025-07-05T10:00:00
PS00006943,LN00019333,PT05,2267.08,2025-08-31,2025-09-05T10:00:00
PS00006944,LN00019334,PT01,710.82,2025-09-30,2025-10-05T10:00:00
PS00006945,LN00019335,PT04,1832.94,2025-10-31,2025-11-05T10:00:00
PS00006946,LN00019336,PT01,552.20,2025-11-30,2025-12-05T10:00:00
PS00006947,LN00019340,PT03,972.90,2026-03-31,2026-04-05T10:00:00
PS00006948,LN00019341,PT05,2145.10,2026-04-30,2026-05-05T10:00:00
PS00006949,LN00019342,PT03,720.90,2026-05-31,2026-06-05T10:00:00
PS00006950,LN00019343,PT05,983.06,2026-06-30,2026-07-05T10:00:00
PS00006951,LN00019351,PT04,1050.26,2025-02-28,2025-03-05T10:00:00
PS00006952,LN00019353,PT01,736.34,2025-04-30,2025-05-05T10:00:00
PS00006953,LN00019355,PT05,2845.44,2025-06-30,2025-07-05T10:00:00
PS00006954,LN00019356,PT04,1442.96,2025-07-31,2025-08-05T10:00:00
PS00006955,LN00019358,PT05,1025.62,2025-09-30,2025-10-05T10:00:00
PS00006956,LN00019362,PT05,2242.38,2026-01-31,2026-02-05T10:00:00
PS00006957,LN00019363,PT01,1307.46,2026-02-28,2026-03-05T10:00:00
PS00006958,LN00019364,PT01,655.16,2026-03-31,2026-04-05T10:00:00
PS00006959,LN00019367,PT05,1541.66,2026-06-30,2026-07-05T10:00:00
PS00006960,LN00019370,PT01,1759.56,2024-09-30,2024-10-05T10:00:00
PS00006961,LN00019374,PT01,685.74,2025-01-31,2025-02-05T10:00:00
PS00006962,LN00019376,PT03,1361.10,2025-03-31,2025-04-05T10:00:00
PS00006963,LN00019377,PT04,2587.40,2025-04-30,2025-05-05T10:00:00
PS00006964,LN00019378,PT02,1302.08,2025-05-31,2025-06-05T10:00:00
PS00006965,LN00019384,PT04,532.10,2025-11-30,2025-12-05T10:00:00
PS00006966,LN00019385,PT02,1562.60,2025-12-31,2026-01-05T10:00:00
PS00006967,LN00019390,PT04,1375.30,2026-05-31,2026-06-05T10:00:00
PS00006968,LN00019391,PT05,2028.82,2026-06-30,2026-07-05T10:00:00
PS00006969,LN00019393,PT03,1827.30,2024-08-31,2024-09-05T10:00:00
PS00006970,LN00019394,PT04,958.12,2024-09-30,2024-10-05T10:00:00
PS00006971,LN00019396,PT05,1570.16,2024-11-30,2024-12-05T10:00:00
PS00006972,LN00019397,PT04,1956.36,2024-12-31,2025-01-05T10:00:00
PS00006973,LN00019408,PT02,1177.28,2025-11-30,2025-12-05T10:00:00
PS00006974,LN00019409,PT02,1963.00,2025-12-31,2026-01-05T10:00:00
PS00006975,LN00019411,PT01,1030.48,2026-02-28,2026-03-05T10:00:00
PS00006976,LN00019424,PT05,1451.60,2025-03-31,2025-04-05T10:00:00
PS00006977,LN00019426,PT04,677.96,2025-05-31,2025-06-05T10:00:00
PS00006978,LN00019428,PT04,1725.16,2025-07-31,2025-08-05T10:00:00
PS00006979,LN00019429,PT02,1473.94,2025-08-31,2025-09-05T10:00:00
PS00006980,LN00019435,PT04,635.80,2026-02-28,2026-03-05T10:00:00
PS00006981,LN00019438,PT05,807.12,2026-05-31,2026-06-05T10:00:00
PS00006982,LN00019443,PT03,1064.10,2024-10-31,2024-11-05T10:00:00
PS00006983,LN00019444,PT04,1962.82,2024-11-30,2024-12-05T10:00:00
PS00006984,LN00019446,PT03,476.70,2025-01-31,2025-02-05T10:00:00
PS00006985,LN00019454,PT04,434.18,2025-09-30,2025-10-05T10:00:00
PS00006986,LN00019455,PT03,2253.30,2025-10-31,2025-11-05T10:00:00
PS00006987,LN00019456,PT04,2630.92,2025-11-30,2025-12-05T10:00:00
PS00006988,LN00019459,PT01,834.90,2026-02-28,2026-03-05T10:00:00
PS00006989,LN00019462,PT02,355.94,2026-05-31,2026-06-05T10:00:00
PS00006990,LN00019467,PT03,1299.00,2024-10-31,2024-11-05T10:00:00
PS00006991,LN00019469,PT02,1105.26,2024-12-31,2025-01-05T10:00:00
PS00006992,LN00019471,PT03,2225.40,2025-02-28,2025-03-05T10:00:00
PS00006993,LN00019476,PT01,1614.36,2025-07-31,2025-08-05T10:00:00
PS00006994,LN00019478,PT05,1596.76,2025-09-30,2025-10-05T10:00:00
PS00006995,LN00019482,PT03,941.70,2026-01-31,2026-02-05T10:00:00
PS00006996,LN00019484,PT03,2260.80,2026-03-31,2026-04-05T10:00:00
PS00006997,LN00019486,PT02,876.98,2026-05-31,2026-06-05T10:00:00
PS00006998,LN00019487,PT02,1763.06,2026-06-30,2026-07-05T10:00:00
PS00006999,LN00019492,PT03,1497.90,2024-11-30,2024-12-05T10:00:00
PS00007000,LN00019499,PT05,1119.86,2025-06-30,2025-07-05T10:00:00
PS00007001,LN00019500,PT02,1766.70,2025-07-31,2025-08-05T10:00:00
PS00007002,LN00019502,PT04,2310.98,2025-09-30,2025-10-05T10:00:00
PS00007003,LN00019505,PT01,339.46,2025-12-31,2026-01-05T10:00:00
PS00007004,LN00019511,PT03,2249.40,2026-06-30,2026-07-05T10:00:00
PS00007005,LN00019514,PT05,1514.68,2024-09-30,2024-10-05T10:00:00
PS00007006,LN00019518,PT03,422.70,2025-01-31,2025-02-05T10:00:00
PS00007007,LN00019519,PT03,987.30,2025-02-28,2025-03-05T10:00:00
PS00007008,LN00019521,PT03,1452.90,2025-04-30,2025-05-05T10:00:00
PS00007009,LN00019522,PT04,1734.34,2025-05-31,2025-06-05T10:00:00
PS00007010,LN00019523,PT03,1837.50,2025-06-30,2025-07-05T10:00:00
PS00007011,LN00019527,PT02,1673.36,2025-10-31,2025-11-05T10:00:00
PS00007012,LN00019532,PT02,1020.24,2026-03-31,2026-04-05T10:00:00
PS00007013,LN00019533,PT04,1390.94,2026-04-30,2026-05-05T10:00:00
PS00007014,LN00019535,PT01,904.64,2026-06-30,2026-07-05T10:00:00
PS00007015,LN00019538,PT05,472.72,2024-09-30,2024-10-05T10:00:00
PS00007016,LN00019539,PT02,920.66,2024-10-31,2024-11-05T10:00:00
PS00007017,LN00019541,PT03,2222.70,2024-12-31,2025-01-05T10:00:00
PS00007018,LN00019545,PT05,826.50,2025-04-30,2025-05-05T10:00:00
PS00007019,LN00019546,PT02,1809.86,2025-05-31,2025-06-05T10:00:00
PS00007020,LN00019547,PT02,582.14,2025-06-30,2025-07-05T10:00:00
PS00007021,LN00019548,PT02,1307.02,2025-07-31,2025-08-05T10:00:00
PS00007022,LN00019550,PT01,1649.34,2025-09-30,2025-10-05T10:00:00
PS00007023,LN00019556,PT02,373.88,2026-03-31,2026-04-05T10:00:00
PS00007024,LN00019567,PT05,1257.80,2025-02-28,2025-03-05T10:00:00
PS00007025,LN00019572,PT02,1362.66,2025-07-31,2025-08-05T10:00:00
PS00007026,LN00019576,PT02,2056.34,2025-11-30,2025-12-05T10:00:00
PS00007027,LN00019578,PT04,1135.94,2026-01-31,2026-02-05T10:00:00
PS00007028,LN00019579,PT02,673.14,2026-02-28,2026-03-05T10:00:00
PS00007029,LN00019580,PT03,2194.20,2026-03-31,2026-04-05T10:00:00
PS00007030,LN00019588,PT03,1170.30,2024-11-30,2024-12-05T10:00:00
PS00007031,LN00019590,PT04,1759.50,2025-01-31,2025-02-05T10:00:00
PS00007032,LN00019593,PT01,900.02,2025-04-30,2025-05-05T10:00:00
PS00007033,LN00019596,PT01,270.82,2025-07-31,2025-08-05T10:00:00
PS00007034,LN00019599,PT01,1348.38,2025-10-31,2025-11-05T10:00:00
PS00007035,LN00019600,PT02,1575.60,2025-11-30,2025-12-05T10:00:00
PS00007036,LN00019603,PT01,376.64,2026-02-28,2026-03-05T10:00:00
PS00007037,LN00019610,PT04,956.76,2024-09-30,2024-10-05T10:00:00
PS00007038,LN00019613,PT01,520.08,2024-12-31,2025-01-05T10:00:00
PS00007039,LN00019614,PT03,1887.90,2025-01-31,2025-02-05T10:00:00
PS00007040,LN00019615,PT01,1664.30,2025-02-28,2025-03-05T10:00:00
PS00007041,LN00019616,PT04,474.98,2025-03-31,2025-04-05T10:00:00
PS00007042,LN00019619,PT03,2060.40,2025-06-30,2025-07-05T10:00:00
PS00007043,LN00019620,PT05,2935.88,2025-07-31,2025-08-05T10:00:00
PS00007044,LN00019621,PT05,801.80,2025-08-31,2025-09-05T10:00:00
PS00007045,LN00019626,PT03,1952.70,2026-01-31,2026-02-05T10:00:00
PS00007046,LN00019629,PT01,788.70,2026-04-30,2026-05-05T10:00:00
PS00007047,LN00019632,PT01,965.80,2026-07-31,2026-08-05T10:00:00
PS00007048,LN00019634,PT01,1055.56,2024-09-30,2024-10-05T10:00:00
PS00007049,LN00019635,PT04,1634.72,2024-10-31,2024-11-05T10:00:00
PS00007050,LN00019637,PT03,633.30,2024-12-31,2025-01-05T10:00:00
PS00007051,LN00019638,PT02,2009.80,2025-01-31,2025-02-05T10:00:00
PS00007052,LN00019647,PT04,1636.76,2025-10-31,2025-11-05T10:00:00
PS00007053,LN00019650,PT05,2381.46,2026-01-31,2026-02-05T10:00:00
PS00007054,LN00019652,PT01,761.20,2026-03-31,2026-04-05T10:00:00
PS00007055,LN00019654,PT05,1041.20,2026-05-31,2026-06-05T10:00:00
PS00007056,LN00019657,PT02,1737.06,2024-08-31,2024-09-05T10:00:00
PS00007057,LN00019658,PT04,2472.14,2024-09-30,2024-10-05T10:00:00
PS00007058,LN00019660,PT04,2195.04,2024-11-30,2024-12-05T10:00:00
PS00007059,LN00019661,PT01,1541.10,2024-12-31,2025-01-05T10:00:00
PS00007060,LN00019663,PT05,879.70,2025-02-28,2025-03-05T10:00:00
PS00007061,LN00019667,PT02,773.50,2025-06-30,2025-07-05T10:00:00
PS00007062,LN00019668,PT02,1753.96,2025-07-31,2025-08-05T10:00:00
PS00007063,LN00019681,PT01,1413.50,2024-08-31,2024-09-05T10:00:00
PS00007064,LN00019686,PT03,836.40,2025-01-31,2025-02-05T10:00:00
PS00007065,LN00019688,PT02,1080.04,2025-03-31,2025-04-05T10:00:00
PS00007066,LN00019693,PT03,421.80,2025-08-31,2025-09-05T10:00:00
PS00007067,LN00019695,PT03,928.80,2025-10-31,2025-11-05T10:00:00
PS00007068,LN00019698,PT04,2374.90,2026-01-31,2026-02-05T10:00:00
PS00007069,LN00019699,PT01,1145.76,2026-02-28,2026-03-05T10:00:00
PS00007070,LN00019703,PT03,2106.30,2026-06-30,2026-07-05T10:00:00
PS00007071,LN00019704,PT05,1295.04,2026-07-31,2026-08-05T10:00:00
PS00007072,LN00019709,PT03,1842.00,2024-12-31,2025-01-05T10:00:00
PS00007073,LN00019710,PT04,1169.94,2025-01-31,2025-02-05T10:00:00
PS00007074,LN00019712,PT05,2094.94,2025-03-31,2025-04-05T10:00:00
PS00007075,LN00019714,PT04,1024.08,2025-05-31,2025-06-05T10:00:00
PS00007076,LN00019716,PT03,1404.30,2025-07-31,2025-08-05T10:00:00
PS00007077,LN00019723,PT01,860.42,2026-02-28,2026-03-05T10:00:00
PS00007078,LN00019725,PT05,1806.14,2026-04-30,2026-05-05T10:00:00
PS00007079,LN00019726,PT03,488.40,2026-05-31,2026-06-05T10:00:00
PS00007080,LN00019727,PT02,322.92,2026-06-30,2026-07-05T10:00:00
PS00007081,LN00019728,PT01,282.04,2026-07-31,2026-08-05T10:00:00
PS00007082,LN00019731,PT03,1568.40,2024-10-31,2024-11-05T10:00:00
PS00007083,LN00019732,PT04,1017.96,2024-11-30,2024-12-05T10:00:00
PS00007084,LN00019734,PT03,460.80,2025-01-31,2025-02-05T10:00:00
PS00007085,LN00019735,PT01,1355.86,2025-02-28,2025-03-05T10:00:00
PS00007086,LN00019738,PT01,984.50,2025-05-31,2025-06-05T10:00:00
PS00007087,LN00019744,PT04,609.28,2025-11-30,2025-12-05T10:00:00
PS00007088,LN00019745,PT01,1301.74,2025-12-31,2026-01-05T10:00:00
PS00007089,LN00019746,PT02,1778.92,2026-01-31,2026-02-05T10:00:00
PS00007090,LN00019748,PT01,1406.68,2026-03-31,2026-04-05T10:00:00
PS00007091,LN00019757,PT03,2309.70,2024-12-31,2025-01-05T10:00:00
PS00007092,LN00019762,PT04,2702.32,2025-05-31,2025-06-05T10:00:00
PS00007093,LN00019764,PT03,1947.00,2025-07-31,2025-08-05T10:00:00
PS00007094,LN00019766,PT05,1123.66,2025-09-30,2025-10-05T10:00:00
PS00007095,LN00019768,PT03,1138.20,2025-11-30,2025-12-05T10:00:00
PS00007096,LN00019770,PT01,928.62,2026-01-31,2026-02-05T10:00:00
PS00007097,LN00019774,PT04,1740.12,2026-05-31,2026-06-05T10:00:00
PS00007098,LN00019778,PT01,1332.32,2024-09-30,2024-10-05T10:00:00
PS00007099,LN00019781,PT05,1290.10,2024-12-31,2025-01-05T10:00:00
PS00007100,LN00019783,PT01,808.06,2025-02-28,2025-03-05T10:00:00
PS00007101,LN00019784,PT02,1810.64,2025-03-31,2025-04-05T10:00:00
PS00007102,LN00019787,PT05,1777.64,2025-06-30,2025-07-05T10:00:00
PS00007103,LN00019788,PT05,2028.06,2025-07-31,2025-08-05T10:00:00
PS00007104,LN00019789,PT04,2119.90,2025-08-31,2025-09-05T10:00:00
PS00007105,LN00019790,PT03,1285.20,2025-09-30,2025-10-05T10:00:00
PS00007106,LN00019791,PT03,1596.90,2025-10-31,2025-11-05T10:00:00
PS00007107,LN00019794,PT05,1564.84,2026-01-31,2026-02-05T10:00:00
PS00007108,LN00019797,PT02,1901.38,2026-04-30,2026-05-05T10:00:00
PS00007109,LN00019806,PT04,2522.46,2025-01-31,2025-02-05T10:00:00
PS00007110,LN00019810,PT02,987.74,2025-05-31,2025-06-05T10:00:00
PS00007111,LN00019815,PT04,2015.52,2025-10-31,2025-11-05T10:00:00
PS00007112,LN00019819,PT04,1169.60,2026-02-28,2026-03-05T10:00:00
PS00007113,LN00019820,PT01,831.38,2026-03-31,2026-04-05T10:00:00
PS00007114,LN00019824,PT03,1189.50,2026-07-31,2026-08-05T10:00:00
PS00007115,LN00019827,PT04,1547.00,2024-10-31,2024-11-05T10:00:00
PS00007116,LN00019829,PT01,449.46,2024-12-31,2025-01-05T10:00:00
PS00007117,LN00019831,PT02,1633.06,2025-02-28,2025-03-05T10:00:00
PS00007118,LN00019838,PT03,1356.00,2025-09-30,2025-10-05T10:00:00
PS00007119,LN00019842,PT03,399.60,2026-01-31,2026-02-05T10:00:00
PS00007120,LN00019844,PT03,1504.20,2026-03-31,2026-04-05T10:00:00
PS00007121,LN00019845,PT02,764.92,2026-04-30,2026-05-05T10:00:00
PS00007122,LN00019846,PT02,1721.72,2026-05-31,2026-06-05T10:00:00
PS00007123,LN00019855,PT03,2273.40,2025-02-28,2025-03-05T10:00:00
PS00007124,LN00019862,PT05,2558.54,2025-09-30,2025-10-05T10:00:00
PS00007125,LN00019864,PT03,2120.10,2025-11-30,2025-12-05T10:00:00
PS00007126,LN00019869,PT01,1248.28,2026-04-30,2026-05-05T10:00:00
PS00007127,LN00019870,PT01,1565.30,2026-05-31,2026-06-05T10:00:00
PS00007128,LN00019871,PT01,1566.62,2026-06-30,2026-07-05T10:00:00
PS00007129,LN00019877,PT05,1947.50,2024-12-31,2025-01-05T10:00:00
PS00007130,LN00019878,PT01,1026.96,2025-01-31,2025-02-05T10:00:00
PS00007131,LN00019880,PT02,344.76,2025-03-31,2025-04-05T10:00:00
PS00007132,LN00019881,PT01,1471.36,2025-04-30,2025-05-05T10:00:00
PS00007133,LN00019882,PT05,1553.44,2025-05-31,2025-06-05T10:00:00
PS00007134,LN00019883,PT03,551.10,2025-06-30,2025-07-05T10:00:00
PS00007135,LN00019885,PT04,2105.28,2025-08-31,2025-09-05T10:00:00
PS00007136,LN00019891,PT03,1203.00,2026-02-28,2026-03-05T10:00:00
PS00007137,LN00019892,PT04,2395.30,2026-03-31,2026-04-05T10:00:00
PS00007138,LN00019894,PT05,632.32,2026-05-31,2026-06-05T10:00:00
PS00007139,LN00019896,PT05,1164.70,2026-07-31,2026-08-05T10:00:00
PS00007140,LN00019899,PT04,819.06,2024-10-31,2024-11-05T10:00:00
PS00007141,LN00019900,PT05,805.98,2024-11-30,2024-12-05T10:00:00
PS00007142,LN00019901,PT05,1615.00,2024-12-31,2025-01-05T10:00:00
PS00007143,LN00019903,PT03,1436.10,2025-02-28,2025-03-05T10:00:00
PS00007144,LN00019904,PT05,2011.34,2025-03-31,2025-04-05T10:00:00
PS00007145,LN00019909,PT05,1548.50,2025-08-31,2025-09-05T10:00:00
PS00007146,LN00019913,PT04,1616.70,2025-12-31,2026-01-05T10:00:00
PS00007147,LN00019915,PT01,1513.16,2026-02-28,2026-03-05T10:00:00
PS00007148,LN00019918,PT02,905.32,2026-05-31,2026-06-05T10:00:00
PS00007149,LN00019919,PT01,729.08,2026-06-30,2026-07-05T10:00:00
PS00007150,LN00019923,PT01,1136.52,2024-10-31,2024-11-05T10:00:00
PS00007151,LN00019924,PT05,1591.82,2024-11-30,2024-12-05T10:00:00
PS00007152,LN00019932,PT05,2429.34,2025-07-31,2025-08-05T10:00:00
PS00007153,LN00019935,PT04,2323.22,2025-10-31,2025-11-05T10:00:00
PS00007154,LN00019937,PT02,1731.08,2025-12-31,2026-01-05T10:00:00
PS00007155,LN00019946,PT05,2613.64,2024-09-30,2024-10-05T10:00:00
PS00007156,LN00019952,PT03,1124.70,2025-03-31,2025-04-05T10:00:00
PS00007157,LN00019954,PT03,1912.80,2025-05-31,2025-06-05T10:00:00
PS00007158,LN00019957,PT02,1174.68,2025-08-31,2025-09-05T10:00:00
PS00007159,LN00019963,PT01,1061.06,2026-02-28,2026-03-05T10:00:00
PS00007160,LN00019964,PT03,2285.10,2026-03-31,2026-04-05T10:00:00
PS00007161,LN00019972,PT01,1318.46,2024-11-30,2024-12-05T10:00:00
PS00007162,LN00019974,PT03,1987.50,2025-01-31,2025-02-05T10:00:00
PS00007163,LN00019975,PT01,1572.12,2025-02-28,2025-03-05T10:00:00
PS00007164,LN00019976,PT02,1901.38,2025-03-31,2025-04-05T10:00:00
PS00007165,LN00019977,PT01,767.36,2025-04-30,2025-05-05T10:00:00
PS00007166,LN00019978,PT05,3029.74,2025-05-31,2025-06-05T10:00:00
PS00007167,LN00019979,PT05,773.68,2025-06-30,2025-07-05T10:00:00
PS00007168,LN00019980,PT02,2033.46,2025-07-31,2025-08-05T10:00:00
PS00007169,LN00019981,PT01,1358.72,2025-08-31,2025-09-05T10:00:00
PS00007170,LN00019986,PT01,1303.06,2026-01-31,2026-02-05T10:00:00
PS00007171,LN00019988,PT02,1784.90,2026-03-31,2026-04-05T10:00:00
PS00007172,LN00019989,PT01,770.00,2026-04-30,2026-05-05T10:00:00
PS00007173,LN00019994,PT05,2095.32,2024-09-30,2024-10-05T10:00:00
PS00007174,LN00019995,PT03,1556.40,2024-10-31,2024-11-05T10:00:00
PS00007175,LN00019996,PT01,1673.10,2024-11-30,2024-12-05T10:00:00
PS00007176,LN00019999,PT05,1700.12,2025-02-28,2025-03-05T10:00:00
PS00007177,LN00020000,PT05,513.00,2025-03-31,2025-04-05T10:00:00
PS00007178,LN00020003,PT04,2393.26,2025-06-30,2025-07-05T10:00:00
PS00007179,LN00020005,PT04,2121.26,2025-08-31,2025-09-05T10:00:00
PS00007180,LN00020009,PT04,2291.26,2025-12-31,2026-01-05T10:00:00
PS00007181,LN00020010,PT03,492.90,2026-01-31,2026-02-05T10:00:00
PS00007182,LN00020011,PT01,887.92,2026-02-28,2026-03-05T10:00:00
PS00007183,LN00020013,PT02,1944.28,2026-04-30,2026-05-05T10:00:00
PS00007184,LN00020015,PT04,1709.52,2026-06-30,2026-07-05T10:00:00
PS00007185,LN00020027,PT03,2263.80,2025-06-30,2025-07-05T10:00:00
PS00007186,LN00020030,PT03,861.30,2025-09-30,2025-10-05T10:00:00
PS00007187,LN00020032,PT03,2213.70,2025-11-30,2025-12-05T10:00:00
PS00007188,LN00020033,PT01,1324.62,2025-12-31,2026-01-05T10:00:00
PS00007189,LN00020039,PT05,2668.36,2026-06-30,2026-07-05T10:00:00
PS00007190,LN00020041,PT02,1224.34,2024-08-31,2024-09-05T10:00:00
PS00007191,LN00020044,PT04,1071.68,2024-11-30,2024-12-05T10:00:00
PS00007192,LN00020046,PT04,2234.14,2025-01-31,2025-02-05T10:00:00
PS00007193,LN00020053,PT05,2879.64,2025-08-31,2025-09-05T10:00:00
PS00007194,LN00020054,PT01,325.82,2025-09-30,2025-10-05T10:00:00
PS00007195,LN00020055,PT01,660.00,2025-10-31,2025-11-05T10:00:00
PS00007196,LN00020056,PT03,993.90,2025-11-30,2025-12-05T10:00:00
PS00007197,LN00020058,PT04,2477.92,2026-01-31,2026-02-05T10:00:00
PS00007198,LN00020059,PT01,834.02,2026-02-28,2026-03-05T10:00:00
PS00007199,LN00020060,PT02,869.18,2026-03-31,2026-04-05T10:00:00
PS00007200,LN00020061,PT03,771.90,2026-04-30,2026-05-05T10:00:00
PS00007201,LN00020062,PT01,1678.38,2026-05-31,2026-06-05T10:00:00
PS00007202,LN00020065,PT02,1552.46,2024-08-31,2024-09-05T10:00:00
PS00007203,LN00020071,PT03,1053.60,2025-02-28,2025-03-05T10:00:00
PS00007204,LN00020072,PT05,1116.82,2025-03-31,2025-04-05T10:00:00
PS00007205,LN00020083,PT02,1439.62,2026-02-28,2026-03-05T10:00:00
PS00007206,LN00020084,PT03,2393.70,2026-03-31,2026-04-05T10:00:00
PS00007207,LN00020086,PT01,975.70,2026-05-31,2026-06-05T10:00:00
PS00007208,LN00020090,PT02,485.42,2024-09-30,2024-10-05T10:00:00
PS00007209,LN00020091,PT02,1274.78,2024-10-31,2024-11-05T10:00:00
PS00007210,LN00020092,PT05,2707.88,2024-11-30,2024-12-05T10:00:00
PS00007211,LN00020097,PT03,1181.70,2025-04-30,2025-05-05T10:00:00
PS00007212,LN00020098,PT01,523.38,2025-05-31,2025-06-05T10:00:00
PS00007213,LN00020100,PT01,752.40,2025-07-31,2025-08-05T10:00:00
PS00007214,LN00020101,PT05,1672.38,2025-08-31,2025-09-05T10:00:00
PS00007215,LN00020102,PT01,1749.44,2025-09-30,2025-10-05T10:00:00
PS00007216,LN00020103,PT03,1757.70,2025-10-31,2025-11-05T10:00:00
PS00007217,LN00020104,PT04,1099.56,2025-11-30,2025-12-05T10:00:00
PS00007218,LN00020107,PT03,965.70,2026-02-28,2026-03-05T10:00:00
PS00007219,LN00020108,PT01,1362.02,2026-03-31,2026-04-05T10:00:00
PS00007220,LN00020113,PT01,553.96,2024-08-31,2024-09-05T10:00:00
PS00007221,LN00020121,PT01,1275.56,2025-04-30,2025-05-05T10:00:00
PS00007222,LN00020122,PT05,1509.74,2025-05-31,2025-06-05T10:00:00
PS00007223,LN00020123,PT02,1530.10,2025-06-30,2025-07-05T10:00:00
PS00007224,LN00020127,PT02,807.82,2025-10-31,2025-11-05T10:00:00
PS00007225,LN00020138,PT03,2178.90,2024-09-30,2024-10-05T10:00:00
PS00007226,LN00020146,PT04,2062.44,2025-05-31,2025-06-05T10:00:00
PS00007227,LN00020148,PT05,614.84,2025-07-31,2025-08-05T10:00:00
PS00007228,LN00020151,PT05,2916.12,2025-10-31,2025-11-05T10:00:00
PS00007229,LN00020154,PT01,1748.12,2026-01-31,2026-02-05T10:00:00
PS00007230,LN00020155,PT02,593.58,2026-02-28,2026-03-05T10:00:00
PS00007231,LN00020156,PT04,1941.40,2026-03-31,2026-04-05T10:00:00
PS00007232,LN00020159,PT04,1195.10,2026-06-30,2026-07-05T10:00:00
PS00007233,LN00020161,PT02,523.64,2024-08-31,2024-09-05T10:00:00
PS00007234,LN00020164,PT04,2466.02,2024-11-30,2024-12-05T10:00:00
PS00007235,LN00020166,PT04,583.78,2025-01-31,2025-02-05T10:00:00
PS00007236,LN00020167,PT05,2141.68,2025-02-28,2025-03-05T10:00:00
PS00007237,LN00020169,PT03,1625.70,2025-04-30,2025-05-05T10:00:00
PS00007238,LN00020173,PT05,1689.86,2025-08-31,2025-09-05T10:00:00
PS00007239,LN00020174,PT02,429.26,2025-09-30,2025-10-05T10:00:00
PS00007240,LN00020176,PT02,822.90,2025-11-30,2025-12-05T10:00:00
PS00007241,LN00020180,PT01,267.30,2026-03-31,2026-04-05T10:00:00
PS00007242,LN00020183,PT02,570.96,2026-06-30,2026-07-05T10:00:00
PS00007243,LN00020184,PT03,2084.70,2026-07-31,2026-08-05T10:00:00
PS00007244,LN00020191,PT05,2500.02,2025-02-28,2025-03-05T10:00:00
PS00007245,LN00020192,PT01,526.24,2025-03-31,2025-04-05T10:00:00
PS00007246,LN00020198,PT03,642.60,2025-09-30,2025-10-05T10:00:00
PS00007247,LN00020200,PT02,1367.08,2025-11-30,2025-12-05T10:00:00
PS00007248,LN00020203,PT05,1234.62,2026-02-28,2026-03-05T10:00:00
PS00007249,LN00020210,PT04,2701.30,2024-09-30,2024-10-05T10:00:00
PS00007250,LN00020215,PT02,1707.16,2025-02-28,2025-03-05T10:00:00
PS00007251,LN00020217,PT02,1332.76,2025-04-30,2025-05-05T10:00:00
PS00007252,LN00020219,PT04,2013.82,2025-06-30,2025-07-05T10:00:00
PS00007253,LN00020220,PT01,613.58,2025-07-31,2025-08-05T10:00:00
PS00007254,LN00020221,PT05,2497.74,2025-08-31,2025-09-05T10:00:00
PS00007255,LN00020224,PT03,1121.10,2025-11-30,2025-12-05T10:00:00
PS00007256,LN00020227,PT05,3015.68,2026-02-28,2026-03-05T10:00:00
PS00007257,LN00020229,PT02,642.98,2026-04-30,2026-05-05T10:00:00
PS00007258,LN00020231,PT05,2734.86,2026-06-30,2026-07-05T10:00:00
PS00007259,LN00020241,PT03,1374.60,2025-04-30,2025-05-05T10:00:00
PS00007260,LN00020242,PT05,1815.64,2025-05-31,2025-06-05T10:00:00
PS00007261,LN00020247,PT04,2021.64,2025-10-31,2025-11-05T10:00:00
PS00007262,LN00020249,PT01,1609.74,2025-12-31,2026-01-05T10:00:00
PS00007263,LN00020251,PT02,542.88,2026-02-28,2026-03-05T10:00:00
PS00007264,LN00020253,PT02,1641.90,2026-04-30,2026-05-05T10:00:00
PS00007265,LN00020257,PT03,1087.50,2024-08-31,2024-09-05T10:00:00
PS00007266,LN00020258,PT01,475.42,2024-09-30,2024-10-05T10:00:00
PS00007267,LN00020262,PT02,1746.68,2025-01-31,2025-02-05T10:00:00
PS00007268,LN00020263,PT01,381.04,2025-02-28,2025-03-05T10:00:00
PS00007269,LN00020264,PT02,1091.48,2025-03-31,2025-04-05T10:00:00
PS00007270,LN00020266,PT02,1855.36,2025-05-31,2025-06-05T10:00:00
PS00007271,LN00020272,PT02,1771.12,2025-11-30,2025-12-05T10:00:00
PS00007272,LN00020279,PT02,1125.80,2026-06-30,2026-07-05T10:00:00
PS00007273,LN00020285,PT02,489.84,2024-12-31,2025-01-05T10:00:00
PS00007274,LN00020291,PT02,1392.30,2025-06-30,2025-07-05T10:00:00
PS00007275,LN00020292,PT01,363.88,2025-07-31,2025-08-05T10:00:00
PS00007276,LN00020293,PT04,2072.30,2025-08-31,2025-09-05T10:00:00
PS00007277,LN00020295,PT02,577.98,2025-10-31,2025-11-05T10:00:00
PS00007278,LN00020304,PT04,2067.20,2026-07-31,2026-08-05T10:00:00
PS00007279,LN00020305,PT01,1178.10,2024-08-31,2024-09-05T10:00:00
PS00007280,LN00020306,PT02,1030.90,2024-09-30,2024-10-05T10:00:00
PS00007281,LN00020311,PT01,1742.40,2025-02-28,2025-03-05T10:00:00
PS00007282,LN00020314,PT05,1300.36,2025-05-31,2025-06-05T10:00:00
PS00007283,LN00020315,PT03,1477.80,2025-06-30,2025-07-05T10:00:00
PS00007284,LN00020316,PT04,879.24,2025-07-31,2025-08-05T10:00:00
PS00007285,LN00020318,PT04,651.78,2025-09-30,2025-10-05T10:00:00
PS00007286,LN00020320,PT02,1592.24,2025-11-30,2025-12-05T10:00:00
PS00007287,LN00020321,PT05,2045.92,2025-12-31,2026-01-05T10:00:00
PS00007288,LN00020323,PT01,1342.44,2026-02-28,2026-03-05T10:00:00
PS00007289,LN00020327,PT05,955.70,2026-06-30,2026-07-05T10:00:00
PS00007290,LN00020330,PT05,1904.56,2024-09-30,2024-10-05T10:00:00
PS00007291,LN00020332,PT05,1142.66,2024-11-30,2024-12-05T10:00:00
PS00007292,LN00020333,PT02,1128.14,2024-12-31,2025-01-05T10:00:00
PS00007293,LN00020335,PT02,325.00,2025-02-28,2025-03-05T10:00:00
PS00007294,LN00020338,PT01,1004.96,2025-05-31,2025-06-05T10:00:00
PS00007295,LN00020340,PT01,787.16,2025-07-31,2025-08-05T10:00:00
PS00007296,LN00020342,PT02,1044.68,2025-09-30,2025-10-05T10:00:00
PS00007297,LN00020343,PT01,341.00,2025-10-31,2025-11-05T10:00:00
PS00007298,LN00020345,PT04,2332.74,2025-12-31,2026-01-05T10:00:00
PS00007299,LN00020347,PT03,1782.60,2026-02-28,2026-03-05T10:00:00
PS00007300,LN00020354,PT05,2395.90,2024-09-30,2024-10-05T10:00:00
PS00007301,LN00020355,PT05,1471.36,2024-10-31,2024-11-05T10:00:00
PS00007302,LN00020358,PT04,2644.18,2025-01-31,2025-02-05T10:00:00
PS00007303,LN00020361,PT02,1461.20,2025-04-30,2025-05-05T10:00:00
PS00007304,LN00020362,PT03,1033.80,2025-05-31,2025-06-05T10:00:00
PS00007305,LN00020368,PT05,888.82,2025-11-30,2025-12-05T10:00:00
PS00007306,LN00020375,PT05,883.50,2026-06-30,2026-07-05T10:00:00
PS00007307,LN00020378,PT04,706.52,2024-09-30,2024-10-05T10:00:00
PS00007308,LN00020379,PT04,2324.58,2024-10-31,2024-11-05T10:00:00
PS00007309,LN00020380,PT01,269.06,2024-11-30,2024-12-05T10:00:00
PS00007310,LN00020382,PT05,1081.86,2025-01-31,2025-02-05T10:00:00
PS00007311,LN00020383,PT01,901.12,2025-02-28,2025-03-05T10:00:00
PS00007312,LN00020384,PT01,853.82,2025-03-31,2025-04-05T10:00:00
PS00007313,LN00020387,PT02,1369.94,2025-06-30,2025-07-05T10:00:00
PS00007314,LN00020393,PT04,2503.08,2025-12-31,2026-01-05T10:00:00
PS00007315,LN00020395,PT04,2700.28,2026-02-28,2026-03-05T10:00:00
PS00007316,LN00020396,PT04,451.86,2026-03-31,2026-04-05T10:00:00
PS00007317,LN00020397,PT01,1292.28,2026-04-30,2026-05-05T10:00:00
PS00007318,LN00020398,PT01,517.22,2026-05-31,2026-06-05T10:00:00
PS00007319,LN00020400,PT01,707.52,2026-07-31,2026-08-05T10:00:00
PS00007320,LN00020402,PT04,524.96,2024-09-30,2024-10-05T10:00:00
PS00007321,LN00020403,PT02,1454.96,2024-10-31,2024-11-05T10:00:00
PS00007322,LN00020406,PT01,1091.42,2025-01-31,2025-02-05T10:00:00
PS00007323,LN00020420,PT03,1857.00,2026-03-31,2026-04-05T10:00:00
PS00007324,LN00020421,PT05,1944.84,2026-04-30,2026-05-05T10:00:00
PS00007325,LN00020422,PT05,1428.42,2026-05-31,2026-06-05T10:00:00
PS00007326,LN00020425,PT02,1581.06,2024-08-31,2024-09-05T10:00:00
PS00007327,LN00020431,PT03,434.10,2025-02-28,2025-03-05T10:00:00
PS00007328,LN00020434,PT05,1159.76,2025-05-31,2025-06-05T10:00:00
PS00007329,LN00020436,PT02,889.72,2025-07-31,2025-08-05T10:00:00
PS00007330,LN00020440,PT04,408.34,2025-11-30,2025-12-05T10:00:00
PS00007331,LN00020441,PT01,1015.96,2025-12-31,2026-01-05T10:00:00
PS00007332,LN00020442,PT02,1594.06,2026-01-31,2026-02-05T10:00:00
PS00007333,LN00020451,PT03,1056.30,2024-10-31,2024-11-05T10:00:00
PS00007334,LN00020452,PT02,1792.44,2024-11-30,2024-12-05T10:00:00
PS00007335,LN00020459,PT02,612.82,2025-06-30,2025-07-05T10:00:00
PS00007336,LN00020463,PT01,683.98,2025-10-31,2025-11-05T10:00:00
PS00007337,LN00020467,PT01,303.38,2026-02-28,2026-03-05T10:00:00
PS00007338,LN00020473,PT02,663.26,2024-08-31,2024-09-05T10:00:00
PS00007339,LN00020474,PT02,1133.86,2024-09-30,2024-10-05T10:00:00
PS00007340,LN00020475,PT03,1034.70,2024-10-31,2024-11-05T10:00:00
PS00007341,LN00020476,PT01,1266.32,2024-11-30,2024-12-05T10:00:00
PS00007342,LN00020477,PT03,771.60,2024-12-31,2025-01-05T10:00:00
PS00007343,LN00020482,PT02,573.30,2025-05-31,2025-06-05T10:00:00
PS00007344,LN00020490,PT04,1132.20,2026-01-31,2026-02-05T10:00:00
PS00007345,LN00020493,PT05,1021.06,2026-04-30,2026-05-05T10:00:00
PS00007346,LN00020494,PT05,909.72,2026-05-31,2026-06-05T10:00:00
PS00007347,LN00020499,PT05,507.68,2024-10-31,2024-11-05T10:00:00
PS00007348,LN00020500,PT04,1573.52,2024-11-30,2024-12-05T10:00:00
PS00007349,LN00020502,PT02,1735.50,2025-01-31,2025-02-05T10:00:00
PS00007350,LN00020507,PT04,1065.22,2025-06-30,2025-07-05T10:00:00
PS00007351,LN00020508,PT03,1343.10,2025-07-31,2025-08-05T10:00:00
PS00007352,LN00020509,PT05,2322.56,2025-08-31,2025-09-05T10:00:00
PS00007353,LN00020510,PT04,1910.46,2025-09-30,2025-10-05T10:00:00
PS00007354,LN00020511,PT05,1114.16,2025-10-31,2025-11-05T10:00:00
PS00007355,LN00020513,PT04,2483.70,2025-12-31,2026-01-05T10:00:00
PS00007356,LN00020514,PT05,1190.92,2026-01-31,2026-02-05T10:00:00
PS00007357,LN00020518,PT01,639.10,2026-05-31,2026-06-05T10:00:00
PS00007358,LN00020520,PT04,1271.60,2026-07-31,2026-08-05T10:00:00
PS00007359,LN00020523,PT01,856.02,2024-10-31,2024-11-05T10:00:00
PS00007360,LN00020528,PT03,1960.20,2025-03-31,2025-04-05T10:00:00
PS00007361,LN00020529,PT05,2744.36,2025-04-30,2025-05-05T10:00:00
PS00007362,LN00020530,PT01,789.80,2025-05-31,2025-06-05T10:00:00
PS00007363,LN00020531,PT05,1152.16,2025-06-30,2025-07-05T10:00:00
PS00007364,LN00020537,PT02,784.94,2025-12-31,2026-01-05T10:00:00
PS00007365,LN00020540,PT05,1109.60,2026-03-31,2026-04-05T10:00:00
PS00007366,LN00020541,PT03,483.60,2026-04-30,2026-05-05T10:00:00
PS00007367,LN00020542,PT03,435.90,2026-05-31,2026-06-05T10:00:00
PS00007368,LN00020546,PT01,1738.44,2024-09-30,2024-10-05T10:00:00
PS00007369,LN00020548,PT02,1327.04,2024-11-30,2024-12-05T10:00:00
PS00007370,LN00020551,PT01,591.14,2025-02-28,2025-03-05T10:00:00
PS00007371,LN00020552,PT04,2172.26,2025-03-31,2025-04-05T10:00:00
PS00007372,LN00020553,PT05,2238.58,2025-04-30,2025-05-05T10:00:00
PS00007373,LN00020556,PT03,741.90,2025-07-31,2025-08-05T10:00:00
PS00007374,LN00020557,PT01,1647.36,2025-08-31,2025-09-05T10:00:00
PS00007375,LN00020559,PT01,1107.26,2025-10-31,2025-11-05T10:00:00
PS00007376,LN00020560,PT04,788.80,2025-11-30,2025-12-05T10:00:00
PS00007377,LN00020561,PT02,975.00,2025-12-31,2026-01-05T10:00:00
PS00007378,LN00020563,PT01,1610.62,2026-02-28,2026-03-05T10:00:00
PS00007379,LN00020565,PT02,1677.00,2026-04-30,2026-05-05T10:00:00
PS00007380,LN00020566,PT02,978.38,2026-05-31,2026-06-05T10:00:00
PS00007381,LN00020572,PT04,746.64,2024-11-30,2024-12-05T10:00:00
PS00007382,LN00020573,PT05,2370.06,2024-12-31,2025-01-05T10:00:00
PS00007383,LN00020575,PT05,2146.24,2025-02-28,2025-03-05T10:00:00
PS00007384,LN00020579,PT01,1548.36,2025-06-30,2025-07-05T10:00:00
PS00007385,LN00020581,PT01,324.72,2025-08-31,2025-09-05T10:00:00
PS00007386,LN00020584,PT05,2666.46,2025-11-30,2025-12-05T10:00:00
PS00007387,LN00020585,PT05,2266.32,2025-12-31,2026-01-05T10:00:00
PS00007388,LN00020588,PT02,1951.30,2026-03-31,2026-04-05T10:00:00
PS00007389,LN00020595,PT02,615.16,2024-10-31,2024-11-05T10:00:00
PS00007390,LN00020596,PT05,1527.22,2024-11-30,2024-12-05T10:00:00
PS00007391,LN00020600,PT02,1484.60,2025-03-31,2025-04-05T10:00:00
PS00007392,LN00020603,PT05,2673.30,2025-06-30,2025-07-05T10:00:00
PS00007393,LN00020605,PT05,2957.92,2025-08-31,2025-09-05T10:00:00
PS00007394,LN00020606,PT05,1125.18,2025-09-30,2025-10-05T10:00:00
PS00007395,LN00020607,PT05,2788.06,2025-10-31,2025-11-05T10:00:00
PS00007396,LN00020610,PT04,1218.90,2026-01-31,2026-02-05T10:00:00
PS00007397,LN00020612,PT01,458.04,2026-03-31,2026-04-05T10:00:00
PS00007398,LN00020615,PT03,1048.20,2026-06-30,2026-07-05T10:00:00
PS00007399,LN00020616,PT05,1755.98,2026-07-31,2026-08-05T10:00:00
PS00007400,LN00020617,PT04,2277.66,2024-08-31,2024-09-05T10:00:00
PS00007401,LN00020620,PT05,2590.84,2024-11-30,2024-12-05T10:00:00
PS00007402,LN00020623,PT02,1786.98,2025-02-28,2025-03-05T10:00:00
PS00007403,LN00020625,PT05,742.90,2025-04-30,2025-05-05T10:00:00
PS00007404,LN00020632,PT02,889.20,2025-11-30,2025-12-05T10:00:00
PS00007405,LN00020633,PT04,982.94,2025-12-31,2026-01-05T10:00:00
PS00007406,LN00020639,PT04,1096.50,2026-06-30,2026-07-05T10:00:00
PS00007407,LN00020641,PT03,892.50,2024-08-31,2024-09-05T10:00:00
PS00007408,LN00020642,PT03,1923.60,2024-09-30,2024-10-05T10:00:00
PS00007409,LN00020643,PT01,1340.02,2024-10-31,2024-11-05T10:00:00
PS00007410,LN00020653,PT02,832.52,2025-08-31,2025-09-05T10:00:00
PS00007411,LN00020654,PT03,1873.80,2025-09-30,2025-10-05T10:00:00
PS00007412,LN00020656,PT02,1041.56,2025-11-30,2025-12-05T10:00:00
PS00007413,LN00020661,PT05,2309.64,2026-04-30,2026-05-05T10:00:00
PS00007414,LN00020663,PT02,1111.50,2026-06-30,2026-07-05T10:00:00
PS00007415,LN00020669,PT04,1590.18,2024-12-31,2025-01-05T10:00:00
PS00007416,LN00020673,PT02,852.80,2025-04-30,2025-05-05T10:00:00
PS00007417,LN00020674,PT05,1190.16,2025-05-31,2025-06-05T10:00:00
PS00007418,LN00020684,PT03,670.80,2026-03-31,2026-04-05T10:00:00
PS00007419,LN00020686,PT05,1026.00,2026-05-31,2026-06-05T10:00:00
PS00007420,LN00020690,PT04,1234.20,2024-09-30,2024-10-05T10:00:00
PS00007421,LN00020691,PT01,1648.68,2024-10-31,2024-11-05T10:00:00
PS00007422,LN00020694,PT05,1078.44,2025-01-31,2025-02-05T10:00:00
PS00007423,LN00020695,PT01,681.34,2025-02-28,2025-03-05T10:00:00
PS00007424,LN00020698,PT03,399.30,2025-05-31,2025-06-05T10:00:00
PS00007425,LN00020702,PT02,1711.06,2025-09-30,2025-10-05T10:00:00
PS00007426,LN00020705,PT05,2186.52,2025-12-31,2026-01-05T10:00:00
PS00007427,LN00020706,PT04,1541.56,2026-01-31,2026-02-05T10:00:00
PS00007428,LN00020708,PT04,1851.30,2026-03-31,2026-04-05T10:00:00
PS00007429,LN00020709,PT03,398.40,2026-04-30,2026-05-05T10:00:00
PS00007430,LN00020710,PT02,672.88,2026-05-31,2026-06-05T10:00:00
PS00007431,LN00020712,PT05,780.90,2026-07-31,2026-08-05T10:00:00
PS00007432,LN00020714,PT04,2551.36,2024-09-30,2024-10-05T10:00:00
PS00007433,LN00020716,PT04,2695.52,2024-11-30,2024-12-05T10:00:00
PS00007434,LN00020717,PT03,371.70,2024-12-31,2025-01-05T10:00:00
PS00007435,LN00020718,PT03,1854.30,2025-01-31,2025-02-05T10:00:00
PS00007436,LN00020726,PT03,2337.00,2025-09-30,2025-10-05T10:00:00
PS00007437,LN00020728,PT04,2719.66,2025-11-30,2025-12-05T10:00:00
PS00007438,LN00020735,PT03,2312.10,2026-06-30,2026-07-05T10:00:00
PS00007439,LN00020736,PT03,1519.50,2026-07-31,2026-08-05T10:00:00
PS00007440,LN00020737,PT05,2460.12,2024-08-31,2024-09-05T10:00:00
PS00007441,LN00020738,PT04,548.76,2024-09-30,2024-10-05T10:00:00
PS00007442,LN00020739,PT03,1638.00,2024-10-31,2024-11-05T10:00:00
PS00007443,LN00020742,PT02,844.22,2025-01-31,2025-02-05T10:00:00
PS00007444,LN00020745,PT03,601.20,2025-04-30,2025-05-05T10:00:00
PS00007445,LN00020746,PT02,1508.52,2025-05-31,2025-06-05T10:00:00
PS00007446,LN00020747,PT05,2867.86,2025-06-30,2025-07-05T10:00:00
PS00007447,LN00020749,PT02,1198.34,2025-08-31,2025-09-05T10:00:00
PS00007448,LN00020750,PT05,808.64,2025-09-30,2025-10-05T10:00:00
PS00007449,LN00020752,PT03,1527.30,2025-11-30,2025-12-05T10:00:00
PS00007450,LN00020755,PT04,894.88,2026-02-28,2026-03-05T10:00:00
PS00007451,LN00020756,PT04,450.50,2026-03-31,2026-04-05T10:00:00
PS00007452,LN00020758,PT02,729.30,2026-05-31,2026-06-05T10:00:00
PS00007453,LN00020763,PT01,1265.22,2024-10-31,2024-11-05T10:00:00
PS00007454,LN00020764,PT05,2340.04,2024-11-30,2024-12-05T10:00:00
PS00007455,LN00020765,PT04,1980.84,2024-12-31,2025-01-05T10:00:00
PS00007456,LN00020767,PT02,514.80,2025-02-28,2025-03-05T10:00:00
PS00007457,LN00020772,PT02,1022.84,2025-07-31,2025-08-05T10:00:00
PS00007458,LN00020773,PT02,1035.06,2025-08-31,2025-09-05T10:00:00
PS00007459,LN00020775,PT05,1367.24,2025-10-31,2025-11-05T10:00:00
PS00007460,LN00020776,PT04,1015.92,2025-11-30,2025-12-05T10:00:00
PS00007461,LN00020785,PT01,917.84,2024-08-31,2024-09-05T10:00:00
PS00007462,LN00020794,PT01,734.80,2025-05-31,2025-06-05T10:00:00
PS00007463,LN00020796,PT04,1367.48,2025-07-31,2025-08-05T10:00:00
PS00007464,LN00020798,PT03,994.80,2025-09-30,2025-10-05T10:00:00
PS00007465,LN00020800,PT05,2865.58,2025-11-30,2025-12-05T10:00:00
PS00007466,LN00020801,PT04,1295.06,2025-12-31,2026-01-05T10:00:00
PS00007467,LN00020803,PT04,1441.26,2026-02-28,2026-03-05T10:00:00
PS00007468,LN00020805,PT05,1027.14,2026-04-30,2026-05-05T10:00:00
PS00007469,LN00020806,PT04,868.36,2026-05-31,2026-06-05T10:00:00
PS00007470,LN00020813,PT01,523.38,2024-12-31,2025-01-05T10:00:00
PS00007471,LN00020817,PT03,855.30,2025-04-30,2025-05-05T10:00:00
PS00007472,LN00020826,PT03,575.70,2026-01-31,2026-02-05T10:00:00
PS00007473,LN00020828,PT02,1139.58,2026-03-31,2026-04-05T10:00:00
PS00007474,LN00020829,PT01,1177.00,2026-04-30,2026-05-05T10:00:00
PS00007475,LN00020831,PT03,1278.90,2026-06-30,2026-07-05T10:00:00
PS00007476,LN00020835,PT01,723.36,2024-10-31,2024-11-05T10:00:00
PS00007477,LN00020836,PT03,1323.00,2024-11-30,2024-12-05T10:00:00
PS00007478,LN00020843,PT05,2035.28,2025-06-30,2025-07-05T10:00:00
PS00007479,LN00020845,PT05,641.44,2025-08-31,2025-09-05T10:00:00
PS00007480,LN00020846,PT01,1235.74,2025-09-30,2025-10-05T10:00:00
PS00007481,LN00020851,PT05,1884.42,2026-02-28,2026-03-05T10:00:00
PS00007482,LN00020854,PT02,1773.46,2026-05-31,2026-06-05T10:00:00
PS00007483,LN00020855,PT02,1884.48,2026-06-30,2026-07-05T10:00:00
PS00007484,LN00020859,PT02,1188.46,2024-10-31,2024-11-05T10:00:00
PS00007485,LN00020861,PT05,2541.44,2024-12-31,2025-01-05T10:00:00
PS00007486,LN00020864,PT01,737.66,2025-03-31,2025-04-05T10:00:00
PS00007487,LN00020867,PT04,1534.76,2025-06-30,2025-07-05T10:00:00
PS00007488,LN00020869,PT04,2656.76,2025-08-31,2025-09-05T10:00:00
PS00007489,LN00020885,PT03,1773.60,2024-12-31,2025-01-05T10:00:00
PS00007490,LN00020886,PT02,1706.38,2025-01-31,2025-02-05T10:00:00
PS00007491,LN00020893,PT03,1097.70,2025-08-31,2025-09-05T10:00:00
PS00007492,LN00020902,PT01,929.72,2026-05-31,2026-06-05T10:00:00
PS00007493,LN00020911,PT03,2198.40,2025-02-28,2025-03-05T10:00:00
PS00007494,LN00020913,PT03,2371.80,2025-04-30,2025-05-05T10:00:00
PS00007495,LN00020916,PT05,3031.26,2025-07-31,2025-08-05T10:00:00
PS00007496,LN00020919,PT04,2502.06,2025-10-31,2025-11-05T10:00:00
PS00007497,LN00020924,PT04,810.90,2026-03-31,2026-04-05T10:00:00
PS00007498,LN00020926,PT04,1285.20,2026-05-31,2026-06-05T10:00:00
PS00007499,LN00020928,PT03,1007.40,2026-07-31,2026-08-05T10:00:00
PS00007500,LN00020929,PT03,1485.90,2024-08-31,2024-09-05T10:00:00
PS00007501,LN00020932,PT05,1595.62,2024-11-30,2024-12-05T10:00:00
PS00007502,LN00020933,PT04,1207.34,2024-12-31,2025-01-05T10:00:00
PS00007503,LN00020935,PT05,2285.70,2025-02-28,2025-03-05T10:00:00
PS00007504,LN00020937,PT03,2330.10,2025-04-30,2025-05-05T10:00:00
PS00007505,LN00020942,PT04,516.12,2025-09-30,2025-10-05T10:00:00
PS00007506,LN00020944,PT05,516.42,2025-11-30,2025-12-05T10:00:00
PS00007507,LN00020945,PT04,1642.20,2025-12-31,2026-01-05T10:00:00
PS00007508,LN00020953,PT04,2180.76,2024-08-31,2024-09-05T10:00:00
PS00007509,LN00020956,PT03,1270.20,2024-11-30,2024-12-05T10:00:00
PS00007510,LN00020961,PT05,1524.56,2025-04-30,2025-05-05T10:00:00
PS00007511,LN00020965,PT01,1475.76,2025-08-31,2025-09-05T10:00:00
PS00007512,LN00020968,PT04,1770.04,2025-11-30,2025-12-05T10:00:00
PS00007513,LN00020969,PT02,1567.02,2025-12-31,2026-01-05T10:00:00
PS00007514,LN00020972,PT04,747.32,2026-03-31,2026-04-05T10:00:00
PS00007515,LN00020974,PT01,1351.68,2026-05-31,2026-06-05T10:00:00
PS00007516,LN00020977,PT04,2278.68,2024-08-31,2024-09-05T10:00:00
PS00007517,LN00020978,PT03,1449.00,2024-09-30,2024-10-05T10:00:00
PS00007518,LN00020981,PT05,1122.90,2024-12-31,2025-01-05T10:00:00
PS00007519,LN00020983,PT01,269.72,2025-02-28,2025-03-05T10:00:00
PS00007520,LN00020984,PT04,1412.70,2025-03-31,2025-04-05T10:00:00
PS00007521,LN00020986,PT01,617.10,2025-05-31,2025-06-05T10:00:00
PS00007522,LN00020987,PT02,658.58,2025-06-30,2025-07-05T10:00:00
PS00007523,LN00020990,PT04,1685.72,2025-09-30,2025-10-05T10:00:00
PS00007524,LN00020991,PT05,692.36,2025-10-31,2025-11-05T10:00:00
PS00007525,LN00020992,PT01,973.28,2025-11-30,2025-12-05T10:00:00
PS00007526,LN00020998,PT01,691.46,2026-05-31,2026-06-05T10:00:00
PS00007527,LN00021001,PT05,1638.56,2024-08-31,2024-09-05T10:00:00
PS00007528,LN00021003,PT05,1927.36,2024-10-31,2024-11-05T10:00:00
PS00007529,LN00021008,PT02,746.98,2025-03-31,2025-04-05T10:00:00
PS00007530,LN00021011,PT05,959.50,2025-06-30,2025-07-05T10:00:00
PS00007531,LN00021013,PT03,1492.50,2025-08-31,2025-09-05T10:00:00
PS00007532,LN00021015,PT04,1151.92,2025-10-31,2025-11-05T10:00:00
PS00007533,LN00021016,PT03,1674.00,2025-11-30,2025-12-05T10:00:00
PS00007534,LN00021018,PT01,823.90,2026-01-31,2026-02-05T10:00:00
PS00007535,LN00021024,PT05,2808.58,2026-07-31,2026-08-05T10:00:00
PS00007536,LN00021026,PT02,1693.38,2024-09-30,2024-10-05T10:00:00
PS00007537,LN00021029,PT03,866.10,2024-12-31,2025-01-05T10:00:00
PS00007538,LN00021033,PT01,567.60,2025-04-30,2025-05-05T10:00:00
PS00007539,LN00021034,PT01,513.26,2025-05-31,2025-06-05T10:00:00
PS00007540,LN00021035,PT01,274.56,2025-06-30,2025-07-05T10:00:00
PS00007541,LN00021037,PT05,1461.10,2025-08-31,2025-09-05T10:00:00
PS00007542,LN00021038,PT01,1598.30,2025-09-30,2025-10-05T10:00:00
PS00007543,LN00021039,PT05,643.34,2025-10-31,2025-11-05T10:00:00
PS00007544,LN00021044,PT03,371.10,2026-03-31,2026-04-05T10:00:00
PS00007545,LN00021045,PT04,762.28,2026-04-30,2026-05-05T10:00:00
PS00007546,LN00021046,PT05,2901.68,2026-05-31,2026-06-05T10:00:00
PS00007547,LN00021048,PT05,2761.46,2026-07-31,2026-08-05T10:00:00
PS00007548,LN00021049,PT01,813.12,2024-08-31,2024-09-05T10:00:00
PS00007549,LN00021053,PT02,1366.04,2024-12-31,2025-01-05T10:00:00
PS00007550,LN00021056,PT05,2107.48,2025-03-31,2025-04-05T10:00:00
PS00007551,LN00021062,PT03,1542.60,2025-09-30,2025-10-05T10:00:00
PS00007552,LN00021064,PT05,730.74,2025-11-30,2025-12-05T10:00:00
PS00007553,LN00021065,PT04,2057.34,2025-12-31,2026-01-05T10:00:00
PS00007554,LN00021069,PT04,941.80,2026-04-30,2026-05-05T10:00:00
PS00007555,LN00021072,PT05,1231.58,2026-07-31,2026-08-05T10:00:00
PS00007556,LN00021074,PT03,1976.40,2024-09-30,2024-10-05T10:00:00
PS00007557,LN00021078,PT04,467.16,2025-01-31,2025-02-05T10:00:00
PS00007558,LN00021079,PT01,749.54,2025-02-28,2025-03-05T10:00:00
PS00007559,LN00021082,PT02,345.54,2025-05-31,2025-06-05T10:00:00
PS00007560,LN00021085,PT02,973.18,2025-08-31,2025-09-05T10:00:00
PS00007561,LN00021090,PT02,482.82,2026-01-31,2026-02-05T10:00:00
PS00007562,LN00021092,PT03,2186.70,2026-03-31,2026-04-05T10:00:00
PS00007563,LN00021095,PT03,639.90,2026-06-30,2026-07-05T10:00:00
PS00007564,LN00021097,PT02,1698.58,2024-08-31,2024-09-05T10:00:00
PS00007565,LN00021098,PT04,715.36,2024-09-30,2024-10-05T10:00:00
PS00007566,LN00021101,PT03,1344.00,2024-12-31,2025-01-05T10:00:00
PS00007567,LN00021105,PT04,2465.68,2025-04-30,2025-05-05T10:00:00
PS00007568,LN00021108,PT05,494.76,2025-07-31,2025-08-05T10:00:00
PS00007569,LN00021110,PT02,1266.20,2025-09-30,2025-10-05T10:00:00
PS00007570,LN00021113,PT05,2398.94,2025-12-31,2026-01-05T10:00:00
PS00007571,LN00021118,PT04,1884.62,2026-05-31,2026-06-05T10:00:00
PS00007572,LN00021120,PT01,1029.38,2026-07-31,2026-08-05T10:00:00
PS00007573,LN00021121,PT01,1252.90,2024-08-31,2024-09-05T10:00:00
PS00007574,LN00021122,PT05,2919.16,2024-09-30,2024-10-05T10:00:00
PS00007575,LN00021127,PT01,399.30,2025-02-28,2025-03-05T10:00:00
PS00007576,LN00021128,PT01,591.36,2025-03-31,2025-04-05T10:00:00
PS00007577,LN00021129,PT02,961.74,2025-04-30,2025-05-05T10:00:00
PS00007578,LN00021130,PT03,1241.70,2025-05-31,2025-06-05T10:00:00
PS00007579,LN00021133,PT03,856.20,2025-08-31,2025-09-05T10:00:00
PS00007580,LN00021135,PT05,1409.04,2025-10-31,2025-11-05T10:00:00
PS00007581,LN00021140,PT04,684.08,2026-03-31,2026-04-05T10:00:00
PS00007582,LN00021144,PT03,1607.40,2026-07-31,2026-08-05T10:00:00
PS00007583,LN00021149,PT01,1332.98,2024-12-31,2025-01-05T10:00:00
PS00007584,LN00021150,PT04,1604.46,2025-01-31,2025-02-05T10:00:00
PS00007585,LN00021151,PT01,947.32,2025-02-28,2025-03-05T10:00:00
PS00007586,LN00021152,PT05,2162.58,2025-03-31,2025-04-05T10:00:00
PS00007587,LN00021153,PT01,700.26,2025-04-30,2025-05-05T10:00:00
PS00007588,LN00021156,PT05,1192.44,2025-07-31,2025-08-05T10:00:00
PS00007589,LN00021158,PT02,1674.40,2025-09-30,2025-10-05T10:00:00
PS00007590,LN00021161,PT03,2032.20,2025-12-31,2026-01-05T10:00:00
PS00007591,LN00021162,PT04,1673.14,2026-01-31,2026-02-05T10:00:00
PS00007592,LN00021164,PT05,1993.86,2026-03-31,2026-04-05T10:00:00
PS00007593,LN00021167,PT03,2036.10,2026-06-30,2026-07-05T10:00:00
PS00007594,LN00021169,PT03,675.30,2024-08-31,2024-09-05T10:00:00
PS00007595,LN00021172,PT01,291.94,2024-11-30,2024-12-05T10:00:00
PS00007596,LN00021173,PT03,878.40,2024-12-31,2025-01-05T10:00:00
PS00007597,LN00021179,PT01,705.76,2025-06-30,2025-07-05T10:00:00
PS00007598,LN00021183,PT04,408.68,2025-10-31,2025-11-05T10:00:00
PS00007599,LN00021184,PT01,1730.74,2025-11-30,2025-12-05T10:00:00
PS00007600,LN00021189,PT04,1873.74,2026-04-30,2026-05-05T10:00:00
PS00007601,LN00021190,PT03,2381.10,2026-05-31,2026-06-05T10:00:00
PS00007602,LN00021199,PT05,2742.08,2025-02-28,2025-03-05T10:00:00
PS00007603,LN00021200,PT01,1088.12,2025-03-31,2025-04-05T10:00:00
PS00007604,LN00021203,PT02,1742.00,2025-06-30,2025-07-05T10:00:00
PS00007605,LN00021204,PT03,1664.70,2025-07-31,2025-08-05T10:00:00
PS00007606,LN00021212,PT03,420.60,2026-03-31,2026-04-05T10:00:00
PS00007607,LN00021213,PT03,384.60,2026-04-30,2026-05-05T10:00:00
PS00007608,LN00021214,PT04,798.32,2026-05-31,2026-06-05T10:00:00
PS00007609,LN00021222,PT05,2775.90,2025-01-31,2025-02-05T10:00:00
PS00007610,LN00021224,PT05,2298.62,2025-03-31,2025-04-05T10:00:00
PS00007611,LN00021229,PT05,2002.22,2025-08-31,2025-09-05T10:00:00
PS00007612,LN00021230,PT05,661.96,2025-09-30,2025-10-05T10:00:00
PS00007613,LN00021233,PT05,1960.42,2025-12-31,2026-01-05T10:00:00
PS00007614,LN00021238,PT01,1629.10,2026-05-31,2026-06-05T10:00:00
PS00007615,LN00021240,PT05,1626.78,2026-07-31,2026-08-05T10:00:00
PS00007616,LN00021242,PT03,1553.10,2024-09-30,2024-10-05T10:00:00
PS00007617,LN00021243,PT03,1116.60,2024-10-31,2024-11-05T10:00:00
PS00007618,LN00021250,PT04,1250.52,2025-05-31,2025-06-05T10:00:00
PS00007619,LN00021252,PT01,1526.80,2025-07-31,2025-08-05T10:00:00
PS00007620,LN00021254,PT04,923.78,2025-09-30,2025-10-05T10:00:00
PS00007621,LN00021257,PT04,2308.60,2025-12-31,2026-01-05T10:00:00
PS00007622,LN00021259,PT01,271.04,2026-02-28,2026-03-05T10:00:00
PS00007623,LN00021262,PT03,1088.70,2026-05-31,2026-06-05T10:00:00
PS00007624,LN00021263,PT03,1222.20,2026-06-30,2026-07-05T10:00:00
PS00007625,LN00021271,PT01,1287.44,2025-02-28,2025-03-05T10:00:00
PS00007626,LN00021276,PT03,658.20,2025-07-31,2025-08-05T10:00:00
PS00007627,LN00021277,PT05,2049.34,2025-08-31,2025-09-05T10:00:00
PS00007628,LN00021280,PT02,1854.32,2025-11-30,2025-12-05T10:00:00
PS00007629,LN00021282,PT03,1060.50,2026-01-31,2026-02-05T10:00:00
PS00007630,LN00021284,PT01,1552.54,2026-03-31,2026-04-05T10:00:00
PS00007631,LN00021288,PT04,2497.98,2026-07-31,2026-08-05T10:00:00
PS00007632,LN00021291,PT01,642.18,2024-10-31,2024-11-05T10:00:00
PS00007633,LN00021292,PT05,685.14,2024-11-30,2024-12-05T10:00:00
PS00007634,LN00021298,PT04,2165.80,2025-05-31,2025-06-05T10:00:00
PS00007635,LN00021299,PT03,1906.20,2025-06-30,2025-07-05T10:00:00
PS00007636,LN00021300,PT04,452.54,2025-07-31,2025-08-05T10:00:00
PS00007637,LN00021302,PT01,1604.46,2025-09-30,2025-10-05T10:00:00
PS00007638,LN00021305,PT03,2384.70,2025-12-31,2026-01-05T10:00:00
PS00007639,LN00021306,PT04,2688.72,2026-01-31,2026-02-05T10:00:00
PS00007640,LN00021307,PT05,1169.26,2026-02-28,2026-03-05T10:00:00
PS00007641,LN00021308,PT05,1353.94,2026-03-31,2026-04-05T10:00:00
PS00007642,LN00021311,PT01,766.70,2026-06-30,2026-07-05T10:00:00
PS00007643,LN00021312,PT04,2695.86,2026-07-31,2026-08-05T10:00:00
PS00007644,LN00021316,PT04,2691.10,2024-11-30,2024-12-05T10:00:00
PS00007645,LN00021318,PT03,1016.40,2025-01-31,2025-02-05T10:00:00
PS00007646,LN00021321,PT02,1404.00,2025-04-30,2025-05-05T10:00:00
PS00007647,LN00021324,PT05,1635.14,2025-07-31,2025-08-05T10:00:00
PS00007648,LN00021326,PT05,2652.40,2025-09-30,2025-10-05T10:00:00
PS00007649,LN00021328,PT03,876.60,2025-11-30,2025-12-05T10:00:00
PS00007650,LN00021329,PT01,1369.50,2025-12-31,2026-01-05T10:00:00
PS00007651,LN00021333,PT03,2203.80,2026-04-30,2026-05-05T10:00:00
PS00007652,LN00021334,PT02,486.98,2026-05-31,2026-06-05T10:00:00
PS00007653,LN00021335,PT05,1562.18,2026-06-30,2026-07-05T10:00:00
PS00007654,LN00021340,PT03,426.90,2024-11-30,2024-12-05T10:00:00
PS00007655,LN00021342,PT02,1328.60,2025-01-31,2025-02-05T10:00:00
PS00007656,LN00021344,PT01,708.84,2025-03-31,2025-04-05T10:00:00
PS00007657,LN00021345,PT03,1757.10,2025-04-30,2025-05-05T10:00:00
PS00007658,LN00021347,PT03,660.60,2025-06-30,2025-07-05T10:00:00
PS00007659,LN00021352,PT02,313.82,2025-11-30,2025-12-05T10:00:00
PS00007660,LN00021358,PT02,1621.10,2026-05-31,2026-06-05T10:00:00
PS00007661,LN00021359,PT01,1218.36,2026-06-30,2026-07-05T10:00:00
PS00007662,LN00021360,PT02,1180.92,2026-07-31,2026-08-05T10:00:00
PS00007663,LN00021361,PT01,925.54,2024-08-31,2024-09-05T10:00:00
PS00007664,LN00021364,PT02,1879.54,2024-11-30,2024-12-05T10:00:00
PS00007665,LN00021379,PT01,836.22,2026-02-28,2026-03-05T10:00:00
PS00007666,LN00021380,PT05,1975.62,2026-03-31,2026-04-05T10:00:00
PS00007667,LN00021381,PT05,568.86,2026-04-30,2026-05-05T10:00:00
PS00007668,LN00021382,PT01,879.78,2026-05-31,2026-06-05T10:00:00
PS00007669,LN00021383,PT04,2365.38,2026-06-30,2026-07-05T10:00:00
PS00007670,LN00021388,PT01,1394.36,2024-11-30,2024-12-05T10:00:00
PS00007671,LN00021391,PT04,2245.02,2025-02-28,2025-03-05T10:00:00
PS00007672,LN00021392,PT02,1219.92,2025-03-31,2025-04-05T10:00:00
PS00007673,LN00021395,PT05,1553.44,2025-06-30,2025-07-05T10:00:00
PS00007674,LN00021396,PT02,369.20,2025-07-31,2025-08-05T10:00:00
PS00007675,LN00021399,PT02,503.88,2025-10-31,2025-11-05T10:00:00
PS00007676,LN00021401,PT02,803.92,2025-12-31,2026-01-05T10:00:00
PS00007677,LN00021402,PT04,1628.60,2026-01-31,2026-02-05T10:00:00
PS00007678,LN00021415,PT02,1053.52,2025-02-28,2025-03-05T10:00:00
PS00007679,LN00021424,PT02,656.50,2025-11-30,2025-12-05T10:00:00
PS00007680,LN00021425,PT05,2772.86,2025-12-31,2026-01-05T10:00:00
PS00007681,LN00021426,PT01,1431.32,2026-01-31,2026-02-05T10:00:00
PS00007682,LN00021427,PT02,708.76,2026-02-28,2026-03-05T10:00:00
PS00007683,LN00021428,PT02,1780.48,2026-03-31,2026-04-05T10:00:00
PS00007684,LN00021429,PT02,1991.60,2026-04-30,2026-05-05T10:00:00
PS00007685,LN00021431,PT05,1597.14,2026-06-30,2026-07-05T10:00:00
PS00007686,LN00021435,PT01,1583.34,2024-10-31,2024-11-05T10:00:00
PS00007687,LN00021436,PT01,328.90,2024-11-30,2024-12-05T10:00:00
PS00007688,LN00021439,PT05,2215.40,2025-02-28,2025-03-05T10:00:00
PS00007689,LN00021440,PT02,2017.86,2025-03-31,2025-04-05T10:00:00
PS00007690,LN00021444,PT04,2257.94,2025-07-31,2025-08-05T10:00:00
PS00007691,LN00021446,PT04,660.28,2025-09-30,2025-10-05T10:00:00
PS00007692,LN00021461,PT03,629.40,2024-12-31,2025-01-05T10:00:00
PS00007693,LN00021469,PT03,458.70,2025-08-31,2025-09-05T10:00:00
PS00007694,LN00021479,PT03,771.30,2026-06-30,2026-07-05T10:00:00
PS00007695,LN00021485,PT01,1404.26,2024-12-31,2025-01-05T10:00:00
PS00007696,LN00021488,PT04,1865.92,2025-03-31,2025-04-05T10:00:00
PS00007697,LN00021490,PT03,2260.20,2025-05-31,2025-06-05T10:00:00
PS00007698,LN00021491,PT04,2607.46,2025-06-30,2025-07-05T10:00:00
PS00007699,LN00021493,PT02,1165.58,2025-08-31,2025-09-05T10:00:00
PS00007700,LN00021496,PT02,1249.82,2025-11-30,2025-12-05T10:00:00
PS00007701,LN00021500,PT04,2253.86,2026-03-31,2026-04-05T10:00:00
PS00007702,LN00021502,PT05,1271.48,2026-05-31,2026-06-05T10:00:00
PS00007703,LN00021505,PT04,1786.02,2024-08-31,2024-09-05T10:00:00
PS00007704,LN00021506,PT03,360.90,2024-09-30,2024-10-05T10:00:00
PS00007705,LN00021507,PT01,500.06,2024-10-31,2024-11-05T10:00:00
PS00007706,LN00021509,PT05,816.24,2024-12-31,2025-01-05T10:00:00
PS00007707,LN00021510,PT02,1145.82,2025-01-31,2025-02-05T10:00:00
PS00007708,LN00021513,PT01,311.96,2025-04-30,2025-05-05T10:00:00
PS00007709,LN00021517,PT01,818.18,2025-08-31,2025-09-05T10:00:00
PS00007710,LN00021518,PT03,1809.60,2025-09-30,2025-10-05T10:00:00
PS00007711,LN00021524,PT03,1736.10,2026-03-31,2026-04-05T10:00:00
PS00007712,LN00021525,PT05,2827.58,2026-04-30,2026-05-05T10:00:00
PS00007713,LN00021526,PT04,536.86,2026-05-31,2026-06-05T10:00:00
PS00007714,LN00021528,PT01,1707.20,2026-07-31,2026-08-05T10:00:00
PS00007715,LN00021532,PT03,1087.80,2024-11-30,2024-12-05T10:00:00
PS00007716,LN00021535,PT01,389.18,2025-02-28,2025-03-05T10:00:00
PS00007717,LN00021536,PT02,785.46,2025-03-31,2025-04-05T10:00:00
PS00007718,LN00021537,PT02,1120.08,2025-04-30,2025-05-05T10:00:00
PS00007719,LN00021546,PT05,1520.76,2026-01-31,2026-02-05T10:00:00
PS00007720,LN00021548,PT03,1475.10,2026-03-31,2026-04-05T10:00:00
PS00007721,LN00021550,PT01,1331.00,2026-05-31,2026-06-05T10:00:00
PS00007722,LN00021552,PT03,2328.00,2026-07-31,2026-08-05T10:00:00
PS00007723,LN00021554,PT03,1391.40,2024-09-30,2024-10-05T10:00:00
PS00007724,LN00021555,PT02,2056.86,2024-10-31,2024-11-05T10:00:00
PS00007725,LN00021556,PT02,1029.60,2024-11-30,2024-12-05T10:00:00
PS00007726,LN00021561,PT02,1068.86,2025-04-30,2025-05-05T10:00:00
PS00007727,LN00021567,PT03,2160.60,2025-10-31,2025-11-05T10:00:00
PS00007728,LN00021570,PT04,1023.06,2026-01-31,2026-02-05T10:00:00
PS00007729,LN00021571,PT03,956.10,2026-02-28,2026-03-05T10:00:00
PS00007730,LN00021573,PT04,621.86,2026-04-30,2026-05-05T10:00:00
PS00007731,LN00021580,PT05,1963.84,2024-11-30,2024-12-05T10:00:00
PS00007732,LN00021582,PT04,1058.08,2025-01-31,2025-02-05T10:00:00
PS00007733,LN00021592,PT05,1996.90,2025-11-30,2025-12-05T10:00:00
PS00007734,LN00021593,PT02,1945.32,2025-12-31,2026-01-05T10:00:00
PS00007735,LN00021594,PT03,845.70,2026-01-31,2026-02-05T10:00:00
PS00007736,LN00021602,PT02,1744.08,2024-09-30,2024-10-05T10:00:00
PS00007737,LN00021604,PT02,900.64,2024-11-30,2024-12-05T10:00:00
PS00007738,LN00021608,PT05,726.18,2025-03-31,2025-04-05T10:00:00
PS00007739,LN00021609,PT02,2038.92,2025-04-30,2025-05-05T10:00:00
PS00007740,LN00021614,PT05,1545.84,2025-09-30,2025-10-05T10:00:00
PS00007741,LN00021615,PT03,1021.50,2025-10-31,2025-11-05T10:00:00
PS00007742,LN00021617,PT05,1931.92,2025-12-31,2026-01-05T10:00:00
PS00007743,LN00021618,PT01,785.18,2026-01-31,2026-02-05T10:00:00
PS00007744,LN00021619,PT02,1414.14,2026-02-28,2026-03-05T10:00:00
PS00007745,LN00021622,PT02,1244.62,2026-05-31,2026-06-05T10:00:00
PS00007746,LN00021623,PT03,2262.30,2026-06-30,2026-07-05T10:00:00
PS00007747,LN00021624,PT01,1066.56,2026-07-31,2026-08-05T10:00:00
PS00007748,LN00021626,PT03,1072.50,2024-09-30,2024-10-05T10:00:00
PS00007749,LN00021629,PT05,476.90,2024-12-31,2025-01-05T10:00:00
PS00007750,LN00021632,PT04,2411.62,2025-03-31,2025-04-05T10:00:00
PS00007751,LN00021633,PT01,1557.60,2025-04-30,2025-05-05T10:00:00
PS00007752,LN00021634,PT03,1046.40,2025-05-31,2025-06-05T10:00:00
PS00007753,LN00021639,PT05,2927.90,2025-10-31,2025-11-05T10:00:00
PS00007754,LN00021641,PT01,1135.86,2025-12-31,2026-01-05T10:00:00
PS00007755,LN00021642,PT01,294.14,2026-01-31,2026-02-05T10:00:00
PS00007756,LN00021645,PT01,315.70,2026-04-30,2026-05-05T10:00:00
PS00007757,LN00021649,PT04,1529.66,2024-08-31,2024-09-05T10:00:00
PS00007758,LN00021651,PT01,654.72,2024-10-31,2024-11-05T10:00:00
PS00007759,LN00021654,PT04,902.02,2025-01-31,2025-02-05T10:00:00
PS00007760,LN00021656,PT01,471.02,2025-03-31,2025-04-05T10:00:00
PS00007761,LN00021664,PT03,885.60,2025-11-30,2025-12-05T10:00:00
PS00007762,LN00021665,PT05,1075.78,2025-12-31,2026-01-05T10:00:00
PS00007763,LN00021666,PT04,2553.06,2026-01-31,2026-02-05T10:00:00
PS00007764,LN00021673,PT05,2278.86,2024-08-31,2024-09-05T10:00:00
PS00007765,LN00021678,PT03,1366.80,2025-01-31,2025-02-05T10:00:00
PS00007766,LN00021682,PT05,2254.16,2025-05-31,2025-06-05T10:00:00
PS00007767,LN00021683,PT03,1751.40,2025-06-30,2025-07-05T10:00:00
PS00007768,LN00021685,PT05,2052.38,2025-08-31,2025-09-05T10:00:00
PS00007769,LN00021686,PT03,1815.00,2025-09-30,2025-10-05T10:00:00
PS00007770,LN00021688,PT01,1092.74,2025-11-30,2025-12-05T10:00:00
PS00007771,LN00021690,PT03,1633.20,2026-01-31,2026-02-05T10:00:00
PS00007772,LN00021691,PT02,1483.30,2026-02-28,2026-03-05T10:00:00
PS00007773,LN00021693,PT03,1989.60,2026-04-30,2026-05-05T10:00:00
PS00007774,LN00021696,PT01,380.82,2026-07-31,2026-08-05T10:00:00
PS00007775,LN00021699,PT02,462.54,2024-10-31,2024-11-05T10:00:00
PS00007776,LN00021708,PT05,1376.36,2025-07-31,2025-08-05T10:00:00
PS00007777,LN00021709,PT01,1479.50,2025-08-31,2025-09-05T10:00:00
PS00007778,LN00021713,PT05,1316.32,2025-12-31,2026-01-05T10:00:00
PS00007779,LN00021715,PT02,854.36,2026-02-28,2026-03-05T10:00:00
PS00007780,LN00021727,PT05,1663.26,2025-02-28,2025-03-05T10:00:00
PS00007781,LN00021734,PT04,720.12,2025-09-30,2025-10-05T10:00:00
PS00007782,LN00021742,PT04,877.20,2026-05-31,2026-06-05T10:00:00
PS00007783,LN00021746,PT04,1257.32,2024-09-30,2024-10-05T10:00:00
PS00007784,LN00021747,PT01,1239.92,2024-10-31,2024-11-05T10:00:00
PS00007785,LN00021748,PT03,374.40,2024-11-30,2024-12-05T10:00:00
PS00007786,LN00021749,PT04,2587.40,2024-12-31,2025-01-05T10:00:00
PS00007787,LN00021752,PT03,390.30,2025-03-31,2025-04-05T10:00:00
PS00007788,LN00021758,PT03,1358.70,2025-09-30,2025-10-05T10:00:00
PS00007789,LN00021760,PT04,921.74,2025-11-30,2025-12-05T10:00:00
PS00007790,LN00021764,PT03,1857.90,2026-03-31,2026-04-05T10:00:00
PS00007791,LN00021766,PT05,2648.60,2026-05-31,2026-06-05T10:00:00
PS00007792,LN00021768,PT04,607.58,2026-07-31,2026-08-05T10:00:00
PS00007793,LN00021770,PT05,2533.46,2024-09-30,2024-10-05T10:00:00
PS00007794,LN00021774,PT03,1100.10,2025-01-31,2025-02-05T10:00:00
PS00007795,LN00021775,PT02,1601.34,2025-02-28,2025-03-05T10:00:00
PS00007796,LN00021777,PT02,1125.02,2025-04-30,2025-05-05T10:00:00
PS00007797,LN00021778,PT05,2900.16,2025-05-31,2025-06-05T10:00:00
PS00007798,LN00021782,PT05,2992.88,2025-09-30,2025-10-05T10:00:00
PS00007799,LN00021783,PT02,1023.10,2025-10-31,2025-11-05T10:00:00
PS00007800,LN00021784,PT02,447.72,2025-11-30,2025-12-05T10:00:00
PS00007801,LN00021786,PT03,1080.00,2026-01-31,2026-02-05T10:00:00
PS00007802,LN00021787,PT03,1349.10,2026-02-28,2026-03-05T10:00:00
PS00007803,LN00021789,PT03,2205.30,2026-04-30,2026-05-05T10:00:00
PS00007804,LN00021793,PT01,1706.54,2024-08-31,2024-09-05T10:00:00
PS00007805,LN00021798,PT05,2707.12,2025-01-31,2025-02-05T10:00:00
PS00007806,LN00021805,PT03,2149.80,2025-08-31,2025-09-05T10:00:00
PS00007807,LN00021811,PT05,2834.04,2026-02-28,2026-03-05T10:00:00
PS00007808,LN00021814,PT01,424.38,2026-05-31,2026-06-05T10:00:00
PS00007809,LN00021816,PT01,1700.16,2026-07-31,2026-08-05T10:00:00
PS00007810,LN00021817,PT02,455.26,2024-08-31,2024-09-05T10:00:00
PS00007811,LN00021818,PT03,2218.50,2024-09-30,2024-10-05T10:00:00
PS00007812,LN00021822,PT02,1764.88,2025-01-31,2025-02-05T10:00:00
PS00007813,LN00021827,PT05,2648.22,2025-06-30,2025-07-05T10:00:00
PS00007814,LN00021828,PT05,836.00,2025-07-31,2025-08-05T10:00:00
PS00007815,LN00021830,PT01,472.12,2025-09-30,2025-10-05T10:00:00
PS00007816,LN00021832,PT01,387.20,2025-11-30,2025-12-05T10:00:00
PS00007817,LN00021834,PT03,2147.10,2026-01-31,2026-02-05T10:00:00
PS00007818,LN00021838,PT01,1708.52,2026-05-31,2026-06-05T10:00:00
PS00007819,LN00021842,PT03,550.20,2024-09-30,2024-10-05T10:00:00
PS00007820,LN00021847,PT04,1990.02,2025-02-28,2025-03-05T10:00:00
PS00007821,LN00021849,PT04,1145.80,2025-04-30,2025-05-05T10:00:00
PS00007822,LN00021851,PT05,1458.82,2025-06-30,2025-07-05T10:00:00
PS00007823,LN00021852,PT05,1866.18,2025-07-31,2025-08-05T10:00:00
PS00007824,LN00021853,PT02,1524.90,2025-08-31,2025-09-05T10:00:00
PS00007825,LN00021854,PT01,805.20,2025-09-30,2025-10-05T10:00:00
PS00007826,LN00021855,PT02,1400.10,2025-10-31,2025-11-05T10:00:00
PS00007827,LN00021858,PT04,435.88,2026-01-31,2026-02-05T10:00:00
PS00007828,LN00021859,PT04,2588.76,2026-02-28,2026-03-05T10:00:00
PS00007829,LN00021861,PT03,904.50,2026-04-30,2026-05-05T10:00:00
PS00007830,LN00021864,PT01,273.24,2026-07-31,2026-08-05T10:00:00
PS00007831,LN00021866,PT03,645.90,2024-09-30,2024-10-05T10:00:00
PS00007832,LN00021867,PT01,298.98,2024-10-31,2024-11-05T10:00:00
PS00007833,LN00021870,PT02,953.42,2025-01-31,2025-02-05T10:00:00
PS00007834,LN00021873,PT03,2307.00,2025-04-30,2025-05-05T10:00:00
PS00007835,LN00021877,PT02,1896.18,2025-08-31,2025-09-05T10:00:00
PS00007836,LN00021881,PT02,1287.52,2025-12-31,2026-01-05T10:00:00
PS00007837,LN00021887,PT02,1441.70,2026-06-30,2026-07-05T10:00:00
PS00007838,LN00021888,PT03,1853.70,2026-07-31,2026-08-05T10:00:00
PS00007839,LN00021892,PT05,2962.10,2024-11-30,2024-12-05T10:00:00
PS00007840,LN00021895,PT02,1524.90,2025-02-28,2025-03-05T10:00:00
PS00007841,LN00021898,PT03,697.80,2025-05-31,2025-06-05T10:00:00
PS00007842,LN00021904,PT01,1287.44,2025-11-30,2025-12-05T10:00:00
PS00007843,LN00021905,PT01,319.66,2025-12-31,2026-01-05T10:00:00
PS00007844,LN00021907,PT03,2336.10,2026-02-28,2026-03-05T10:00:00
PS00007845,LN00021908,PT01,1436.16,2026-03-31,2026-04-05T10:00:00
PS00007846,LN00021909,PT01,1271.60,2026-04-30,2026-05-05T10:00:00
PS00007847,LN00021910,PT05,1261.60,2026-05-31,2026-06-05T10:00:00
PS00007848,LN00021912,PT02,1678.04,2026-07-31,2026-08-05T10:00:00
PS00007849,LN00021915,PT04,1004.70,2024-10-31,2024-11-05T10:00:00
PS00007850,LN00021917,PT01,533.72,2024-12-31,2025-01-05T10:00:00
PS00007851,LN00021923,PT04,1291.66,2025-06-30,2025-07-05T10:00:00
PS00007852,LN00021924,PT03,1416.90,2025-07-31,2025-08-05T10:00:00
PS00007853,LN00021925,PT05,2431.24,2025-08-31,2025-09-05T10:00:00
PS00007854,LN00021928,PT05,1854.02,2025-11-30,2025-12-05T10:00:00
PS00007855,LN00021929,PT02,892.32,2025-12-31,2026-01-05T10:00:00
PS00007856,LN00021930,PT01,1440.34,2026-01-31,2026-02-05T10:00:00
PS00007857,LN00021937,PT04,2299.42,2024-08-31,2024-09-05T10:00:00
PS00007858,LN00021941,PT01,720.94,2024-12-31,2025-01-05T10:00:00
PS00007859,LN00021942,PT02,1361.62,2025-01-31,2025-02-05T10:00:00
PS00007860,LN00021946,PT05,1977.90,2025-05-31,2025-06-05T10:00:00
PS00007861,LN00021947,PT04,2371.50,2025-06-30,2025-07-05T10:00:00
PS00007862,LN00021951,PT04,1990.70,2025-10-31,2025-11-05T10:00:00
PS00007863,LN00021955,PT04,1923.72,2026-02-28,2026-03-05T10:00:00
PS00007864,LN00021964,PT05,978.50,2024-11-30,2024-12-05T10:00:00
PS00007865,LN00021965,PT01,564.74,2024-12-31,2025-01-05T10:00:00
PS00007866,LN00021967,PT03,1541.40,2025-02-28,2025-03-05T10:00:00
PS00007867,LN00021968,PT02,1106.56,2025-03-31,2025-04-05T10:00:00
PS00007868,LN00021969,PT01,380.60,2025-04-30,2025-05-05T10:00:00
PS00007869,LN00021971,PT02,773.24,2025-06-30,2025-07-05T10:00:00
PS00007870,LN00021972,PT04,1595.28,2025-07-31,2025-08-05T10:00:00
PS00007871,LN00021974,PT03,966.60,2025-09-30,2025-10-05T10:00:00
PS00007872,LN00021981,PT05,2970.08,2026-04-30,2026-05-05T10:00:00
PS00007873,LN00021982,PT05,2546.76,2026-05-31,2026-06-05T10:00:00
PS00007874,LN00021983,PT04,2095.08,2026-06-30,2026-07-05T10:00:00
PS00007875,LN00021990,PT03,616.50,2025-01-31,2025-02-05T10:00:00
PS00007876,LN00021993,PT03,582.00,2025-04-30,2025-05-05T10:00:00
PS00007877,LN00021996,PT05,1211.06,2025-07-31,2025-08-05T10:00:00
PS00007878,LN00021998,PT05,1411.70,2025-09-30,2025-10-05T10:00:00
PS00007879,LN00022001,PT01,1465.86,2025-12-31,2026-01-05T10:00:00
PS00007880,LN00022004,PT05,1389.66,2026-03-31,2026-04-05T10:00:00
PS00007881,LN00022005,PT02,924.82,2026-04-30,2026-05-05T10:00:00
PS00007882,LN00022010,PT02,557.96,2024-09-30,2024-10-05T10:00:00
PS00007883,LN00022011,PT02,1617.98,2024-10-31,2024-11-05T10:00:00
PS00007884,LN00022015,PT04,1799.96,2025-02-28,2025-03-05T10:00:00
PS00007885,LN00022016,PT01,504.68,2025-03-31,2025-04-05T10:00:00
PS00007886,LN00022017,PT04,2653.36,2025-04-30,2025-05-05T10:00:00
PS00007887,LN00022018,PT03,2159.10,2025-05-31,2025-06-05T10:00:00
PS00007888,LN00022021,PT04,2332.74,2025-08-31,2025-09-05T10:00:00
PS00007889,LN00022025,PT05,2424.02,2025-12-31,2026-01-05T10:00:00
PS00007890,LN00022026,PT02,777.40,2026-01-31,2026-02-05T10:00:00
PS00007891,LN00022028,PT03,2147.40,2026-03-31,2026-04-05T10:00:00
PS00007892,LN00022031,PT03,1279.20,2026-06-30,2026-07-05T10:00:00
PS00007893,LN00022032,PT03,2020.20,2026-07-31,2026-08-05T10:00:00
PS00007894,LN00022038,PT01,1657.48,2025-01-31,2025-02-05T10:00:00
PS00007895,LN00022043,PT02,1385.80,2025-06-30,2025-07-05T10:00:00
PS00007896,LN00022044,PT01,685.52,2025-07-31,2025-08-05T10:00:00
PS00007897,LN00022045,PT04,1334.84,2025-08-31,2025-09-05T10:00:00
PS00007898,LN00022047,PT03,488.10,2025-10-31,2025-11-05T10:00:00
PS00007899,LN00022058,PT05,2281.14,2024-09-30,2024-10-05T10:00:00
PS00007900,LN00022059,PT01,1404.04,2024-10-31,2024-11-05T10:00:00
PS00007901,LN00022060,PT05,2727.26,2024-11-30,2024-12-05T10:00:00
PS00007902,LN00022062,PT01,1152.80,2025-01-31,2025-02-05T10:00:00
PS00007903,LN00022067,PT02,1776.06,2025-06-30,2025-07-05T10:00:00
PS00007904,LN00022069,PT04,1436.50,2025-08-31,2025-09-05T10:00:00
PS00007905,LN00022071,PT04,944.86,2025-10-31,2025-11-05T10:00:00
PS00007906,LN00022074,PT05,702.24,2026-01-31,2026-02-05T10:00:00
PS00007907,LN00022078,PT01,1120.02,2026-05-31,2026-06-05T10:00:00
PS00007908,LN00022080,PT03,1778.70,2026-07-31,2026-08-05T10:00:00
PS00007909,LN00022081,PT03,2146.50,2024-08-31,2024-09-05T10:00:00
PS00007910,LN00022088,PT04,2389.86,2025-03-31,2025-04-05T10:00:00
PS00007911,LN00022096,PT02,1450.54,2025-11-30,2025-12-05T10:00:00
PS00007912,LN00022097,PT05,2178.16,2025-12-31,2026-01-05T10:00:00
PS00007913,LN00022098,PT02,935.22,2026-01-31,2026-02-05T10:00:00
PS00007914,LN00022103,PT05,1091.74,2026-06-30,2026-07-05T10:00:00
PS00007915,LN00022104,PT04,1580.32,2026-07-31,2026-08-05T10:00:00
PS00007916,LN00022109,PT04,1381.76,2024-12-31,2025-01-05T10:00:00
PS00007917,LN00022114,PT04,2102.22,2025-05-31,2025-06-05T10:00:00
PS00007918,LN00022115,PT01,642.18,2025-06-30,2025-07-05T10:00:00
PS00007919,LN00022116,PT04,1983.90,2025-07-31,2025-08-05T10:00:00
PS00007920,LN00022118,PT05,1710.76,2025-09-30,2025-10-05T10:00:00
PS00007921,LN00022122,PT01,1568.60,2026-01-31,2026-02-05T10:00:00
PS00007922,LN00022126,PT04,1920.66,2026-05-31,2026-06-05T10:00:00
PS00007923,LN00022128,PT03,1813.80,2026-07-31,2026-08-05T10:00:00
PS00007924,LN00022131,PT01,661.98,2024-10-31,2024-11-05T10:00:00
PS00007925,LN00022133,PT01,1465.86,2024-12-31,2025-01-05T10:00:00
PS00007926,LN00022135,PT03,1659.60,2025-02-28,2025-03-05T10:00:00
PS00007927,LN00022143,PT04,822.12,2025-10-31,2025-11-05T10:00:00
PS00007928,LN00022145,PT03,1658.70,2025-12-31,2026-01-05T10:00:00
PS00007929,LN00022148,PT05,1242.22,2026-03-31,2026-04-05T10:00:00
PS00007930,LN00022149,PT02,1422.72,2026-04-30,2026-05-05T10:00:00
PS00007931,LN00022151,PT02,490.62,2026-06-30,2026-07-05T10:00:00
PS00007932,LN00022155,PT01,1339.14,2024-10-31,2024-11-05T10:00:00
PS00007933,LN00022156,PT04,2496.62,2024-11-30,2024-12-05T10:00:00
PS00007934,LN00022158,PT05,2371.58,2025-01-31,2025-02-05T10:00:00
PS00007935,LN00022159,PT04,947.24,2025-02-28,2025-03-05T10:00:00
PS00007936,LN00022161,PT01,1525.70,2025-04-30,2025-05-05T10:00:00
PS00007937,LN00022174,PT03,1679.70,2026-05-31,2026-06-05T10:00:00
PS00007938,LN00022176,PT04,2361.98,2026-07-31,2026-08-05T10:00:00
PS00007939,LN00022177,PT03,2253.90,2024-08-31,2024-09-05T10:00:00
PS00007940,LN00022179,PT05,1385.48,2024-10-31,2024-11-05T10:00:00
PS00007941,LN00022181,PT05,2437.32,2024-12-31,2025-01-05T10:00:00
PS00007942,LN00022183,PT02,1616.42,2025-02-28,2025-03-05T10:00:00
PS00007943,LN00022185,PT02,1528.54,2025-04-30,2025-05-05T10:00:00
PS00007944,LN00022186,PT05,1882.14,2025-05-31,2025-06-05T10:00:00
PS00007945,LN00022188,PT05,763.80,2025-07-31,2025-08-05T10:00:00
PS00007946,LN00022190,PT01,532.40,2025-09-30,2025-10-05T10:00:00
PS00007947,LN00022192,PT05,847.40,2025-11-30,2025-12-05T10:00:00
PS00007948,LN00022194,PT03,1173.60,2026-01-31,2026-02-05T10:00:00
PS00007949,LN00022195,PT01,447.92,2026-02-28,2026-03-05T10:00:00
PS00007950,LN00022196,PT01,1727.22,2026-03-31,2026-04-05T10:00:00
PS00007951,LN00022200,PT05,677.54,2026-07-31,2026-08-05T10:00:00
PS00007952,LN00022201,PT05,2223.38,2024-08-31,2024-09-05T10:00:00
PS00007953,LN00022202,PT05,2926.38,2024-09-30,2024-10-05T10:00:00
PS00007954,LN00022208,PT05,2028.82,2025-03-31,2025-04-05T10:00:00
PS00007955,LN00022210,PT01,861.52,2025-05-31,2025-06-05T10:00:00
PS00007956,LN00022211,PT05,1940.28,2025-06-30,2025-07-05T10:00:00
PS00007957,LN00022215,PT04,1589.16,2025-10-31,2025-11-05T10:00:00
PS00007958,LN00022219,PT02,1152.58,2026-02-28,2026-03-05T10:00:00
PS00007959,LN00022220,PT04,894.54,2026-03-31,2026-04-05T10:00:00
PS00007960,LN00022221,PT04,1271.60,2026-04-30,2026-05-05T10:00:00
PS00007961,LN00022223,PT04,539.92,2026-06-30,2026-07-05T10:00:00
PS00007962,LN00022224,PT02,1270.62,2026-07-31,2026-08-05T10:00:00
PS00007963,LN00022225,PT04,2679.88,2024-08-31,2024-09-05T10:00:00
PS00007964,LN00022226,PT03,1856.40,2024-09-30,2024-10-05T10:00:00
PS00007965,LN00022230,PT01,901.78,2025-01-31,2025-02-05T10:00:00
PS00007966,LN00022239,PT03,2302.80,2025-10-31,2025-11-05T10:00:00
PS00007967,LN00022245,PT02,399.36,2026-04-30,2026-05-05T10:00:00
PS00007968,LN00022248,PT02,388.70,2026-07-31,2026-08-05T10:00:00
PS00007969,LN00022250,PT04,1238.28,2024-09-30,2024-10-05T10:00:00
PS00007970,LN00022252,PT01,295.46,2024-11-30,2024-12-05T10:00:00
PS00007971,LN00022253,PT02,1815.84,2024-12-31,2025-01-05T10:00:00
PS00007972,LN00022259,PT01,1645.60,2025-06-30,2025-07-05T10:00:00
PS00007973,LN00022262,PT04,1742.50,2025-09-30,2025-10-05T10:00:00
PS00007974,LN00022263,PT03,1255.20,2025-10-31,2025-11-05T10:00:00
PS00007975,LN00022269,PT02,1994.46,2026-04-30,2026-05-05T10:00:00
PS00007976,LN00022270,PT02,1636.96,2026-05-31,2026-06-05T10:00:00
PS00007977,LN00022273,PT05,2916.12,2024-08-31,2024-09-05T10:00:00
PS00007978,LN00022274,PT01,1692.90,2024-09-30,2024-10-05T10:00:00
PS00007979,LN00022275,PT04,1761.88,2024-10-31,2024-11-05T10:00:00
PS00007980,LN00022283,PT04,1140.36,2025-06-30,2025-07-05T10:00:00
PS00007981,LN00022284,PT04,876.86,2025-07-31,2025-08-05T10:00:00
PS00007982,LN00022287,PT02,1932.84,2025-10-31,2025-11-05T10:00:00
PS00007983,LN00022289,PT04,1016.26,2025-12-31,2026-01-05T10:00:00
PS00007984,LN00022292,PT05,2680.90,2026-03-31,2026-04-05T10:00:00
PS00007985,LN00022304,PT01,706.20,2025-03-31,2025-04-05T10:00:00
PS00007986,LN00022307,PT04,2267.80,2025-06-30,2025-07-05T10:00:00
PS00007987,LN00022311,PT02,542.88,2025-10-31,2025-11-05T10:00:00
PS00007988,LN00022312,PT02,1077.18,2025-11-30,2025-12-05T10:00:00
PS00007989,LN00022316,PT05,1673.52,2026-03-31,2026-04-05T10:00:00
PS00007990,LN00022317,PT05,1549.26,2026-04-30,2026-05-05T10:00:00
PS00007991,LN00022324,PT04,2518.38,2024-11-30,2024-12-05T10:00:00
PS00007992,LN00022328,PT04,1378.02,2025-03-31,2025-04-05T10:00:00
PS00007993,LN00022330,PT05,2471.52,2025-05-31,2025-06-05T10:00:00
PS00007994,LN00022335,PT01,1609.74,2025-10-31,2025-11-05T10:00:00
PS00007995,LN00022337,PT02,594.62,2025-12-31,2026-01-05T10:00:00
PS00007996,LN00022338,PT04,2009.40,2026-01-31,2026-02-05T10:00:00
PS00007997,LN00022343,PT03,1266.30,2026-06-30,2026-07-05T10:00:00
PS00007998,LN00022345,PT02,1608.10,2024-08-31,2024-09-05T10:00:00
PS00007999,LN00022348,PT02,1088.62,2024-11-30,2024-12-05T10:00:00
PS00008000,LN00022351,PT02,444.60,2025-02-28,2025-03-05T10:00:00
PS00008001,LN00022355,PT04,2431.00,2025-06-30,2025-07-05T10:00:00
PS00008002,LN00022356,PT03,1443.30,2025-07-31,2025-08-05T10:00:00
PS00008003,LN00022357,PT04,1723.80,2025-08-31,2025-09-05T10:00:00
PS00008004,LN00022358,PT04,737.46,2025-09-30,2025-10-05T10:00:00
PS00008005,LN00022362,PT02,452.92,2026-01-31,2026-02-05T10:00:00
PS00008006,LN00022369,PT01,1687.62,2024-08-31,2024-09-05T10:00:00
PS00008007,LN00022371,PT04,863.26,2024-10-31,2024-11-05T10:00:00
PS00008008,LN00022372,PT03,1657.50,2024-11-30,2024-12-05T10:00:00
PS00008009,LN00022376,PT04,1376.32,2025-03-31,2025-04-05T10:00:00
PS00008010,LN00022378,PT03,2141.10,2025-05-31,2025-06-05T10:00:00
PS00008011,LN00022380,PT02,747.50,2025-07-31,2025-08-05T10:00:00
PS00008012,LN00022382,PT01,1562.66,2025-09-30,2025-10-05T10:00:00
PS00008013,LN00022386,PT05,1099.34,2026-01-31,2026-02-05T10:00:00
PS00008014,LN00022387,PT05,502.36,2026-02-28,2026-03-05T10:00:00
PS00008015,LN00022389,PT05,1437.16,2026-04-30,2026-05-05T10:00:00
PS00008016,LN00022392,PT05,1933.44,2026-07-31,2026-08-05T10:00:00
PS00008017,LN00022394,PT02,1089.40,2024-09-30,2024-10-05T10:00:00
PS00008018,LN00022395,PT05,2353.34,2024-10-31,2024-11-05T10:00:00
PS00008019,LN00022398,PT02,891.28,2025-01-31,2025-02-05T10:00:00
PS00008020,LN00022399,PT02,453.18,2025-02-28,2025-03-05T10:00:00
PS00008021,LN00022402,PT02,1305.46,2025-05-31,2025-06-05T10:00:00
PS00008022,LN00022403,PT01,786.28,2025-06-30,2025-07-05T10:00:00
PS00008023,LN00022405,PT05,2900.16,2025-08-31,2025-09-05T10:00:00
PS00008024,LN00022406,PT05,585.58,2025-09-30,2025-10-05T10:00:00
PS00008025,LN00022417,PT05,2212.36,2024-08-31,2024-09-05T10:00:00
PS00008026,LN00022418,PT03,2327.10,2024-09-30,2024-10-05T10:00:00
PS00008027,LN00022419,PT03,1457.70,2024-10-31,2024-11-05T10:00:00
PS00008028,LN00022422,PT05,1612.34,2025-01-31,2025-02-05T10:00:00
PS00008029,LN00022423,PT03,2344.80,2025-02-28,2025-03-05T10:00:00
PS00008030,LN00022424,PT05,1075.78,2025-03-31,2025-04-05T10:00:00
PS00008031,LN00022425,PT02,895.96,2025-04-30,2025-05-05T10:00:00
PS00008032,LN00022426,PT02,1837.94,2025-05-31,2025-06-05T10:00:00
PS00008033,LN00022428,PT02,1132.82,2025-07-31,2025-08-05T10:00:00
PS00008034,LN00022434,PT02,1129.18,2026-01-31,2026-02-05T10:00:00
PS00008035,LN00022435,PT01,1029.16,2026-02-28,2026-03-05T10:00:00
PS00008036,LN00022438,PT02,1937.00,2026-05-31,2026-06-05T10:00:00
PS00008037,LN00022440,PT05,1059.82,2026-07-31,2026-08-05T10:00:00
PS00008038,LN00022441,PT05,501.22,2024-08-31,2024-09-05T10:00:00
PS00008039,LN00022442,PT05,2978.82,2024-09-30,2024-10-05T10:00:00
PS00008040,LN00022443,PT01,847.22,2024-10-31,2024-11-05T10:00:00
PS00008041,LN00022445,PT05,583.30,2024-12-31,2025-01-05T10:00:00
PS00008042,LN00022454,PT02,322.40,2025-09-30,2025-10-05T10:00:00
PS00008043,LN00022456,PT05,2118.50,2025-11-30,2025-12-05T10:00:00
PS00008044,LN00022457,PT05,1931.16,2025-12-31,2026-01-05T10:00:00
PS00008045,LN00022460,PT02,1702.48,2026-03-31,2026-04-05T10:00:00
PS00008046,LN00022461,PT04,455.60,2026-04-30,2026-05-05T10:00:00
PS00008047,LN00022464,PT02,836.42,2026-07-31,2026-08-05T10:00:00
PS00008048,LN00022465,PT02,325.00,2024-08-31,2024-09-05T10:00:00
PS00008049,LN00022469,PT01,388.96,2024-12-31,2025-01-05T10:00:00
PS00008050,LN00022476,PT04,2353.14,2025-07-31,2025-08-05T10:00:00
PS00008051,LN00022480,PT05,1466.80,2025-11-30,2025-12-05T10:00:00
PS00008052,LN00022481,PT01,889.68,2025-12-31,2026-01-05T10:00:00
PS00008053,LN00022484,PT05,1908.36,2026-03-31,2026-04-05T10:00:00
PS00008054,LN00022488,PT02,998.14,2026-07-31,2026-08-05T10:00:00
PS00008055,LN00022490,PT01,1438.58,2024-09-30,2024-10-05T10:00:00
PS00008056,LN00022493,PT05,2785.02,2024-12-31,2025-01-05T10:00:00
PS00008057,LN00022494,PT03,526.20,2025-01-31,2025-02-05T10:00:00
PS00008058,LN00022499,PT01,298.76,2025-06-30,2025-07-05T10:00:00
PS00008059,LN00022502,PT05,1519.24,2025-09-30,2025-10-05T10:00:00
PS00008060,LN00022503,PT01,377.08,2025-10-31,2025-11-05T10:00:00
PS00008061,LN00022510,PT01,1513.16,2026-05-31,2026-06-05T10:00:00
PS00008062,LN00022512,PT03,393.90,2026-07-31,2026-08-05T10:00:00
PS00008063,LN00022517,PT04,1551.42,2024-12-31,2025-01-05T10:00:00
PS00008064,LN00022519,PT01,1284.14,2025-02-28,2025-03-05T10:00:00
PS00008065,LN00022521,PT01,919.38,2025-04-30,2025-05-05T10:00:00
PS00008066,LN00022531,PT02,761.28,2026-02-28,2026-03-05T10:00:00
PS00008067,LN00022532,PT01,1629.98,2026-03-31,2026-04-05T10:00:00
PS00008068,LN00022533,PT03,921.30,2026-04-30,2026-05-05T10:00:00
PS00008069,LN00022536,PT02,409.50,2026-07-31,2026-08-05T10:00:00
PS00008070,LN00022537,PT01,683.98,2024-08-31,2024-09-05T10:00:00
PS00008071,LN00022538,PT04,1581.68,2024-09-30,2024-10-05T10:00:00
PS00008072,LN00022542,PT02,1426.36,2025-01-31,2025-02-05T10:00:00
PS00008073,LN00022545,PT02,454.48,2025-04-30,2025-05-05T10:00:00
PS00008074,LN00022548,PT03,2395.50,2025-07-31,2025-08-05T10:00:00
PS00008075,LN00022549,PT01,999.24,2025-08-31,2025-09-05T10:00:00
PS00008076,LN00022550,PT04,1505.52,2025-09-30,2025-10-05T10:00:00
PS00008077,LN00022552,PT03,2152.50,2025-11-30,2025-12-05T10:00:00
PS00008078,LN00022557,PT03,1276.50,2026-04-30,2026-05-05T10:00:00
PS00008079,LN00022561,PT05,671.84,2024-08-31,2024-09-05T10:00:00
PS00008080,LN00022562,PT01,1249.38,2024-09-30,2024-10-05T10:00:00
PS00008081,LN00022564,PT03,595.50,2024-11-30,2024-12-05T10:00:00
PS00008082,LN00022565,PT04,1284.86,2024-12-31,2025-01-05T10:00:00
PS00008083,LN00022567,PT01,289.52,2025-02-28,2025-03-05T10:00:00
PS00008084,LN00022568,PT05,1300.74,2025-03-31,2025-04-05T10:00:00
PS00008085,LN00022580,PT02,999.70,2026-03-31,2026-04-05T10:00:00
PS00008086,LN00022592,PT05,2501.54,2025-03-31,2025-04-05T10:00:00
PS00008087,LN00022593,PT03,1628.10,2025-04-30,2025-05-05T10:00:00
PS00008088,LN00022599,PT04,2204.90,2025-10-31,2025-11-05T10:00:00
PS00008089,LN00022600,PT05,2324.84,2025-11-30,2025-12-05T10:00:00
PS00008090,LN00022602,PT04,1448.06,2026-01-31,2026-02-05T10:00:00
PS00008091,LN00022605,PT04,1957.72,2026-04-30,2026-05-05T10:00:00
PS00008092,LN00022606,PT02,1927.12,2026-05-31,2026-06-05T10:00:00
PS00008093,LN00022608,PT02,1114.62,2026-07-31,2026-08-05T10:00:00
PS00008094,LN00022612,PT02,1305.20,2024-11-30,2024-12-05T10:00:00
PS00008095,LN00022614,PT02,2017.08,2025-01-31,2025-02-05T10:00:00
PS00008096,LN00022623,PT03,1890.00,2025-10-31,2025-11-05T10:00:00
PS00008097,LN00022624,PT02,459.94,2025-11-30,2025-12-05T10:00:00
PS00008098,LN00022625,PT03,1479.00,2025-12-31,2026-01-05T10:00:00
PS00008099,LN00022627,PT03,2075.10,2026-02-28,2026-03-05T10:00:00
PS00008100,LN00022630,PT02,1499.94,2026-05-31,2026-06-05T10:00:00
PS00008101,LN00022631,PT03,2252.40,2026-06-30,2026-07-05T10:00:00
PS00008102,LN00022638,PT02,1000.22,2025-01-31,2025-02-05T10:00:00
PS00008103,LN00022639,PT03,553.50,2025-02-28,2025-03-05T10:00:00
PS00008104,LN00022640,PT05,2182.34,2025-03-31,2025-04-05T10:00:00
PS00008105,LN00022641,PT02,1480.96,2025-04-30,2025-05-05T10:00:00
PS00008106,LN00022642,PT05,1437.92,2025-05-31,2025-06-05T10:00:00
PS00008107,LN00022643,PT03,941.10,2025-06-30,2025-07-05T10:00:00
PS00008108,LN00022644,PT02,716.82,2025-07-31,2025-08-05T10:00:00
PS00008109,LN00022648,PT05,1545.84,2025-11-30,2025-12-05T10:00:00
PS00008110,LN00022651,PT05,1242.22,2026-02-28,2026-03-05T10:00:00
PS00008111,LN00022653,PT05,1839.58,2026-04-30,2026-05-05T10:00:00
PS00008112,LN00022654,PT01,1119.58,2026-05-31,2026-06-05T10:00:00
PS00008113,LN00022656,PT02,893.36,2026-07-31,2026-08-05T10:00:00
PS00008114,LN00022657,PT01,1454.64,2024-08-31,2024-09-05T10:00:00
PS00008115,LN00022659,PT03,1306.80,2024-10-31,2024-11-05T10:00:00
PS00008116,LN00022663,PT01,1125.96,2025-02-28,2025-03-05T10:00:00
PS00008117,LN00022665,PT02,1912.30,2025-04-30,2025-05-05T10:00:00
PS00008118,LN00022671,PT01,1260.82,2025-10-31,2025-11-05T10:00:00
PS00008119,LN00022673,PT04,1520.14,2025-12-31,2026-01-05T10:00:00
PS00008120,LN00022674,PT04,1559.24,2026-01-31,2026-02-05T10:00:00
PS00008121,LN00022677,PT04,1107.04,2026-04-30,2026-05-05T10:00:00
PS00008122,LN00022678,PT04,2259.64,2026-05-31,2026-06-05T10:00:00
PS00008123,LN00022679,PT04,1483.42,2026-06-30,2026-07-05T10:00:00
PS00008124,LN00022680,PT05,638.40,2026-07-31,2026-08-05T10:00:00
PS00008125,LN00022684,PT01,1406.90,2024-11-30,2024-12-05T10:00:00
PS00008126,LN00022688,PT02,907.66,2025-03-31,2025-04-05T10:00:00
PS00008127,LN00022695,PT03,2120.70,2025-10-31,2025-11-05T10:00:00
PS00008128,LN00022699,PT01,606.76,2026-02-28,2026-03-05T10:00:00
PS00008129,LN00022701,PT05,2790.72,2026-04-30,2026-05-05T10:00:00
PS00008130,LN00022707,PT03,989.70,2024-10-31,2024-11-05T10:00:00
PS00008131,LN00022708,PT05,1093.64,2024-11-30,2024-12-05T10:00:00
PS00008132,LN00022711,PT05,1228.54,2025-02-28,2025-03-05T10:00:00
PS00008133,LN00022717,PT05,1695.94,2025-08-31,2025-09-05T10:00:00
PS00008134,LN00022719,PT03,1924.80,2025-10-31,2025-11-05T10:00:00
PS00008135,LN00022720,PT05,1722.92,2025-11-30,2025-12-05T10:00:00
PS00008136,LN00022722,PT01,745.80,2026-01-31,2026-02-05T10:00:00
PS00008137,LN00022725,PT01,1013.98,2026-04-30,2026-05-05T10:00:00
PS00008138,LN00022726,PT05,2191.08,2026-05-31,2026-06-05T10:00:00
PS00008139,LN00022729,PT01,518.54,2024-08-31,2024-09-05T10:00:00
PS00008140,LN00022733,PT02,888.68,2024-12-31,2025-01-05T10:00:00
PS00008141,LN00022734,PT03,2032.50,2025-01-31,2025-02-05T10:00:00
PS00008142,LN00022737,PT05,803.70,2025-04-30,2025-05-05T10:00:00
PS00008143,LN00022738,PT02,526.50,2025-05-31,2025-06-05T10:00:00
PS00008144,LN00022740,PT05,1962.32,2025-07-31,2025-08-05T10:00:00
PS00008145,LN00022745,PT02,2074.80,2025-12-31,2026-01-05T10:00:00
PS00008146,LN00022746,PT02,1395.16,2026-01-31,2026-02-05T10:00:00
PS00008147,LN00022750,PT02,1086.54,2026-05-31,2026-06-05T10:00:00
PS00008148,LN00022754,PT05,1450.08,2024-09-30,2024-10-05T10:00:00
PS00008149,LN00022756,PT02,1290.64,2024-11-30,2024-12-05T10:00:00
PS00008150,LN00022757,PT01,1740.42,2024-12-31,2025-01-05T10:00:00
PS00008151,LN00022760,PT05,1910.64,2025-03-31,2025-04-05T10:00:00
PS00008152,LN00022762,PT05,1610.44,2025-05-31,2025-06-05T10:00:00
PS00008153,LN00022764,PT03,1377.60,2025-07-31,2025-08-05T10:00:00
PS00008154,LN00022767,PT04,528.36,2025-10-31,2025-11-05T10:00:00
PS00008155,LN00022769,PT04,2126.36,2025-12-31,2026-01-05T10:00:00
PS00008156,LN00022770,PT05,1700.50,2026-01-31,2026-02-05T10:00:00
PS00008157,LN00022771,PT03,1554.00,2026-02-28,2026-03-05T10:00:00
PS00008158,LN00022773,PT05,2228.70,2026-04-30,2026-05-05T10:00:00
PS00008159,LN00022776,PT04,2413.66,2026-07-31,2026-08-05T10:00:00
PS00008160,LN00022777,PT04,2652.34,2024-08-31,2024-09-05T10:00:00
PS00008161,LN00022780,PT04,1735.70,2024-11-30,2024-12-05T10:00:00
PS00008162,LN00022781,PT04,2193.34,2024-12-31,2025-01-05T10:00:00
PS00008163,LN00022789,PT05,1983.60,2025-08-31,2025-09-05T10:00:00
PS00008164,LN00022790,PT03,2265.30,2025-09-30,2025-10-05T10:00:00
PS00008165,LN00022795,PT03,2389.80,2026-02-28,2026-03-05T10:00:00
PS00008166,LN00022797,PT04,2560.54,2026-04-30,2026-05-05T10:00:00
PS00008167,LN00022798,PT02,1672.06,2026-05-31,2026-06-05T10:00:00
PS00008168,LN00022801,PT04,2226.32,2024-08-31,2024-09-05T10:00:00
PS00008169,LN00022802,PT02,1225.12,2024-09-30,2024-10-05T10:00:00
PS00008170,LN00022809,PT01,1354.76,2025-04-30,2025-05-05T10:00:00
PS00008171,LN00022810,PT01,1223.86,2025-05-31,2025-06-05T10:00:00
PS00008172,LN00022815,PT03,948.60,2025-10-31,2025-11-05T10:00:00
PS00008173,LN00022818,PT01,487.74,2026-01-31,2026-02-05T10:00:00
PS00008174,LN00022820,PT03,1329.30,2026-03-31,2026-04-05T10:00:00
PS00008175,LN00022821,PT01,1158.52,2026-04-30,2026-05-05T10:00:00
PS00008176,LN00022822,PT01,421.74,2026-05-31,2026-06-05T10:00:00
PS00008177,LN00022823,PT04,1054.00,2026-06-30,2026-07-05T10:00:00
PS00008178,LN00022824,PT02,717.60,2026-07-31,2026-08-05T10:00:00
PS00008179,LN00022826,PT01,1662.54,2024-09-30,2024-10-05T10:00:00
PS00008180,LN00022828,PT02,1888.12,2024-11-30,2024-12-05T10:00:00
PS00008181,LN00022829,PT03,2010.60,2024-12-31,2025-01-05T10:00:00
PS00008182,LN00022836,PT05,1845.66,2025-07-31,2025-08-05T10:00:00
PS00008183,LN00022842,PT04,909.16,2026-01-31,2026-02-05T10:00:00
PS00008184,LN00022843,PT02,693.94,2026-02-28,2026-03-05T10:00:00
PS00008185,LN00022844,PT05,1230.82,2026-03-31,2026-04-05T10:00:00
PS00008186,LN00022845,PT04,2574.14,2026-04-30,2026-05-05T10:00:00
PS00008187,LN00022847,PT02,1329.64,2026-06-30,2026-07-05T10:00:00
PS00008188,LN00022849,PT05,1272.62,2024-08-31,2024-09-05T10:00:00
PS00008189,LN00022851,PT05,2222.62,2024-10-31,2024-11-05T10:00:00
PS00008190,LN00022852,PT02,1623.18,2024-11-30,2024-12-05T10:00:00
PS00008191,LN00022856,PT04,2098.14,2025-03-31,2025-04-05T10:00:00
PS00008192,LN00022858,PT01,1742.18,2025-05-31,2025-06-05T10:00:00
PS00008193,LN00022859,PT03,444.90,2025-06-30,2025-07-05T10:00:00
PS00008194,LN00022866,PT01,803.22,2026-01-31,2026-02-05T10:00:00
PS00008195,LN00022869,PT05,1957.76,2026-04-30,2026-05-05T10:00:00
PS00008196,LN00022877,PT04,2290.24,2024-12-31,2025-01-05T10:00:00
PS00008197,LN00022878,PT02,1059.76,2025-01-31,2025-02-05T10:00:00
PS00008198,LN00022882,PT02,1018.42,2025-05-31,2025-06-05T10:00:00
PS00008199,LN00022883,PT05,2802.88,2025-06-30,2025-07-05T10:00:00
PS00008200,LN00022884,PT03,819.60,2025-07-31,2025-08-05T10:00:00
PS00008201,LN00022887,PT02,1125.28,2025-10-31,2025-11-05T10:00:00
PS00008202,LN00022891,PT02,794.82,2026-02-28,2026-03-05T10:00:00
PS00008203,LN00022894,PT03,860.10,2026-05-31,2026-06-05T10:00:00
PS00008204,LN00022897,PT03,2305.80,2024-08-31,2024-09-05T10:00:00
PS00008205,LN00022898,PT03,1641.00,2024-09-30,2024-10-05T10:00:00
PS00008206,LN00022900,PT04,1572.84,2024-11-30,2024-12-05T10:00:00
PS00008207,LN00022902,PT04,1734.34,2025-01-31,2025-02-05T10:00:00
PS00008208,LN00022906,PT04,1633.02,2025-05-31,2025-06-05T10:00:00
PS00008209,LN00022908,PT04,1256.30,2025-07-31,2025-08-05T10:00:00
PS00008210,LN00022912,PT04,1584.74,2025-11-30,2025-12-05T10:00:00
PS00008211,LN00022916,PT02,1653.86,2026-03-31,2026-04-05T10:00:00
PS00008212,LN00022917,PT02,1105.00,2026-04-30,2026-05-05T10:00:00
PS00008213,LN00022921,PT02,1113.06,2024-08-31,2024-09-05T10:00:00
PS00008214,LN00022923,PT05,2852.66,2024-10-31,2024-11-05T10:00:00
PS00008215,LN00022932,PT02,568.10,2025-07-31,2025-08-05T10:00:00
PS00008216,LN00022935,PT04,2422.16,2025-10-31,2025-11-05T10:00:00
PS00008217,LN00022938,PT03,2332.50,2026-01-31,2026-02-05T10:00:00
PS00008218,LN00022939,PT05,811.30,2026-02-28,2026-03-05T10:00:00
PS00008219,LN00022941,PT01,1698.18,2026-04-30,2026-05-05T10:00:00
PS00008220,LN00022943,PT01,1183.82,2026-06-30,2026-07-05T10:00:00
PS00008221,LN00022945,PT05,3024.80,2024-08-31,2024-09-05T10:00:00
PS00008222,LN00022947,PT02,1653.60,2024-10-31,2024-11-05T10:00:00
PS00008223,LN00022948,PT01,1214.62,2024-11-30,2024-12-05T10:00:00
PS00008224,LN00022949,PT01,737.66,2024-12-31,2025-01-05T10:00:00
PS00008225,LN00022952,PT04,2057.68,2025-03-31,2025-04-05T10:00:00
PS00008226,LN00022954,PT01,1172.38,2025-05-31,2025-06-05T10:00:00
PS00008227,LN00022955,PT04,2618.34,2025-06-30,2025-07-05T10:00:00
PS00008228,LN00022956,PT04,2593.18,2025-07-31,2025-08-05T10:00:00
PS00008229,LN00022957,PT02,1440.40,2025-08-31,2025-09-05T10:00:00
PS00008230,LN00022961,PT04,757.18,2025-12-31,2026-01-05T10:00:00
PS00008231,LN00022972,PT05,2913.46,2024-11-30,2024-12-05T10:00:00
PS00008232,LN00022974,PT05,1223.22,2025-01-31,2025-02-05T10:00:00
PS00008233,LN00022975,PT05,1862.38,2025-02-28,2025-03-05T10:00:00
PS00008234,LN00022977,PT01,982.30,2025-04-30,2025-05-05T10:00:00
PS00008235,LN00022979,PT02,2048.54,2025-06-30,2025-07-05T10:00:00
PS00008236,LN00022980,PT02,1354.34,2025-07-31,2025-08-05T10:00:00
PS00008237,LN00022982,PT04,1325.32,2025-09-30,2025-10-05T10:00:00
PS00008238,LN00022983,PT05,2626.56,2025-10-31,2025-11-05T10:00:00
PS00008239,LN00022987,PT01,454.08,2026-02-28,2026-03-05T10:00:00
PS00008240,LN00022988,PT03,400.50,2026-03-31,2026-04-05T10:00:00
PS00008241,LN00022991,PT05,1491.12,2026-06-30,2026-07-05T10:00:00
PS00008242,LN00022993,PT04,2195.72,2024-08-31,2024-09-05T10:00:00
PS00008243,LN00022994,PT02,2020.72,2024-09-30,2024-10-05T10:00:00
PS00008244,LN00022997,PT04,1280.10,2024-12-31,2025-01-05T10:00:00
PS00008245,LN00023000,PT01,600.38,2025-03-31,2025-04-05T10:00:00
PS00008246,LN00023001,PT01,978.56,2025-04-30,2025-05-05T10:00:00
PS00008247,LN00023002,PT05,1843.00,2025-05-31,2025-06-05T10:00:00
PS00008248,LN00023004,PT04,2402.10,2025-07-31,2025-08-05T10:00:00
PS00008249,LN00023005,PT02,1980.16,2025-08-31,2025-09-05T10:00:00
PS00008250,LN00023012,PT01,867.68,2026-03-31,2026-04-05T10:00:00
PS00008251,LN00023014,PT05,1410.56,2026-05-31,2026-06-05T10:00:00
PS00008252,LN00023017,PT03,924.00,2024-08-31,2024-09-05T10:00:00
PS00008253,LN00023019,PT02,988.52,2024-10-31,2024-11-05T10:00:00
PS00008254,LN00023020,PT04,2189.60,2024-11-30,2024-12-05T10:00:00
PS00008255,LN00023022,PT05,820.04,2025-01-31,2025-02-05T10:00:00
PS00008256,LN00023026,PT02,806.52,2025-05-31,2025-06-05T10:00:00
PS00008257,LN00023032,PT05,2301.66,2025-11-30,2025-12-05T10:00:00
PS00008258,LN00023034,PT01,596.42,2026-01-31,2026-02-05T10:00:00
PS00008259,LN00023038,PT01,1568.38,2026-05-31,2026-06-05T10:00:00
PS00008260,LN00023039,PT04,1269.56,2026-06-30,2026-07-05T10:00:00
PS00008261,LN00023040,PT04,810.56,2026-07-31,2026-08-05T10:00:00
PS00008262,LN00023042,PT02,1883.70,2024-09-30,2024-10-05T10:00:00
PS00008263,LN00023043,PT02,1719.90,2024-10-31,2024-11-05T10:00:00
PS00008264,LN00023047,PT02,404.30,2025-02-28,2025-03-05T10:00:00
PS00008265,LN00023048,PT02,808.86,2025-03-31,2025-04-05T10:00:00
PS00008266,LN00023051,PT05,1214.48,2025-06-30,2025-07-05T10:00:00
PS00008267,LN00023052,PT01,1041.26,2025-07-31,2025-08-05T10:00:00
PS00008268,LN00023055,PT03,1893.90,2025-10-31,2025-11-05T10:00:00
PS00008269,LN00023058,PT04,1389.58,2026-01-31,2026-02-05T10:00:00
PS00008270,LN00023062,PT01,814.44,2026-05-31,2026-06-05T10:00:00
PS00008271,LN00023068,PT03,604.50,2024-11-30,2024-12-05T10:00:00
PS00008272,LN00023073,PT01,514.36,2025-04-30,2025-05-05T10:00:00
PS00008273,LN00023076,PT02,1217.58,2025-07-31,2025-08-05T10:00:00
PS00008274,LN00023077,PT03,747.60,2025-08-31,2025-09-05T10:00:00
PS00008275,LN00023082,PT05,2739.80,2026-01-31,2026-02-05T10:00:00
PS00008276,LN00023092,PT03,1212.60,2024-11-30,2024-12-05T10:00:00
PS00008277,LN00023094,PT01,1006.72,2025-01-31,2025-02-05T10:00:00
PS00008278,LN00023099,PT01,1126.40,2025-06-30,2025-07-05T10:00:00
PS00008279,LN00023101,PT03,860.70,2025-08-31,2025-09-05T10:00:00
PS00008280,LN00023105,PT05,1965.74,2025-12-31,2026-01-05T10:00:00
PS00008281,LN00023107,PT04,1882.92,2026-02-28,2026-03-05T10:00:00
PS00008282,LN00023108,PT01,1732.06,2026-03-31,2026-04-05T10:00:00
PS00008283,LN00023113,PT05,2221.10,2024-08-31,2024-09-05T10:00:00
PS00008284,LN00023114,PT03,713.40,2024-09-30,2024-10-05T10:00:00
PS00008285,LN00023117,PT02,639.60,2024-12-31,2025-01-05T10:00:00
PS00008286,LN00023122,PT01,339.02,2025-05-31,2025-06-05T10:00:00
PS00008287,LN00023125,PT04,693.60,2025-08-31,2025-09-05T10:00:00
PS00008288,LN00023127,PT04,1813.90,2025-10-31,2025-11-05T10:00:00
PS00008289,LN00023129,PT04,602.82,2025-12-31,2026-01-05T10:00:00
PS00008290,LN00023132,PT04,771.12,2026-03-31,2026-04-05T10:00:00
PS00008291,LN00023134,PT05,816.24,2026-05-31,2026-06-05T10:00:00
PS00008292,LN00023136,PT05,2010.20,2026-07-31,2026-08-05T10:00:00
PS00008293,LN00023137,PT05,2832.52,2024-08-31,2024-09-05T10:00:00
PS00008294,LN00023138,PT03,1611.60,2024-09-30,2024-10-05T10:00:00
PS00008295,LN00023141,PT02,1710.54,2024-12-31,2025-01-05T10:00:00
PS00008296,LN00023146,PT05,2115.84,2025-05-31,2025-06-05T10:00:00
PS00008297,LN00023147,PT04,1724.14,2025-06-30,2025-07-05T10:00:00
PS00008298,LN00023150,PT01,1413.94,2025-09-30,2025-10-05T10:00:00
PS00008299,LN00023153,PT02,2031.90,2025-12-31,2026-01-05T10:00:00
PS00008300,LN00023156,PT04,603.50,2026-03-31,2026-04-05T10:00:00
PS00008301,LN00023173,PT02,842.14,2025-08-31,2025-09-05T10:00:00
PS00008302,LN00023176,PT03,988.80,2025-11-30,2025-12-05T10:00:00
PS00008303,LN00023185,PT03,1372.20,2024-08-31,2024-09-05T10:00:00
PS00008304,LN00023188,PT03,501.30,2024-11-30,2024-12-05T10:00:00
PS00008305,LN00023190,PT01,1095.82,2025-01-31,2025-02-05T10:00:00
PS00008306,LN00023191,PT01,509.08,2025-02-28,2025-03-05T10:00:00
PS00008307,LN00023192,PT05,1184.46,2025-03-31,2025-04-05T10:00:00
PS00008308,LN00023195,PT05,559.74,2025-06-30,2025-07-05T10:00:00
PS00008309,LN00023202,PT04,1915.22,2026-01-31,2026-02-05T10:00:00
PS00008310,LN00023203,PT03,396.60,2026-02-28,2026-03-05T10:00:00
PS00008311,LN00023204,PT05,776.34,2026-03-31,2026-04-05T10:00:00
PS00008312,LN00023209,PT02,1815.06,2024-08-31,2024-09-05T10:00:00
PS00008313,LN00023212,PT04,1321.24,2024-11-30,2024-12-05T10:00:00
PS00008314,LN00023214,PT01,1653.52,2025-01-31,2025-02-05T10:00:00
PS00008315,LN00023217,PT04,1467.44,2025-04-30,2025-05-05T10:00:00
PS00008316,LN00023218,PT05,1657.18,2025-05-31,2025-06-05T10:00:00
PS00008317,LN00023221,PT04,1127.78,2025-08-31,2025-09-05T10:00:00
PS00008318,LN00023223,PT01,1094.50,2025-10-31,2025-11-05T10:00:00
PS00008319,LN00023224,PT05,2605.28,2025-11-30,2025-12-05T10:00:00
PS00008320,LN00023225,PT02,594.62,2025-12-31,2026-01-05T10:00:00
PS00008321,LN00023226,PT01,368.94,2026-01-31,2026-02-05T10:00:00
PS00008322,LN00023227,PT02,1738.36,2026-02-28,2026-03-05T10:00:00
PS00008323,LN00023229,PT02,1340.56,2026-04-30,2026-05-05T10:00:00
PS00008324,LN00023232,PT05,693.50,2026-07-31,2026-08-05T10:00:00
PS00008325,LN00023235,PT01,706.20,2024-10-31,2024-11-05T10:00:00
PS00008326,LN00023237,PT03,1309.80,2024-12-31,2025-01-05T10:00:00
PS00008327,LN00023242,PT04,1590.18,2025-05-31,2025-06-05T10:00:00
PS00008328,LN00023244,PT03,1709.70,2025-07-31,2025-08-05T10:00:00
PS00008329,LN00023246,PT05,2809.72,2025-09-30,2025-10-05T10:00:00
PS00008330,LN00023247,PT01,1507.00,2025-10-31,2025-11-05T10:00:00
PS00008331,LN00023248,PT02,1626.30,2025-11-30,2025-12-05T10:00:00
PS00008332,LN00023250,PT03,2322.60,2026-01-31,2026-02-05T10:00:00
PS00008333,LN00023251,PT05,3002.76,2026-02-28,2026-03-05T10:00:00
PS00008334,LN00023260,PT03,890.70,2024-11-30,2024-12-05T10:00:00
PS00008335,LN00023263,PT05,2390.96,2025-02-28,2025-03-05T10:00:00
PS00008336,LN00023264,PT05,2135.98,2025-03-31,2025-04-05T10:00:00
PS00008337,LN00023267,PT04,2245.36,2025-06-30,2025-07-05T10:00:00
PS00008338,LN00023268,PT02,1966.64,2025-07-31,2025-08-05T10:00:00
PS00008339,LN00023271,PT03,2277.00,2025-10-31,2025-11-05T10:00:00
PS00008340,LN00023272,PT02,938.60,2025-11-30,2025-12-05T10:00:00
PS00008341,LN00023275,PT01,1332.76,2026-02-28,2026-03-05T10:00:00
PS00008342,LN00023277,PT04,2493.22,2026-04-30,2026-05-05T10:00:00
PS00008343,LN00023280,PT02,1125.54,2026-07-31,2026-08-05T10:00:00
PS00008344,LN00023281,PT04,1005.38,2024-08-31,2024-09-05T10:00:00
PS00008345,LN00023286,PT04,1406.58,2025-01-31,2025-02-05T10:00:00
PS00008346,LN00023288,PT01,795.74,2025-03-31,2025-04-05T10:00:00
PS00008347,LN00023291,PT02,1447.94,2025-06-30,2025-07-05T10:00:00
PS00008348,LN00023292,PT02,2016.04,2025-07-31,2025-08-05T10:00:00
PS00008349,LN00023293,PT01,510.40,2025-08-31,2025-09-05T10:00:00
PS00008350,LN00023297,PT04,1204.28,2025-12-31,2026-01-05T10:00:00
PS00008351,LN00023302,PT05,1092.50,2026-05-31,2026-06-05T10:00:00
PS00008352,LN00023305,PT03,1282.80,2024-08-31,2024-09-05T10:00:00
PS00008353,LN00023312,PT03,1520.10,2025-03-31,2025-04-05T10:00:00
PS00008354,LN00023315,PT04,1528.98,2025-06-30,2025-07-05T10:00:00
PS00008355,LN00023317,PT04,2155.94,2025-08-31,2025-09-05T10:00:00
PS00008356,LN00023318,PT02,1535.56,2025-09-30,2025-10-05T10:00:00
PS00008357,LN00023319,PT04,2695.86,2025-10-31,2025-11-05T10:00:00
PS00008358,LN00023324,PT03,651.60,2026-03-31,2026-04-05T10:00:00
PS00008359,LN00023326,PT04,1872.04,2026-05-31,2026-06-05T10:00:00
PS00008360,LN00023334,PT03,2051.40,2025-01-31,2025-02-05T10:00:00
PS00008361,LN00023336,PT04,1724.14,2025-03-31,2025-04-05T10:00:00
PS00008362,LN00023339,PT02,557.44,2025-06-30,2025-07-05T10:00:00
PS00008363,LN00023341,PT05,2876.98,2025-08-31,2025-09-05T10:00:00
PS00008364,LN00023342,PT05,2463.16,2025-09-30,2025-10-05T10:00:00
PS00008365,LN00023343,PT01,1611.94,2025-10-31,2025-11-05T10:00:00
PS00008366,LN00023345,PT05,2251.12,2025-12-31,2026-01-05T10:00:00
PS00008367,LN00023347,PT03,1665.30,2026-02-28,2026-03-05T10:00:00
PS00008368,LN00023350,PT03,1005.30,2026-05-31,2026-06-05T10:00:00
PS00008369,LN00023351,PT02,2080.00,2026-06-30,2026-07-05T10:00:00
PS00008370,LN00023354,PT03,1071.00,2024-09-30,2024-10-05T10:00:00
PS00008371,LN00023356,PT05,772.16,2024-11-30,2024-12-05T10:00:00
PS00008372,LN00023357,PT03,404.70,2024-12-31,2025-01-05T10:00:00
PS00008373,LN00023358,PT04,2416.38,2025-01-31,2025-02-05T10:00:00
PS00008374,LN00023361,PT02,737.10,2025-04-30,2025-05-05T10:00:00
PS00008375,LN00023367,PT04,478.72,2025-10-31,2025-11-05T10:00:00
PS00008376,LN00023368,PT05,1758.64,2025-11-30,2025-12-05T10:00:00
PS00008377,LN00023373,PT04,1674.50,2026-04-30,2026-05-05T10:00:00
PS00008378,LN00023374,PT05,1023.72,2026-05-31,2026-06-05T10:00:00
PS00008379,LN00023375,PT05,2324.46,2026-06-30,2026-07-05T10:00:00
PS00008380,LN00023380,PT01,1705.88,2024-11-30,2024-12-05T10:00:00
PS00008381,LN00023383,PT02,1582.62,2025-02-28,2025-03-05T10:00:00
PS00008382,LN00023384,PT04,2086.92,2025-03-31,2025-04-05T10:00:00
PS00008383,LN00023385,PT04,2170.22,2025-04-30,2025-05-05T10:00:00
PS00008384,LN00023386,PT02,1795.04,2025-05-31,2025-06-05T10:00:00
PS00008385,LN00023387,PT03,384.90,2025-06-30,2025-07-05T10:00:00
PS00008386,LN00023393,PT01,1370.60,2025-12-31,2026-01-05T10:00:00
PS00008387,LN00023397,PT02,607.62,2026-04-30,2026-05-05T10:00:00
PS00008388,LN00023398,PT02,381.42,2026-05-31,2026-06-05T10:00:00
PS00008389,LN00023400,PT03,744.00,2026-07-31,2026-08-05T10:00:00
PS00008390,LN00023405,PT05,1464.14,2024-12-31,2025-01-05T10:00:00
PS00008391,LN00023409,PT05,2079.36,2025-04-30,2025-05-05T10:00:00
PS00008392,LN00023411,PT02,858.78,2025-06-30,2025-07-05T10:00:00
PS00008393,LN00023413,PT01,1390.84,2025-08-31,2025-09-05T10:00:00
PS00008394,LN00023414,PT03,863.40,2025-09-30,2025-10-05T10:00:00
PS00008395,LN00023416,PT05,2852.28,2025-11-30,2025-12-05T10:00:00
PS00008396,LN00023417,PT02,1952.86,2025-12-31,2026-01-05T10:00:00
PS00008397,LN00023419,PT04,804.10,2026-02-28,2026-03-05T10:00:00
PS00008398,LN00023420,PT04,1209.38,2026-03-31,2026-04-05T10:00:00
PS00008399,LN00023423,PT04,1854.36,2026-06-30,2026-07-05T10:00:00
PS00008400,LN00023425,PT01,1438.58,2024-08-31,2024-09-05T10:00:00
PS00008401,LN00023429,PT02,620.10,2024-12-31,2025-01-05T10:00:00
PS00008402,LN00023433,PT04,1426.98,2025-04-30,2025-05-05T10:00:00
PS00008403,LN00023436,PT03,1993.50,2025-07-31,2025-08-05T10:00:00
PS00008404,LN00023439,PT04,1741.82,2025-10-31,2025-11-05T10:00:00
PS00008405,LN00023440,PT03,1953.60,2025-11-30,2025-12-05T10:00:00
PS00008406,LN00023441,PT01,1736.68,2025-12-31,2026-01-05T10:00:00
PS00008407,LN00023443,PT05,1798.92,2026-02-28,2026-03-05T10:00:00
PS00008408,LN00023449,PT01,383.24,2024-08-31,2024-09-05T10:00:00
PS00008409,LN00023450,PT03,1668.00,2024-09-30,2024-10-05T10:00:00
PS00008410,LN00023451,PT05,1478.96,2024-10-31,2024-11-05T10:00:00
PS00008411,LN00023452,PT01,1723.04,2024-11-30,2024-12-05T10:00:00
PS00008412,LN00023453,PT01,1283.92,2024-12-31,2025-01-05T10:00:00
PS00008413,LN00023454,PT02,773.24,2025-01-31,2025-02-05T10:00:00
PS00008414,LN00023458,PT05,583.68,2025-05-31,2025-06-05T10:00:00
PS00008415,LN00023463,PT05,2337.00,2025-10-31,2025-11-05T10:00:00
PS00008416,LN00023482,PT05,1402.20,2025-05-31,2025-06-05T10:00:00
PS00008417,LN00023486,PT01,1390.84,2025-09-30,2025-10-05T10:00:00
PS00008418,LN00023487,PT05,617.88,2025-10-31,2025-11-05T10:00:00
PS00008419,LN00023494,PT02,1127.88,2026-05-31,2026-06-05T10:00:00
PS00008420,LN00023496,PT05,1359.64,2026-07-31,2026-08-05T10:00:00
PS00008421,LN00023501,PT04,1109.42,2024-12-31,2025-01-05T10:00:00
PS00008422,LN00023504,PT01,1199.44,2025-03-31,2025-04-05T10:00:00
PS00008423,LN00023505,PT01,812.90,2025-04-30,2025-05-05T10:00:00
PS00008424,LN00023506,PT01,1523.94,2025-05-31,2025-06-05T10:00:00
PS00008425,LN00023516,PT04,2164.44,2026-03-31,2026-04-05T10:00:00
PS00008426,LN00023518,PT02,1500.72,2026-05-31,2026-06-05T10:00:00
PS00008427,LN00023519,PT05,2275.06,2026-06-30,2026-07-05T10:00:00
PS00008428,LN00023521,PT05,2471.90,2024-08-31,2024-09-05T10:00:00
PS00008429,LN00023524,PT04,790.16,2024-11-30,2024-12-05T10:00:00
PS00008430,LN00023527,PT05,2186.14,2025-02-28,2025-03-05T10:00:00
PS00008431,LN00023529,PT03,578.10,2025-04-30,2025-05-05T10:00:00
PS00008432,LN00023533,PT04,473.96,2025-08-31,2025-09-05T10:00:00
PS00008433,LN00023535,PT05,1104.28,2025-10-31,2025-11-05T10:00:00
PS00008434,LN00023537,PT04,1515.38,2025-12-31,2026-01-05T10:00:00
PS00008435,LN00023542,PT01,468.16,2026-05-31,2026-06-05T10:00:00
PS00008436,LN00023546,PT01,1632.62,2024-09-30,2024-10-05T10:00:00
PS00008437,LN00023549,PT04,1921.34,2024-12-31,2025-01-05T10:00:00
PS00008438,LN00023551,PT01,1589.94,2025-02-28,2025-03-05T10:00:00
PS00008439,LN00023558,PT01,1347.94,2025-09-30,2025-10-05T10:00:00
PS00008440,LN00023559,PT02,1078.22,2025-10-31,2025-11-05T10:00:00
PS00008441,LN00023561,PT02,1603.94,2025-12-31,2026-01-05T10:00:00
PS00008442,LN00023562,PT05,629.66,2026-01-31,2026-02-05T10:00:00
PS00008443,LN00023563,PT03,2012.70,2026-02-28,2026-03-05T10:00:00
PS00008444,LN00023566,PT02,1819.74,2026-05-31,2026-06-05T10:00:00
PS00008445,LN00023568,PT01,688.16,2026-07-31,2026-08-05T10:00:00
PS00008446,LN00023576,PT01,825.00,2025-03-31,2025-04-05T10:00:00
PS00008447,LN00023578,PT04,528.70,2025-05-31,2025-06-05T10:00:00
PS00008448,LN00023579,PT01,513.26,2025-06-30,2025-07-05T10:00:00
PS00008449,LN00023580,PT04,2627.86,2025-07-31,2025-08-05T10:00:00
PS00008450,LN00023584,PT02,672.10,2025-11-30,2025-12-05T10:00:00
PS00008451,LN00023586,PT04,1764.60,2026-01-31,2026-02-05T10:00:00
PS00008452,LN00023590,PT01,740.08,2026-05-31,2026-06-05T10:00:00
PS00008453,LN00023592,PT05,1445.14,2026-07-31,2026-08-05T10:00:00
PS00008454,LN00023595,PT05,1202.32,2024-10-31,2024-11-05T10:00:00
PS00008455,LN00023596,PT01,1526.58,2024-11-30,2024-12-05T10:00:00
PS00008456,LN00023597,PT04,1583.38,2024-12-31,2025-01-05T10:00:00
PS00008457,LN00023601,PT03,474.00,2025-04-30,2025-05-05T10:00:00
PS00008458,LN00023602,PT03,1042.20,2025-05-31,2025-06-05T10:00:00
PS00008459,LN00023604,PT03,1756.80,2025-07-31,2025-08-05T10:00:00
PS00008460,LN00023607,PT01,886.38,2025-10-31,2025-11-05T10:00:00
PS00008461,LN00023608,PT01,795.96,2025-11-30,2025-12-05T10:00:00
PS00008462,LN00023613,PT04,1728.22,2026-04-30,2026-05-05T10:00:00
PS00008463,LN00023614,PT05,1430.70,2026-05-31,2026-06-05T10:00:00
PS00008464,LN00023615,PT04,2546.60,2026-06-30,2026-07-05T10:00:00
PS00008465,LN00023616,PT02,1177.02,2026-07-31,2026-08-05T10:00:00
PS00008466,LN00023618,PT05,2577.54,2024-09-30,2024-10-05T10:00:00
PS00008467,LN00023619,PT05,940.88,2024-10-31,2024-11-05T10:00:00
PS00008468,LN00023620,PT04,1281.46,2024-11-30,2024-12-05T10:00:00
PS00008469,LN00023622,PT02,590.46,2025-01-31,2025-02-05T10:00:00
PS00008470,LN00023628,PT05,1852.88,2025-07-31,2025-08-05T10:00:00
PS00008471,LN00023629,PT04,529.38,2025-08-31,2025-09-05T10:00:00
PS00008472,LN00023631,PT01,346.72,2025-10-31,2025-11-05T10:00:00
PS00008473,LN00023633,PT04,551.48,2025-12-31,2026-01-05T10:00:00
PS00008474,LN00023634,PT04,443.36,2026-01-31,2026-02-05T10:00:00
PS00008475,LN00023635,PT01,1653.08,2026-02-28,2026-03-05T10:00:00
PS00008476,LN00023639,PT03,363.60,2026-06-30,2026-07-05T10:00:00
PS00008477,LN00023644,PT05,1420.82,2024-11-30,2024-12-05T10:00:00
PS00008478,LN00023646,PT02,1825.72,2025-01-31,2025-02-05T10:00:00
PS00008479,LN00023647,PT04,409.36,2025-02-28,2025-03-05T10:00:00
PS00008480,LN00023649,PT03,1390.80,2025-04-30,2025-05-05T10:00:00
PS00008481,LN00023650,PT04,874.48,2025-05-31,2025-06-05T10:00:00
PS00008482,LN00023656,PT01,813.34,2025-11-30,2025-12-05T10:00:00
PS00008483,LN00023660,PT01,1140.92,2026-03-31,2026-04-05T10:00:00
PS00008484,LN00023662,PT02,1876.68,2026-05-31,2026-06-05T10:00:00
PS00008485,LN00023666,PT05,1808.80,2024-09-30,2024-10-05T10:00:00
PS00008486,LN00023672,PT01,935.22,2025-03-31,2025-04-05T10:00:00
PS00008487,LN00023674,PT01,1088.56,2025-05-31,2025-06-05T10:00:00
PS00008488,LN00023675,PT02,700.96,2025-06-30,2025-07-05T10:00:00
PS00008489,LN00023676,PT01,502.26,2025-07-31,2025-08-05T10:00:00
PS00008490,LN00023677,PT01,596.86,2025-08-31,2025-09-05T10:00:00
PS00008491,LN00023678,PT04,745.28,2025-09-30,2025-10-05T10:00:00
PS00008492,LN00023681,PT01,639.54,2025-12-31,2026-01-05T10:00:00
PS00008493,LN00023684,PT03,987.60,2026-03-31,2026-04-05T10:00:00
PS00008494,LN00023693,PT01,1580.70,2024-12-31,2025-01-05T10:00:00
PS00008495,LN00023695,PT04,1966.90,2025-02-28,2025-03-05T10:00:00
PS00008496,LN00023702,PT03,2327.10,2025-09-30,2025-10-05T10:00:00
PS00008497,LN00023704,PT04,599.42,2025-11-30,2025-12-05T10:00:00
PS00008498,LN00023705,PT05,1820.20,2025-12-31,2026-01-05T10:00:00
PS00008499,LN00023706,PT01,1519.76,2026-01-31,2026-02-05T10:00:00
PS00008500,LN00023713,PT04,1502.46,2024-08-31,2024-09-05T10:00:00
PS00008501,LN00023717,PT03,1304.70,2024-12-31,2025-01-05T10:00:00
PS00008502,LN00023718,PT05,1683.40,2025-01-31,2025-02-05T10:00:00
PS00008503,LN00023723,PT01,1121.56,2025-06-30,2025-07-05T10:00:00
PS00008504,LN00023724,PT03,966.00,2025-07-31,2025-08-05T10:00:00
PS00008505,LN00023726,PT03,1068.00,2025-09-30,2025-10-05T10:00:00
PS00008506,LN00023730,PT02,1691.56,2026-01-31,2026-02-05T10:00:00
PS00008507,LN00023732,PT05,3009.22,2026-03-31,2026-04-05T10:00:00
PS00008508,LN00023735,PT02,927.16,2026-06-30,2026-07-05T10:00:00
PS00008509,LN00023739,PT02,361.40,2024-10-31,2024-11-05T10:00:00
PS00008510,LN00023740,PT02,581.10,2024-11-30,2024-12-05T10:00:00
PS00008511,LN00023741,PT05,705.66,2024-12-31,2025-01-05T10:00:00
PS00008512,LN00023743,PT02,1705.86,2025-02-28,2025-03-05T10:00:00
PS00008513,LN00023746,PT02,1735.24,2025-05-31,2025-06-05T10:00:00
PS00008514,LN00023748,PT02,1562.08,2025-07-31,2025-08-05T10:00:00
PS00008515,LN00023750,PT04,2436.10,2025-09-30,2025-10-05T10:00:00
PS00008516,LN00023757,PT03,1291.20,2026-04-30,2026-05-05T10:00:00
PS00008517,LN00023761,PT01,1154.78,2024-08-31,2024-09-05T10:00:00
PS00008518,LN00023766,PT03,1152.60,2025-01-31,2025-02-05T10:00:00
PS00008519,LN00023769,PT02,1974.18,2025-04-30,2025-05-05T10:00:00
PS00008520,LN00023770,PT05,633.08,2025-05-31,2025-06-05T10:00:00
PS00008521,LN00023772,PT02,566.02,2025-07-31,2025-08-05T10:00:00
PS00008522,LN00023773,PT01,370.26,2025-08-31,2025-09-05T10:00:00
PS00008523,LN00023774,PT04,465.12,2025-09-30,2025-10-05T10:00:00
PS00008524,LN00023775,PT02,1733.16,2025-10-31,2025-11-05T10:00:00
PS00008525,LN00023776,PT01,744.48,2025-11-30,2025-12-05T10:00:00
PS00008526,LN00023777,PT02,1006.20,2025-12-31,2026-01-05T10:00:00
PS00008527,LN00023778,PT02,1339.00,2026-01-31,2026-02-05T10:00:00
PS00008528,LN00023785,PT01,1692.90,2024-08-31,2024-09-05T10:00:00
PS00008529,LN00023793,PT05,831.06,2025-04-30,2025-05-05T10:00:00
PS00008530,LN00023796,PT03,542.70,2025-07-31,2025-08-05T10:00:00
PS00008531,LN00023798,PT03,1817.40,2025-09-30,2025-10-05T10:00:00
PS00008532,LN00023800,PT01,820.16,2025-11-30,2025-12-05T10:00:00
PS00008533,LN00023801,PT04,546.38,2025-12-31,2026-01-05T10:00:00
PS00008534,LN00023803,PT05,1435.26,2026-02-28,2026-03-05T10:00:00
PS00008535,LN00023804,PT04,650.42,2026-03-31,2026-04-05T10:00:00
PS00008536,LN00023807,PT04,1613.64,2026-06-30,2026-07-05T10:00:00
PS00008537,LN00023811,PT02,817.44,2024-10-31,2024-11-05T10:00:00
PS00008538,LN00023813,PT02,674.44,2024-12-31,2025-01-05T10:00:00
PS00008539,LN00023815,PT04,2510.56,2025-02-28,2025-03-05T10:00:00
PS00008540,LN00023816,PT01,1574.10,2025-03-31,2025-04-05T10:00:00
PS00008541,LN00023817,PT01,1634.38,2025-04-30,2025-05-05T10:00:00
PS00008542,LN00023821,PT05,2655.06,2025-08-31,2025-09-05T10:00:00
PS00008543,LN00023823,PT01,791.34,2025-10-31,2025-11-05T10:00:00
PS00008544,LN00023824,PT04,507.62,2025-11-30,2025-12-05T10:00:00
PS00008545,LN00023826,PT04,2129.42,2026-01-31,2026-02-05T10:00:00
PS00008546,LN00023828,PT04,619.82,2026-03-31,2026-04-05T10:00:00
PS00008547,LN00023829,PT05,2350.30,2026-04-30,2026-05-05T10:00:00
PS00008548,LN00023834,PT01,563.86,2024-09-30,2024-10-05T10:00:00
PS00008549,LN00023836,PT01,572.00,2024-11-30,2024-12-05T10:00:00
PS00008550,LN00023837,PT03,1553.70,2024-12-31,2025-01-05T10:00:00
PS00008551,LN00023838,PT02,1015.30,2025-01-31,2025-02-05T10:00:00
PS00008552,LN00023840,PT02,771.16,2025-03-31,2025-04-05T10:00:00
PS00008553,LN00023842,PT05,1229.30,2025-05-31,2025-06-05T10:00:00
PS00008554,LN00023843,PT05,2244.28,2025-06-30,2025-07-05T10:00:00
PS00008555,LN00023844,PT02,1804.40,2025-07-31,2025-08-05T10:00:00
PS00008556,LN00023845,PT05,1703.54,2025-08-31,2025-09-05T10:00:00
PS00008557,LN00023846,PT04,1482.74,2025-09-30,2025-10-05T10:00:00
PS00008558,LN00023847,PT01,748.88,2025-10-31,2025-11-05T10:00:00
PS00008559,LN00023855,PT01,1314.06,2026-06-30,2026-07-05T10:00:00
PS00008560,LN00023856,PT04,2620.04,2026-07-31,2026-08-05T10:00:00
PS00008561,LN00023857,PT05,678.30,2024-08-31,2024-09-05T10:00:00
PS00008562,LN00023862,PT01,413.60,2025-01-31,2025-02-05T10:00:00
PS00008563,LN00023865,PT01,859.76,2025-04-30,2025-05-05T10:00:00
PS00008564,LN00023867,PT03,1992.90,2025-06-30,2025-07-05T10:00:00
PS00008565,LN00023870,PT03,589.80,2025-09-30,2025-10-05T10:00:00
PS00008566,LN00023876,PT05,2956.02,2026-03-31,2026-04-05T10:00:00
PS00008567,LN00023878,PT05,1106.18,2026-05-31,2026-06-05T10:00:00
PS00008568,LN00023882,PT03,1924.80,2024-09-30,2024-10-05T10:00:00
PS00008569,LN00023888,PT05,1765.86,2025-03-31,2025-04-05T10:00:00
PS00008570,LN00023891,PT05,3028.98,2025-06-30,2025-07-05T10:00:00
PS00008571,LN00023898,PT02,1411.02,2026-01-31,2026-02-05T10:00:00
PS00008572,LN00023906,PT03,1730.10,2024-09-30,2024-10-05T10:00:00
PS00008573,LN00023916,PT03,2239.50,2025-07-31,2025-08-05T10:00:00
PS00008574,LN00023917,PT03,1225.80,2025-08-31,2025-09-05T10:00:00
PS00008575,LN00023920,PT05,696.92,2025-11-30,2025-12-05T10:00:00
PS00008576,LN00023921,PT04,1396.72,2025-12-31,2026-01-05T10:00:00
PS00008577,LN00023926,PT03,2134.20,2026-05-31,2026-06-05T10:00:00
PS00008578,LN00023930,PT02,999.18,2024-09-30,2024-10-05T10:00:00
PS00008579,LN00023931,PT01,1344.86,2024-10-31,2024-11-05T10:00:00
PS00008580,LN00023932,PT03,707.70,2024-11-30,2024-12-05T10:00:00
PS00008581,LN00023933,PT03,1387.20,2024-12-31,2025-01-05T10:00:00
PS00008582,LN00023935,PT04,2609.16,2025-02-28,2025-03-05T10:00:00
PS00008583,LN00023940,PT02,378.56,2025-07-31,2025-08-05T10:00:00
PS00008584,LN00023942,PT05,1803.48,2025-09-30,2025-10-05T10:00:00
PS00008585,LN00023944,PT05,1166.60,2025-11-30,2025-12-05T10:00:00
PS00008586,LN00023949,PT04,1684.36,2026-04-30,2026-05-05T10:00:00
PS00008587,LN00023950,PT01,801.02,2026-05-31,2026-06-05T10:00:00
PS00008588,LN00023951,PT05,2879.64,2026-06-30,2026-07-05T10:00:00
PS00008589,LN00023956,PT02,507.26,2024-11-30,2024-12-05T10:00:00
PS00008590,LN00023958,PT05,2719.28,2025-01-31,2025-02-05T10:00:00
PS00008591,LN00023959,PT05,538.46,2025-02-28,2025-03-05T10:00:00
PS00008592,LN00023961,PT01,1433.96,2025-04-30,2025-05-05T10:00:00
PS00008593,LN00023968,PT03,1464.00,2025-11-30,2025-12-05T10:00:00
PS00008594,LN00023969,PT02,948.74,2025-12-31,2026-01-05T10:00:00
PS00008595,LN00023971,PT02,1823.38,2026-02-28,2026-03-05T10:00:00
PS00008596,LN00023973,PT02,1888.64,2026-04-30,2026-05-05T10:00:00
PS00008597,LN00023978,PT05,2454.04,2024-09-30,2024-10-05T10:00:00
PS00008598,LN00023979,PT05,2963.62,2024-10-31,2024-11-05T10:00:00
PS00008599,LN00023980,PT03,1875.00,2024-11-30,2024-12-05T10:00:00
PS00008600,LN00023981,PT04,1677.22,2024-12-31,2025-01-05T10:00:00
PS00008601,LN00023983,PT03,2260.20,2025-02-28,2025-03-05T10:00:00
PS00008602,LN00023985,PT02,1622.66,2025-04-30,2025-05-05T10:00:00
PS00008603,LN00023988,PT02,650.00,2025-07-31,2025-08-05T10:00:00
PS00008604,LN00023991,PT02,743.60,2025-10-31,2025-11-05T10:00:00
PS00008605,LN00023992,PT03,605.70,2025-11-30,2025-12-05T10:00:00
PS00008606,LN00023993,PT02,1639.56,2025-12-31,2026-01-05T10:00:00
PS00008607,LN00023994,PT04,2243.66,2026-01-31,2026-02-05T10:00:00
PS00008608,LN00024004,PT04,2590.12,2024-11-30,2024-12-05T10:00:00
PS00008609,LN00024006,PT03,1862.10,2025-01-31,2025-02-05T10:00:00
PS00008610,LN00024010,PT04,1016.26,2025-05-31,2025-06-05T10:00:00
PS00008611,LN00024013,PT05,826.12,2025-08-31,2025-09-05T10:00:00
PS00008612,LN00024016,PT04,2253.86,2025-11-30,2025-12-05T10:00:00
PS00008613,LN00024018,PT04,1262.08,2026-01-31,2026-02-05T10:00:00
PS00008614,LN00024023,PT03,649.20,2026-06-30,2026-07-05T10:00:00
PS00008615,LN00024024,PT01,1426.04,2026-07-31,2026-08-05T10:00:00
PS00008616,LN00024025,PT05,1591.44,2024-08-31,2024-09-05T10:00:00
PS00008617,LN00024029,PT02,1385.28,2024-12-31,2025-01-05T10:00:00
PS00008618,LN00024031,PT01,1274.46,2025-02-28,2025-03-05T10:00:00
PS00008619,LN00024036,PT04,2551.36,2025-07-31,2025-08-05T10:00:00
PS00008620,LN00024038,PT04,1907.40,2025-09-30,2025-10-05T10:00:00
PS00008621,LN00024039,PT05,1448.56,2025-10-31,2025-11-05T10:00:00
PS00008622,LN00024040,PT03,1190.70,2025-11-30,2025-12-05T10:00:00
PS00008623,LN00024045,PT04,2311.32,2026-04-30,2026-05-05T10:00:00
PS00008624,LN00024052,PT01,488.62,2024-11-30,2024-12-05T10:00:00
PS00008625,LN00024054,PT01,1467.62,2025-01-31,2025-02-05T10:00:00
PS00008626,LN00024055,PT05,564.30,2025-02-28,2025-03-05T10:00:00
PS00008627,LN00024060,PT01,367.62,2025-07-31,2025-08-05T10:00:00
PS00008628,LN00024064,PT01,515.90,2025-11-30,2025-12-05T10:00:00
PS00008629,LN00024067,PT01,1320.22,2026-02-28,2026-03-05T10:00:00
PS00008630,LN00024076,PT04,1612.62,2024-11-30,2024-12-05T10:00:00
PS00008631,LN00024077,PT04,2069.24,2024-12-31,2025-01-05T10:00:00
PS00008632,LN00024079,PT02,532.48,2025-02-28,2025-03-05T10:00:00
PS00008633,LN00024081,PT01,762.30,2025-04-30,2025-05-05T10:00:00
PS00008634,LN00024083,PT05,1231.20,2025-06-30,2025-07-05T10:00:00
PS00008635,LN00024084,PT05,2477.22,2025-07-31,2025-08-05T10:00:00
PS00008636,LN00024085,PT01,460.46,2025-08-31,2025-09-05T10:00:00
PS00008637,LN00024087,PT05,2488.62,2025-10-31,2025-11-05T10:00:00
PS00008638,LN00024088,PT02,913.90,2025-11-30,2025-12-05T10:00:00
PS00008639,LN00024090,PT02,618.80,2026-01-31,2026-02-05T10:00:00
PS00008640,LN00024091,PT04,984.30,2026-02-28,2026-03-05T10:00:00
PS00008641,LN00024092,PT01,1180.74,2026-03-31,2026-04-05T10:00:00
PS00008642,LN00024093,PT04,874.82,2026-04-30,2026-05-05T10:00:00
PS00008643,LN00024101,PT02,819.52,2024-12-31,2025-01-05T10:00:00
PS00008644,LN00024103,PT05,2179.30,2025-02-28,2025-03-05T10:00:00
PS00008645,LN00024107,PT03,759.00,2025-06-30,2025-07-05T10:00:00
PS00008646,LN00024108,PT02,603.46,2025-07-31,2025-08-05T10:00:00
PS00008647,LN00024109,PT03,1885.50,2025-08-31,2025-09-05T10:00:00
PS00008648,LN00024110,PT02,1906.06,2025-09-30,2025-10-05T10:00:00
PS00008649,LN00024112,PT03,1559.70,2025-11-30,2025-12-05T10:00:00
PS00008650,LN00024120,PT02,583.96,2026-07-31,2026-08-05T10:00:00
PS00008651,LN00024121,PT04,2349.40,2024-08-31,2024-09-05T10:00:00
PS00008652,LN00024122,PT03,1359.90,2024-09-30,2024-10-05T10:00:00
PS00008653,LN00024125,PT01,766.04,2024-12-31,2025-01-05T10:00:00
PS00008654,LN00024127,PT03,973.50,2025-02-28,2025-03-05T10:00:00
PS00008655,LN00024128,PT02,370.76,2025-03-31,2025-04-05T10:00:00
PS00008656,LN00024131,PT04,1424.60,2025-06-30,2025-07-05T10:00:00
PS00008657,LN00024132,PT01,609.62,2025-07-31,2025-08-05T10:00:00
PS00008658,LN00024133,PT04,2433.38,2025-08-31,2025-09-05T10:00:00
PS00008659,LN00024134,PT05,2671.78,2025-09-30,2025-10-05T10:00:00
PS00008660,LN00024137,PT05,579.12,2025-12-31,2026-01-05T10:00:00
PS00008661,LN00024139,PT01,702.90,2026-02-28,2026-03-05T10:00:00
PS00008662,LN00024147,PT02,805.48,2024-10-31,2024-11-05T10:00:00
PS00008663,LN00024150,PT05,1558.76,2025-01-31,2025-02-05T10:00:00
PS00008664,LN00024154,PT02,830.96,2025-05-31,2025-06-05T10:00:00
PS00008665,LN00024155,PT01,1259.94,2025-06-30,2025-07-05T10:00:00
PS00008666,LN00024156,PT05,868.68,2025-07-31,2025-08-05T10:00:00
PS00008667,LN00024159,PT05,1008.52,2025-10-31,2025-11-05T10:00:00
PS00008668,LN00024161,PT05,2284.56,2025-12-31,2026-01-05T10:00:00
PS00008669,LN00024167,PT01,1403.16,2026-06-30,2026-07-05T10:00:00
PS00008670,LN00024168,PT03,1031.70,2026-07-31,2026-08-05T10:00:00
PS00008671,LN00024170,PT01,1290.52,2024-09-30,2024-10-05T10:00:00
PS00008672,LN00024171,PT01,898.92,2024-10-31,2024-11-05T10:00:00
PS00008673,LN00024173,PT03,966.90,2024-12-31,2025-01-05T10:00:00
PS00008674,LN00024174,PT01,1746.36,2025-01-31,2025-02-05T10:00:00
PS00008675,LN00024175,PT05,2873.18,2025-02-28,2025-03-05T10:00:00
PS00008676,LN00024178,PT02,1521.78,2025-05-31,2025-06-05T10:00:00
PS00008677,LN00024179,PT05,2651.64,2025-06-30,2025-07-05T10:00:00
PS00008678,LN00024180,PT03,1427.40,2025-07-31,2025-08-05T10:00:00
PS00008679,LN00024185,PT01,1325.06,2025-12-31,2026-01-05T10:00:00
PS00008680,LN00024188,PT02,1855.88,2026-03-31,2026-04-05T10:00:00
PS00008681,LN00024190,PT02,1432.34,2026-05-31,2026-06-05T10:00:00
PS00008682,LN00024191,PT02,1827.28,2026-06-30,2026-07-05T10:00:00
PS00008683,LN00024192,PT03,1098.30,2026-07-31,2026-08-05T10:00:00
PS00008684,LN00024196,PT01,1366.42,2024-11-30,2024-12-05T10:00:00
PS00008685,LN00024201,PT05,1208.02,2025-04-30,2025-05-05T10:00:00
PS00008686,LN00024202,PT03,1154.10,2025-05-31,2025-06-05T10:00:00
PS00008687,LN00024209,PT02,962.00,2025-12-31,2026-01-05T10:00:00
PS00008688,LN00024212,PT04,1613.30,2026-03-31,2026-04-05T10:00:00
PS00008689,LN00024215,PT04,659.60,2026-06-30,2026-07-05T10:00:00
PS00008690,LN00024217,PT05,1805.38,2024-08-31,2024-09-05T10:00:00
PS00008691,LN00024219,PT05,805.98,2024-10-31,2024-11-05T10:00:00
PS00008692,LN00024222,PT04,1265.82,2025-01-31,2025-02-05T10:00:00
PS00008693,LN00024226,PT03,824.10,2025-05-31,2025-06-05T10:00:00
PS00008694,LN00024228,PT01,1422.96,2025-07-31,2025-08-05T10:00:00
PS00008695,LN00024231,PT05,1530.26,2025-10-31,2025-11-05T10:00:00
PS00008696,LN00024233,PT01,1522.40,2025-12-31,2026-01-05T10:00:00
PS00008697,LN00024235,PT05,2644.04,2026-02-28,2026-03-05T10:00:00
PS00008698,LN00024236,PT02,1882.66,2026-03-31,2026-04-05T10:00:00
PS00008699,LN00024238,PT01,612.04,2026-05-31,2026-06-05T10:00:00
PS00008700,LN00024240,PT04,1912.16,2026-07-31,2026-08-05T10:00:00
PS00008701,LN00024244,PT02,2025.92,2024-11-30,2024-12-05T10:00:00
PS00008702,LN00024250,PT04,1836.34,2025-05-31,2025-06-05T10:00:00
PS00008703,LN00024256,PT04,1660.22,2025-11-30,2025-12-05T10:00:00
PS00008704,LN00024257,PT05,741.00,2025-12-31,2026-01-05T10:00:00
PS00008705,LN00024258,PT01,355.96,2026-01-31,2026-02-05T10:00:00
PS00008706,LN00024262,PT04,570.86,2026-05-31,2026-06-05T10:00:00
PS00008707,LN00024271,PT02,1794.26,2025-02-28,2025-03-05T10:00:00
PS00008708,LN00024274,PT01,384.56,2025-05-31,2025-06-05T10:00:00
PS00008709,LN00024276,PT04,2127.38,2025-07-31,2025-08-05T10:00:00
PS00008710,LN00024278,PT01,1130.58,2025-09-30,2025-10-05T10:00:00
PS00008711,LN00024279,PT05,2990.98,2025-10-31,2025-11-05T10:00:00
PS00008712,LN00024282,PT05,2120.02,2026-01-31,2026-02-05T10:00:00
PS00008713,LN00024284,PT05,2013.62,2026-03-31,2026-04-05T10:00:00
PS00008714,LN00024290,PT04,2561.22,2024-09-30,2024-10-05T10:00:00
PS00008715,LN00024295,PT03,494.40,2025-02-28,2025-03-05T10:00:00
PS00008716,LN00024297,PT04,2494.24,2025-04-30,2025-05-05T10:00:00
PS00008717,LN00024298,PT05,2029.20,2025-05-31,2025-06-05T10:00:00
PS00008718,LN00024299,PT05,1893.16,2025-06-30,2025-07-05T10:00:00
PS00008719,LN00024301,PT01,1640.98,2025-08-31,2025-09-05T10:00:00
PS00008720,LN00024306,PT02,330.72,2026-01-31,2026-02-05T10:00:00
PS00008721,LN00024307,PT01,894.74,2026-02-28,2026-03-05T10:00:00
PS00008722,LN00024308,PT04,706.86,2026-03-31,2026-04-05T10:00:00
PS00008723,LN00024318,PT05,1088.32,2025-01-31,2025-02-05T10:00:00
PS00008724,LN00024320,PT01,795.30,2025-03-31,2025-04-05T10:00:00
PS00008725,LN00024328,PT02,902.46,2025-11-30,2025-12-05T10:00:00
PS00008726,LN00024332,PT02,2029.82,2026-03-31,2026-04-05T10:00:00
PS00008727,LN00024333,PT01,1238.38,2026-04-30,2026-05-05T10:00:00
PS00008728,LN00024334,PT03,1595.40,2026-05-31,2026-06-05T10:00:00
PS00008729,LN00024336,PT05,1656.42,2026-07-31,2026-08-05T10:00:00
PS00008730,LN00024339,PT02,1555.58,2024-10-31,2024-11-05T10:00:00
PS00008731,LN00024343,PT02,734.76,2025-02-28,2025-03-05T10:00:00
PS00008732,LN00024346,PT03,900.90,2025-05-31,2025-06-05T10:00:00
PS00008733,LN00024350,PT04,2650.64,2025-09-30,2025-10-05T10:00:00
PS00008734,LN00024351,PT02,639.34,2025-10-31,2025-11-05T10:00:00
PS00008735,LN00024357,PT03,1227.30,2026-04-30,2026-05-05T10:00:00
PS00008736,LN00024358,PT03,772.20,2026-05-31,2026-06-05T10:00:00
PS00008737,LN00024361,PT04,2338.52,2024-08-31,2024-09-05T10:00:00
PS00008738,LN00024369,PT01,1727.44,2025-04-30,2025-05-05T10:00:00
PS00008739,LN00024370,PT03,1001.40,2025-05-31,2025-06-05T10:00:00
PS00008740,LN00024373,PT04,899.98,2025-08-31,2025-09-05T10:00:00
PS00008741,LN00024380,PT03,907.20,2026-03-31,2026-04-05T10:00:00
PS00008742,LN00024381,PT02,1950.00,2026-04-30,2026-05-05T10:00:00
PS00008743,LN00024384,PT04,699.72,2026-07-31,2026-08-05T10:00:00
PS00008744,LN00024387,PT01,1206.70,2024-10-31,2024-11-05T10:00:00
PS00008745,LN00024388,PT03,1662.30,2024-11-30,2024-12-05T10:00:00
PS00008746,LN00024389,PT02,502.06,2024-12-31,2025-01-05T10:00:00
PS00008747,LN00024392,PT03,1741.50,2025-03-31,2025-04-05T10:00:00
PS00008748,LN00024399,PT02,1508.52,2025-10-31,2025-11-05T10:00:00
PS00008749,LN00024408,PT01,988.02,2026-07-31,2026-08-05T10:00:00
PS00008750,LN00024409,PT05,691.60,2024-08-31,2024-09-05T10:00:00
PS00008751,LN00024413,PT05,747.08,2024-12-31,2025-01-05T10:00:00
PS00008752,LN00024414,PT05,1623.74,2025-01-31,2025-02-05T10:00:00
PS00008753,LN00024417,PT02,1107.60,2025-04-30,2025-05-05T10:00:00
PS00008754,LN00024418,PT02,387.40,2025-05-31,2025-06-05T10:00:00
PS00008755,LN00024421,PT03,1096.50,2025-08-31,2025-09-05T10:00:00
PS00008756,LN00024432,PT03,1609.50,2026-07-31,2026-08-05T10:00:00
PS00008757,LN00024435,PT03,1289.70,2024-10-31,2024-11-05T10:00:00
PS00008758,LN00024436,PT02,1312.74,2024-11-30,2024-12-05T10:00:00
PS00008759,LN00024437,PT02,1221.74,2024-12-31,2025-01-05T10:00:00
PS00008760,LN00024438,PT01,1464.32,2025-01-31,2025-02-05T10:00:00
PS00008761,LN00024439,PT02,1497.60,2025-02-28,2025-03-05T10:00:00
PS00008762,LN00024440,PT01,1724.58,2025-03-31,2025-04-05T10:00:00
PS00008763,LN00024443,PT02,1281.02,2025-06-30,2025-07-05T10:00:00
PS00008764,LN00024445,PT04,1814.58,2025-08-31,2025-09-05T10:00:00
PS00008765,LN00024448,PT05,2628.84,2025-11-30,2025-12-05T10:00:00
PS00008766,LN00024450,PT02,460.98,2026-01-31,2026-02-05T10:00:00
PS00008767,LN00024451,PT01,1311.86,2026-02-28,2026-03-05T10:00:00
PS00008768,LN00024453,PT01,1714.68,2026-04-30,2026-05-05T10:00:00
PS00008769,LN00024456,PT02,346.84,2026-07-31,2026-08-05T10:00:00
PS00008770,LN00024463,PT03,881.10,2025-02-28,2025-03-05T10:00:00
PS00008771,LN00024466,PT05,1061.34,2025-05-31,2025-06-05T10:00:00
PS00008772,LN00024467,PT05,842.46,2025-06-30,2025-07-05T10:00:00
PS00008773,LN00024475,PT03,1403.70,2026-02-28,2026-03-05T10:00:00
PS00008774,LN00024477,PT02,838.50,2026-04-30,2026-05-05T10:00:00
PS00008775,LN00024479,PT04,1904.68,2026-06-30,2026-07-05T10:00:00
PS00008776,LN00024480,PT01,513.26,2026-07-31,2026-08-05T10:00:00
PS00008777,LN00024482,PT03,380.70,2024-09-30,2024-10-05T10:00:00
PS00008778,LN00024486,PT02,1444.56,2025-01-31,2025-02-05T10:00:00
PS00008779,LN00024488,PT03,1499.10,2025-03-31,2025-04-05T10:00:00
PS00008780,LN00024490,PT01,1223.20,2025-05-31,2025-06-05T10:00:00
PS00008781,LN00024491,PT03,1156.80,2025-06-30,2025-07-05T10:00:00
PS00008782,LN00024492,PT05,826.12,2025-07-31,2025-08-05T10:00:00
PS00008783,LN00024494,PT03,2382.30,2025-09-30,2025-10-05T10:00:00
PS00008784,LN00024496,PT05,903.64,2025-11-30,2025-12-05T10:00:00
PS00008785,LN00024499,PT02,1089.92,2026-02-28,2026-03-05T10:00:00
PS00008786,LN00024500,PT02,776.62,2026-03-31,2026-04-05T10:00:00
PS00008787,LN00024504,PT04,1199.86,2026-07-31,2026-08-05T10:00:00
PS00008788,LN00024506,PT02,2072.98,2024-09-30,2024-10-05T10:00:00
PS00008789,LN00024508,PT01,424.60,2024-11-30,2024-12-05T10:00:00
PS00008790,LN00024513,PT02,809.90,2025-04-30,2025-05-05T10:00:00
PS00008791,LN00024514,PT04,578.00,2025-05-31,2025-06-05T10:00:00
PS00008792,LN00024516,PT01,813.34,2025-07-31,2025-08-05T10:00:00
PS00008793,LN00024517,PT03,2244.00,2025-08-31,2025-09-05T10:00:00
PS00008794,LN00024521,PT02,1831.96,2025-12-31,2026-01-05T10:00:00
PS00008795,LN00024523,PT02,1575.86,2026-02-28,2026-03-05T10:00:00
PS00008796,LN00024524,PT04,1130.50,2026-03-31,2026-04-05T10:00:00
PS00008797,LN00024526,PT03,1858.80,2026-05-31,2026-06-05T10:00:00
PS00008798,LN00024528,PT05,3012.64,2026-07-31,2026-08-05T10:00:00
PS00008799,LN00024530,PT05,1233.10,2024-09-30,2024-10-05T10:00:00
PS00008800,LN00024535,PT04,680.68,2025-02-28,2025-03-05T10:00:00
PS00008801,LN00024536,PT03,1138.50,2025-03-31,2025-04-05T10:00:00
PS00008802,LN00024541,PT04,1799.62,2025-08-31,2025-09-05T10:00:00
PS00008803,LN00024545,PT01,477.62,2025-12-31,2026-01-05T10:00:00
PS00008804,LN00024546,PT03,2265.30,2026-01-31,2026-02-05T10:00:00
PS00008805,LN00024558,PT05,2601.86,2025-01-31,2025-02-05T10:00:00
PS00008806,LN00024559,PT02,846.04,2025-02-28,2025-03-05T10:00:00
PS00008807,LN00024560,PT03,1348.50,2025-03-31,2025-04-05T10:00:00
PS00008808,LN00024563,PT03,1940.70,2025-06-30,2025-07-05T10:00:00
PS00008809,LN00024569,PT01,568.26,2025-12-31,2026-01-05T10:00:00
PS00008810,LN00024572,PT05,773.30,2026-03-31,2026-04-05T10:00:00
PS00008811,LN00024573,PT02,1222.78,2026-04-30,2026-05-05T10:00:00
PS00008812,LN00024575,PT03,2240.70,2026-06-30,2026-07-05T10:00:00
PS00008813,LN00024577,PT01,917.84,2024-08-31,2024-09-05T10:00:00
PS00008814,LN00024578,PT05,2850.00,2024-09-30,2024-10-05T10:00:00
PS00008815,LN00024579,PT05,2557.78,2024-10-31,2024-11-05T10:00:00
PS00008816,LN00024585,PT05,800.28,2025-04-30,2025-05-05T10:00:00
PS00008817,LN00024587,PT05,511.48,2025-06-30,2025-07-05T10:00:00
PS00008818,LN00024591,PT01,446.60,2025-10-31,2025-11-05T10:00:00
PS00008819,LN00024593,PT04,457.64,2025-12-31,2026-01-05T10:00:00
PS00008820,LN00024594,PT04,2259.64,2026-01-31,2026-02-05T10:00:00
PS00008821,LN00024598,PT03,410.40,2026-05-31,2026-06-05T10:00:00
PS00008822,LN00024601,PT04,1444.32,2024-08-31,2024-09-05T10:00:00
PS00008823,LN00024603,PT05,1618.80,2024-10-31,2024-11-05T10:00:00
PS00008824,LN00024605,PT03,1894.80,2024-12-31,2025-01-05T10:00:00
PS00008825,LN00024614,PT03,432.00,2025-09-30,2025-10-05T10:00:00
PS00008826,LN00024615,PT02,1027.00,2025-10-31,2025-11-05T10:00:00
PS00008827,LN00024616,PT04,571.88,2025-11-30,2025-12-05T10:00:00
PS00008828,LN00024617,PT01,312.18,2025-12-31,2026-01-05T10:00:00
PS00008829,LN00024618,PT04,1120.98,2026-01-31,2026-02-05T10:00:00
PS00008830,LN00024619,PT03,1865.70,2026-02-28,2026-03-05T10:00:00
PS00008831,LN00024623,PT04,560.66,2026-06-30,2026-07-05T10:00:00
PS00008832,LN00024624,PT03,1650.60,2026-07-31,2026-08-05T10:00:00
PS00008833,LN00024629,PT01,927.52,2024-12-31,2025-01-05T10:00:00
PS00008834,LN00024630,PT01,694.76,2025-01-31,2025-02-05T10:00:00
PS00008835,LN00024633,PT03,1361.70,2025-04-30,2025-05-05T10:00:00
PS00008836,LN00024636,PT02,1832.48,2025-07-31,2025-08-05T10:00:00
PS00008837,LN00024637,PT04,2643.84,2025-08-31,2025-09-05T10:00:00
PS00008838,LN00024640,PT01,359.26,2025-11-30,2025-12-05T10:00:00
PS00008839,LN00024648,PT03,1977.60,2026-07-31,2026-08-05T10:00:00
PS00008840,LN00024649,PT04,2684.64,2024-08-31,2024-09-05T10:00:00
PS00008841,LN00024650,PT02,1390.48,2024-09-30,2024-10-05T10:00:00
PS00008842,LN00024651,PT05,1345.58,2024-10-31,2024-11-05T10:00:00
PS00008843,LN00024653,PT04,1122.00,2024-12-31,2025-01-05T10:00:00
PS00008844,LN00024654,PT02,1935.96,2025-01-31,2025-02-05T10:00:00
PS00008845,LN00024656,PT01,1466.74,2025-03-31,2025-04-05T10:00:00
PS00008846,LN00024658,PT02,1783.60,2025-05-31,2025-06-05T10:00:00
PS00008847,LN00024661,PT04,1142.40,2025-08-31,2025-09-05T10:00:00
PS00008848,LN00024663,PT02,1470.30,2025-10-31,2025-11-05T10:00:00
PS00008849,LN00024669,PT05,1133.92,2026-04-30,2026-05-05T10:00:00
PS00008850,LN00024674,PT02,545.74,2024-09-30,2024-10-05T10:00:00
PS00008851,LN00024676,PT02,942.50,2024-11-30,2024-12-05T10:00:00
PS00008852,LN00024678,PT04,2176.34,2025-01-31,2025-02-05T10:00:00
PS00008853,LN00024680,PT01,1173.92,2025-03-31,2025-04-05T10:00:00
PS00008854,LN00024682,PT05,2630.36,2025-05-31,2025-06-05T10:00:00
PS00008855,LN00024684,PT01,587.18,2025-07-31,2025-08-05T10:00:00
PS00008856,LN00024686,PT05,1163.18,2025-09-30,2025-10-05T10:00:00
PS00008857,LN00024687,PT01,1117.16,2025-10-31,2025-11-05T10:00:00
PS00008858,LN00024693,PT02,1414.92,2026-04-30,2026-05-05T10:00:00
PS00008859,LN00024694,PT01,279.62,2026-05-31,2026-06-05T10:00:00
PS00008860,LN00024695,PT01,737.00,2026-06-30,2026-07-05T10:00:00
PS00008861,LN00024696,PT02,1609.40,2026-07-31,2026-08-05T10:00:00
PS00008862,LN00024697,PT05,1193.20,2024-08-31,2024-09-05T10:00:00
PS00008863,LN00024698,PT02,1812.20,2024-09-30,2024-10-05T10:00:00
PS00008864,LN00024699,PT02,1538.16,2024-10-31,2024-11-05T10:00:00
PS00008865,LN00024704,PT05,2151.94,2025-03-31,2025-04-05T10:00:00
PS00008866,LN00024706,PT05,2882.30,2025-05-31,2025-06-05T10:00:00
PS00008867,LN00024709,PT01,594.22,2025-08-31,2025-09-05T10:00:00
PS00008868,LN00024711,PT04,2599.64,2025-10-31,2025-11-05T10:00:00
PS00008869,LN00024713,PT04,1632.34,2025-12-31,2026-01-05T10:00:00
PS00008870,LN00024716,PT02,421.98,2026-03-31,2026-04-05T10:00:00
PS00008871,LN00024722,PT01,1041.70,2024-09-30,2024-10-05T10:00:00
PS00008872,LN00024727,PT05,1613.86,2025-02-28,2025-03-05T10:00:00
PS00008873,LN00024729,PT04,1742.16,2025-04-30,2025-05-05T10:00:00
PS00008874,LN00024731,PT02,511.42,2025-06-30,2025-07-05T10:00:00
PS00008875,LN00024733,PT02,1634.10,2025-08-31,2025-09-05T10:00:00
PS00008876,LN00024735,PT02,1211.34,2025-10-31,2025-11-05T10:00:00
PS00008877,LN00024740,PT05,1276.42,2026-03-31,2026-04-05T10:00:00
PS00008878,LN00024742,PT03,2022.30,2026-05-31,2026-06-05T10:00:00
PS00008879,LN00024744,PT03,1420.80,2026-07-31,2026-08-05T10:00:00
PS00008880,LN00024747,PT05,648.28,2024-10-31,2024-11-05T10:00:00
PS00008881,LN00024754,PT03,1124.70,2025-05-31,2025-06-05T10:00:00
PS00008882,LN00024757,PT02,1780.74,2025-08-31,2025-09-05T10:00:00
PS00008883,LN00024761,PT04,2409.92,2025-12-31,2026-01-05T10:00:00
PS00008884,LN00024763,PT02,621.92,2026-02-28,2026-03-05T10:00:00
PS00008885,LN00024764,PT05,2172.46,2026-03-31,2026-04-05T10:00:00
PS00008886,LN00024768,PT01,419.10,2026-07-31,2026-08-05T10:00:00
PS00008887,LN00024771,PT03,1443.00,2024-10-31,2024-11-05T10:00:00
PS00008888,LN00024772,PT03,1502.70,2024-11-30,2024-12-05T10:00:00
PS00008889,LN00024782,PT01,890.78,2025-09-30,2025-10-05T10:00:00
PS00008890,LN00024785,PT05,2970.08,2025-12-31,2026-01-05T10:00:00
PS00008891,LN00024786,PT03,643.50,2026-01-31,2026-02-05T10:00:00
PS00008892,LN00024788,PT05,1739.64,2026-03-31,2026-04-05T10:00:00
PS00008893,LN00024793,PT05,621.68,2024-08-31,2024-09-05T10:00:00
PS00008894,LN00024794,PT04,2403.46,2024-09-30,2024-10-05T10:00:00
PS00008895,LN00024796,PT05,1926.22,2024-11-30,2024-12-05T10:00:00
PS00008896,LN00024798,PT04,2617.32,2025-01-31,2025-02-05T10:00:00
PS00008897,LN00024801,PT03,1824.60,2025-04-30,2025-05-05T10:00:00
PS00008898,LN00024806,PT05,2954.12,2025-09-30,2025-10-05T10:00:00
PS00008899,LN00024813,PT03,2179.80,2026-04-30,2026-05-05T10:00:00
PS00008900,LN00024821,PT05,1944.46,2024-12-31,2025-01-05T10:00:00
PS00008901,LN00024822,PT04,1534.08,2025-01-31,2025-02-05T10:00:00
PS00008902,LN00024826,PT03,2215.80,2025-05-31,2025-06-05T10:00:00
PS00008903,LN00024829,PT05,1225.88,2025-08-31,2025-09-05T10:00:00
PS00008904,LN00024834,PT03,1046.40,2026-01-31,2026-02-05T10:00:00
PS00008905,LN00024839,PT04,773.16,2026-06-30,2026-07-05T10:00:00
PS00008906,LN00024841,PT05,1720.64,2024-08-31,2024-09-05T10:00:00
PS00008907,LN00024844,PT05,497.42,2024-11-30,2024-12-05T10:00:00
PS00008908,LN00024847,PT03,1193.70,2025-02-28,2025-03-05T10:00:00
PS00008909,LN00024851,PT02,1446.90,2025-06-30,2025-07-05T10:00:00
PS00008910,LN00024852,PT03,2214.30,2025-07-31,2025-08-05T10:00:00
PS00008911,LN00024854,PT05,2683.94,2025-09-30,2025-10-05T10:00:00
PS00008912,LN00024857,PT03,1876.20,2025-12-31,2026-01-05T10:00:00
PS00008913,LN00024858,PT05,2886.10,2026-01-31,2026-02-05T10:00:00
PS00008914,LN00024862,PT05,2304.70,2026-05-31,2026-06-05T10:00:00
PS00008915,LN00024868,PT05,1225.12,2024-11-30,2024-12-05T10:00:00
PS00008916,LN00024870,PT02,1534.52,2025-01-31,2025-02-05T10:00:00
PS00008917,LN00024877,PT01,1206.26,2025-08-31,2025-09-05T10:00:00
PS00008918,LN00024881,PT05,2980.34,2025-12-31,2026-01-05T10:00:00
PS00008919,LN00024883,PT01,357.06,2026-02-28,2026-03-05T10:00:00
PS00008920,LN00024889,PT02,1489.02,2024-08-31,2024-09-05T10:00:00
PS00008921,LN00024891,PT05,2912.32,2024-10-31,2024-11-05T10:00:00
PS00008922,LN00024895,PT04,2681.24,2025-02-28,2025-03-05T10:00:00
PS00008923,LN00024900,PT01,1175.90,2025-07-31,2025-08-05T10:00:00
PS00008924,LN00024903,PT04,756.84,2025-10-31,2025-11-05T10:00:00
PS00008925,LN00024908,PT01,1513.16,2026-03-31,2026-04-05T10:00:00
PS00008926,LN00024909,PT04,2705.38,2026-04-30,2026-05-05T10:00:00
PS00008927,LN00024912,PT03,828.60,2026-07-31,2026-08-05T10:00:00
PS00008928,LN00024913,PT02,1224.34,2024-08-31,2024-09-05T10:00:00
PS00008929,LN00024914,PT01,282.26,2024-09-30,2024-10-05T10:00:00
PS00008930,LN00024915,PT02,1035.84,2024-10-31,2024-11-05T10:00:00
PS00008931,LN00024920,PT02,1453.66,2025-03-31,2025-04-05T10:00:00
PS00008932,LN00024921,PT02,889.98,2025-04-30,2025-05-05T10:00:00
PS00008933,LN00024930,PT04,2411.96,2026-01-31,2026-02-05T10:00:00
PS00008934,LN00024934,PT01,675.84,2026-05-31,2026-06-05T10:00:00
PS00008935,LN00024937,PT05,2737.90,2024-08-31,2024-09-05T10:00:00
PS00008936,LN00024941,PT04,1059.78,2024-12-31,2025-01-05T10:00:00
PS00008937,LN00024942,PT05,1344.06,2025-01-31,2025-02-05T10:00:00
PS00008938,LN00024943,PT01,408.76,2025-02-28,2025-03-05T10:00:00
PS00008939,LN00024946,PT04,2316.08,2025-05-31,2025-06-05T10:00:00
PS00008940,LN00024948,PT05,713.64,2025-07-31,2025-08-05T10:00:00
PS00008941,LN00024954,PT04,1003.00,2026-01-31,2026-02-05T10:00:00
PS00008942,LN00024955,PT03,2135.10,2026-02-28,2026-03-05T10:00:00
PS00008943,LN00024956,PT01,1583.56,2026-03-31,2026-04-05T10:00:00
PS00008944,LN00024957,PT05,1982.46,2026-04-30,2026-05-05T10:00:00
PS00008945,LN00024959,PT04,839.80,2026-06-30,2026-07-05T10:00:00
PS00008946,LN00024960,PT01,534.60,2026-07-31,2026-08-05T10:00:00
PS00008947,LN00024961,PT03,395.40,2024-08-31,2024-09-05T10:00:00
PS00008948,LN00024966,PT03,1331.10,2025-01-31,2025-02-05T10:00:00
PS00008949,LN00024968,PT03,1160.70,2025-03-31,2025-04-05T10:00:00
PS00008950,LN00024969,PT04,2648.26,2025-04-30,2025-05-05T10:00:00
PS00008951,LN00024970,PT05,3040.00,2025-05-31,2025-06-05T10:00:00
PS00008952,LN00024971,PT05,2156.88,2025-06-30,2025-07-05T10:00:00
PS00008953,LN00024973,PT01,936.76,2025-08-31,2025-09-05T10:00:00
PS00008954,LN00024977,PT02,1746.16,2025-12-31,2026-01-05T10:00:00
PS00008955,LN00024979,PT02,1925.30,2026-02-28,2026-03-05T10:00:00
PS00008956,LN00024983,PT02,2069.86,2026-06-30,2026-07-05T10:00:00
PS00008957,LN00024985,PT01,496.76,2024-08-31,2024-09-05T10:00:00
PS00008958,LN00024990,PT04,586.50,2025-01-31,2025-02-05T10:00:00
PS00008959,LN00024991,PT05,1222.46,2025-02-28,2025-03-05T10:00:00
PS00008960,LN00024993,PT03,2041.80,2025-04-30,2025-05-05T10:00:00
