margin_adjustment_id,loan_id,adjustment_month,margin_adjustment_amount,adjustment_reason
MA00000001,LN00000004,2024-11-30,-989.04,SYNTHETIC_PRICING_ADJUSTMENT
MA00000002,LN00000007,2025-02-28,-947.41,SYNTHETIC_PRICING_ADJUSTMENT
MA00000003,LN00000022,2026-05-31,-169.80,SYNTHETIC_PRICING_ADJUSTMENT
MA00000004,LN00000033,2025-04-30,-344.87,SYNTHETIC_PRICING_ADJUSTMENT
MA00000005,LN00000035,2025-06-30,237.17,SYNTHETIC_PRICING_ADJUSTMENT
MA00000006,LN00000041,2025-12-31,1823.70,SYNTHETIC_PRICING_ADJUSTMENT
MA00000007,LN00000048,2026-07-31,1085.31,SYNTHETIC_PRICING_ADJUSTMENT
MA00000008,LN00000049,2024-08-31,1921.44,SYNTHETIC_PRICING_ADJUSTMENT
MA00000009,LN00000054,2025-01-31,242.19,SYNTHETIC_PRICING_ADJUSTMENT
MA00000010,LN00000056,2025-03-31,607.52,SYNTHETIC_PRICING_ADJUSTMENT
MA00000011,LN00000067,2026-02-28,1290.32,SYNTHETIC_PRICING_ADJUSTMENT
MA00000012,LN00000069,2026-04-30,417.87,SYNTHETIC_PRICING_ADJUSTMENT
MA00000013,LN00000073,2024-08-31,1720.46,SYNTHETIC_PRICING_ADJUSTMENT
MA00000014,LN00000092,2026-03-31,458.66,SYNTHETIC_PRICING_ADJUSTMENT
MA00000015,LN00000096,2026-07-31,158.39,SYNTHETIC_PRICING_ADJUSTMENT
MA00000016,LN00000102,2025-01-31,187.08,SYNTHETIC_PRICING_ADJUSTMENT
MA00000017,LN00000109,2025-08-31,-148.73,SYNTHETIC_PRICING_ADJUSTMENT
MA00000018,LN00000113,2025-12-31,1958.23,SYNTHETIC_PRICING_ADJUSTMENT
MA00000019,LN00000115,2026-02-28,-387.91,SYNTHETIC_PRICING_ADJUSTMENT
MA00000020,LN00000117,2026-04-30,100.19,SYNTHETIC_PRICING_ADJUSTMENT
MA00000021,LN00000122,2024-09-30,-405.24,SYNTHETIC_PRICING_ADJUSTMENT
MA00000022,LN00000123,2024-10-31,973.30,SYNTHETIC_PRICING_ADJUSTMENT
MA00000023,LN00000130,2025-05-31,1841.11,SYNTHETIC_PRICING_ADJUSTMENT
MA00000024,LN00000132,2025-07-31,-440.67,SYNTHETIC_PRICING_ADJUSTMENT
MA00000025,LN00000141,2026-04-30,1081.38,SYNTHETIC_PRICING_ADJUSTMENT
MA00000026,LN00000154,2025-05-31,1682.29,SYNTHETIC_PRICING_ADJUSTMENT
MA00000027,LN00000188,2026-03-31,1248.68,SYNTHETIC_PRICING_ADJUSTMENT
MA00000028,LN00000190,2026-05-31,504.26,SYNTHETIC_PRICING_ADJUSTMENT
MA00000029,LN00000195,2024-10-31,-310.85,SYNTHETIC_PRICING_ADJUSTMENT
MA00000030,LN00000212,2026-03-31,283.63,SYNTHETIC_PRICING_ADJUSTMENT
MA00000031,LN00000221,2024-12-31,-814.71,SYNTHETIC_PRICING_ADJUSTMENT
MA00000032,LN00000223,2025-02-28,-614.67,SYNTHETIC_PRICING_ADJUSTMENT
MA00000033,LN00000246,2025-01-31,1012.92,SYNTHETIC_PRICING_ADJUSTMENT
MA00000034,LN00000250,2025-05-31,514.11,SYNTHETIC_PRICING_ADJUSTMENT
MA00000035,LN00000255,2025-10-31,-830.08,SYNTHETIC_PRICING_ADJUSTMENT
MA00000036,LN00000266,2024-09-30,31.38,SYNTHETIC_PRICING_ADJUSTMENT
MA00000037,LN00000267,2024-10-31,837.44,SYNTHETIC_PRICING_ADJUSTMENT
MA00000038,LN00000275,2025-06-30,-404.12,SYNTHETIC_PRICING_ADJUSTMENT
MA00000039,LN00000297,2025-04-30,1150.27,SYNTHETIC_PRICING_ADJUSTMENT
MA00000040,LN00000300,2025-07-31,906.34,SYNTHETIC_PRICING_ADJUSTMENT
MA00000041,LN00000301,2025-08-31,1812.20,SYNTHETIC_PRICING_ADJUSTMENT
MA00000042,LN00000304,2025-11-30,1556.52,SYNTHETIC_PRICING_ADJUSTMENT
MA00000043,LN00000307,2026-02-28,1316.43,SYNTHETIC_PRICING_ADJUSTMENT
MA00000044,LN00000310,2026-05-31,-857.18,SYNTHETIC_PRICING_ADJUSTMENT
MA00000045,LN00000319,2025-02-28,1157.58,SYNTHETIC_PRICING_ADJUSTMENT
MA00000046,LN00000321,2025-04-30,-187.12,SYNTHETIC_PRICING_ADJUSTMENT
MA00000047,LN00000327,2025-10-31,186.51,SYNTHETIC_PRICING_ADJUSTMENT
MA00000048,LN00000348,2025-07-31,-480.05,SYNTHETIC_PRICING_ADJUSTMENT
MA00000049,LN00000356,2026-03-31,272.02,SYNTHETIC_PRICING_ADJUSTMENT
MA00000050,LN00000360,2026-07-31,15.25,SYNTHETIC_PRICING_ADJUSTMENT
MA00000051,LN00000365,2024-12-31,338.26,SYNTHETIC_PRICING_ADJUSTMENT
MA00000052,LN00000375,2025-10-31,304.57,SYNTHETIC_PRICING_ADJUSTMENT
MA00000053,LN00000401,2025-12-31,1945.69,SYNTHETIC_PRICING_ADJUSTMENT
MA00000054,LN00000409,2024-08-31,438.10,SYNTHETIC_PRICING_ADJUSTMENT
MA00000055,LN00000412,2024-11-30,843.05,SYNTHETIC_PRICING_ADJUSTMENT
MA00000056,LN00000413,2024-12-31,-389.99,SYNTHETIC_PRICING_ADJUSTMENT
MA00000057,LN00000427,2026-02-28,1463.92,SYNTHETIC_PRICING_ADJUSTMENT
MA00000058,LN00000429,2026-04-30,-515.69,SYNTHETIC_PRICING_ADJUSTMENT
MA00000059,LN00000431,2026-06-30,24.61,SYNTHETIC_PRICING_ADJUSTMENT
MA00000060,LN00000448,2025-11-30,886.19,SYNTHETIC_PRICING_ADJUSTMENT
MA00000061,LN00000471,2025-10-31,1129.18,SYNTHETIC_PRICING_ADJUSTMENT
MA00000062,LN00000474,2026-01-31,1836.01,SYNTHETIC_PRICING_ADJUSTMENT
MA00000063,LN00000477,2026-04-30,1768.19,SYNTHETIC_PRICING_ADJUSTMENT
MA00000064,LN00000484,2024-11-30,621.29,SYNTHETIC_PRICING_ADJUSTMENT
MA00000065,LN00000490,2025-05-31,1235.54,SYNTHETIC_PRICING_ADJUSTMENT
MA00000066,LN00000494,2025-09-30,-277.24,SYNTHETIC_PRICING_ADJUSTMENT
MA00000067,LN00000500,2026-03-31,747.77,SYNTHETIC_PRICING_ADJUSTMENT
MA00000068,LN00000506,2024-09-30,-71.41,SYNTHETIC_PRICING_ADJUSTMENT
MA00000069,LN00000508,2024-11-30,282.74,SYNTHETIC_PRICING_ADJUSTMENT
MA00000070,LN00000511,2025-02-28,1564.31,SYNTHETIC_PRICING_ADJUSTMENT
MA00000071,LN00000513,2025-04-30,296.78,SYNTHETIC_PRICING_ADJUSTMENT
MA00000072,LN00000563,2025-06-30,1686.67,SYNTHETIC_PRICING_ADJUSTMENT
MA00000073,LN00000568,2025-11-30,-745.41,SYNTHETIC_PRICING_ADJUSTMENT
MA00000074,LN00000570,2026-01-31,1482.35,SYNTHETIC_PRICING_ADJUSTMENT
MA00000075,LN00000572,2026-03-31,1941.74,SYNTHETIC_PRICING_ADJUSTMENT
MA00000076,LN00000573,2026-04-30,838.50,SYNTHETIC_PRICING_ADJUSTMENT
MA00000077,LN00000574,2026-05-31,1695.83,SYNTHETIC_PRICING_ADJUSTMENT
MA00000078,LN00000575,2026-06-30,1171.98,SYNTHETIC_PRICING_ADJUSTMENT
MA00000079,LN00000585,2025-04-30,376.91,SYNTHETIC_PRICING_ADJUSTMENT
MA00000080,LN00000613,2025-08-31,-515.16,SYNTHETIC_PRICING_ADJUSTMENT
MA00000081,LN00000624,2026-07-31,-564.30,SYNTHETIC_PRICING_ADJUSTMENT
MA00000082,LN00000641,2025-12-31,-447.91,SYNTHETIC_PRICING_ADJUSTMENT
MA00000083,LN00000646,2026-05-31,636.60,SYNTHETIC_PRICING_ADJUSTMENT
MA00000084,LN00000647,2026-06-30,1712.66,SYNTHETIC_PRICING_ADJUSTMENT
MA00000085,LN00000653,2024-12-31,611.11,SYNTHETIC_PRICING_ADJUSTMENT
MA00000086,LN00000658,2025-05-31,1865.45,SYNTHETIC_PRICING_ADJUSTMENT
MA00000087,LN00000669,2026-04-30,629.96,SYNTHETIC_PRICING_ADJUSTMENT
MA00000088,LN00000671,2026-06-30,565.85,SYNTHETIC_PRICING_ADJUSTMENT
MA00000089,LN00000681,2025-04-30,470.38,SYNTHETIC_PRICING_ADJUSTMENT
MA00000090,LN00000688,2025-11-30,885.36,SYNTHETIC_PRICING_ADJUSTMENT
MA00000091,LN00000695,2026-06-30,927.53,SYNTHETIC_PRICING_ADJUSTMENT
MA00000092,LN00000699,2024-10-31,1678.18,SYNTHETIC_PRICING_ADJUSTMENT
MA00000093,LN00000707,2025-06-30,-1.02,SYNTHETIC_PRICING_ADJUSTMENT
MA00000094,LN00000714,2026-01-31,-335.31,SYNTHETIC_PRICING_ADJUSTMENT
MA00000095,LN00000718,2026-05-31,67.12,SYNTHETIC_PRICING_ADJUSTMENT
MA00000096,LN00000724,2024-11-30,483.28,SYNTHETIC_PRICING_ADJUSTMENT
MA00000097,LN00000725,2024-12-31,561.48,SYNTHETIC_PRICING_ADJUSTMENT
MA00000098,LN00000739,2026-02-28,1441.98,SYNTHETIC_PRICING_ADJUSTMENT
MA00000099,LN00000750,2025-01-31,1699.78,SYNTHETIC_PRICING_ADJUSTMENT
MA00000100,LN00000751,2025-02-28,388.62,SYNTHETIC_PRICING_ADJUSTMENT
MA00000101,LN00000753,2025-04-30,1521.95,SYNTHETIC_PRICING_ADJUSTMENT
MA00000102,LN00000754,2025-05-31,754.24,SYNTHETIC_PRICING_ADJUSTMENT
MA00000103,LN00000764,2026-03-31,-448.01,SYNTHETIC_PRICING_ADJUSTMENT
MA00000104,LN00000800,2025-03-31,1069.37,SYNTHETIC_PRICING_ADJUSTMENT
MA00000105,LN00000807,2025-10-31,1900.11,SYNTHETIC_PRICING_ADJUSTMENT
MA00000106,LN00000818,2024-09-30,-983.26,SYNTHETIC_PRICING_ADJUSTMENT
MA00000107,LN00000825,2025-04-30,325.84,SYNTHETIC_PRICING_ADJUSTMENT
MA00000108,LN00000837,2026-04-30,852.51,SYNTHETIC_PRICING_ADJUSTMENT
MA00000109,LN00000855,2025-10-31,-619.50,SYNTHETIC_PRICING_ADJUSTMENT
MA00000110,LN00000863,2026-06-30,-172.45,SYNTHETIC_PRICING_ADJUSTMENT
MA00000111,LN00000883,2026-02-28,1951.69,SYNTHETIC_PRICING_ADJUSTMENT
MA00000112,LN00000889,2024-08-31,1404.10,SYNTHETIC_PRICING_ADJUSTMENT
MA00000113,LN00000911,2026-06-30,-402.96,SYNTHETIC_PRICING_ADJUSTMENT
MA00000114,LN00000915,2024-10-31,-862.82,SYNTHETIC_PRICING_ADJUSTMENT
MA00000115,LN00000920,2025-03-31,10.24,SYNTHETIC_PRICING_ADJUSTMENT
MA00000116,LN00000922,2025-05-31,171.19,SYNTHETIC_PRICING_ADJUSTMENT
MA00000117,LN00000927,2025-10-31,1981.15,SYNTHETIC_PRICING_ADJUSTMENT
MA00000118,LN00000938,2024-09-30,408.79,SYNTHETIC_PRICING_ADJUSTMENT
MA00000119,LN00000946,2025-05-31,96.54,SYNTHETIC_PRICING_ADJUSTMENT
MA00000120,LN00000947,2025-06-30,1159.33,SYNTHETIC_PRICING_ADJUSTMENT
MA00000121,LN00000965,2024-12-31,795.54,SYNTHETIC_PRICING_ADJUSTMENT
MA00000122,LN00000973,2025-08-31,-230.99,SYNTHETIC_PRICING_ADJUSTMENT
MA00000123,LN00000978,2026-01-31,331.92,SYNTHETIC_PRICING_ADJUSTMENT
MA00000124,LN00000979,2026-02-28,792.84,SYNTHETIC_PRICING_ADJUSTMENT
MA00000125,LN00000983,2026-06-30,1847.47,SYNTHETIC_PRICING_ADJUSTMENT
MA00000126,LN00001007,2026-06-30,803.05,SYNTHETIC_PRICING_ADJUSTMENT
MA00000127,LN00001011,2024-10-31,928.05,SYNTHETIC_PRICING_ADJUSTMENT
MA00000128,LN00001012,2024-11-30,233.29,SYNTHETIC_PRICING_ADJUSTMENT
MA00000129,LN00001043,2025-06-30,869.03,SYNTHETIC_PRICING_ADJUSTMENT
MA00000130,LN00001044,2025-07-31,1550.91,SYNTHETIC_PRICING_ADJUSTMENT
MA00000131,LN00001048,2025-11-30,-103.53,SYNTHETIC_PRICING_ADJUSTMENT
MA00000132,LN00001061,2024-12-31,-489.62,SYNTHETIC_PRICING_ADJUSTMENT
MA00000133,LN00001068,2025-07-31,-240.59,SYNTHETIC_PRICING_ADJUSTMENT
MA00000134,LN00001069,2025-08-31,1502.60,SYNTHETIC_PRICING_ADJUSTMENT
MA00000135,LN00001070,2025-09-30,1346.01,SYNTHETIC_PRICING_ADJUSTMENT
MA00000136,LN00001080,2026-07-31,-326.03,SYNTHETIC_PRICING_ADJUSTMENT
MA00000137,LN00001096,2025-11-30,-359.50,SYNTHETIC_PRICING_ADJUSTMENT
MA00000138,LN00001104,2026-07-31,147.88,SYNTHETIC_PRICING_ADJUSTMENT
MA00000139,LN00001106,2024-09-30,829.29,SYNTHETIC_PRICING_ADJUSTMENT
MA00000140,LN00001112,2025-03-31,1237.92,SYNTHETIC_PRICING_ADJUSTMENT
MA00000141,LN00001119,2025-10-31,-109.78,SYNTHETIC_PRICING_ADJUSTMENT
MA00000142,LN00001128,2026-07-31,383.45,SYNTHETIC_PRICING_ADJUSTMENT
MA00000143,LN00001129,2024-08-31,886.79,SYNTHETIC_PRICING_ADJUSTMENT
MA00000144,LN00001142,2025-09-30,77.85,SYNTHETIC_PRICING_ADJUSTMENT
MA00000145,LN00001149,2026-04-30,1402.03,SYNTHETIC_PRICING_ADJUSTMENT
MA00000146,LN00001150,2026-05-31,-389.82,SYNTHETIC_PRICING_ADJUSTMENT
MA00000147,LN00001173,2026-04-30,-824.68,SYNTHETIC_PRICING_ADJUSTMENT
MA00000148,LN00001175,2026-06-30,664.19,SYNTHETIC_PRICING_ADJUSTMENT
MA00000149,LN00001177,2024-08-31,1864.61,SYNTHETIC_PRICING_ADJUSTMENT
MA00000150,LN00001202,2024-09-30,-132.16,SYNTHETIC_PRICING_ADJUSTMENT
MA00000151,LN00001207,2025-02-28,-30.66,SYNTHETIC_PRICING_ADJUSTMENT
MA00000152,LN00001213,2025-08-31,-344.52,SYNTHETIC_PRICING_ADJUSTMENT
MA00000153,LN00001215,2025-10-31,1554.15,SYNTHETIC_PRICING_ADJUSTMENT
MA00000154,LN00001221,2026-04-30,941.13,SYNTHETIC_PRICING_ADJUSTMENT
MA00000155,LN00001222,2026-05-31,1513.14,SYNTHETIC_PRICING_ADJUSTMENT
MA00000156,LN00001226,2024-09-30,217.91,SYNTHETIC_PRICING_ADJUSTMENT
MA00000157,LN00001231,2025-02-28,-121.88,SYNTHETIC_PRICING_ADJUSTMENT
MA00000158,LN00001252,2024-11-30,1080.66,SYNTHETIC_PRICING_ADJUSTMENT
MA00000159,LN00001256,2025-03-31,-179.47,SYNTHETIC_PRICING_ADJUSTMENT
MA00000160,LN00001273,2024-08-31,1881.82,SYNTHETIC_PRICING_ADJUSTMENT
MA00000161,LN00001279,2025-02-28,-270.83,SYNTHETIC_PRICING_ADJUSTMENT
MA00000162,LN00001287,2025-10-31,768.46,SYNTHETIC_PRICING_ADJUSTMENT
MA00000163,LN00001293,2026-04-30,-104.11,SYNTHETIC_PRICING_ADJUSTMENT
MA00000164,LN00001295,2026-06-30,-612.91,SYNTHETIC_PRICING_ADJUSTMENT
MA00000165,LN00001305,2025-04-30,1385.88,SYNTHETIC_PRICING_ADJUSTMENT
MA00000166,LN00001306,2025-05-31,795.56,SYNTHETIC_PRICING_ADJUSTMENT
MA00000167,LN00001308,2025-07-31,1988.45,SYNTHETIC_PRICING_ADJUSTMENT
MA00000168,LN00001318,2026-05-31,1513.31,SYNTHETIC_PRICING_ADJUSTMENT
MA00000169,LN00001319,2026-06-30,752.75,SYNTHETIC_PRICING_ADJUSTMENT
MA00000170,LN00001330,2025-05-31,958.35,SYNTHETIC_PRICING_ADJUSTMENT
MA00000171,LN00001331,2025-06-30,1516.58,SYNTHETIC_PRICING_ADJUSTMENT
MA00000172,LN00001333,2025-08-31,1113.20,SYNTHETIC_PRICING_ADJUSTMENT
MA00000173,LN00001337,2025-12-31,314.07,SYNTHETIC_PRICING_ADJUSTMENT
MA00000174,LN00001341,2026-04-30,8.67,SYNTHETIC_PRICING_ADJUSTMENT
MA00000175,LN00001359,2025-10-31,137.90,SYNTHETIC_PRICING_ADJUSTMENT
MA00000176,LN00001368,2026-07-31,-728.60,SYNTHETIC_PRICING_ADJUSTMENT
MA00000177,LN00001374,2025-01-31,589.78,SYNTHETIC_PRICING_ADJUSTMENT
MA00000178,LN00001385,2025-12-31,591.61,SYNTHETIC_PRICING_ADJUSTMENT
MA00000179,LN00001390,2026-05-31,-201.66,SYNTHETIC_PRICING_ADJUSTMENT
MA00000180,LN00001401,2025-04-30,-975.90,SYNTHETIC_PRICING_ADJUSTMENT
MA00000181,LN00001425,2025-04-30,1081.36,SYNTHETIC_PRICING_ADJUSTMENT
MA00000182,LN00001438,2026-05-31,-282.75,SYNTHETIC_PRICING_ADJUSTMENT
MA00000183,LN00001441,2024-08-31,1610.59,SYNTHETIC_PRICING_ADJUSTMENT
MA00000184,LN00001442,2024-09-30,849.58,SYNTHETIC_PRICING_ADJUSTMENT
MA00000185,LN00001444,2024-11-30,1898.41,SYNTHETIC_PRICING_ADJUSTMENT
MA00000186,LN00001445,2024-12-31,1689.80,SYNTHETIC_PRICING_ADJUSTMENT
MA00000187,LN00001448,2025-03-31,664.75,SYNTHETIC_PRICING_ADJUSTMENT
MA00000188,LN00001474,2025-05-31,-500.54,SYNTHETIC_PRICING_ADJUSTMENT
MA00000189,LN00001490,2024-09-30,805.96,SYNTHETIC_PRICING_ADJUSTMENT
MA00000190,LN00001491,2024-10-31,163.61,SYNTHETIC_PRICING_ADJUSTMENT
MA00000191,LN00001498,2025-05-31,1841.22,SYNTHETIC_PRICING_ADJUSTMENT
MA00000192,LN00001516,2024-11-30,-857.95,SYNTHETIC_PRICING_ADJUSTMENT
MA00000193,LN00001518,2025-01-31,705.74,SYNTHETIC_PRICING_ADJUSTMENT
MA00000194,LN00001538,2024-09-30,224.35,SYNTHETIC_PRICING_ADJUSTMENT
MA00000195,LN00001562,2024-09-30,-857.66,SYNTHETIC_PRICING_ADJUSTMENT
MA00000196,LN00001578,2026-01-31,1672.18,SYNTHETIC_PRICING_ADJUSTMENT
MA00000197,LN00001581,2026-04-30,1689.17,SYNTHETIC_PRICING_ADJUSTMENT
MA00000198,LN00001585,2024-08-31,557.85,SYNTHETIC_PRICING_ADJUSTMENT
MA00000199,LN00001586,2024-09-30,-482.71,SYNTHETIC_PRICING_ADJUSTMENT
MA00000200,LN00001592,2025-03-31,-99.02,SYNTHETIC_PRICING_ADJUSTMENT
MA00000201,LN00001599,2025-10-31,-532.03,SYNTHETIC_PRICING_ADJUSTMENT
MA00000202,LN00001615,2025-02-28,19.49,SYNTHETIC_PRICING_ADJUSTMENT
MA00000203,LN00001625,2025-12-31,-788.76,SYNTHETIC_PRICING_ADJUSTMENT
MA00000204,LN00001627,2026-02-28,-28.46,SYNTHETIC_PRICING_ADJUSTMENT
MA00000205,LN00001649,2025-12-31,154.47,SYNTHETIC_PRICING_ADJUSTMENT
MA00000206,LN00001651,2026-02-28,-526.16,SYNTHETIC_PRICING_ADJUSTMENT
MA00000207,LN00001668,2025-07-31,671.37,SYNTHETIC_PRICING_ADJUSTMENT
MA00000208,LN00001671,2025-10-31,-377.20,SYNTHETIC_PRICING_ADJUSTMENT
MA00000209,LN00001676,2026-03-31,319.51,SYNTHETIC_PRICING_ADJUSTMENT
MA00000210,LN00001679,2026-06-30,-638.24,SYNTHETIC_PRICING_ADJUSTMENT
MA00000211,LN00001682,2024-09-30,317.48,SYNTHETIC_PRICING_ADJUSTMENT
MA00000212,LN00001684,2024-11-30,1550.89,SYNTHETIC_PRICING_ADJUSTMENT
MA00000213,LN00001689,2025-04-30,1751.67,SYNTHETIC_PRICING_ADJUSTMENT
MA00000214,LN00001692,2025-07-31,1872.06,SYNTHETIC_PRICING_ADJUSTMENT
MA00000215,LN00001699,2026-02-28,325.82,SYNTHETIC_PRICING_ADJUSTMENT
MA00000216,LN00001707,2024-10-31,1248.76,SYNTHETIC_PRICING_ADJUSTMENT
MA00000217,LN00001727,2026-06-30,813.12,SYNTHETIC_PRICING_ADJUSTMENT
MA00000218,LN00001734,2025-01-31,-413.08,SYNTHETIC_PRICING_ADJUSTMENT
MA00000219,LN00001739,2025-06-30,1843.38,SYNTHETIC_PRICING_ADJUSTMENT
MA00000220,LN00001743,2025-10-31,-196.86,SYNTHETIC_PRICING_ADJUSTMENT
MA00000221,LN00001755,2024-10-31,-850.72,SYNTHETIC_PRICING_ADJUSTMENT
MA00000222,LN00001767,2025-10-31,1280.59,SYNTHETIC_PRICING_ADJUSTMENT
MA00000223,LN00001773,2026-04-30,1884.61,SYNTHETIC_PRICING_ADJUSTMENT
MA00000224,LN00001786,2025-05-31,720.21,SYNTHETIC_PRICING_ADJUSTMENT
MA00000225,LN00001790,2025-09-30,1659.36,SYNTHETIC_PRICING_ADJUSTMENT
MA00000226,LN00001795,2026-02-28,65.18,SYNTHETIC_PRICING_ADJUSTMENT
MA00000227,LN00001800,2026-07-31,-408.11,SYNTHETIC_PRICING_ADJUSTMENT
MA00000228,LN00001801,2024-08-31,1904.12,SYNTHETIC_PRICING_ADJUSTMENT
MA00000229,LN00001803,2024-10-31,-587.57,SYNTHETIC_PRICING_ADJUSTMENT
MA00000230,LN00001818,2026-01-31,26.88,SYNTHETIC_PRICING_ADJUSTMENT
MA00000231,LN00001822,2026-05-31,-153.11,SYNTHETIC_PRICING_ADJUSTMENT
MA00000232,LN00001826,2024-09-30,1119.48,SYNTHETIC_PRICING_ADJUSTMENT
MA00000233,LN00001827,2024-10-31,60.40,SYNTHETIC_PRICING_ADJUSTMENT
MA00000234,LN00001834,2025-05-31,1348.38,SYNTHETIC_PRICING_ADJUSTMENT
MA00000235,LN00001835,2025-06-30,545.54,SYNTHETIC_PRICING_ADJUSTMENT
MA00000236,LN00001837,2025-08-31,-430.19,SYNTHETIC_PRICING_ADJUSTMENT
MA00000237,LN00001840,2025-11-30,-524.77,SYNTHETIC_PRICING_ADJUSTMENT
MA00000238,LN00001854,2025-01-31,930.92,SYNTHETIC_PRICING_ADJUSTMENT
MA00000239,LN00001856,2025-03-31,1140.16,SYNTHETIC_PRICING_ADJUSTMENT
MA00000240,LN00001859,2025-06-30,346.48,SYNTHETIC_PRICING_ADJUSTMENT
MA00000241,LN00001861,2025-08-31,-730.05,SYNTHETIC_PRICING_ADJUSTMENT
MA00000242,LN00001866,2026-01-31,-562.18,SYNTHETIC_PRICING_ADJUSTMENT
MA00000243,LN00001873,2024-08-31,1951.51,SYNTHETIC_PRICING_ADJUSTMENT
MA00000244,LN00001875,2024-10-31,1424.41,SYNTHETIC_PRICING_ADJUSTMENT
MA00000245,LN00001886,2025-09-30,-876.94,SYNTHETIC_PRICING_ADJUSTMENT
MA00000246,LN00001895,2026-06-30,-559.29,SYNTHETIC_PRICING_ADJUSTMENT
MA00000247,LN00001900,2024-11-30,1536.64,SYNTHETIC_PRICING_ADJUSTMENT
MA00000248,LN00001916,2026-03-31,1486.32,SYNTHETIC_PRICING_ADJUSTMENT
MA00000249,LN00001920,2026-07-31,1135.31,SYNTHETIC_PRICING_ADJUSTMENT
MA00000250,LN00001921,2024-08-31,1358.04,SYNTHETIC_PRICING_ADJUSTMENT
MA00000251,LN00001922,2024-09-30,855.64,SYNTHETIC_PRICING_ADJUSTMENT
MA00000252,LN00001923,2024-10-31,-32.75,SYNTHETIC_PRICING_ADJUSTMENT
MA00000253,LN00001926,2025-01-31,1244.38,SYNTHETIC_PRICING_ADJUSTMENT
MA00000254,LN00001935,2025-10-31,938.32,SYNTHETIC_PRICING_ADJUSTMENT
MA00000255,LN00001938,2026-01-31,-730.55,SYNTHETIC_PRICING_ADJUSTMENT
MA00000256,LN00001946,2024-09-30,1590.49,SYNTHETIC_PRICING_ADJUSTMENT
MA00000257,LN00001947,2024-10-31,1180.20,SYNTHETIC_PRICING_ADJUSTMENT
MA00000258,LN00001964,2026-03-31,42.20,SYNTHETIC_PRICING_ADJUSTMENT
MA00000259,LN00001976,2025-03-31,641.21,SYNTHETIC_PRICING_ADJUSTMENT
MA00000260,LN00001985,2025-12-31,-206.36,SYNTHETIC_PRICING_ADJUSTMENT
MA00000261,LN00001986,2026-01-31,185.58,SYNTHETIC_PRICING_ADJUSTMENT
MA00000262,LN00001987,2026-02-28,-769.70,SYNTHETIC_PRICING_ADJUSTMENT
MA00000263,LN00001989,2026-04-30,-879.18,SYNTHETIC_PRICING_ADJUSTMENT
MA00000264,LN00001991,2026-06-30,133.59,SYNTHETIC_PRICING_ADJUSTMENT
MA00000265,LN00001992,2026-07-31,1956.66,SYNTHETIC_PRICING_ADJUSTMENT
MA00000266,LN00002002,2025-05-31,540.50,SYNTHETIC_PRICING_ADJUSTMENT
MA00000267,LN00002017,2024-08-31,682.15,SYNTHETIC_PRICING_ADJUSTMENT
MA00000268,LN00002019,2024-10-31,-224.98,SYNTHETIC_PRICING_ADJUSTMENT
MA00000269,LN00002020,2024-11-30,615.85,SYNTHETIC_PRICING_ADJUSTMENT
MA00000270,LN00002038,2026-05-31,1402.54,SYNTHETIC_PRICING_ADJUSTMENT
MA00000271,LN00002039,2026-06-30,-365.21,SYNTHETIC_PRICING_ADJUSTMENT
MA00000272,LN00002042,2024-09-30,1691.38,SYNTHETIC_PRICING_ADJUSTMENT
MA00000273,LN00002074,2025-05-31,436.15,SYNTHETIC_PRICING_ADJUSTMENT
MA00000274,LN00002077,2025-08-31,-668.73,SYNTHETIC_PRICING_ADJUSTMENT
MA00000275,LN00002086,2026-05-31,-907.65,SYNTHETIC_PRICING_ADJUSTMENT
MA00000276,LN00002089,2024-08-31,964.56,SYNTHETIC_PRICING_ADJUSTMENT
MA00000277,LN00002090,2024-09-30,1860.48,SYNTHETIC_PRICING_ADJUSTMENT
MA00000278,LN00002092,2024-11-30,1360.42,SYNTHETIC_PRICING_ADJUSTMENT
MA00000279,LN00002093,2024-12-31,304.49,SYNTHETIC_PRICING_ADJUSTMENT
MA00000280,LN00002095,2025-02-28,1588.76,SYNTHETIC_PRICING_ADJUSTMENT
MA00000281,LN00002100,2025-07-31,-46.78,SYNTHETIC_PRICING_ADJUSTMENT
MA00000282,LN00002101,2025-08-31,-702.68,SYNTHETIC_PRICING_ADJUSTMENT
MA00000283,LN00002126,2025-09-30,-713.47,SYNTHETIC_PRICING_ADJUSTMENT
MA00000284,LN00002130,2026-01-31,-395.03,SYNTHETIC_PRICING_ADJUSTMENT
MA00000285,LN00002133,2026-04-30,1352.73,SYNTHETIC_PRICING_ADJUSTMENT
MA00000286,LN00002135,2026-06-30,1685.12,SYNTHETIC_PRICING_ADJUSTMENT
MA00000287,LN00002141,2024-12-31,-183.81,SYNTHETIC_PRICING_ADJUSTMENT
MA00000288,LN00002142,2025-01-31,416.97,SYNTHETIC_PRICING_ADJUSTMENT
MA00000289,LN00002152,2025-11-30,1695.15,SYNTHETIC_PRICING_ADJUSTMENT
MA00000290,LN00002157,2026-04-30,-67.66,SYNTHETIC_PRICING_ADJUSTMENT
MA00000291,LN00002164,2024-11-30,760.17,SYNTHETIC_PRICING_ADJUSTMENT
MA00000292,LN00002167,2025-02-28,226.52,SYNTHETIC_PRICING_ADJUSTMENT
MA00000293,LN00002170,2025-05-31,550.26,SYNTHETIC_PRICING_ADJUSTMENT
MA00000294,LN00002177,2025-12-31,1510.38,SYNTHETIC_PRICING_ADJUSTMENT
MA00000295,LN00002192,2025-03-31,1916.56,SYNTHETIC_PRICING_ADJUSTMENT
MA00000296,LN00002197,2025-08-31,1648.23,SYNTHETIC_PRICING_ADJUSTMENT
MA00000297,LN00002200,2025-11-30,-235.99,SYNTHETIC_PRICING_ADJUSTMENT
MA00000298,LN00002203,2026-02-28,1156.27,SYNTHETIC_PRICING_ADJUSTMENT
MA00000299,LN00002237,2024-12-31,486.85,SYNTHETIC_PRICING_ADJUSTMENT
MA00000300,LN00002242,2025-05-31,-89.58,SYNTHETIC_PRICING_ADJUSTMENT
MA00000301,LN00002251,2026-02-28,1623.88,SYNTHETIC_PRICING_ADJUSTMENT
MA00000302,LN00002266,2025-05-31,-214.81,SYNTHETIC_PRICING_ADJUSTMENT
MA00000303,LN00002285,2024-12-31,597.62,SYNTHETIC_PRICING_ADJUSTMENT
MA00000304,LN00002288,2025-03-31,78.74,SYNTHETIC_PRICING_ADJUSTMENT
MA00000305,LN00002305,2024-08-31,-113.00,SYNTHETIC_PRICING_ADJUSTMENT
MA00000306,LN00002309,2024-12-31,1688.18,SYNTHETIC_PRICING_ADJUSTMENT
MA00000307,LN00002322,2026-01-31,451.17,SYNTHETIC_PRICING_ADJUSTMENT
MA00000308,LN00002324,2026-03-31,-91.93,SYNTHETIC_PRICING_ADJUSTMENT
MA00000309,LN00002326,2026-05-31,1442.73,SYNTHETIC_PRICING_ADJUSTMENT
MA00000310,LN00002336,2025-03-31,-172.97,SYNTHETIC_PRICING_ADJUSTMENT
MA00000311,LN00002338,2025-05-31,303.93,SYNTHETIC_PRICING_ADJUSTMENT
MA00000312,LN00002340,2025-07-31,724.23,SYNTHETIC_PRICING_ADJUSTMENT
MA00000313,LN00002358,2025-01-31,898.02,SYNTHETIC_PRICING_ADJUSTMENT
MA00000314,LN00002359,2025-02-28,785.80,SYNTHETIC_PRICING_ADJUSTMENT
MA00000315,LN00002366,2025-09-30,-682.50,SYNTHETIC_PRICING_ADJUSTMENT
MA00000316,LN00002378,2024-09-30,1936.14,SYNTHETIC_PRICING_ADJUSTMENT
MA00000317,LN00002385,2025-04-30,1270.54,SYNTHETIC_PRICING_ADJUSTMENT
MA00000318,LN00002397,2026-04-30,1919.17,SYNTHETIC_PRICING_ADJUSTMENT
MA00000319,LN00002421,2026-04-30,-618.45,SYNTHETIC_PRICING_ADJUSTMENT
MA00000320,LN00002427,2024-10-31,-424.51,SYNTHETIC_PRICING_ADJUSTMENT
MA00000321,LN00002429,2024-12-31,-237.27,SYNTHETIC_PRICING_ADJUSTMENT
MA00000322,LN00002452,2024-11-30,1265.70,SYNTHETIC_PRICING_ADJUSTMENT
MA00000323,LN00002453,2024-12-31,772.21,SYNTHETIC_PRICING_ADJUSTMENT
MA00000324,LN00002456,2025-03-31,103.84,SYNTHETIC_PRICING_ADJUSTMENT
MA00000325,LN00002458,2025-05-31,-591.88,SYNTHETIC_PRICING_ADJUSTMENT
MA00000326,LN00002469,2026-04-30,912.44,SYNTHETIC_PRICING_ADJUSTMENT
MA00000327,LN00002484,2025-07-31,-218.97,SYNTHETIC_PRICING_ADJUSTMENT
MA00000328,LN00002486,2025-09-30,595.45,SYNTHETIC_PRICING_ADJUSTMENT
MA00000329,LN00002489,2025-12-31,-874.80,SYNTHETIC_PRICING_ADJUSTMENT
MA00000330,LN00002509,2025-08-31,1665.93,SYNTHETIC_PRICING_ADJUSTMENT
MA00000331,LN00002516,2026-03-31,-172.89,SYNTHETIC_PRICING_ADJUSTMENT
MA00000332,LN00002524,2024-11-30,-662.60,SYNTHETIC_PRICING_ADJUSTMENT
MA00000333,LN00002533,2025-08-31,107.71,SYNTHETIC_PRICING_ADJUSTMENT
MA00000334,LN00002553,2025-04-30,366.81,SYNTHETIC_PRICING_ADJUSTMENT
MA00000335,LN00002557,2025-08-31,-860.97,SYNTHETIC_PRICING_ADJUSTMENT
MA00000336,LN00002567,2026-06-30,1729.36,SYNTHETIC_PRICING_ADJUSTMENT
MA00000337,LN00002572,2024-11-30,1537.34,SYNTHETIC_PRICING_ADJUSTMENT
MA00000338,LN00002587,2026-02-28,-963.94,SYNTHETIC_PRICING_ADJUSTMENT
MA00000339,LN00002593,2024-08-31,-471.48,SYNTHETIC_PRICING_ADJUSTMENT
MA00000340,LN00002626,2025-05-31,306.57,SYNTHETIC_PRICING_ADJUSTMENT
MA00000341,LN00002639,2026-06-30,1542.13,SYNTHETIC_PRICING_ADJUSTMENT
MA00000342,LN00002641,2024-08-31,1921.45,SYNTHETIC_PRICING_ADJUSTMENT
MA00000343,LN00002662,2026-05-31,1010.81,SYNTHETIC_PRICING_ADJUSTMENT
MA00000344,LN00002672,2025-03-31,867.24,SYNTHETIC_PRICING_ADJUSTMENT
MA00000345,LN00002677,2025-08-31,62.07,SYNTHETIC_PRICING_ADJUSTMENT
MA00000346,LN00002678,2025-09-30,1783.00,SYNTHETIC_PRICING_ADJUSTMENT
MA00000347,LN00002698,2025-05-31,-596.55,SYNTHETIC_PRICING_ADJUSTMENT
MA00000348,LN00002709,2026-04-30,-264.49,SYNTHETIC_PRICING_ADJUSTMENT
MA00000349,LN00002711,2026-06-30,352.63,SYNTHETIC_PRICING_ADJUSTMENT
MA00000350,LN00002727,2025-10-31,-466.77,SYNTHETIC_PRICING_ADJUSTMENT
MA00000351,LN00002742,2025-01-31,-460.04,SYNTHETIC_PRICING_ADJUSTMENT
MA00000352,LN00002760,2026-07-31,1614.74,SYNTHETIC_PRICING_ADJUSTMENT
MA00000353,LN00002771,2025-06-30,-241.53,SYNTHETIC_PRICING_ADJUSTMENT
MA00000354,LN00002772,2025-07-31,365.59,SYNTHETIC_PRICING_ADJUSTMENT
MA00000355,LN00002786,2024-09-30,1366.09,SYNTHETIC_PRICING_ADJUSTMENT
MA00000356,LN00002789,2024-12-31,-121.21,SYNTHETIC_PRICING_ADJUSTMENT
MA00000357,LN00002795,2025-06-30,-133.89,SYNTHETIC_PRICING_ADJUSTMENT
MA00000358,LN00002817,2025-04-30,49.38,SYNTHETIC_PRICING_ADJUSTMENT
MA00000359,LN00002822,2025-09-30,318.38,SYNTHETIC_PRICING_ADJUSTMENT
MA00000360,LN00002826,2026-01-31,1070.96,SYNTHETIC_PRICING_ADJUSTMENT
MA00000361,LN00002833,2024-08-31,-302.33,SYNTHETIC_PRICING_ADJUSTMENT
MA00000362,LN00002834,2024-09-30,-377.75,SYNTHETIC_PRICING_ADJUSTMENT
MA00000363,LN00002836,2024-11-30,215.52,SYNTHETIC_PRICING_ADJUSTMENT
MA00000364,LN00002844,2025-07-31,1192.64,SYNTHETIC_PRICING_ADJUSTMENT
MA00000365,LN00002849,2025-12-31,915.90,SYNTHETIC_PRICING_ADJUSTMENT
MA00000366,LN00002852,2026-03-31,-514.89,SYNTHETIC_PRICING_ADJUSTMENT
MA00000367,LN00002854,2026-05-31,-651.75,SYNTHETIC_PRICING_ADJUSTMENT
MA00000368,LN00002855,2026-06-30,187.12,SYNTHETIC_PRICING_ADJUSTMENT
MA00000369,LN00002869,2025-08-31,1293.34,SYNTHETIC_PRICING_ADJUSTMENT
MA00000370,LN00002870,2025-09-30,1292.67,SYNTHETIC_PRICING_ADJUSTMENT
MA00000371,LN00002871,2025-10-31,-297.30,SYNTHETIC_PRICING_ADJUSTMENT
MA00000372,LN00002872,2025-11-30,1934.29,SYNTHETIC_PRICING_ADJUSTMENT
MA00000373,LN00002876,2026-03-31,1056.12,SYNTHETIC_PRICING_ADJUSTMENT
MA00000374,LN00002891,2025-06-30,1047.01,SYNTHETIC_PRICING_ADJUSTMENT
MA00000375,LN00002895,2025-10-31,-576.84,SYNTHETIC_PRICING_ADJUSTMENT
MA00000376,LN00002903,2026-06-30,1768.85,SYNTHETIC_PRICING_ADJUSTMENT
MA00000377,LN00002906,2024-09-30,824.61,SYNTHETIC_PRICING_ADJUSTMENT
MA00000378,LN00002911,2025-02-28,23.80,SYNTHETIC_PRICING_ADJUSTMENT
MA00000379,LN00002913,2025-04-30,-178.66,SYNTHETIC_PRICING_ADJUSTMENT
MA00000380,LN00002914,2025-05-31,1143.59,SYNTHETIC_PRICING_ADJUSTMENT
MA00000381,LN00002917,2025-08-31,914.87,SYNTHETIC_PRICING_ADJUSTMENT
MA00000382,LN00002926,2026-05-31,1334.02,SYNTHETIC_PRICING_ADJUSTMENT
MA00000383,LN00002928,2026-07-31,422.48,SYNTHETIC_PRICING_ADJUSTMENT
MA00000384,LN00002943,2025-10-31,1254.40,SYNTHETIC_PRICING_ADJUSTMENT
MA00000385,LN00002957,2024-12-31,1219.40,SYNTHETIC_PRICING_ADJUSTMENT
MA00000386,LN00002960,2025-03-31,-105.21,SYNTHETIC_PRICING_ADJUSTMENT
MA00000387,LN00002965,2025-08-31,-736.42,SYNTHETIC_PRICING_ADJUSTMENT
MA00000388,LN00002972,2026-03-31,121.38,SYNTHETIC_PRICING_ADJUSTMENT
MA00000389,LN00002991,2025-10-31,-321.01,SYNTHETIC_PRICING_ADJUSTMENT
MA00000390,LN00003006,2025-01-31,-357.96,SYNTHETIC_PRICING_ADJUSTMENT
MA00000391,LN00003011,2025-06-30,992.77,SYNTHETIC_PRICING_ADJUSTMENT
MA00000392,LN00003038,2025-09-30,1992.92,SYNTHETIC_PRICING_ADJUSTMENT
MA00000393,LN00003043,2026-02-28,1674.56,SYNTHETIC_PRICING_ADJUSTMENT
MA00000394,LN00003045,2026-04-30,233.43,SYNTHETIC_PRICING_ADJUSTMENT
MA00000395,LN00003048,2026-07-31,-291.66,SYNTHETIC_PRICING_ADJUSTMENT
MA00000396,LN00003049,2024-08-31,-969.79,SYNTHETIC_PRICING_ADJUSTMENT
MA00000397,LN00003051,2024-10-31,-202.07,SYNTHETIC_PRICING_ADJUSTMENT
MA00000398,LN00003058,2025-05-31,-445.37,SYNTHETIC_PRICING_ADJUSTMENT
MA00000399,LN00003072,2026-07-31,905.77,SYNTHETIC_PRICING_ADJUSTMENT
MA00000400,LN00003083,2025-06-30,1804.02,SYNTHETIC_PRICING_ADJUSTMENT
MA00000401,LN00003103,2025-02-28,1846.78,SYNTHETIC_PRICING_ADJUSTMENT
MA00000402,LN00003108,2025-07-31,294.95,SYNTHETIC_PRICING_ADJUSTMENT
MA00000403,LN00003112,2025-11-30,-579.86,SYNTHETIC_PRICING_ADJUSTMENT
MA00000404,LN00003124,2024-11-30,571.13,SYNTHETIC_PRICING_ADJUSTMENT
MA00000405,LN00003125,2024-12-31,391.44,SYNTHETIC_PRICING_ADJUSTMENT
MA00000406,LN00003129,2025-04-30,1840.28,SYNTHETIC_PRICING_ADJUSTMENT
MA00000407,LN00003136,2025-11-30,624.95,SYNTHETIC_PRICING_ADJUSTMENT
MA00000408,LN00003153,2025-04-30,1010.42,SYNTHETIC_PRICING_ADJUSTMENT
MA00000409,LN00003168,2026-07-31,1250.63,SYNTHETIC_PRICING_ADJUSTMENT
MA00000410,LN00003171,2024-10-31,-619.04,SYNTHETIC_PRICING_ADJUSTMENT
MA00000411,LN00003189,2026-04-30,-439.47,SYNTHETIC_PRICING_ADJUSTMENT
MA00000412,LN00003203,2025-06-30,694.23,SYNTHETIC_PRICING_ADJUSTMENT
MA00000413,LN00003207,2025-10-31,178.21,SYNTHETIC_PRICING_ADJUSTMENT
MA00000414,LN00003222,2025-01-31,-717.24,SYNTHETIC_PRICING_ADJUSTMENT
MA00000415,LN00003224,2025-03-31,1474.24,SYNTHETIC_PRICING_ADJUSTMENT
MA00000416,LN00003232,2025-11-30,1388.05,SYNTHETIC_PRICING_ADJUSTMENT
MA00000417,LN00003240,2026-07-31,223.73,SYNTHETIC_PRICING_ADJUSTMENT
MA00000418,LN00003242,2024-09-30,285.64,SYNTHETIC_PRICING_ADJUSTMENT
MA00000419,LN00003248,2025-03-31,659.94,SYNTHETIC_PRICING_ADJUSTMENT
MA00000420,LN00003251,2025-06-30,-306.84,SYNTHETIC_PRICING_ADJUSTMENT
MA00000421,LN00003259,2026-02-28,617.10,SYNTHETIC_PRICING_ADJUSTMENT
MA00000422,LN00003260,2026-03-31,1457.30,SYNTHETIC_PRICING_ADJUSTMENT
MA00000423,LN00003261,2026-04-30,418.83,SYNTHETIC_PRICING_ADJUSTMENT
MA00000424,LN00003267,2024-10-31,885.89,SYNTHETIC_PRICING_ADJUSTMENT
MA00000425,LN00003269,2024-12-31,1801.57,SYNTHETIC_PRICING_ADJUSTMENT
MA00000426,LN00003273,2025-04-30,107.26,SYNTHETIC_PRICING_ADJUSTMENT
MA00000427,LN00003276,2025-07-31,1020.81,SYNTHETIC_PRICING_ADJUSTMENT
MA00000428,LN00003285,2026-04-30,148.62,SYNTHETIC_PRICING_ADJUSTMENT
MA00000429,LN00003290,2024-09-30,-570.93,SYNTHETIC_PRICING_ADJUSTMENT
MA00000430,LN00003312,2026-07-31,1433.99,SYNTHETIC_PRICING_ADJUSTMENT
MA00000431,LN00003317,2024-12-31,771.16,SYNTHETIC_PRICING_ADJUSTMENT
MA00000432,LN00003320,2025-03-31,-629.48,SYNTHETIC_PRICING_ADJUSTMENT
MA00000433,LN00003345,2025-04-30,1114.31,SYNTHETIC_PRICING_ADJUSTMENT
MA00000434,LN00003346,2025-05-31,736.18,SYNTHETIC_PRICING_ADJUSTMENT
MA00000435,LN00003349,2025-08-31,735.54,SYNTHETIC_PRICING_ADJUSTMENT
MA00000436,LN00003351,2025-10-31,1023.13,SYNTHETIC_PRICING_ADJUSTMENT
MA00000437,LN00003353,2025-12-31,554.42,SYNTHETIC_PRICING_ADJUSTMENT
MA00000438,LN00003363,2024-10-31,336.41,SYNTHETIC_PRICING_ADJUSTMENT
MA00000439,LN00003369,2025-04-30,1388.45,SYNTHETIC_PRICING_ADJUSTMENT
MA00000440,LN00003370,2025-05-31,522.90,SYNTHETIC_PRICING_ADJUSTMENT
MA00000441,LN00003387,2024-10-31,-923.21,SYNTHETIC_PRICING_ADJUSTMENT
MA00000442,LN00003391,2025-02-28,335.23,SYNTHETIC_PRICING_ADJUSTMENT
MA00000443,LN00003396,2025-07-31,1076.39,SYNTHETIC_PRICING_ADJUSTMENT
MA00000444,LN00003422,2025-09-30,1880.47,SYNTHETIC_PRICING_ADJUSTMENT
MA00000445,LN00003429,2026-04-30,1946.59,SYNTHETIC_PRICING_ADJUSTMENT
MA00000446,LN00003433,2024-08-31,1227.45,SYNTHETIC_PRICING_ADJUSTMENT
MA00000447,LN00003435,2024-10-31,17.42,SYNTHETIC_PRICING_ADJUSTMENT
MA00000448,LN00003455,2026-06-30,1098.62,SYNTHETIC_PRICING_ADJUSTMENT
MA00000449,LN00003457,2024-08-31,-426.97,SYNTHETIC_PRICING_ADJUSTMENT
MA00000450,LN00003467,2025-06-30,-963.69,SYNTHETIC_PRICING_ADJUSTMENT
MA00000451,LN00003472,2025-11-30,-597.02,SYNTHETIC_PRICING_ADJUSTMENT
MA00000452,LN00003482,2024-09-30,839.51,SYNTHETIC_PRICING_ADJUSTMENT
MA00000453,LN00003486,2025-01-31,856.56,SYNTHETIC_PRICING_ADJUSTMENT
MA00000454,LN00003497,2025-12-31,1901.10,SYNTHETIC_PRICING_ADJUSTMENT
MA00000455,LN00003513,2025-04-30,-727.88,SYNTHETIC_PRICING_ADJUSTMENT
MA00000456,LN00003525,2026-04-30,817.66,SYNTHETIC_PRICING_ADJUSTMENT
MA00000457,LN00003527,2026-06-30,1999.28,SYNTHETIC_PRICING_ADJUSTMENT
MA00000458,LN00003535,2025-02-28,898.47,SYNTHETIC_PRICING_ADJUSTMENT
MA00000459,LN00003548,2026-03-31,1442.15,SYNTHETIC_PRICING_ADJUSTMENT
MA00000460,LN00003557,2024-12-31,1549.52,SYNTHETIC_PRICING_ADJUSTMENT
MA00000461,LN00003561,2025-04-30,1208.22,SYNTHETIC_PRICING_ADJUSTMENT
MA00000462,LN00003568,2025-11-30,-386.52,SYNTHETIC_PRICING_ADJUSTMENT
MA00000463,LN00003569,2025-12-31,871.48,SYNTHETIC_PRICING_ADJUSTMENT
MA00000464,LN00003573,2026-04-30,-685.53,SYNTHETIC_PRICING_ADJUSTMENT
MA00000465,LN00003587,2025-06-30,-470.60,SYNTHETIC_PRICING_ADJUSTMENT
MA00000466,LN00003590,2025-09-30,-597.54,SYNTHETIC_PRICING_ADJUSTMENT
MA00000467,LN00003593,2025-12-31,1496.59,SYNTHETIC_PRICING_ADJUSTMENT
MA00000468,LN00003596,2026-03-31,1764.17,SYNTHETIC_PRICING_ADJUSTMENT
MA00000469,LN00003597,2026-04-30,1197.97,SYNTHETIC_PRICING_ADJUSTMENT
MA00000470,LN00003600,2026-07-31,1442.62,SYNTHETIC_PRICING_ADJUSTMENT
MA00000471,LN00003612,2025-07-31,1045.55,SYNTHETIC_PRICING_ADJUSTMENT
MA00000472,LN00003625,2024-08-31,-212.91,SYNTHETIC_PRICING_ADJUSTMENT
MA00000473,LN00003626,2024-09-30,724.25,SYNTHETIC_PRICING_ADJUSTMENT
MA00000474,LN00003636,2025-07-31,879.37,SYNTHETIC_PRICING_ADJUSTMENT
MA00000475,LN00003641,2025-12-31,-114.15,SYNTHETIC_PRICING_ADJUSTMENT
MA00000476,LN00003644,2026-03-31,352.41,SYNTHETIC_PRICING_ADJUSTMENT
MA00000477,LN00003648,2026-07-31,1535.16,SYNTHETIC_PRICING_ADJUSTMENT
MA00000478,LN00003652,2024-11-30,-296.32,SYNTHETIC_PRICING_ADJUSTMENT
MA00000479,LN00003673,2024-08-31,-669.13,SYNTHETIC_PRICING_ADJUSTMENT
MA00000480,LN00003679,2025-02-28,1152.31,SYNTHETIC_PRICING_ADJUSTMENT
MA00000481,LN00003701,2024-12-31,609.47,SYNTHETIC_PRICING_ADJUSTMENT
MA00000482,LN00003710,2025-09-30,1688.91,SYNTHETIC_PRICING_ADJUSTMENT
MA00000483,LN00003712,2025-11-30,1873.12,SYNTHETIC_PRICING_ADJUSTMENT
MA00000484,LN00003718,2026-05-31,-603.24,SYNTHETIC_PRICING_ADJUSTMENT
MA00000485,LN00003725,2024-12-31,198.25,SYNTHETIC_PRICING_ADJUSTMENT
MA00000486,LN00003728,2025-03-31,-226.70,SYNTHETIC_PRICING_ADJUSTMENT
MA00000487,LN00003735,2025-10-31,195.92,SYNTHETIC_PRICING_ADJUSTMENT
MA00000488,LN00003750,2025-01-31,182.91,SYNTHETIC_PRICING_ADJUSTMENT
MA00000489,LN00003758,2025-09-30,1940.71,SYNTHETIC_PRICING_ADJUSTMENT
MA00000490,LN00003785,2025-12-31,880.98,SYNTHETIC_PRICING_ADJUSTMENT
MA00000491,LN00003790,2026-05-31,-889.28,SYNTHETIC_PRICING_ADJUSTMENT
MA00000492,LN00003793,2024-08-31,-637.28,SYNTHETIC_PRICING_ADJUSTMENT
MA00000493,LN00003794,2024-09-30,641.60,SYNTHETIC_PRICING_ADJUSTMENT
MA00000494,LN00003796,2024-11-30,518.33,SYNTHETIC_PRICING_ADJUSTMENT
MA00000495,LN00003807,2025-10-31,-481.83,SYNTHETIC_PRICING_ADJUSTMENT
MA00000496,LN00003809,2025-12-31,-480.02,SYNTHETIC_PRICING_ADJUSTMENT
MA00000497,LN00003815,2026-06-30,1958.97,SYNTHETIC_PRICING_ADJUSTMENT
MA00000498,LN00003820,2024-11-30,741.41,SYNTHETIC_PRICING_ADJUSTMENT
MA00000499,LN00003827,2025-06-30,1579.13,SYNTHETIC_PRICING_ADJUSTMENT
MA00000500,LN00003828,2025-07-31,253.71,SYNTHETIC_PRICING_ADJUSTMENT
MA00000501,LN00003830,2025-09-30,1010.60,SYNTHETIC_PRICING_ADJUSTMENT
MA00000502,LN00003833,2025-12-31,461.01,SYNTHETIC_PRICING_ADJUSTMENT
MA00000503,LN00003844,2024-11-30,487.16,SYNTHETIC_PRICING_ADJUSTMENT
MA00000504,LN00003847,2025-02-28,870.24,SYNTHETIC_PRICING_ADJUSTMENT
MA00000505,LN00003852,2025-07-31,1326.38,SYNTHETIC_PRICING_ADJUSTMENT
MA00000506,LN00003853,2025-08-31,-688.58,SYNTHETIC_PRICING_ADJUSTMENT
MA00000507,LN00003868,2024-11-30,709.79,SYNTHETIC_PRICING_ADJUSTMENT
MA00000508,LN00003871,2025-02-28,1196.03,SYNTHETIC_PRICING_ADJUSTMENT
MA00000509,LN00003888,2026-07-31,-851.41,SYNTHETIC_PRICING_ADJUSTMENT
MA00000510,LN00003890,2024-09-30,122.40,SYNTHETIC_PRICING_ADJUSTMENT
MA00000511,LN00003900,2025-07-31,-188.93,SYNTHETIC_PRICING_ADJUSTMENT
MA00000512,LN00003908,2026-03-31,215.55,SYNTHETIC_PRICING_ADJUSTMENT
MA00000513,LN00003919,2025-02-28,1078.21,SYNTHETIC_PRICING_ADJUSTMENT
MA00000514,LN00003966,2025-01-31,347.69,SYNTHETIC_PRICING_ADJUSTMENT
MA00000515,LN00003979,2026-02-28,1183.34,SYNTHETIC_PRICING_ADJUSTMENT
MA00000516,LN00003992,2025-03-31,566.62,SYNTHETIC_PRICING_ADJUSTMENT
MA00000517,LN00003997,2025-08-31,-354.52,SYNTHETIC_PRICING_ADJUSTMENT
MA00000518,LN00004013,2024-12-31,1879.98,SYNTHETIC_PRICING_ADJUSTMENT
MA00000519,LN00004023,2025-10-31,1294.73,SYNTHETIC_PRICING_ADJUSTMENT
MA00000520,LN00004026,2026-01-31,-300.87,SYNTHETIC_PRICING_ADJUSTMENT
MA00000521,LN00004030,2026-05-31,1928.26,SYNTHETIC_PRICING_ADJUSTMENT
MA00000522,LN00004045,2025-08-31,1035.88,SYNTHETIC_PRICING_ADJUSTMENT
MA00000523,LN00004066,2025-05-31,1727.49,SYNTHETIC_PRICING_ADJUSTMENT
MA00000524,LN00004067,2025-06-30,-488.47,SYNTHETIC_PRICING_ADJUSTMENT
MA00000525,LN00004077,2026-04-30,-552.08,SYNTHETIC_PRICING_ADJUSTMENT
MA00000526,LN00004080,2026-07-31,196.59,SYNTHETIC_PRICING_ADJUSTMENT
MA00000527,LN00004091,2025-06-30,-607.46,SYNTHETIC_PRICING_ADJUSTMENT
MA00000528,LN00004107,2024-10-31,1790.69,SYNTHETIC_PRICING_ADJUSTMENT
MA00000529,LN00004114,2025-05-31,1457.86,SYNTHETIC_PRICING_ADJUSTMENT
MA00000530,LN00004118,2025-09-30,1616.48,SYNTHETIC_PRICING_ADJUSTMENT
MA00000531,LN00004131,2024-10-31,826.57,SYNTHETIC_PRICING_ADJUSTMENT
MA00000532,LN00004134,2025-01-31,1208.04,SYNTHETIC_PRICING_ADJUSTMENT
MA00000533,LN00004135,2025-02-28,-525.69,SYNTHETIC_PRICING_ADJUSTMENT
MA00000534,LN00004136,2025-03-31,-360.34,SYNTHETIC_PRICING_ADJUSTMENT
MA00000535,LN00004138,2025-05-31,1558.74,SYNTHETIC_PRICING_ADJUSTMENT
MA00000536,LN00004140,2025-07-31,-653.83,SYNTHETIC_PRICING_ADJUSTMENT
MA00000537,LN00004149,2026-04-30,162.21,SYNTHETIC_PRICING_ADJUSTMENT
MA00000538,LN00004157,2024-12-31,-277.36,SYNTHETIC_PRICING_ADJUSTMENT
MA00000539,LN00004160,2025-03-31,1550.25,SYNTHETIC_PRICING_ADJUSTMENT
MA00000540,LN00004173,2026-04-30,966.76,SYNTHETIC_PRICING_ADJUSTMENT
MA00000541,LN00004178,2024-09-30,1474.83,SYNTHETIC_PRICING_ADJUSTMENT
MA00000542,LN00004215,2025-10-31,-649.76,SYNTHETIC_PRICING_ADJUSTMENT
MA00000543,LN00004224,2026-07-31,1099.25,SYNTHETIC_PRICING_ADJUSTMENT
MA00000544,LN00004238,2025-09-30,584.64,SYNTHETIC_PRICING_ADJUSTMENT
MA00000545,LN00004246,2026-05-31,575.26,SYNTHETIC_PRICING_ADJUSTMENT
MA00000546,LN00004251,2024-10-31,1359.80,SYNTHETIC_PRICING_ADJUSTMENT
MA00000547,LN00004264,2025-11-30,1941.60,SYNTHETIC_PRICING_ADJUSTMENT
MA00000548,LN00004269,2026-04-30,1846.66,SYNTHETIC_PRICING_ADJUSTMENT
MA00000549,LN00004271,2026-06-30,1804.42,SYNTHETIC_PRICING_ADJUSTMENT
MA00000550,LN00004273,2024-08-31,1938.75,SYNTHETIC_PRICING_ADJUSTMENT
MA00000551,LN00004277,2024-12-31,-77.37,SYNTHETIC_PRICING_ADJUSTMENT
MA00000552,LN00004291,2026-02-28,903.84,SYNTHETIC_PRICING_ADJUSTMENT
MA00000553,LN00004303,2025-02-28,91.57,SYNTHETIC_PRICING_ADJUSTMENT
MA00000554,LN00004309,2025-08-31,1154.32,SYNTHETIC_PRICING_ADJUSTMENT
MA00000555,LN00004310,2025-09-30,198.30,SYNTHETIC_PRICING_ADJUSTMENT
MA00000556,LN00004321,2024-08-31,906.66,SYNTHETIC_PRICING_ADJUSTMENT
MA00000557,LN00004332,2025-07-31,1433.96,SYNTHETIC_PRICING_ADJUSTMENT
MA00000558,LN00004344,2026-07-31,-575.32,SYNTHETIC_PRICING_ADJUSTMENT
MA00000559,LN00004351,2025-02-28,-408.33,SYNTHETIC_PRICING_ADJUSTMENT
MA00000560,LN00004354,2025-05-31,1932.40,SYNTHETIC_PRICING_ADJUSTMENT
MA00000561,LN00004362,2026-01-31,750.19,SYNTHETIC_PRICING_ADJUSTMENT
MA00000562,LN00004373,2024-12-31,-895.22,SYNTHETIC_PRICING_ADJUSTMENT
MA00000563,LN00004395,2024-10-31,1332.77,SYNTHETIC_PRICING_ADJUSTMENT
MA00000564,LN00004403,2025-06-30,-910.69,SYNTHETIC_PRICING_ADJUSTMENT
MA00000565,LN00004430,2025-09-30,67.46,SYNTHETIC_PRICING_ADJUSTMENT
MA00000566,LN00004431,2025-10-31,175.37,SYNTHETIC_PRICING_ADJUSTMENT
MA00000567,LN00004432,2025-11-30,1250.31,SYNTHETIC_PRICING_ADJUSTMENT
MA00000568,LN00004434,2026-01-31,880.21,SYNTHETIC_PRICING_ADJUSTMENT
MA00000569,LN00004439,2026-06-30,1465.67,SYNTHETIC_PRICING_ADJUSTMENT
MA00000570,LN00004447,2025-02-28,1272.73,SYNTHETIC_PRICING_ADJUSTMENT
MA00000571,LN00004451,2025-06-30,1956.26,SYNTHETIC_PRICING_ADJUSTMENT
MA00000572,LN00004455,2025-10-31,-981.48,SYNTHETIC_PRICING_ADJUSTMENT
MA00000573,LN00004463,2026-06-30,1042.35,SYNTHETIC_PRICING_ADJUSTMENT
MA00000574,LN00004464,2026-07-31,1073.93,SYNTHETIC_PRICING_ADJUSTMENT
MA00000575,LN00004472,2025-03-31,1188.72,SYNTHETIC_PRICING_ADJUSTMENT
MA00000576,LN00004482,2026-01-31,-380.92,SYNTHETIC_PRICING_ADJUSTMENT
MA00000577,LN00004499,2025-06-30,661.88,SYNTHETIC_PRICING_ADJUSTMENT
MA00000578,LN00004500,2025-07-31,1500.58,SYNTHETIC_PRICING_ADJUSTMENT
MA00000579,LN00004503,2025-10-31,221.80,SYNTHETIC_PRICING_ADJUSTMENT
MA00000580,LN00004506,2026-01-31,163.66,SYNTHETIC_PRICING_ADJUSTMENT
MA00000581,LN00004510,2026-05-31,-527.48,SYNTHETIC_PRICING_ADJUSTMENT
MA00000582,LN00004515,2024-10-31,-120.38,SYNTHETIC_PRICING_ADJUSTMENT
MA00000583,LN00004522,2025-05-31,1706.23,SYNTHETIC_PRICING_ADJUSTMENT
MA00000584,LN00004526,2025-09-30,320.64,SYNTHETIC_PRICING_ADJUSTMENT
MA00000585,LN00004534,2026-05-31,356.45,SYNTHETIC_PRICING_ADJUSTMENT
MA00000586,LN00004540,2024-11-30,133.59,SYNTHETIC_PRICING_ADJUSTMENT
MA00000587,LN00004546,2025-05-31,-425.80,SYNTHETIC_PRICING_ADJUSTMENT
MA00000588,LN00004553,2025-12-31,-738.98,SYNTHETIC_PRICING_ADJUSTMENT
MA00000589,LN00004564,2024-11-30,1488.26,SYNTHETIC_PRICING_ADJUSTMENT
MA00000590,LN00004572,2025-07-31,1831.66,SYNTHETIC_PRICING_ADJUSTMENT
MA00000591,LN00004583,2026-06-30,1790.10,SYNTHETIC_PRICING_ADJUSTMENT
MA00000592,LN00004591,2025-02-28,-148.02,SYNTHETIC_PRICING_ADJUSTMENT
MA00000593,LN00004593,2025-04-30,628.74,SYNTHETIC_PRICING_ADJUSTMENT
MA00000594,LN00004600,2025-11-30,84.95,SYNTHETIC_PRICING_ADJUSTMENT
MA00000595,LN00004603,2026-02-28,1610.72,SYNTHETIC_PRICING_ADJUSTMENT
MA00000596,LN00004618,2025-05-31,-440.71,SYNTHETIC_PRICING_ADJUSTMENT
MA00000597,LN00004622,2025-09-30,343.96,SYNTHETIC_PRICING_ADJUSTMENT
MA00000598,LN00004623,2025-10-31,-504.75,SYNTHETIC_PRICING_ADJUSTMENT
MA00000599,LN00004626,2026-01-31,179.09,SYNTHETIC_PRICING_ADJUSTMENT
MA00000600,LN00004641,2025-04-30,-61.84,SYNTHETIC_PRICING_ADJUSTMENT
MA00000601,LN00004642,2025-05-31,-494.41,SYNTHETIC_PRICING_ADJUSTMENT
MA00000602,LN00004644,2025-07-31,1263.09,SYNTHETIC_PRICING_ADJUSTMENT
MA00000603,LN00004652,2026-03-31,1010.66,SYNTHETIC_PRICING_ADJUSTMENT
MA00000604,LN00004656,2026-07-31,-583.71,SYNTHETIC_PRICING_ADJUSTMENT
MA00000605,LN00004666,2025-05-31,-430.27,SYNTHETIC_PRICING_ADJUSTMENT
MA00000606,LN00004675,2026-02-28,1341.52,SYNTHETIC_PRICING_ADJUSTMENT
MA00000607,LN00004680,2026-07-31,-780.08,SYNTHETIC_PRICING_ADJUSTMENT
MA00000608,LN00004695,2025-10-31,-159.61,SYNTHETIC_PRICING_ADJUSTMENT
MA00000609,LN00004702,2026-05-31,255.34,SYNTHETIC_PRICING_ADJUSTMENT
MA00000610,LN00004707,2024-10-31,1375.76,SYNTHETIC_PRICING_ADJUSTMENT
MA00000611,LN00004712,2025-03-31,-318.48,SYNTHETIC_PRICING_ADJUSTMENT
MA00000612,LN00004724,2026-03-31,-570.90,SYNTHETIC_PRICING_ADJUSTMENT
MA00000613,LN00004726,2026-05-31,295.36,SYNTHETIC_PRICING_ADJUSTMENT
MA00000614,LN00004733,2024-12-31,-434.34,SYNTHETIC_PRICING_ADJUSTMENT
MA00000615,LN00004736,2025-03-31,785.30,SYNTHETIC_PRICING_ADJUSTMENT
MA00000616,LN00004738,2025-05-31,-798.46,SYNTHETIC_PRICING_ADJUSTMENT
MA00000617,LN00004739,2025-06-30,-887.82,SYNTHETIC_PRICING_ADJUSTMENT
MA00000618,LN00004753,2024-08-31,805.99,SYNTHETIC_PRICING_ADJUSTMENT
MA00000619,LN00004759,2025-02-28,-285.04,SYNTHETIC_PRICING_ADJUSTMENT
MA00000620,LN00004763,2025-06-30,-113.44,SYNTHETIC_PRICING_ADJUSTMENT
MA00000621,LN00004768,2025-11-30,22.98,SYNTHETIC_PRICING_ADJUSTMENT
MA00000622,LN00004769,2025-12-31,1651.36,SYNTHETIC_PRICING_ADJUSTMENT
MA00000623,LN00004776,2026-07-31,-811.06,SYNTHETIC_PRICING_ADJUSTMENT
MA00000624,LN00004793,2025-12-31,-359.90,SYNTHETIC_PRICING_ADJUSTMENT
MA00000625,LN00004794,2026-01-31,-135.24,SYNTHETIC_PRICING_ADJUSTMENT
MA00000626,LN00004796,2026-03-31,1524.12,SYNTHETIC_PRICING_ADJUSTMENT
MA00000627,LN00004799,2026-06-30,39.48,SYNTHETIC_PRICING_ADJUSTMENT
MA00000628,LN00004826,2024-09-30,639.16,SYNTHETIC_PRICING_ADJUSTMENT
MA00000629,LN00004834,2025-05-31,1938.49,SYNTHETIC_PRICING_ADJUSTMENT
MA00000630,LN00004835,2025-06-30,1935.91,SYNTHETIC_PRICING_ADJUSTMENT
MA00000631,LN00004836,2025-07-31,1833.10,SYNTHETIC_PRICING_ADJUSTMENT
MA00000632,LN00004846,2026-05-31,766.44,SYNTHETIC_PRICING_ADJUSTMENT
MA00000633,LN00004850,2024-09-30,1670.83,SYNTHETIC_PRICING_ADJUSTMENT
MA00000634,LN00004852,2024-11-30,1544.15,SYNTHETIC_PRICING_ADJUSTMENT
MA00000635,LN00004854,2025-01-31,-183.83,SYNTHETIC_PRICING_ADJUSTMENT
MA00000636,LN00004855,2025-02-28,145.44,SYNTHETIC_PRICING_ADJUSTMENT
MA00000637,LN00004856,2025-03-31,1489.59,SYNTHETIC_PRICING_ADJUSTMENT
MA00000638,LN00004866,2026-01-31,379.62,SYNTHETIC_PRICING_ADJUSTMENT
MA00000639,LN00004875,2024-10-31,-570.25,SYNTHETIC_PRICING_ADJUSTMENT
MA00000640,LN00004880,2025-03-31,-622.87,SYNTHETIC_PRICING_ADJUSTMENT
MA00000641,LN00004900,2024-11-30,357.86,SYNTHETIC_PRICING_ADJUSTMENT
MA00000642,LN00004901,2024-12-31,268.16,SYNTHETIC_PRICING_ADJUSTMENT
MA00000643,LN00004924,2024-11-30,723.93,SYNTHETIC_PRICING_ADJUSTMENT
MA00000644,LN00004930,2025-05-31,-68.59,SYNTHETIC_PRICING_ADJUSTMENT
MA00000645,LN00004939,2026-02-28,-976.97,SYNTHETIC_PRICING_ADJUSTMENT
MA00000646,LN00004947,2024-10-31,1469.74,SYNTHETIC_PRICING_ADJUSTMENT
MA00000647,LN00004956,2025-07-31,804.65,SYNTHETIC_PRICING_ADJUSTMENT
MA00000648,LN00004959,2025-10-31,-451.80,SYNTHETIC_PRICING_ADJUSTMENT
MA00000649,LN00004961,2025-12-31,-120.95,SYNTHETIC_PRICING_ADJUSTMENT
MA00000650,LN00004966,2026-05-31,-872.27,SYNTHETIC_PRICING_ADJUSTMENT
MA00000651,LN00004973,2024-12-31,-168.25,SYNTHETIC_PRICING_ADJUSTMENT
MA00000652,LN00004992,2026-07-31,1447.22,SYNTHETIC_PRICING_ADJUSTMENT
MA00000653,LN00005015,2026-06-30,650.23,SYNTHETIC_PRICING_ADJUSTMENT
MA00000654,LN00005026,2025-05-31,-358.41,SYNTHETIC_PRICING_ADJUSTMENT
MA00000655,LN00005027,2025-06-30,1808.33,SYNTHETIC_PRICING_ADJUSTMENT
MA00000656,LN00005031,2025-10-31,-220.43,SYNTHETIC_PRICING_ADJUSTMENT
MA00000657,LN00005032,2025-11-30,1796.28,SYNTHETIC_PRICING_ADJUSTMENT
MA00000658,LN00005038,2026-05-31,-376.19,SYNTHETIC_PRICING_ADJUSTMENT
MA00000659,LN00005047,2025-02-28,327.59,SYNTHETIC_PRICING_ADJUSTMENT
MA00000660,LN00005059,2026-02-28,-535.62,SYNTHETIC_PRICING_ADJUSTMENT
MA00000661,LN00005065,2024-08-31,425.77,SYNTHETIC_PRICING_ADJUSTMENT
MA00000662,LN00005067,2024-10-31,923.66,SYNTHETIC_PRICING_ADJUSTMENT
MA00000663,LN00005075,2025-06-30,-810.56,SYNTHETIC_PRICING_ADJUSTMENT
MA00000664,LN00005082,2026-01-31,-880.40,SYNTHETIC_PRICING_ADJUSTMENT
MA00000665,LN00005085,2026-04-30,655.25,SYNTHETIC_PRICING_ADJUSTMENT
MA00000666,LN00005109,2026-04-30,1402.17,SYNTHETIC_PRICING_ADJUSTMENT
MA00000667,LN00005116,2024-11-30,1153.22,SYNTHETIC_PRICING_ADJUSTMENT
MA00000668,LN00005120,2025-03-31,-848.71,SYNTHETIC_PRICING_ADJUSTMENT
MA00000669,LN00005123,2025-06-30,-217.94,SYNTHETIC_PRICING_ADJUSTMENT
MA00000670,LN00005128,2025-11-30,-761.75,SYNTHETIC_PRICING_ADJUSTMENT
MA00000671,LN00005132,2026-03-31,412.75,SYNTHETIC_PRICING_ADJUSTMENT
MA00000672,LN00005135,2026-06-30,855.23,SYNTHETIC_PRICING_ADJUSTMENT
MA00000673,LN00005141,2024-12-31,1713.44,SYNTHETIC_PRICING_ADJUSTMENT
MA00000674,LN00005142,2025-01-31,1158.56,SYNTHETIC_PRICING_ADJUSTMENT
MA00000675,LN00005146,2025-05-31,-767.90,SYNTHETIC_PRICING_ADJUSTMENT
MA00000676,LN00005149,2025-08-31,1843.33,SYNTHETIC_PRICING_ADJUSTMENT
MA00000677,LN00005159,2026-06-30,262.16,SYNTHETIC_PRICING_ADJUSTMENT
MA00000678,LN00005171,2025-06-30,215.67,SYNTHETIC_PRICING_ADJUSTMENT
MA00000679,LN00005177,2025-12-31,1264.74,SYNTHETIC_PRICING_ADJUSTMENT
MA00000680,LN00005178,2026-01-31,1128.92,SYNTHETIC_PRICING_ADJUSTMENT
MA00000681,LN00005212,2024-11-30,1953.11,SYNTHETIC_PRICING_ADJUSTMENT
MA00000682,LN00005216,2025-03-31,-620.08,SYNTHETIC_PRICING_ADJUSTMENT
MA00000683,LN00005220,2025-07-31,1448.47,SYNTHETIC_PRICING_ADJUSTMENT
MA00000684,LN00005223,2025-10-31,767.43,SYNTHETIC_PRICING_ADJUSTMENT
MA00000685,LN00005227,2026-02-28,584.32,SYNTHETIC_PRICING_ADJUSTMENT
MA00000686,LN00005228,2026-03-31,1445.78,SYNTHETIC_PRICING_ADJUSTMENT
MA00000687,LN00005234,2024-09-30,1808.57,SYNTHETIC_PRICING_ADJUSTMENT
MA00000688,LN00005242,2025-05-31,1578.53,SYNTHETIC_PRICING_ADJUSTMENT
MA00000689,LN00005246,2025-09-30,1124.98,SYNTHETIC_PRICING_ADJUSTMENT
MA00000690,LN00005251,2026-02-28,-50.84,SYNTHETIC_PRICING_ADJUSTMENT
MA00000691,LN00005264,2025-03-31,-435.55,SYNTHETIC_PRICING_ADJUSTMENT
MA00000692,LN00005294,2025-09-30,1166.95,SYNTHETIC_PRICING_ADJUSTMENT
MA00000693,LN00005297,2025-12-31,1965.15,SYNTHETIC_PRICING_ADJUSTMENT
MA00000694,LN00005316,2025-07-31,253.55,SYNTHETIC_PRICING_ADJUSTMENT
MA00000695,LN00005317,2025-08-31,-763.15,SYNTHETIC_PRICING_ADJUSTMENT
MA00000696,LN00005322,2026-01-31,-624.15,SYNTHETIC_PRICING_ADJUSTMENT
MA00000697,LN00005345,2025-12-31,1517.37,SYNTHETIC_PRICING_ADJUSTMENT
MA00000698,LN00005354,2024-09-30,1552.48,SYNTHETIC_PRICING_ADJUSTMENT
MA00000699,LN00005355,2024-10-31,-422.73,SYNTHETIC_PRICING_ADJUSTMENT
MA00000700,LN00005365,2025-08-31,220.62,SYNTHETIC_PRICING_ADJUSTMENT
MA00000701,LN00005367,2025-10-31,-808.67,SYNTHETIC_PRICING_ADJUSTMENT
MA00000702,LN00005380,2024-11-30,67.02,SYNTHETIC_PRICING_ADJUSTMENT
MA00000703,LN00005382,2025-01-31,46.61,SYNTHETIC_PRICING_ADJUSTMENT
MA00000704,LN00005393,2025-12-31,1105.87,SYNTHETIC_PRICING_ADJUSTMENT
MA00000705,LN00005402,2024-09-30,-831.54,SYNTHETIC_PRICING_ADJUSTMENT
MA00000706,LN00005420,2026-03-31,158.38,SYNTHETIC_PRICING_ADJUSTMENT
MA00000707,LN00005425,2024-08-31,1207.73,SYNTHETIC_PRICING_ADJUSTMENT
MA00000708,LN00005427,2024-10-31,-343.61,SYNTHETIC_PRICING_ADJUSTMENT
MA00000709,LN00005448,2026-07-31,1350.01,SYNTHETIC_PRICING_ADJUSTMENT
MA00000710,LN00005453,2024-12-31,1659.08,SYNTHETIC_PRICING_ADJUSTMENT
MA00000711,LN00005458,2025-05-31,1262.66,SYNTHETIC_PRICING_ADJUSTMENT
MA00000712,LN00005463,2025-10-31,1267.79,SYNTHETIC_PRICING_ADJUSTMENT
MA00000713,LN00005472,2026-07-31,1360.07,SYNTHETIC_PRICING_ADJUSTMENT
MA00000714,LN00005480,2025-03-31,406.17,SYNTHETIC_PRICING_ADJUSTMENT
MA00000715,LN00005488,2025-11-30,1260.29,SYNTHETIC_PRICING_ADJUSTMENT
MA00000716,LN00005492,2026-03-31,-295.34,SYNTHETIC_PRICING_ADJUSTMENT
MA00000717,LN00005498,2024-09-30,-198.88,SYNTHETIC_PRICING_ADJUSTMENT
MA00000718,LN00005503,2025-02-28,-577.62,SYNTHETIC_PRICING_ADJUSTMENT
MA00000719,LN00005547,2024-10-31,365.81,SYNTHETIC_PRICING_ADJUSTMENT
MA00000720,LN00005549,2024-12-31,818.41,SYNTHETIC_PRICING_ADJUSTMENT
MA00000721,LN00005550,2025-01-31,-87.70,SYNTHETIC_PRICING_ADJUSTMENT
MA00000722,LN00005562,2026-01-31,345.27,SYNTHETIC_PRICING_ADJUSTMENT
MA00000723,LN00005570,2024-09-30,785.49,SYNTHETIC_PRICING_ADJUSTMENT
MA00000724,LN00005574,2025-01-31,1869.89,SYNTHETIC_PRICING_ADJUSTMENT
MA00000725,LN00005587,2026-02-28,472.00,SYNTHETIC_PRICING_ADJUSTMENT
MA00000726,LN00005593,2024-08-31,-560.03,SYNTHETIC_PRICING_ADJUSTMENT
MA00000727,LN00005594,2024-09-30,-609.84,SYNTHETIC_PRICING_ADJUSTMENT
MA00000728,LN00005628,2025-07-31,-898.52,SYNTHETIC_PRICING_ADJUSTMENT
MA00000729,LN00005631,2025-10-31,-695.98,SYNTHETIC_PRICING_ADJUSTMENT
MA00000730,LN00005639,2026-06-30,-654.92,SYNTHETIC_PRICING_ADJUSTMENT
MA00000731,LN00005643,2024-10-31,-431.59,SYNTHETIC_PRICING_ADJUSTMENT
MA00000732,LN00005648,2025-03-31,568.06,SYNTHETIC_PRICING_ADJUSTMENT
MA00000733,LN00005671,2025-02-28,-567.65,SYNTHETIC_PRICING_ADJUSTMENT
MA00000734,LN00005677,2025-08-31,663.79,SYNTHETIC_PRICING_ADJUSTMENT
MA00000735,LN00005688,2026-07-31,930.28,SYNTHETIC_PRICING_ADJUSTMENT
MA00000736,LN00005693,2024-12-31,-177.79,SYNTHETIC_PRICING_ADJUSTMENT
MA00000737,LN00005695,2025-02-28,-38.25,SYNTHETIC_PRICING_ADJUSTMENT
MA00000738,LN00005699,2025-06-30,84.40,SYNTHETIC_PRICING_ADJUSTMENT
MA00000739,LN00005700,2025-07-31,1022.53,SYNTHETIC_PRICING_ADJUSTMENT
MA00000740,LN00005701,2025-08-31,-220.51,SYNTHETIC_PRICING_ADJUSTMENT
MA00000741,LN00005705,2025-12-31,1677.74,SYNTHETIC_PRICING_ADJUSTMENT
MA00000742,LN00005713,2024-08-31,-406.93,SYNTHETIC_PRICING_ADJUSTMENT
MA00000743,LN00005717,2024-12-31,1542.39,SYNTHETIC_PRICING_ADJUSTMENT
MA00000744,LN00005722,2025-05-31,936.90,SYNTHETIC_PRICING_ADJUSTMENT
MA00000745,LN00005724,2025-07-31,-15.70,SYNTHETIC_PRICING_ADJUSTMENT
MA00000746,LN00005727,2025-10-31,472.32,SYNTHETIC_PRICING_ADJUSTMENT
MA00000747,LN00005729,2025-12-31,530.26,SYNTHETIC_PRICING_ADJUSTMENT
MA00000748,LN00005732,2026-03-31,1059.48,SYNTHETIC_PRICING_ADJUSTMENT
MA00000749,LN00005743,2025-02-28,-887.81,SYNTHETIC_PRICING_ADJUSTMENT
MA00000750,LN00005745,2025-04-30,272.26,SYNTHETIC_PRICING_ADJUSTMENT
MA00000751,LN00005746,2025-05-31,1448.99,SYNTHETIC_PRICING_ADJUSTMENT
MA00000752,LN00005748,2025-07-31,1444.70,SYNTHETIC_PRICING_ADJUSTMENT
MA00000753,LN00005749,2025-08-31,1221.09,SYNTHETIC_PRICING_ADJUSTMENT
MA00000754,LN00005768,2025-03-31,1247.84,SYNTHETIC_PRICING_ADJUSTMENT
MA00000755,LN00005774,2025-09-30,-302.90,SYNTHETIC_PRICING_ADJUSTMENT
MA00000756,LN00005780,2026-03-31,314.41,SYNTHETIC_PRICING_ADJUSTMENT
MA00000757,LN00005785,2024-08-31,47.21,SYNTHETIC_PRICING_ADJUSTMENT
MA00000758,LN00005803,2026-02-28,347.84,SYNTHETIC_PRICING_ADJUSTMENT
MA00000759,LN00005807,2026-06-30,1063.14,SYNTHETIC_PRICING_ADJUSTMENT
MA00000760,LN00005818,2025-05-31,-435.70,SYNTHETIC_PRICING_ADJUSTMENT
MA00000761,LN00005832,2026-07-31,-520.52,SYNTHETIC_PRICING_ADJUSTMENT
MA00000762,LN00005835,2024-10-31,269.04,SYNTHETIC_PRICING_ADJUSTMENT
MA00000763,LN00005836,2024-11-30,304.63,SYNTHETIC_PRICING_ADJUSTMENT
MA00000764,LN00005844,2025-07-31,-313.85,SYNTHETIC_PRICING_ADJUSTMENT
MA00000765,LN00005849,2025-12-31,1433.10,SYNTHETIC_PRICING_ADJUSTMENT
MA00000766,LN00005850,2026-01-31,968.48,SYNTHETIC_PRICING_ADJUSTMENT
MA00000767,LN00005856,2026-07-31,731.20,SYNTHETIC_PRICING_ADJUSTMENT
MA00000768,LN00005857,2024-08-31,-939.13,SYNTHETIC_PRICING_ADJUSTMENT
MA00000769,LN00005867,2025-06-30,662.88,SYNTHETIC_PRICING_ADJUSTMENT
MA00000770,LN00005868,2025-07-31,-148.56,SYNTHETIC_PRICING_ADJUSTMENT
MA00000771,LN00005878,2026-05-31,-771.55,SYNTHETIC_PRICING_ADJUSTMENT
MA00000772,LN00005893,2025-08-31,493.42,SYNTHETIC_PRICING_ADJUSTMENT
MA00000773,LN00005919,2025-10-31,-884.48,SYNTHETIC_PRICING_ADJUSTMENT
MA00000774,LN00005935,2025-02-28,-275.38,SYNTHETIC_PRICING_ADJUSTMENT
MA00000775,LN00005946,2026-01-31,-268.79,SYNTHETIC_PRICING_ADJUSTMENT
MA00000776,LN00005959,2025-02-28,-561.40,SYNTHETIC_PRICING_ADJUSTMENT
MA00000777,LN00005971,2026-02-28,838.11,SYNTHETIC_PRICING_ADJUSTMENT
MA00000778,LN00005981,2024-12-31,1779.59,SYNTHETIC_PRICING_ADJUSTMENT
MA00000779,LN00005985,2025-04-30,338.33,SYNTHETIC_PRICING_ADJUSTMENT
MA00000780,LN00005992,2025-11-30,-44.30,SYNTHETIC_PRICING_ADJUSTMENT
MA00000781,LN00005994,2026-01-31,896.67,SYNTHETIC_PRICING_ADJUSTMENT
MA00000782,LN00006004,2024-11-30,1443.38,SYNTHETIC_PRICING_ADJUSTMENT
MA00000783,LN00006015,2025-10-31,1645.54,SYNTHETIC_PRICING_ADJUSTMENT
MA00000784,LN00006025,2024-08-31,-438.29,SYNTHETIC_PRICING_ADJUSTMENT
MA00000785,LN00006029,2024-12-31,-84.65,SYNTHETIC_PRICING_ADJUSTMENT
MA00000786,LN00006036,2025-07-31,1873.76,SYNTHETIC_PRICING_ADJUSTMENT
MA00000787,LN00006039,2025-10-31,-729.54,SYNTHETIC_PRICING_ADJUSTMENT
MA00000788,LN00006051,2024-10-31,1823.58,SYNTHETIC_PRICING_ADJUSTMENT
MA00000789,LN00006068,2026-03-31,660.22,SYNTHETIC_PRICING_ADJUSTMENT
MA00000790,LN00006069,2026-04-30,-459.45,SYNTHETIC_PRICING_ADJUSTMENT
MA00000791,LN00006072,2026-07-31,149.02,SYNTHETIC_PRICING_ADJUSTMENT
MA00000792,LN00006094,2026-05-31,-34.68,SYNTHETIC_PRICING_ADJUSTMENT
MA00000793,LN00006111,2025-10-31,1395.35,SYNTHETIC_PRICING_ADJUSTMENT
MA00000794,LN00006132,2025-07-31,137.90,SYNTHETIC_PRICING_ADJUSTMENT
MA00000795,LN00006136,2025-11-30,143.82,SYNTHETIC_PRICING_ADJUSTMENT
MA00000796,LN00006141,2026-04-30,632.00,SYNTHETIC_PRICING_ADJUSTMENT
MA00000797,LN00006155,2025-06-30,-736.00,SYNTHETIC_PRICING_ADJUSTMENT
MA00000798,LN00006158,2025-09-30,1875.48,SYNTHETIC_PRICING_ADJUSTMENT
MA00000799,LN00006160,2025-11-30,1926.93,SYNTHETIC_PRICING_ADJUSTMENT
MA00000800,LN00006168,2026-07-31,485.86,SYNTHETIC_PRICING_ADJUSTMENT
MA00000801,LN00006173,2024-12-31,303.41,SYNTHETIC_PRICING_ADJUSTMENT
MA00000802,LN00006179,2025-06-30,1207.83,SYNTHETIC_PRICING_ADJUSTMENT
MA00000803,LN00006183,2025-10-31,-98.98,SYNTHETIC_PRICING_ADJUSTMENT
MA00000804,LN00006186,2026-01-31,1003.71,SYNTHETIC_PRICING_ADJUSTMENT
MA00000805,LN00006187,2026-02-28,-428.15,SYNTHETIC_PRICING_ADJUSTMENT
MA00000806,LN00006189,2026-04-30,-801.19,SYNTHETIC_PRICING_ADJUSTMENT
MA00000807,LN00006193,2024-08-31,380.71,SYNTHETIC_PRICING_ADJUSTMENT
MA00000808,LN00006194,2024-09-30,-245.42,SYNTHETIC_PRICING_ADJUSTMENT
MA00000809,LN00006199,2025-02-28,980.00,SYNTHETIC_PRICING_ADJUSTMENT
MA00000810,LN00006209,2025-12-31,-258.81,SYNTHETIC_PRICING_ADJUSTMENT
MA00000811,LN00006224,2025-03-31,-854.78,SYNTHETIC_PRICING_ADJUSTMENT
MA00000812,LN00006232,2025-11-30,-156.08,SYNTHETIC_PRICING_ADJUSTMENT
MA00000813,LN00006269,2024-12-31,1585.55,SYNTHETIC_PRICING_ADJUSTMENT
MA00000814,LN00006282,2026-01-31,-502.52,SYNTHETIC_PRICING_ADJUSTMENT
MA00000815,LN00006286,2026-05-31,-884.97,SYNTHETIC_PRICING_ADJUSTMENT
MA00000816,LN00006291,2024-10-31,-986.48,SYNTHETIC_PRICING_ADJUSTMENT
MA00000817,LN00006300,2025-07-31,1406.98,SYNTHETIC_PRICING_ADJUSTMENT
MA00000818,LN00006313,2024-08-31,-349.97,SYNTHETIC_PRICING_ADJUSTMENT
MA00000819,LN00006317,2024-12-31,819.11,SYNTHETIC_PRICING_ADJUSTMENT
MA00000820,LN00006325,2025-08-31,1360.61,SYNTHETIC_PRICING_ADJUSTMENT
MA00000821,LN00006332,2026-03-31,-140.54,SYNTHETIC_PRICING_ADJUSTMENT
MA00000822,LN00006344,2025-03-31,814.52,SYNTHETIC_PRICING_ADJUSTMENT
MA00000823,LN00006360,2026-07-31,-233.71,SYNTHETIC_PRICING_ADJUSTMENT
MA00000824,LN00006368,2025-03-31,734.00,SYNTHETIC_PRICING_ADJUSTMENT
MA00000825,LN00006373,2025-08-31,1307.31,SYNTHETIC_PRICING_ADJUSTMENT
MA00000826,LN00006448,2025-11-30,1872.53,SYNTHETIC_PRICING_ADJUSTMENT
MA00000827,LN00006450,2026-01-31,-234.17,SYNTHETIC_PRICING_ADJUSTMENT
MA00000828,LN00006459,2024-10-31,-430.42,SYNTHETIC_PRICING_ADJUSTMENT
MA00000829,LN00006467,2025-06-30,-851.53,SYNTHETIC_PRICING_ADJUSTMENT
MA00000830,LN00006473,2025-12-31,1830.92,SYNTHETIC_PRICING_ADJUSTMENT
MA00000831,LN00006478,2026-05-31,1309.74,SYNTHETIC_PRICING_ADJUSTMENT
MA00000832,LN00006488,2025-03-31,678.19,SYNTHETIC_PRICING_ADJUSTMENT
MA00000833,LN00006499,2026-02-28,964.71,SYNTHETIC_PRICING_ADJUSTMENT
MA00000834,LN00006504,2026-07-31,1730.89,SYNTHETIC_PRICING_ADJUSTMENT
MA00000835,LN00006516,2025-07-31,-919.16,SYNTHETIC_PRICING_ADJUSTMENT
MA00000836,LN00006517,2025-08-31,123.29,SYNTHETIC_PRICING_ADJUSTMENT
MA00000837,LN00006520,2025-11-30,221.84,SYNTHETIC_PRICING_ADJUSTMENT
MA00000838,LN00006522,2026-01-31,1373.29,SYNTHETIC_PRICING_ADJUSTMENT
MA00000839,LN00006523,2026-02-28,1043.95,SYNTHETIC_PRICING_ADJUSTMENT
MA00000840,LN00006525,2026-04-30,-941.47,SYNTHETIC_PRICING_ADJUSTMENT
MA00000841,LN00006530,2024-09-30,-653.08,SYNTHETIC_PRICING_ADJUSTMENT
MA00000842,LN00006538,2025-05-31,1099.92,SYNTHETIC_PRICING_ADJUSTMENT
MA00000843,LN00006540,2025-07-31,562.92,SYNTHETIC_PRICING_ADJUSTMENT
MA00000844,LN00006543,2025-10-31,-592.18,SYNTHETIC_PRICING_ADJUSTMENT
MA00000845,LN00006550,2026-05-31,1740.73,SYNTHETIC_PRICING_ADJUSTMENT
MA00000846,LN00006555,2024-10-31,848.84,SYNTHETIC_PRICING_ADJUSTMENT
MA00000847,LN00006557,2024-12-31,1677.16,SYNTHETIC_PRICING_ADJUSTMENT
MA00000848,LN00006560,2025-03-31,-249.65,SYNTHETIC_PRICING_ADJUSTMENT
MA00000849,LN00006574,2026-05-31,500.52,SYNTHETIC_PRICING_ADJUSTMENT
MA00000850,LN00006592,2025-11-30,-978.74,SYNTHETIC_PRICING_ADJUSTMENT
MA00000851,LN00006599,2026-06-30,-310.37,SYNTHETIC_PRICING_ADJUSTMENT
MA00000852,LN00006613,2025-08-31,-548.57,SYNTHETIC_PRICING_ADJUSTMENT
MA00000853,LN00006632,2025-03-31,-226.77,SYNTHETIC_PRICING_ADJUSTMENT
MA00000854,LN00006636,2025-07-31,-939.08,SYNTHETIC_PRICING_ADJUSTMENT
MA00000855,LN00006638,2025-09-30,254.05,SYNTHETIC_PRICING_ADJUSTMENT
MA00000856,LN00006643,2026-02-28,740.56,SYNTHETIC_PRICING_ADJUSTMENT
MA00000857,LN00006658,2025-05-31,-593.95,SYNTHETIC_PRICING_ADJUSTMENT
MA00000858,LN00006660,2025-07-31,861.34,SYNTHETIC_PRICING_ADJUSTMENT
MA00000859,LN00006665,2025-12-31,1952.25,SYNTHETIC_PRICING_ADJUSTMENT
MA00000860,LN00006669,2026-04-30,-421.50,SYNTHETIC_PRICING_ADJUSTMENT
MA00000861,LN00006708,2025-07-31,-643.81,SYNTHETIC_PRICING_ADJUSTMENT
MA00000862,LN00006709,2025-08-31,-685.65,SYNTHETIC_PRICING_ADJUSTMENT
MA00000863,LN00006711,2025-10-31,-522.16,SYNTHETIC_PRICING_ADJUSTMENT
MA00000864,LN00006725,2024-12-31,761.97,SYNTHETIC_PRICING_ADJUSTMENT
MA00000865,LN00006729,2025-04-30,-636.51,SYNTHETIC_PRICING_ADJUSTMENT
MA00000866,LN00006742,2026-05-31,859.95,SYNTHETIC_PRICING_ADJUSTMENT
MA00000867,LN00006743,2026-06-30,1441.52,SYNTHETIC_PRICING_ADJUSTMENT
MA00000868,LN00006747,2024-10-31,514.39,SYNTHETIC_PRICING_ADJUSTMENT
MA00000869,LN00006789,2026-04-30,356.21,SYNTHETIC_PRICING_ADJUSTMENT
MA00000870,LN00006802,2025-05-31,-173.38,SYNTHETIC_PRICING_ADJUSTMENT
MA00000871,LN00006809,2025-12-31,1015.67,SYNTHETIC_PRICING_ADJUSTMENT
MA00000872,LN00006814,2026-05-31,1028.89,SYNTHETIC_PRICING_ADJUSTMENT
MA00000873,LN00006817,2024-08-31,-722.98,SYNTHETIC_PRICING_ADJUSTMENT
MA00000874,LN00006830,2025-09-30,1277.65,SYNTHETIC_PRICING_ADJUSTMENT
MA00000875,LN00006837,2026-04-30,932.20,SYNTHETIC_PRICING_ADJUSTMENT
MA00000876,LN00006838,2026-05-31,-465.38,SYNTHETIC_PRICING_ADJUSTMENT
MA00000877,LN00006869,2024-12-31,486.77,SYNTHETIC_PRICING_ADJUSTMENT
MA00000878,LN00006882,2026-01-31,1316.13,SYNTHETIC_PRICING_ADJUSTMENT
MA00000879,LN00006897,2025-04-30,-301.77,SYNTHETIC_PRICING_ADJUSTMENT
MA00000880,LN00006907,2026-02-28,552.19,SYNTHETIC_PRICING_ADJUSTMENT
MA00000881,LN00006914,2024-09-30,1677.68,SYNTHETIC_PRICING_ADJUSTMENT
MA00000882,LN00006918,2025-01-31,141.15,SYNTHETIC_PRICING_ADJUSTMENT
MA00000883,LN00006929,2025-12-31,-386.01,SYNTHETIC_PRICING_ADJUSTMENT
MA00000884,LN00006957,2026-04-30,92.52,SYNTHETIC_PRICING_ADJUSTMENT
MA00000885,LN00006968,2025-03-31,1831.19,SYNTHETIC_PRICING_ADJUSTMENT
MA00000886,LN00006970,2025-05-31,-89.76,SYNTHETIC_PRICING_ADJUSTMENT
MA00000887,LN00006974,2025-09-30,1286.00,SYNTHETIC_PRICING_ADJUSTMENT
MA00000888,LN00006980,2026-03-31,926.03,SYNTHETIC_PRICING_ADJUSTMENT
MA00000889,LN00006990,2025-01-31,449.07,SYNTHETIC_PRICING_ADJUSTMENT
MA00000890,LN00007020,2025-07-31,-263.20,SYNTHETIC_PRICING_ADJUSTMENT
MA00000891,LN00007024,2025-11-30,-290.70,SYNTHETIC_PRICING_ADJUSTMENT
MA00000892,LN00007034,2024-09-30,1649.30,SYNTHETIC_PRICING_ADJUSTMENT
MA00000893,LN00007035,2024-10-31,-127.94,SYNTHETIC_PRICING_ADJUSTMENT
MA00000894,LN00007050,2026-01-31,1184.17,SYNTHETIC_PRICING_ADJUSTMENT
MA00000895,LN00007052,2026-03-31,1964.79,SYNTHETIC_PRICING_ADJUSTMENT
MA00000896,LN00007058,2024-09-30,1306.33,SYNTHETIC_PRICING_ADJUSTMENT
MA00000897,LN00007067,2025-06-30,1062.90,SYNTHETIC_PRICING_ADJUSTMENT
MA00000898,LN00007070,2025-09-30,-306.24,SYNTHETIC_PRICING_ADJUSTMENT
MA00000899,LN00007071,2025-10-31,26.65,SYNTHETIC_PRICING_ADJUSTMENT
MA00000900,LN00007073,2025-12-31,576.32,SYNTHETIC_PRICING_ADJUSTMENT
MA00000901,LN00007087,2025-02-28,1745.59,SYNTHETIC_PRICING_ADJUSTMENT
MA00000902,LN00007104,2026-07-31,-79.62,SYNTHETIC_PRICING_ADJUSTMENT
MA00000903,LN00007109,2024-12-31,1963.71,SYNTHETIC_PRICING_ADJUSTMENT
MA00000904,LN00007114,2025-05-31,-313.15,SYNTHETIC_PRICING_ADJUSTMENT
MA00000905,LN00007132,2024-11-30,-80.66,SYNTHETIC_PRICING_ADJUSTMENT
MA00000906,LN00007153,2024-08-31,1323.34,SYNTHETIC_PRICING_ADJUSTMENT
MA00000907,LN00007157,2024-12-31,1145.35,SYNTHETIC_PRICING_ADJUSTMENT
MA00000908,LN00007168,2025-11-30,84.10,SYNTHETIC_PRICING_ADJUSTMENT
MA00000909,LN00007169,2025-12-31,-662.64,SYNTHETIC_PRICING_ADJUSTMENT
MA00000910,LN00007170,2026-01-31,1618.24,SYNTHETIC_PRICING_ADJUSTMENT
MA00000911,LN00007185,2025-04-30,-835.72,SYNTHETIC_PRICING_ADJUSTMENT
MA00000912,LN00007188,2025-07-31,1594.03,SYNTHETIC_PRICING_ADJUSTMENT
MA00000913,LN00007190,2025-09-30,-585.34,SYNTHETIC_PRICING_ADJUSTMENT
MA00000914,LN00007191,2025-10-31,-401.89,SYNTHETIC_PRICING_ADJUSTMENT
MA00000915,LN00007193,2025-12-31,-311.76,SYNTHETIC_PRICING_ADJUSTMENT
MA00000916,LN00007194,2026-01-31,159.14,SYNTHETIC_PRICING_ADJUSTMENT
MA00000917,LN00007205,2024-12-31,1657.14,SYNTHETIC_PRICING_ADJUSTMENT
MA00000918,LN00007209,2025-04-30,311.32,SYNTHETIC_PRICING_ADJUSTMENT
MA00000919,LN00007210,2025-05-31,937.62,SYNTHETIC_PRICING_ADJUSTMENT
MA00000920,LN00007215,2025-10-31,1036.43,SYNTHETIC_PRICING_ADJUSTMENT
MA00000921,LN00007243,2026-02-28,850.44,SYNTHETIC_PRICING_ADJUSTMENT
MA00000922,LN00007247,2026-06-30,1042.07,SYNTHETIC_PRICING_ADJUSTMENT
MA00000923,LN00007250,2024-09-30,1629.86,SYNTHETIC_PRICING_ADJUSTMENT
MA00000924,LN00007252,2024-11-30,732.34,SYNTHETIC_PRICING_ADJUSTMENT
MA00000925,LN00007259,2025-06-30,-819.25,SYNTHETIC_PRICING_ADJUSTMENT
MA00000926,LN00007260,2025-07-31,-651.70,SYNTHETIC_PRICING_ADJUSTMENT
MA00000927,LN00007267,2026-02-28,-573.82,SYNTHETIC_PRICING_ADJUSTMENT
MA00000928,LN00007275,2024-10-31,-12.61,SYNTHETIC_PRICING_ADJUSTMENT
MA00000929,LN00007276,2024-11-30,-593.76,SYNTHETIC_PRICING_ADJUSTMENT
MA00000930,LN00007280,2025-03-31,1408.72,SYNTHETIC_PRICING_ADJUSTMENT
MA00000931,LN00007296,2026-07-31,-297.29,SYNTHETIC_PRICING_ADJUSTMENT
MA00000932,LN00007305,2025-04-30,-194.22,SYNTHETIC_PRICING_ADJUSTMENT
MA00000933,LN00007322,2024-09-30,1508.62,SYNTHETIC_PRICING_ADJUSTMENT
MA00000934,LN00007323,2024-10-31,589.06,SYNTHETIC_PRICING_ADJUSTMENT
MA00000935,LN00007325,2024-12-31,962.00,SYNTHETIC_PRICING_ADJUSTMENT
MA00000936,LN00007329,2025-04-30,1042.00,SYNTHETIC_PRICING_ADJUSTMENT
MA00000937,LN00007330,2025-05-31,-348.23,SYNTHETIC_PRICING_ADJUSTMENT
MA00000938,LN00007333,2025-08-31,500.44,SYNTHETIC_PRICING_ADJUSTMENT
MA00000939,LN00007340,2026-03-31,-524.80,SYNTHETIC_PRICING_ADJUSTMENT
MA00000940,LN00007346,2024-09-30,1342.21,SYNTHETIC_PRICING_ADJUSTMENT
MA00000941,LN00007359,2025-10-31,-716.97,SYNTHETIC_PRICING_ADJUSTMENT
MA00000942,LN00007361,2025-12-31,1670.59,SYNTHETIC_PRICING_ADJUSTMENT
MA00000943,LN00007368,2026-07-31,1224.63,SYNTHETIC_PRICING_ADJUSTMENT
MA00000944,LN00007378,2025-05-31,359.48,SYNTHETIC_PRICING_ADJUSTMENT
MA00000945,LN00007391,2026-06-30,1352.54,SYNTHETIC_PRICING_ADJUSTMENT
MA00000946,LN00007395,2024-10-31,1718.03,SYNTHETIC_PRICING_ADJUSTMENT
MA00000947,LN00007397,2024-12-31,1065.97,SYNTHETIC_PRICING_ADJUSTMENT
MA00000948,LN00007405,2025-08-31,1164.86,SYNTHETIC_PRICING_ADJUSTMENT
MA00000949,LN00007433,2025-12-31,778.50,SYNTHETIC_PRICING_ADJUSTMENT
MA00000950,LN00007440,2026-07-31,1628.29,SYNTHETIC_PRICING_ADJUSTMENT
MA00000951,LN00007442,2024-09-30,1738.98,SYNTHETIC_PRICING_ADJUSTMENT
MA00000952,LN00007448,2025-03-31,625.83,SYNTHETIC_PRICING_ADJUSTMENT
MA00000953,LN00007449,2025-04-30,-40.42,SYNTHETIC_PRICING_ADJUSTMENT
MA00000954,LN00007456,2025-11-30,-96.18,SYNTHETIC_PRICING_ADJUSTMENT
MA00000955,LN00007489,2024-08-31,263.25,SYNTHETIC_PRICING_ADJUSTMENT
MA00000956,LN00007490,2024-09-30,-388.07,SYNTHETIC_PRICING_ADJUSTMENT
MA00000957,LN00007491,2024-10-31,244.05,SYNTHETIC_PRICING_ADJUSTMENT
MA00000958,LN00007495,2025-02-28,1443.55,SYNTHETIC_PRICING_ADJUSTMENT
MA00000959,LN00007513,2024-08-31,1468.48,SYNTHETIC_PRICING_ADJUSTMENT
MA00000960,LN00007533,2026-04-30,668.36,SYNTHETIC_PRICING_ADJUSTMENT
MA00000961,LN00007537,2024-08-31,-919.28,SYNTHETIC_PRICING_ADJUSTMENT
MA00000962,LN00007545,2025-04-30,-15.98,SYNTHETIC_PRICING_ADJUSTMENT
MA00000963,LN00007548,2025-07-31,1373.79,SYNTHETIC_PRICING_ADJUSTMENT
MA00000964,LN00007552,2025-11-30,411.79,SYNTHETIC_PRICING_ADJUSTMENT
MA00000965,LN00007574,2025-09-30,1961.82,SYNTHETIC_PRICING_ADJUSTMENT
MA00000966,LN00007578,2026-01-31,-32.10,SYNTHETIC_PRICING_ADJUSTMENT
MA00000967,LN00007645,2025-08-31,812.05,SYNTHETIC_PRICING_ADJUSTMENT
MA00000968,LN00007648,2025-11-30,1217.52,SYNTHETIC_PRICING_ADJUSTMENT
MA00000969,LN00007650,2026-01-31,1974.43,SYNTHETIC_PRICING_ADJUSTMENT
MA00000970,LN00007651,2026-02-28,190.38,SYNTHETIC_PRICING_ADJUSTMENT
MA00000971,LN00007656,2026-07-31,1299.16,SYNTHETIC_PRICING_ADJUSTMENT
MA00000972,LN00007661,2024-12-31,-361.12,SYNTHETIC_PRICING_ADJUSTMENT
MA00000973,LN00007668,2025-07-31,1490.49,SYNTHETIC_PRICING_ADJUSTMENT
MA00000974,LN00007673,2025-12-31,-545.03,SYNTHETIC_PRICING_ADJUSTMENT
MA00000975,LN00007676,2026-03-31,1117.54,SYNTHETIC_PRICING_ADJUSTMENT
MA00000976,LN00007701,2026-04-30,1669.51,SYNTHETIC_PRICING_ADJUSTMENT
MA00000977,LN00007716,2025-07-31,-396.83,SYNTHETIC_PRICING_ADJUSTMENT
MA00000978,LN00007719,2025-10-31,1535.67,SYNTHETIC_PRICING_ADJUSTMENT
MA00000979,LN00007738,2025-05-31,-185.95,SYNTHETIC_PRICING_ADJUSTMENT
MA00000980,LN00007742,2025-09-30,758.76,SYNTHETIC_PRICING_ADJUSTMENT
MA00000981,LN00007750,2026-05-31,243.08,SYNTHETIC_PRICING_ADJUSTMENT
MA00000982,LN00007751,2026-06-30,1510.73,SYNTHETIC_PRICING_ADJUSTMENT
MA00000983,LN00007754,2024-09-30,55.95,SYNTHETIC_PRICING_ADJUSTMENT
MA00000984,LN00007764,2025-07-31,1106.33,SYNTHETIC_PRICING_ADJUSTMENT
MA00000985,LN00007770,2026-01-31,-959.24,SYNTHETIC_PRICING_ADJUSTMENT
MA00000986,LN00007783,2025-02-28,-811.83,SYNTHETIC_PRICING_ADJUSTMENT
MA00000987,LN00007785,2025-04-30,1332.18,SYNTHETIC_PRICING_ADJUSTMENT
MA00000988,LN00007810,2025-05-31,-472.20,SYNTHETIC_PRICING_ADJUSTMENT
MA00000989,LN00007811,2025-06-30,1500.61,SYNTHETIC_PRICING_ADJUSTMENT
MA00000990,LN00007814,2025-09-30,1652.30,SYNTHETIC_PRICING_ADJUSTMENT
MA00000991,LN00007815,2025-10-31,-358.34,SYNTHETIC_PRICING_ADJUSTMENT
MA00000992,LN00007833,2025-04-30,1920.71,SYNTHETIC_PRICING_ADJUSTMENT
MA00000993,LN00007837,2025-08-31,1624.03,SYNTHETIC_PRICING_ADJUSTMENT
MA00000994,LN00007843,2026-02-28,1515.47,SYNTHETIC_PRICING_ADJUSTMENT
MA00000995,LN00007863,2025-10-31,1220.62,SYNTHETIC_PRICING_ADJUSTMENT
MA00000996,LN00007894,2026-05-31,-234.90,SYNTHETIC_PRICING_ADJUSTMENT
MA00000997,LN00007895,2026-06-30,1430.13,SYNTHETIC_PRICING_ADJUSTMENT
MA00000998,LN00007896,2026-07-31,90.93,SYNTHETIC_PRICING_ADJUSTMENT
MA00000999,LN00007900,2024-11-30,-566.30,SYNTHETIC_PRICING_ADJUSTMENT
MA00001000,LN00007901,2024-12-31,-580.00,SYNTHETIC_PRICING_ADJUSTMENT
MA00001001,LN00007918,2026-05-31,1471.97,SYNTHETIC_PRICING_ADJUSTMENT
MA00001002,LN00007920,2026-07-31,-203.22,SYNTHETIC_PRICING_ADJUSTMENT
MA00001003,LN00007930,2025-05-31,-495.27,SYNTHETIC_PRICING_ADJUSTMENT
MA00001004,LN00007938,2026-01-31,35.28,SYNTHETIC_PRICING_ADJUSTMENT
MA00001005,LN00007976,2025-03-31,1775.75,SYNTHETIC_PRICING_ADJUSTMENT
MA00001006,LN00007992,2026-07-31,1267.27,SYNTHETIC_PRICING_ADJUSTMENT
MA00001007,LN00008002,2025-05-31,1827.31,SYNTHETIC_PRICING_ADJUSTMENT
MA00001008,LN00008012,2026-03-31,1591.54,SYNTHETIC_PRICING_ADJUSTMENT
MA00001009,LN00008013,2026-04-30,20.60,SYNTHETIC_PRICING_ADJUSTMENT
MA00001010,LN00008017,2024-08-31,272.78,SYNTHETIC_PRICING_ADJUSTMENT
MA00001011,LN00008041,2024-08-31,480.11,SYNTHETIC_PRICING_ADJUSTMENT
MA00001012,LN00008044,2024-11-30,1517.62,SYNTHETIC_PRICING_ADJUSTMENT
MA00001013,LN00008051,2025-06-30,522.76,SYNTHETIC_PRICING_ADJUSTMENT
MA00001014,LN00008054,2025-09-30,920.05,SYNTHETIC_PRICING_ADJUSTMENT
MA00001015,LN00008055,2025-10-31,1986.48,SYNTHETIC_PRICING_ADJUSTMENT
MA00001016,LN00008083,2026-02-28,1816.24,SYNTHETIC_PRICING_ADJUSTMENT
MA00001017,LN00008086,2026-05-31,-707.65,SYNTHETIC_PRICING_ADJUSTMENT
MA00001018,LN00008093,2024-12-31,1385.11,SYNTHETIC_PRICING_ADJUSTMENT
MA00001019,LN00008097,2025-04-30,957.89,SYNTHETIC_PRICING_ADJUSTMENT
MA00001020,LN00008101,2025-08-31,-763.21,SYNTHETIC_PRICING_ADJUSTMENT
MA00001021,LN00008108,2026-03-31,999.12,SYNTHETIC_PRICING_ADJUSTMENT
MA00001022,LN00008118,2025-01-31,1307.28,SYNTHETIC_PRICING_ADJUSTMENT
MA00001023,LN00008124,2025-07-31,657.93,SYNTHETIC_PRICING_ADJUSTMENT
MA00001024,LN00008127,2025-10-31,1479.59,SYNTHETIC_PRICING_ADJUSTMENT
MA00001025,LN00008150,2025-09-30,1354.50,SYNTHETIC_PRICING_ADJUSTMENT
MA00001026,LN00008166,2025-01-31,-774.85,SYNTHETIC_PRICING_ADJUSTMENT
MA00001027,LN00008169,2025-04-30,1595.76,SYNTHETIC_PRICING_ADJUSTMENT
MA00001028,LN00008192,2025-03-31,369.79,SYNTHETIC_PRICING_ADJUSTMENT
MA00001029,LN00008198,2025-09-30,-527.67,SYNTHETIC_PRICING_ADJUSTMENT
MA00001030,LN00008211,2024-10-31,952.96,SYNTHETIC_PRICING_ADJUSTMENT
MA00001031,LN00008212,2024-11-30,1159.53,SYNTHETIC_PRICING_ADJUSTMENT
MA00001032,LN00008217,2025-04-30,91.72,SYNTHETIC_PRICING_ADJUSTMENT
MA00001033,LN00008218,2025-05-31,1437.16,SYNTHETIC_PRICING_ADJUSTMENT
MA00001034,LN00008221,2025-08-31,-962.56,SYNTHETIC_PRICING_ADJUSTMENT
MA00001035,LN00008241,2025-04-30,1567.95,SYNTHETIC_PRICING_ADJUSTMENT
MA00001036,LN00008247,2025-10-31,1957.63,SYNTHETIC_PRICING_ADJUSTMENT
MA00001037,LN00008254,2026-05-31,1636.84,SYNTHETIC_PRICING_ADJUSTMENT
MA00001038,LN00008255,2026-06-30,1198.33,SYNTHETIC_PRICING_ADJUSTMENT
MA00001039,LN00008260,2024-11-30,973.68,SYNTHETIC_PRICING_ADJUSTMENT
MA00001040,LN00008272,2025-11-30,142.76,SYNTHETIC_PRICING_ADJUSTMENT
MA00001041,LN00008280,2026-07-31,500.69,SYNTHETIC_PRICING_ADJUSTMENT
MA00001042,LN00008296,2025-11-30,-721.15,SYNTHETIC_PRICING_ADJUSTMENT
MA00001043,LN00008302,2026-05-31,782.20,SYNTHETIC_PRICING_ADJUSTMENT
MA00001044,LN00008317,2025-08-31,1745.70,SYNTHETIC_PRICING_ADJUSTMENT
MA00001045,LN00008319,2025-10-31,-483.53,SYNTHETIC_PRICING_ADJUSTMENT
MA00001046,LN00008326,2026-05-31,1778.41,SYNTHETIC_PRICING_ADJUSTMENT
MA00001047,LN00008342,2025-09-30,306.98,SYNTHETIC_PRICING_ADJUSTMENT
MA00001048,LN00008357,2024-12-31,-648.61,SYNTHETIC_PRICING_ADJUSTMENT
MA00001049,LN00008370,2026-01-31,1054.77,SYNTHETIC_PRICING_ADJUSTMENT
MA00001050,LN00008378,2024-09-30,1980.19,SYNTHETIC_PRICING_ADJUSTMENT
MA00001051,LN00008381,2024-12-31,1132.39,SYNTHETIC_PRICING_ADJUSTMENT
MA00001052,LN00008389,2025-08-31,-821.46,SYNTHETIC_PRICING_ADJUSTMENT
MA00001053,LN00008392,2025-11-30,-398.00,SYNTHETIC_PRICING_ADJUSTMENT
MA00001054,LN00008425,2024-08-31,500.40,SYNTHETIC_PRICING_ADJUSTMENT
MA00001055,LN00008426,2024-09-30,1146.14,SYNTHETIC_PRICING_ADJUSTMENT
MA00001056,LN00008447,2026-06-30,99.34,SYNTHETIC_PRICING_ADJUSTMENT
MA00001057,LN00008452,2024-11-30,1998.93,SYNTHETIC_PRICING_ADJUSTMENT
MA00001058,LN00008463,2025-10-31,-397.94,SYNTHETIC_PRICING_ADJUSTMENT
MA00001059,LN00008475,2024-10-31,653.79,SYNTHETIC_PRICING_ADJUSTMENT
MA00001060,LN00008484,2025-07-31,-515.99,SYNTHETIC_PRICING_ADJUSTMENT
MA00001061,LN00008488,2025-11-30,782.20,SYNTHETIC_PRICING_ADJUSTMENT
MA00001062,LN00008495,2026-06-30,-295.65,SYNTHETIC_PRICING_ADJUSTMENT
MA00001063,LN00008519,2026-06-30,1884.42,SYNTHETIC_PRICING_ADJUSTMENT
MA00001064,LN00008523,2024-10-31,1217.30,SYNTHETIC_PRICING_ADJUSTMENT
MA00001065,LN00008531,2025-06-30,1459.58,SYNTHETIC_PRICING_ADJUSTMENT
MA00001066,LN00008552,2025-03-31,1090.57,SYNTHETIC_PRICING_ADJUSTMENT
MA00001067,LN00008553,2025-04-30,-835.32,SYNTHETIC_PRICING_ADJUSTMENT
MA00001068,LN00008560,2025-11-30,399.16,SYNTHETIC_PRICING_ADJUSTMENT
MA00001069,LN00008572,2024-11-30,-830.65,SYNTHETIC_PRICING_ADJUSTMENT
MA00001070,LN00008573,2024-12-31,-54.93,SYNTHETIC_PRICING_ADJUSTMENT
MA00001071,LN00008585,2025-12-31,-632.14,SYNTHETIC_PRICING_ADJUSTMENT
MA00001072,LN00008596,2024-11-30,1266.69,SYNTHETIC_PRICING_ADJUSTMENT
MA00001073,LN00008601,2025-04-30,731.68,SYNTHETIC_PRICING_ADJUSTMENT
MA00001074,LN00008615,2026-06-30,1248.71,SYNTHETIC_PRICING_ADJUSTMENT
MA00001075,LN00008617,2024-08-31,-996.70,SYNTHETIC_PRICING_ADJUSTMENT
MA00001076,LN00008621,2024-12-31,519.26,SYNTHETIC_PRICING_ADJUSTMENT
MA00001077,LN00008641,2024-08-31,783.12,SYNTHETIC_PRICING_ADJUSTMENT
MA00001078,LN00008643,2024-10-31,-815.69,SYNTHETIC_PRICING_ADJUSTMENT
MA00001079,LN00008650,2025-05-31,1339.80,SYNTHETIC_PRICING_ADJUSTMENT
MA00001080,LN00008656,2025-11-30,-745.51,SYNTHETIC_PRICING_ADJUSTMENT
MA00001081,LN00008658,2026-01-31,570.13,SYNTHETIC_PRICING_ADJUSTMENT
MA00001082,LN00008666,2024-09-30,-443.78,SYNTHETIC_PRICING_ADJUSTMENT
MA00001083,LN00008668,2024-11-30,69.23,SYNTHETIC_PRICING_ADJUSTMENT
MA00001084,LN00008680,2025-11-30,1018.14,SYNTHETIC_PRICING_ADJUSTMENT
MA00001085,LN00008690,2024-09-30,-610.43,SYNTHETIC_PRICING_ADJUSTMENT
MA00001086,LN00008696,2025-03-31,928.12,SYNTHETIC_PRICING_ADJUSTMENT
MA00001087,LN00008706,2026-01-31,-90.98,SYNTHETIC_PRICING_ADJUSTMENT
MA00001088,LN00008721,2025-04-30,-211.14,SYNTHETIC_PRICING_ADJUSTMENT
MA00001089,LN00008736,2026-07-31,46.38,SYNTHETIC_PRICING_ADJUSTMENT
MA00001090,LN00008738,2024-09-30,696.66,SYNTHETIC_PRICING_ADJUSTMENT
MA00001091,LN00008742,2025-01-31,291.89,SYNTHETIC_PRICING_ADJUSTMENT
MA00001092,LN00008745,2025-04-30,-671.69,SYNTHETIC_PRICING_ADJUSTMENT
MA00001093,LN00008755,2026-02-28,142.11,SYNTHETIC_PRICING_ADJUSTMENT
MA00001094,LN00008767,2025-02-28,-54.28,SYNTHETIC_PRICING_ADJUSTMENT
MA00001095,LN00008778,2026-01-31,-215.18,SYNTHETIC_PRICING_ADJUSTMENT
MA00001096,LN00008787,2024-10-31,-81.96,SYNTHETIC_PRICING_ADJUSTMENT
MA00001097,LN00008791,2025-02-28,-852.57,SYNTHETIC_PRICING_ADJUSTMENT
MA00001098,LN00008797,2025-08-31,-341.00,SYNTHETIC_PRICING_ADJUSTMENT
MA00001099,LN00008805,2026-04-30,1360.67,SYNTHETIC_PRICING_ADJUSTMENT
MA00001100,LN00008807,2026-06-30,-78.77,SYNTHETIC_PRICING_ADJUSTMENT
MA00001101,LN00008819,2025-06-30,1943.92,SYNTHETIC_PRICING_ADJUSTMENT
MA00001102,LN00008832,2026-07-31,-229.31,SYNTHETIC_PRICING_ADJUSTMENT
MA00001103,LN00008834,2024-09-30,-975.66,SYNTHETIC_PRICING_ADJUSTMENT
MA00001104,LN00008843,2025-06-30,189.11,SYNTHETIC_PRICING_ADJUSTMENT
MA00001105,LN00008848,2025-11-30,619.01,SYNTHETIC_PRICING_ADJUSTMENT
MA00001106,LN00008849,2025-12-31,389.52,SYNTHETIC_PRICING_ADJUSTMENT
MA00001107,LN00008851,2026-02-28,1773.09,SYNTHETIC_PRICING_ADJUSTMENT
MA00001108,LN00008855,2026-06-30,1748.65,SYNTHETIC_PRICING_ADJUSTMENT
MA00001109,LN00008856,2026-07-31,-417.10,SYNTHETIC_PRICING_ADJUSTMENT
MA00001110,LN00008857,2024-08-31,-264.38,SYNTHETIC_PRICING_ADJUSTMENT
MA00001111,LN00008865,2025-04-30,1439.31,SYNTHETIC_PRICING_ADJUSTMENT
MA00001112,LN00008868,2025-07-31,-808.27,SYNTHETIC_PRICING_ADJUSTMENT
MA00001113,LN00008880,2026-07-31,1923.14,SYNTHETIC_PRICING_ADJUSTMENT
MA00001114,LN00008889,2025-04-30,-677.64,SYNTHETIC_PRICING_ADJUSTMENT
MA00001115,LN00008896,2025-11-30,1661.15,SYNTHETIC_PRICING_ADJUSTMENT
MA00001116,LN00008899,2026-02-28,1015.20,SYNTHETIC_PRICING_ADJUSTMENT
MA00001117,LN00008910,2025-01-31,935.75,SYNTHETIC_PRICING_ADJUSTMENT
MA00001118,LN00008915,2025-06-30,1628.26,SYNTHETIC_PRICING_ADJUSTMENT
MA00001119,LN00008921,2025-12-31,1079.63,SYNTHETIC_PRICING_ADJUSTMENT
MA00001120,LN00008925,2026-04-30,-120.25,SYNTHETIC_PRICING_ADJUSTMENT
MA00001121,LN00008932,2024-11-30,-701.78,SYNTHETIC_PRICING_ADJUSTMENT
MA00001122,LN00008967,2025-10-31,-493.06,SYNTHETIC_PRICING_ADJUSTMENT
MA00001123,LN00008973,2026-04-30,513.96,SYNTHETIC_PRICING_ADJUSTMENT
MA00001124,LN00009001,2024-08-31,1743.24,SYNTHETIC_PRICING_ADJUSTMENT
MA00001125,LN00009006,2025-01-31,700.54,SYNTHETIC_PRICING_ADJUSTMENT
MA00001126,LN00009013,2025-08-31,1791.42,SYNTHETIC_PRICING_ADJUSTMENT
MA00001127,LN00009024,2026-07-31,-220.93,SYNTHETIC_PRICING_ADJUSTMENT
MA00001128,LN00009026,2024-09-30,168.52,SYNTHETIC_PRICING_ADJUSTMENT
MA00001129,LN00009027,2024-10-31,-64.71,SYNTHETIC_PRICING_ADJUSTMENT
MA00001130,LN00009033,2025-04-30,-62.70,SYNTHETIC_PRICING_ADJUSTMENT
MA00001131,LN00009035,2025-06-30,1429.29,SYNTHETIC_PRICING_ADJUSTMENT
MA00001132,LN00009038,2025-09-30,-233.87,SYNTHETIC_PRICING_ADJUSTMENT
MA00001133,LN00009043,2026-02-28,715.54,SYNTHETIC_PRICING_ADJUSTMENT
MA00001134,LN00009048,2026-07-31,-511.62,SYNTHETIC_PRICING_ADJUSTMENT
MA00001135,LN00009080,2025-03-31,-513.60,SYNTHETIC_PRICING_ADJUSTMENT
MA00001136,LN00009081,2025-04-30,-317.47,SYNTHETIC_PRICING_ADJUSTMENT
MA00001137,LN00009083,2025-06-30,-427.31,SYNTHETIC_PRICING_ADJUSTMENT
MA00001138,LN00009089,2025-12-31,-931.94,SYNTHETIC_PRICING_ADJUSTMENT
MA00001139,LN00009092,2026-03-31,573.71,SYNTHETIC_PRICING_ADJUSTMENT
MA00001140,LN00009105,2025-04-30,919.33,SYNTHETIC_PRICING_ADJUSTMENT
MA00001141,LN00009117,2026-04-30,1145.55,SYNTHETIC_PRICING_ADJUSTMENT
MA00001142,LN00009131,2025-06-30,-588.45,SYNTHETIC_PRICING_ADJUSTMENT
MA00001143,LN00009134,2025-09-30,-721.79,SYNTHETIC_PRICING_ADJUSTMENT
MA00001144,LN00009140,2026-03-31,1310.58,SYNTHETIC_PRICING_ADJUSTMENT
MA00001145,LN00009142,2026-05-31,583.79,SYNTHETIC_PRICING_ADJUSTMENT
MA00001146,LN00009162,2026-01-31,-173.10,SYNTHETIC_PRICING_ADJUSTMENT
MA00001147,LN00009183,2025-10-31,-667.98,SYNTHETIC_PRICING_ADJUSTMENT
MA00001148,LN00009184,2025-11-30,-360.27,SYNTHETIC_PRICING_ADJUSTMENT
MA00001149,LN00009188,2026-03-31,413.34,SYNTHETIC_PRICING_ADJUSTMENT
MA00001150,LN00009194,2024-09-30,800.09,SYNTHETIC_PRICING_ADJUSTMENT
MA00001151,LN00009198,2025-01-31,-16.61,SYNTHETIC_PRICING_ADJUSTMENT
MA00001152,LN00009201,2025-04-30,1108.02,SYNTHETIC_PRICING_ADJUSTMENT
MA00001153,LN00009208,2025-11-30,-339.97,SYNTHETIC_PRICING_ADJUSTMENT
MA00001154,LN00009214,2026-05-31,929.15,SYNTHETIC_PRICING_ADJUSTMENT
MA00001155,LN00009223,2025-02-28,-709.13,SYNTHETIC_PRICING_ADJUSTMENT
MA00001156,LN00009227,2025-06-30,-425.02,SYNTHETIC_PRICING_ADJUSTMENT
MA00001157,LN00009234,2026-01-31,-854.24,SYNTHETIC_PRICING_ADJUSTMENT
MA00001158,LN00009240,2026-07-31,-637.02,SYNTHETIC_PRICING_ADJUSTMENT
MA00001159,LN00009242,2024-09-30,911.29,SYNTHETIC_PRICING_ADJUSTMENT
MA00001160,LN00009243,2024-10-31,1491.39,SYNTHETIC_PRICING_ADJUSTMENT
MA00001161,LN00009252,2025-07-31,885.38,SYNTHETIC_PRICING_ADJUSTMENT
MA00001162,LN00009261,2026-04-30,-649.54,SYNTHETIC_PRICING_ADJUSTMENT
MA00001163,LN00009264,2026-07-31,58.02,SYNTHETIC_PRICING_ADJUSTMENT
MA00001164,LN00009272,2025-03-31,-904.01,SYNTHETIC_PRICING_ADJUSTMENT
MA00001165,LN00009273,2025-04-30,925.02,SYNTHETIC_PRICING_ADJUSTMENT
MA00001166,LN00009293,2024-12-31,866.90,SYNTHETIC_PRICING_ADJUSTMENT
MA00001167,LN00009294,2025-01-31,1497.86,SYNTHETIC_PRICING_ADJUSTMENT
MA00001168,LN00009296,2025-03-31,690.90,SYNTHETIC_PRICING_ADJUSTMENT
MA00001169,LN00009297,2025-04-30,1144.85,SYNTHETIC_PRICING_ADJUSTMENT
MA00001170,LN00009303,2025-10-31,1729.19,SYNTHETIC_PRICING_ADJUSTMENT
MA00001171,LN00009315,2024-10-31,150.37,SYNTHETIC_PRICING_ADJUSTMENT
MA00001172,LN00009317,2024-12-31,-908.52,SYNTHETIC_PRICING_ADJUSTMENT
MA00001173,LN00009325,2025-08-31,1800.94,SYNTHETIC_PRICING_ADJUSTMENT
MA00001174,LN00009327,2025-10-31,1931.27,SYNTHETIC_PRICING_ADJUSTMENT
MA00001175,LN00009334,2026-05-31,-783.82,SYNTHETIC_PRICING_ADJUSTMENT
MA00001176,LN00009339,2024-10-31,1500.98,SYNTHETIC_PRICING_ADJUSTMENT
MA00001177,LN00009365,2024-12-31,625.73,SYNTHETIC_PRICING_ADJUSTMENT
MA00001178,LN00009370,2025-05-31,438.08,SYNTHETIC_PRICING_ADJUSTMENT
MA00001179,LN00009371,2025-06-30,720.87,SYNTHETIC_PRICING_ADJUSTMENT
MA00001180,LN00009413,2024-12-31,1352.87,SYNTHETIC_PRICING_ADJUSTMENT
MA00001181,LN00009420,2025-07-31,-950.06,SYNTHETIC_PRICING_ADJUSTMENT
MA00001182,LN00009425,2025-12-31,1483.23,SYNTHETIC_PRICING_ADJUSTMENT
MA00001183,LN00009426,2026-01-31,1785.28,SYNTHETIC_PRICING_ADJUSTMENT
MA00001184,LN00009429,2026-04-30,-447.17,SYNTHETIC_PRICING_ADJUSTMENT
MA00001185,LN00009434,2024-09-30,-614.57,SYNTHETIC_PRICING_ADJUSTMENT
MA00001186,LN00009446,2025-09-30,544.94,SYNTHETIC_PRICING_ADJUSTMENT
MA00001187,LN00009447,2025-10-31,-115.93,SYNTHETIC_PRICING_ADJUSTMENT
MA00001188,LN00009458,2024-09-30,401.41,SYNTHETIC_PRICING_ADJUSTMENT
MA00001189,LN00009459,2024-10-31,378.40,SYNTHETIC_PRICING_ADJUSTMENT
MA00001190,LN00009474,2026-01-31,-463.30,SYNTHETIC_PRICING_ADJUSTMENT
MA00001191,LN00009476,2026-03-31,817.76,SYNTHETIC_PRICING_ADJUSTMENT
MA00001192,LN00009486,2025-01-31,-292.65,SYNTHETIC_PRICING_ADJUSTMENT
MA00001193,LN00009489,2025-04-30,-398.64,SYNTHETIC_PRICING_ADJUSTMENT
MA00001194,LN00009496,2025-11-30,471.06,SYNTHETIC_PRICING_ADJUSTMENT
MA00001195,LN00009497,2025-12-31,65.12,SYNTHETIC_PRICING_ADJUSTMENT
MA00001196,LN00009501,2026-04-30,509.48,SYNTHETIC_PRICING_ADJUSTMENT
MA00001197,LN00009510,2025-01-31,1062.60,SYNTHETIC_PRICING_ADJUSTMENT
MA00001198,LN00009512,2025-03-31,-132.89,SYNTHETIC_PRICING_ADJUSTMENT
MA00001199,LN00009513,2025-04-30,1255.67,SYNTHETIC_PRICING_ADJUSTMENT
MA00001200,LN00009521,2025-12-31,1699.51,SYNTHETIC_PRICING_ADJUSTMENT
MA00001201,LN00009529,2024-08-31,-59.55,SYNTHETIC_PRICING_ADJUSTMENT
MA00001202,LN00009534,2025-01-31,1101.71,SYNTHETIC_PRICING_ADJUSTMENT
MA00001203,LN00009544,2025-11-30,1379.77,SYNTHETIC_PRICING_ADJUSTMENT
MA00001204,LN00009547,2026-02-28,1010.30,SYNTHETIC_PRICING_ADJUSTMENT
MA00001205,LN00009552,2026-07-31,-6.48,SYNTHETIC_PRICING_ADJUSTMENT
MA00001206,LN00009580,2024-11-30,1896.11,SYNTHETIC_PRICING_ADJUSTMENT
MA00001207,LN00009581,2024-12-31,-139.80,SYNTHETIC_PRICING_ADJUSTMENT
MA00001208,LN00009586,2025-05-31,-495.60,SYNTHETIC_PRICING_ADJUSTMENT
MA00001209,LN00009591,2025-10-31,1484.68,SYNTHETIC_PRICING_ADJUSTMENT
MA00001210,LN00009605,2024-12-31,-716.99,SYNTHETIC_PRICING_ADJUSTMENT
MA00001211,LN00009607,2025-02-28,894.17,SYNTHETIC_PRICING_ADJUSTMENT
MA00001212,LN00009608,2025-03-31,1335.55,SYNTHETIC_PRICING_ADJUSTMENT
MA00001213,LN00009623,2026-06-30,973.36,SYNTHETIC_PRICING_ADJUSTMENT
MA00001214,LN00009635,2025-06-30,1682.37,SYNTHETIC_PRICING_ADJUSTMENT
MA00001215,LN00009638,2025-09-30,-26.17,SYNTHETIC_PRICING_ADJUSTMENT
MA00001216,LN00009651,2024-10-31,-145.32,SYNTHETIC_PRICING_ADJUSTMENT
MA00001217,LN00009652,2024-11-30,1218.57,SYNTHETIC_PRICING_ADJUSTMENT
MA00001218,LN00009660,2025-07-31,1975.90,SYNTHETIC_PRICING_ADJUSTMENT
MA00001219,LN00009661,2025-08-31,1413.35,SYNTHETIC_PRICING_ADJUSTMENT
MA00001220,LN00009684,2025-07-31,1588.48,SYNTHETIC_PRICING_ADJUSTMENT
MA00001221,LN00009693,2026-04-30,-964.33,SYNTHETIC_PRICING_ADJUSTMENT
MA00001222,LN00009708,2025-07-31,-820.46,SYNTHETIC_PRICING_ADJUSTMENT
MA00001223,LN00009718,2026-05-31,1767.09,SYNTHETIC_PRICING_ADJUSTMENT
MA00001224,LN00009721,2024-08-31,-306.91,SYNTHETIC_PRICING_ADJUSTMENT
MA00001225,LN00009727,2025-02-28,1442.20,SYNTHETIC_PRICING_ADJUSTMENT
MA00001226,LN00009772,2024-11-30,-578.23,SYNTHETIC_PRICING_ADJUSTMENT
MA00001227,LN00009776,2025-03-31,-820.78,SYNTHETIC_PRICING_ADJUSTMENT
MA00001228,LN00009779,2025-06-30,1794.59,SYNTHETIC_PRICING_ADJUSTMENT
MA00001229,LN00009780,2025-07-31,1724.11,SYNTHETIC_PRICING_ADJUSTMENT
MA00001230,LN00009781,2025-08-31,1524.63,SYNTHETIC_PRICING_ADJUSTMENT
MA00001231,LN00009785,2025-12-31,-102.55,SYNTHETIC_PRICING_ADJUSTMENT
MA00001232,LN00009790,2026-05-31,-236.15,SYNTHETIC_PRICING_ADJUSTMENT
MA00001233,LN00009806,2025-09-30,1775.23,SYNTHETIC_PRICING_ADJUSTMENT
MA00001234,LN00009816,2026-07-31,736.07,SYNTHETIC_PRICING_ADJUSTMENT
MA00001235,LN00009822,2025-01-31,1915.36,SYNTHETIC_PRICING_ADJUSTMENT
MA00001236,LN00009832,2025-11-30,507.30,SYNTHETIC_PRICING_ADJUSTMENT
MA00001237,LN00009847,2025-02-28,939.30,SYNTHETIC_PRICING_ADJUSTMENT
MA00001238,LN00009864,2026-07-31,785.61,SYNTHETIC_PRICING_ADJUSTMENT
MA00001239,LN00009865,2024-08-31,600.04,SYNTHETIC_PRICING_ADJUSTMENT
MA00001240,LN00009866,2024-09-30,-572.83,SYNTHETIC_PRICING_ADJUSTMENT
MA00001241,LN00009876,2025-07-31,1678.17,SYNTHETIC_PRICING_ADJUSTMENT
MA00001242,LN00009881,2025-12-31,1618.06,SYNTHETIC_PRICING_ADJUSTMENT
MA00001243,LN00009888,2026-07-31,718.19,SYNTHETIC_PRICING_ADJUSTMENT
MA00001244,LN00009898,2025-05-31,109.07,SYNTHETIC_PRICING_ADJUSTMENT
MA00001245,LN00009906,2026-01-31,1767.13,SYNTHETIC_PRICING_ADJUSTMENT
MA00001246,LN00009908,2026-03-31,703.84,SYNTHETIC_PRICING_ADJUSTMENT
MA00001247,LN00009913,2024-08-31,991.09,SYNTHETIC_PRICING_ADJUSTMENT
MA00001248,LN00009916,2024-11-30,616.26,SYNTHETIC_PRICING_ADJUSTMENT
MA00001249,LN00009922,2025-05-31,911.66,SYNTHETIC_PRICING_ADJUSTMENT
MA00001250,LN00009927,2025-10-31,-992.81,SYNTHETIC_PRICING_ADJUSTMENT
MA00001251,LN00009940,2024-11-30,807.99,SYNTHETIC_PRICING_ADJUSTMENT
MA00001252,LN00009944,2025-03-31,130.32,SYNTHETIC_PRICING_ADJUSTMENT
MA00001253,LN00009952,2025-11-30,1998.80,SYNTHETIC_PRICING_ADJUSTMENT
MA00001254,LN00009961,2024-08-31,1826.12,SYNTHETIC_PRICING_ADJUSTMENT
MA00001255,LN00009970,2025-05-31,-76.30,SYNTHETIC_PRICING_ADJUSTMENT
MA00001256,LN00009972,2025-07-31,-129.09,SYNTHETIC_PRICING_ADJUSTMENT
MA00001257,LN00009977,2025-12-31,1533.20,SYNTHETIC_PRICING_ADJUSTMENT
MA00001258,LN00010009,2024-08-31,-759.46,SYNTHETIC_PRICING_ADJUSTMENT
MA00001259,LN00010015,2025-02-28,1472.12,SYNTHETIC_PRICING_ADJUSTMENT
MA00001260,LN00010040,2025-03-31,724.44,SYNTHETIC_PRICING_ADJUSTMENT
MA00001261,LN00010045,2025-08-31,-140.70,SYNTHETIC_PRICING_ADJUSTMENT
MA00001262,LN00010057,2024-08-31,725.71,SYNTHETIC_PRICING_ADJUSTMENT
MA00001263,LN00010062,2025-01-31,298.49,SYNTHETIC_PRICING_ADJUSTMENT
MA00001264,LN00010064,2025-03-31,1571.12,SYNTHETIC_PRICING_ADJUSTMENT
MA00001265,LN00010073,2025-12-31,135.07,SYNTHETIC_PRICING_ADJUSTMENT
MA00001266,LN00010074,2026-01-31,-856.92,SYNTHETIC_PRICING_ADJUSTMENT
MA00001267,LN00010076,2026-03-31,-881.78,SYNTHETIC_PRICING_ADJUSTMENT
MA00001268,LN00010097,2025-12-31,8.25,SYNTHETIC_PRICING_ADJUSTMENT
MA00001269,LN00010104,2026-07-31,1711.94,SYNTHETIC_PRICING_ADJUSTMENT
MA00001270,LN00010110,2025-01-31,1384.73,SYNTHETIC_PRICING_ADJUSTMENT
MA00001271,LN00010129,2024-08-31,956.76,SYNTHETIC_PRICING_ADJUSTMENT
MA00001272,LN00010130,2024-09-30,501.31,SYNTHETIC_PRICING_ADJUSTMENT
MA00001273,LN00010162,2025-05-31,-674.46,SYNTHETIC_PRICING_ADJUSTMENT
MA00001274,LN00010172,2026-03-31,535.98,SYNTHETIC_PRICING_ADJUSTMENT
MA00001275,LN00010188,2025-07-31,75.63,SYNTHETIC_PRICING_ADJUSTMENT
MA00001276,LN00010194,2026-01-31,-185.50,SYNTHETIC_PRICING_ADJUSTMENT
MA00001277,LN00010203,2024-10-31,1899.83,SYNTHETIC_PRICING_ADJUSTMENT
MA00001278,LN00010205,2024-12-31,1702.44,SYNTHETIC_PRICING_ADJUSTMENT
MA00001279,LN00010226,2024-09-30,1203.95,SYNTHETIC_PRICING_ADJUSTMENT
MA00001280,LN00010238,2025-09-30,295.35,SYNTHETIC_PRICING_ADJUSTMENT
MA00001281,LN00010244,2026-03-31,910.88,SYNTHETIC_PRICING_ADJUSTMENT
MA00001282,LN00010248,2026-07-31,1687.66,SYNTHETIC_PRICING_ADJUSTMENT
MA00001283,LN00010251,2024-10-31,191.66,SYNTHETIC_PRICING_ADJUSTMENT
MA00001284,LN00010252,2024-11-30,636.18,SYNTHETIC_PRICING_ADJUSTMENT
MA00001285,LN00010261,2025-08-31,-975.65,SYNTHETIC_PRICING_ADJUSTMENT
MA00001286,LN00010288,2025-11-30,313.73,SYNTHETIC_PRICING_ADJUSTMENT
MA00001287,LN00010319,2026-06-30,-444.38,SYNTHETIC_PRICING_ADJUSTMENT
MA00001288,LN00010321,2024-08-31,1937.22,SYNTHETIC_PRICING_ADJUSTMENT
MA00001289,LN00010328,2025-03-31,1390.60,SYNTHETIC_PRICING_ADJUSTMENT
MA00001290,LN00010337,2025-12-31,-301.75,SYNTHETIC_PRICING_ADJUSTMENT
MA00001291,LN00010340,2026-03-31,165.56,SYNTHETIC_PRICING_ADJUSTMENT
MA00001292,LN00010347,2024-10-31,1812.23,SYNTHETIC_PRICING_ADJUSTMENT
MA00001293,LN00010357,2025-08-31,-498.68,SYNTHETIC_PRICING_ADJUSTMENT
MA00001294,LN00010406,2025-09-30,1143.61,SYNTHETIC_PRICING_ADJUSTMENT
MA00001295,LN00010425,2025-04-30,-79.26,SYNTHETIC_PRICING_ADJUSTMENT
MA00001296,LN00010427,2025-06-30,-198.84,SYNTHETIC_PRICING_ADJUSTMENT
MA00001297,LN00010455,2025-10-31,882.84,SYNTHETIC_PRICING_ADJUSTMENT
MA00001298,LN00010458,2026-01-31,1269.29,SYNTHETIC_PRICING_ADJUSTMENT
MA00001299,LN00010463,2026-06-30,-714.03,SYNTHETIC_PRICING_ADJUSTMENT
MA00001300,LN00010469,2024-12-31,-546.40,SYNTHETIC_PRICING_ADJUSTMENT
MA00001301,LN00010486,2026-05-31,1508.56,SYNTHETIC_PRICING_ADJUSTMENT
MA00001302,LN00010499,2025-06-30,65.80,SYNTHETIC_PRICING_ADJUSTMENT
MA00001303,LN00010500,2025-07-31,1892.60,SYNTHETIC_PRICING_ADJUSTMENT
MA00001304,LN00010505,2025-12-31,113.52,SYNTHETIC_PRICING_ADJUSTMENT
MA00001305,LN00010521,2025-04-30,1410.65,SYNTHETIC_PRICING_ADJUSTMENT
MA00001306,LN00010525,2025-08-31,-575.38,SYNTHETIC_PRICING_ADJUSTMENT
MA00001307,LN00010531,2026-02-28,580.37,SYNTHETIC_PRICING_ADJUSTMENT
MA00001308,LN00010540,2024-11-30,1330.83,SYNTHETIC_PRICING_ADJUSTMENT
MA00001309,LN00010545,2025-04-30,-617.09,SYNTHETIC_PRICING_ADJUSTMENT
MA00001310,LN00010549,2025-08-31,667.94,SYNTHETIC_PRICING_ADJUSTMENT
MA00001311,LN00010556,2026-03-31,387.11,SYNTHETIC_PRICING_ADJUSTMENT
MA00001312,LN00010558,2026-05-31,228.89,SYNTHETIC_PRICING_ADJUSTMENT
MA00001313,LN00010559,2026-06-30,229.85,SYNTHETIC_PRICING_ADJUSTMENT
MA00001314,LN00010569,2025-04-30,-857.80,SYNTHETIC_PRICING_ADJUSTMENT
MA00001315,LN00010571,2025-06-30,-191.28,SYNTHETIC_PRICING_ADJUSTMENT
MA00001316,LN00010579,2026-02-28,-460.95,SYNTHETIC_PRICING_ADJUSTMENT
MA00001317,LN00010588,2024-11-30,95.85,SYNTHETIC_PRICING_ADJUSTMENT
MA00001318,LN00010592,2025-03-31,643.82,SYNTHETIC_PRICING_ADJUSTMENT
MA00001319,LN00010593,2025-04-30,123.40,SYNTHETIC_PRICING_ADJUSTMENT
MA00001320,LN00010598,2025-09-30,1268.78,SYNTHETIC_PRICING_ADJUSTMENT
MA00001321,LN00010603,2026-02-28,1182.85,SYNTHETIC_PRICING_ADJUSTMENT
MA00001322,LN00010608,2026-07-31,1914.79,SYNTHETIC_PRICING_ADJUSTMENT
MA00001323,LN00010614,2025-01-31,495.06,SYNTHETIC_PRICING_ADJUSTMENT
MA00001324,LN00010617,2025-04-30,-780.16,SYNTHETIC_PRICING_ADJUSTMENT
MA00001325,LN00010619,2025-06-30,1689.04,SYNTHETIC_PRICING_ADJUSTMENT
MA00001326,LN00010629,2026-04-30,1271.89,SYNTHETIC_PRICING_ADJUSTMENT
MA00001327,LN00010637,2024-12-31,1091.58,SYNTHETIC_PRICING_ADJUSTMENT
MA00001328,LN00010640,2025-03-31,-10.49,SYNTHETIC_PRICING_ADJUSTMENT
MA00001329,LN00010642,2025-05-31,-656.31,SYNTHETIC_PRICING_ADJUSTMENT
MA00001330,LN00010655,2026-06-30,148.06,SYNTHETIC_PRICING_ADJUSTMENT
MA00001331,LN00010660,2024-11-30,299.02,SYNTHETIC_PRICING_ADJUSTMENT
MA00001332,LN00010672,2025-11-30,159.70,SYNTHETIC_PRICING_ADJUSTMENT
MA00001333,LN00010678,2026-05-31,306.21,SYNTHETIC_PRICING_ADJUSTMENT
MA00001334,LN00010687,2025-02-28,363.57,SYNTHETIC_PRICING_ADJUSTMENT
MA00001335,LN00010688,2025-03-31,1083.51,SYNTHETIC_PRICING_ADJUSTMENT
MA00001336,LN00010693,2025-08-31,-763.41,SYNTHETIC_PRICING_ADJUSTMENT
MA00001337,LN00010702,2026-05-31,707.32,SYNTHETIC_PRICING_ADJUSTMENT
MA00001338,LN00010706,2024-09-30,-243.82,SYNTHETIC_PRICING_ADJUSTMENT
MA00001339,LN00010707,2024-10-31,998.66,SYNTHETIC_PRICING_ADJUSTMENT
MA00001340,LN00010708,2024-11-30,1480.89,SYNTHETIC_PRICING_ADJUSTMENT
MA00001341,LN00010712,2025-03-31,419.72,SYNTHETIC_PRICING_ADJUSTMENT
MA00001342,LN00010719,2025-10-31,1867.41,SYNTHETIC_PRICING_ADJUSTMENT
MA00001343,LN00010725,2026-04-30,1247.56,SYNTHETIC_PRICING_ADJUSTMENT
MA00001344,LN00010730,2024-09-30,1380.76,SYNTHETIC_PRICING_ADJUSTMENT
MA00001345,LN00010734,2025-01-31,368.09,SYNTHETIC_PRICING_ADJUSTMENT
MA00001346,LN00010738,2025-05-31,540.19,SYNTHETIC_PRICING_ADJUSTMENT
MA00001347,LN00010743,2025-10-31,1445.33,SYNTHETIC_PRICING_ADJUSTMENT
MA00001348,LN00010750,2026-05-31,1076.60,SYNTHETIC_PRICING_ADJUSTMENT
MA00001349,LN00010752,2026-07-31,581.58,SYNTHETIC_PRICING_ADJUSTMENT
MA00001350,LN00010763,2025-06-30,-195.31,SYNTHETIC_PRICING_ADJUSTMENT
MA00001351,LN00010769,2025-12-31,1126.10,SYNTHETIC_PRICING_ADJUSTMENT
MA00001352,LN00010772,2026-03-31,41.50,SYNTHETIC_PRICING_ADJUSTMENT
MA00001353,LN00010775,2026-06-30,-586.04,SYNTHETIC_PRICING_ADJUSTMENT
MA00001354,LN00010792,2025-11-30,-999.05,SYNTHETIC_PRICING_ADJUSTMENT
MA00001355,LN00010794,2026-01-31,-332.25,SYNTHETIC_PRICING_ADJUSTMENT
MA00001356,LN00010797,2026-04-30,893.24,SYNTHETIC_PRICING_ADJUSTMENT
MA00001357,LN00010806,2025-01-31,1715.96,SYNTHETIC_PRICING_ADJUSTMENT
MA00001358,LN00010808,2025-03-31,-427.39,SYNTHETIC_PRICING_ADJUSTMENT
MA00001359,LN00010809,2025-04-30,546.77,SYNTHETIC_PRICING_ADJUSTMENT
MA00001360,LN00010827,2024-10-31,1729.10,SYNTHETIC_PRICING_ADJUSTMENT
MA00001361,LN00010831,2025-02-28,679.80,SYNTHETIC_PRICING_ADJUSTMENT
MA00001362,LN00010833,2025-04-30,-624.63,SYNTHETIC_PRICING_ADJUSTMENT
MA00001363,LN00010844,2026-03-31,-893.19,SYNTHETIC_PRICING_ADJUSTMENT
MA00001364,LN00010850,2024-09-30,1738.81,SYNTHETIC_PRICING_ADJUSTMENT
MA00001365,LN00010858,2025-05-31,832.07,SYNTHETIC_PRICING_ADJUSTMENT
MA00001366,LN00010862,2025-09-30,1695.04,SYNTHETIC_PRICING_ADJUSTMENT
MA00001367,LN00010888,2025-11-30,-522.98,SYNTHETIC_PRICING_ADJUSTMENT
MA00001368,LN00010889,2025-12-31,-78.33,SYNTHETIC_PRICING_ADJUSTMENT
MA00001369,LN00010896,2026-07-31,-749.79,SYNTHETIC_PRICING_ADJUSTMENT
MA00001370,LN00010907,2025-06-30,-960.32,SYNTHETIC_PRICING_ADJUSTMENT
MA00001371,LN00010910,2025-09-30,1075.69,SYNTHETIC_PRICING_ADJUSTMENT
MA00001372,LN00010916,2026-03-31,1800.74,SYNTHETIC_PRICING_ADJUSTMENT
MA00001373,LN00010922,2024-09-30,775.67,SYNTHETIC_PRICING_ADJUSTMENT
MA00001374,LN00010930,2025-05-31,518.77,SYNTHETIC_PRICING_ADJUSTMENT
MA00001375,LN00010931,2025-06-30,920.23,SYNTHETIC_PRICING_ADJUSTMENT
MA00001376,LN00010933,2025-08-31,1602.14,SYNTHETIC_PRICING_ADJUSTMENT
MA00001377,LN00010943,2026-06-30,106.96,SYNTHETIC_PRICING_ADJUSTMENT
MA00001378,LN00010945,2024-08-31,255.14,SYNTHETIC_PRICING_ADJUSTMENT
MA00001379,LN00010950,2025-01-31,-191.72,SYNTHETIC_PRICING_ADJUSTMENT
MA00001380,LN00010962,2026-01-31,-333.71,SYNTHETIC_PRICING_ADJUSTMENT
MA00001381,LN00010972,2024-11-30,1810.69,SYNTHETIC_PRICING_ADJUSTMENT
MA00001382,LN00010977,2025-04-30,176.74,SYNTHETIC_PRICING_ADJUSTMENT
MA00001383,LN00010979,2025-06-30,1048.24,SYNTHETIC_PRICING_ADJUSTMENT
MA00001384,LN00011000,2025-03-31,1115.35,SYNTHETIC_PRICING_ADJUSTMENT
MA00001385,LN00011011,2026-02-28,1940.33,SYNTHETIC_PRICING_ADJUSTMENT
MA00001386,LN00011015,2026-06-30,-590.18,SYNTHETIC_PRICING_ADJUSTMENT
MA00001387,LN00011022,2025-01-31,576.91,SYNTHETIC_PRICING_ADJUSTMENT
MA00001388,LN00011029,2025-08-31,1337.61,SYNTHETIC_PRICING_ADJUSTMENT
MA00001389,LN00011032,2025-11-30,-466.22,SYNTHETIC_PRICING_ADJUSTMENT
MA00001390,LN00011034,2026-01-31,731.71,SYNTHETIC_PRICING_ADJUSTMENT
MA00001391,LN00011042,2024-09-30,1438.05,SYNTHETIC_PRICING_ADJUSTMENT
MA00001392,LN00011055,2025-10-31,1710.27,SYNTHETIC_PRICING_ADJUSTMENT
MA00001393,LN00011057,2025-12-31,-64.75,SYNTHETIC_PRICING_ADJUSTMENT
MA00001394,LN00011059,2026-02-28,1033.80,SYNTHETIC_PRICING_ADJUSTMENT
MA00001395,LN00011060,2026-03-31,-564.86,SYNTHETIC_PRICING_ADJUSTMENT
MA00001396,LN00011078,2025-09-30,1553.12,SYNTHETIC_PRICING_ADJUSTMENT
MA00001397,LN00011085,2026-04-30,1677.23,SYNTHETIC_PRICING_ADJUSTMENT
MA00001398,LN00011092,2024-11-30,1823.68,SYNTHETIC_PRICING_ADJUSTMENT
MA00001399,LN00011104,2025-11-30,1246.68,SYNTHETIC_PRICING_ADJUSTMENT
MA00001400,LN00011112,2026-07-31,1762.58,SYNTHETIC_PRICING_ADJUSTMENT
MA00001401,LN00011113,2024-08-31,1509.51,SYNTHETIC_PRICING_ADJUSTMENT
MA00001402,LN00011116,2024-11-30,1099.63,SYNTHETIC_PRICING_ADJUSTMENT
MA00001403,LN00011128,2025-11-30,-564.13,SYNTHETIC_PRICING_ADJUSTMENT
MA00001404,LN00011135,2026-06-30,-150.08,SYNTHETIC_PRICING_ADJUSTMENT
MA00001405,LN00011137,2024-08-31,732.57,SYNTHETIC_PRICING_ADJUSTMENT
MA00001406,LN00011147,2025-06-30,318.28,SYNTHETIC_PRICING_ADJUSTMENT
MA00001407,LN00011150,2025-09-30,1794.79,SYNTHETIC_PRICING_ADJUSTMENT
MA00001408,LN00011155,2026-02-28,679.78,SYNTHETIC_PRICING_ADJUSTMENT
MA00001409,LN00011165,2024-12-31,744.26,SYNTHETIC_PRICING_ADJUSTMENT
MA00001410,LN00011186,2024-09-30,1070.64,SYNTHETIC_PRICING_ADJUSTMENT
MA00001411,LN00011189,2024-12-31,336.94,SYNTHETIC_PRICING_ADJUSTMENT
MA00001412,LN00011203,2026-02-28,1092.60,SYNTHETIC_PRICING_ADJUSTMENT
MA00001413,LN00011206,2026-05-31,-855.46,SYNTHETIC_PRICING_ADJUSTMENT
MA00001414,LN00011211,2024-10-31,520.47,SYNTHETIC_PRICING_ADJUSTMENT
MA00001415,LN00011213,2024-12-31,-438.85,SYNTHETIC_PRICING_ADJUSTMENT
MA00001416,LN00011236,2024-11-30,1498.50,SYNTHETIC_PRICING_ADJUSTMENT
MA00001417,LN00011238,2025-01-31,810.75,SYNTHETIC_PRICING_ADJUSTMENT
MA00001418,LN00011240,2025-03-31,-481.84,SYNTHETIC_PRICING_ADJUSTMENT
MA00001419,LN00011254,2026-05-31,827.66,SYNTHETIC_PRICING_ADJUSTMENT
MA00001420,LN00011268,2025-07-31,289.81,SYNTHETIC_PRICING_ADJUSTMENT
MA00001421,LN00011270,2025-09-30,1310.87,SYNTHETIC_PRICING_ADJUSTMENT
MA00001422,LN00011271,2025-10-31,614.30,SYNTHETIC_PRICING_ADJUSTMENT
MA00001423,LN00011273,2025-12-31,717.20,SYNTHETIC_PRICING_ADJUSTMENT
MA00001424,LN00011274,2026-01-31,-825.99,SYNTHETIC_PRICING_ADJUSTMENT
MA00001425,LN00011291,2025-06-30,436.12,SYNTHETIC_PRICING_ADJUSTMENT
MA00001426,LN00011295,2025-10-31,386.52,SYNTHETIC_PRICING_ADJUSTMENT
MA00001427,LN00011312,2025-03-31,620.50,SYNTHETIC_PRICING_ADJUSTMENT
MA00001428,LN00011327,2026-06-30,1907.15,SYNTHETIC_PRICING_ADJUSTMENT
MA00001429,LN00011337,2025-04-30,235.46,SYNTHETIC_PRICING_ADJUSTMENT
MA00001430,LN00011338,2025-05-31,-694.95,SYNTHETIC_PRICING_ADJUSTMENT
MA00001431,LN00011351,2026-06-30,-442.69,SYNTHETIC_PRICING_ADJUSTMENT
MA00001432,LN00011353,2024-08-31,436.02,SYNTHETIC_PRICING_ADJUSTMENT
MA00001433,LN00011354,2024-09-30,314.87,SYNTHETIC_PRICING_ADJUSTMENT
MA00001434,LN00011362,2025-05-31,140.98,SYNTHETIC_PRICING_ADJUSTMENT
MA00001435,LN00011371,2026-02-28,1032.07,SYNTHETIC_PRICING_ADJUSTMENT
MA00001436,LN00011377,2024-08-31,735.47,SYNTHETIC_PRICING_ADJUSTMENT
MA00001437,LN00011408,2025-03-31,1767.89,SYNTHETIC_PRICING_ADJUSTMENT
MA00001438,LN00011422,2026-05-31,570.25,SYNTHETIC_PRICING_ADJUSTMENT
MA00001439,LN00011424,2026-07-31,-119.00,SYNTHETIC_PRICING_ADJUSTMENT
MA00001440,LN00011425,2024-08-31,525.12,SYNTHETIC_PRICING_ADJUSTMENT
MA00001441,LN00011429,2024-12-31,-787.36,SYNTHETIC_PRICING_ADJUSTMENT
MA00001442,LN00011443,2026-02-28,543.23,SYNTHETIC_PRICING_ADJUSTMENT
MA00001443,LN00011445,2026-04-30,1070.86,SYNTHETIC_PRICING_ADJUSTMENT
MA00001444,LN00011446,2026-05-31,1985.45,SYNTHETIC_PRICING_ADJUSTMENT
MA00001445,LN00011481,2025-04-30,-347.27,SYNTHETIC_PRICING_ADJUSTMENT
MA00001446,LN00011483,2025-06-30,-243.07,SYNTHETIC_PRICING_ADJUSTMENT
MA00001447,LN00011511,2025-10-31,1888.64,SYNTHETIC_PRICING_ADJUSTMENT
MA00001448,LN00011519,2026-06-30,1487.78,SYNTHETIC_PRICING_ADJUSTMENT
MA00001449,LN00011527,2025-02-28,531.87,SYNTHETIC_PRICING_ADJUSTMENT
MA00001450,LN00011528,2025-03-31,1136.96,SYNTHETIC_PRICING_ADJUSTMENT
MA00001451,LN00011529,2025-04-30,560.57,SYNTHETIC_PRICING_ADJUSTMENT
MA00001452,LN00011536,2025-11-30,-659.88,SYNTHETIC_PRICING_ADJUSTMENT
MA00001453,LN00011537,2025-12-31,-106.69,SYNTHETIC_PRICING_ADJUSTMENT
MA00001454,LN00011558,2025-09-30,337.05,SYNTHETIC_PRICING_ADJUSTMENT
MA00001455,LN00011599,2025-02-28,-993.84,SYNTHETIC_PRICING_ADJUSTMENT
MA00001456,LN00011603,2025-06-30,-807.96,SYNTHETIC_PRICING_ADJUSTMENT
MA00001457,LN00011617,2024-08-31,697.45,SYNTHETIC_PRICING_ADJUSTMENT
MA00001458,LN00011626,2025-05-31,1886.51,SYNTHETIC_PRICING_ADJUSTMENT
MA00001459,LN00011642,2024-09-30,-659.47,SYNTHETIC_PRICING_ADJUSTMENT
MA00001460,LN00011664,2026-07-31,1940.44,SYNTHETIC_PRICING_ADJUSTMENT
MA00001461,LN00011673,2025-04-30,526.71,SYNTHETIC_PRICING_ADJUSTMENT
MA00001462,LN00011683,2026-02-28,556.63,SYNTHETIC_PRICING_ADJUSTMENT
MA00001463,LN00011687,2026-06-30,65.32,SYNTHETIC_PRICING_ADJUSTMENT
MA00001464,LN00011688,2026-07-31,-638.49,SYNTHETIC_PRICING_ADJUSTMENT
MA00001465,LN00011689,2024-08-31,-105.24,SYNTHETIC_PRICING_ADJUSTMENT
MA00001466,LN00011691,2024-10-31,-589.07,SYNTHETIC_PRICING_ADJUSTMENT
MA00001467,LN00011698,2025-05-31,-502.01,SYNTHETIC_PRICING_ADJUSTMENT
MA00001468,LN00011708,2026-03-31,-767.22,SYNTHETIC_PRICING_ADJUSTMENT
MA00001469,LN00011710,2026-05-31,-58.24,SYNTHETIC_PRICING_ADJUSTMENT
MA00001470,LN00011711,2026-06-30,-371.70,SYNTHETIC_PRICING_ADJUSTMENT
MA00001471,LN00011716,2024-11-30,102.35,SYNTHETIC_PRICING_ADJUSTMENT
MA00001472,LN00011720,2025-03-31,-771.18,SYNTHETIC_PRICING_ADJUSTMENT
MA00001473,LN00011731,2026-02-28,-718.38,SYNTHETIC_PRICING_ADJUSTMENT
MA00001474,LN00011737,2024-08-31,1416.51,SYNTHETIC_PRICING_ADJUSTMENT
MA00001475,LN00011746,2025-05-31,1456.65,SYNTHETIC_PRICING_ADJUSTMENT
MA00001476,LN00011748,2025-07-31,856.73,SYNTHETIC_PRICING_ADJUSTMENT
MA00001477,LN00011762,2024-09-30,1689.57,SYNTHETIC_PRICING_ADJUSTMENT
MA00001478,LN00011764,2024-11-30,1502.76,SYNTHETIC_PRICING_ADJUSTMENT
MA00001479,LN00011779,2026-02-28,-565.89,SYNTHETIC_PRICING_ADJUSTMENT
MA00001480,LN00011784,2026-07-31,1835.30,SYNTHETIC_PRICING_ADJUSTMENT
MA00001481,LN00011811,2024-10-31,1916.40,SYNTHETIC_PRICING_ADJUSTMENT
MA00001482,LN00011825,2025-12-31,-533.22,SYNTHETIC_PRICING_ADJUSTMENT
MA00001483,LN00011843,2025-06-30,-592.77,SYNTHETIC_PRICING_ADJUSTMENT
MA00001484,LN00011845,2025-08-31,1658.03,SYNTHETIC_PRICING_ADJUSTMENT
MA00001485,LN00011852,2026-03-31,640.92,SYNTHETIC_PRICING_ADJUSTMENT
MA00001486,LN00011864,2025-03-31,384.74,SYNTHETIC_PRICING_ADJUSTMENT
MA00001487,LN00011865,2025-04-30,1140.72,SYNTHETIC_PRICING_ADJUSTMENT
MA00001488,LN00011875,2026-02-28,1238.59,SYNTHETIC_PRICING_ADJUSTMENT
MA00001489,LN00011885,2024-12-31,637.76,SYNTHETIC_PRICING_ADJUSTMENT
MA00001490,LN00011887,2025-02-28,1214.07,SYNTHETIC_PRICING_ADJUSTMENT
MA00001491,LN00011892,2025-07-31,1607.47,SYNTHETIC_PRICING_ADJUSTMENT
MA00001492,LN00011916,2025-07-31,-430.60,SYNTHETIC_PRICING_ADJUSTMENT
MA00001493,LN00011917,2025-08-31,909.10,SYNTHETIC_PRICING_ADJUSTMENT
MA00001494,LN00011919,2025-10-31,-705.86,SYNTHETIC_PRICING_ADJUSTMENT
MA00001495,LN00011941,2025-08-31,-729.31,SYNTHETIC_PRICING_ADJUSTMENT
MA00001496,LN00011942,2025-09-30,1359.61,SYNTHETIC_PRICING_ADJUSTMENT
MA00001497,LN00011945,2025-12-31,1688.56,SYNTHETIC_PRICING_ADJUSTMENT
MA00001498,LN00011966,2025-09-30,66.56,SYNTHETIC_PRICING_ADJUSTMENT
MA00001499,LN00011978,2024-09-30,1935.57,SYNTHETIC_PRICING_ADJUSTMENT
MA00001500,LN00011983,2025-02-28,745.08,SYNTHETIC_PRICING_ADJUSTMENT
MA00001501,LN00011995,2026-02-28,1176.14,SYNTHETIC_PRICING_ADJUSTMENT
MA00001502,LN00011999,2026-06-30,1647.02,SYNTHETIC_PRICING_ADJUSTMENT
MA00001503,LN00012001,2024-08-31,1540.21,SYNTHETIC_PRICING_ADJUSTMENT
MA00001504,LN00012012,2025-07-31,403.27,SYNTHETIC_PRICING_ADJUSTMENT
MA00001505,LN00012024,2026-07-31,-411.48,SYNTHETIC_PRICING_ADJUSTMENT
MA00001506,LN00012037,2025-08-31,125.89,SYNTHETIC_PRICING_ADJUSTMENT
MA00001507,LN00012048,2026-07-31,1145.33,SYNTHETIC_PRICING_ADJUSTMENT
MA00001508,LN00012066,2026-01-31,1321.31,SYNTHETIC_PRICING_ADJUSTMENT
MA00001509,LN00012073,2024-08-31,677.70,SYNTHETIC_PRICING_ADJUSTMENT
MA00001510,LN00012077,2024-12-31,812.80,SYNTHETIC_PRICING_ADJUSTMENT
MA00001511,LN00012080,2025-03-31,-387.16,SYNTHETIC_PRICING_ADJUSTMENT
MA00001512,LN00012082,2025-05-31,530.83,SYNTHETIC_PRICING_ADJUSTMENT
MA00001513,LN00012108,2025-07-31,-322.67,SYNTHETIC_PRICING_ADJUSTMENT
MA00001514,LN00012111,2025-10-31,157.14,SYNTHETIC_PRICING_ADJUSTMENT
MA00001515,LN00012119,2026-06-30,-299.99,SYNTHETIC_PRICING_ADJUSTMENT
MA00001516,LN00012120,2026-07-31,635.01,SYNTHETIC_PRICING_ADJUSTMENT
MA00001517,LN00012124,2024-11-30,743.75,SYNTHETIC_PRICING_ADJUSTMENT
MA00001518,LN00012130,2025-05-31,1100.39,SYNTHETIC_PRICING_ADJUSTMENT
MA00001519,LN00012132,2025-07-31,-276.85,SYNTHETIC_PRICING_ADJUSTMENT
MA00001520,LN00012134,2025-09-30,-12.88,SYNTHETIC_PRICING_ADJUSTMENT
MA00001521,LN00012142,2026-05-31,-278.35,SYNTHETIC_PRICING_ADJUSTMENT
MA00001522,LN00012143,2026-06-30,1314.55,SYNTHETIC_PRICING_ADJUSTMENT
MA00001523,LN00012150,2025-01-31,948.52,SYNTHETIC_PRICING_ADJUSTMENT
MA00001524,LN00012156,2025-07-31,-192.53,SYNTHETIC_PRICING_ADJUSTMENT
MA00001525,LN00012158,2025-09-30,462.90,SYNTHETIC_PRICING_ADJUSTMENT
MA00001526,LN00012161,2025-12-31,-685.22,SYNTHETIC_PRICING_ADJUSTMENT
MA00001527,LN00012165,2026-04-30,395.66,SYNTHETIC_PRICING_ADJUSTMENT
MA00001528,LN00012182,2025-09-30,1939.91,SYNTHETIC_PRICING_ADJUSTMENT
MA00001529,LN00012185,2025-12-31,-14.64,SYNTHETIC_PRICING_ADJUSTMENT
MA00001530,LN00012193,2024-08-31,1277.00,SYNTHETIC_PRICING_ADJUSTMENT
MA00001531,LN00012198,2025-01-31,1195.11,SYNTHETIC_PRICING_ADJUSTMENT
MA00001532,LN00012208,2025-11-30,-591.13,SYNTHETIC_PRICING_ADJUSTMENT
MA00001533,LN00012212,2026-03-31,-254.93,SYNTHETIC_PRICING_ADJUSTMENT
MA00001534,LN00012231,2025-10-31,1782.09,SYNTHETIC_PRICING_ADJUSTMENT
MA00001535,LN00012233,2025-12-31,-492.72,SYNTHETIC_PRICING_ADJUSTMENT
MA00001536,LN00012253,2025-08-31,1109.14,SYNTHETIC_PRICING_ADJUSTMENT
MA00001537,LN00012254,2025-09-30,148.91,SYNTHETIC_PRICING_ADJUSTMENT
MA00001538,LN00012257,2025-12-31,-57.58,SYNTHETIC_PRICING_ADJUSTMENT
MA00001539,LN00012260,2026-03-31,-280.42,SYNTHETIC_PRICING_ADJUSTMENT
MA00001540,LN00012275,2025-06-30,763.20,SYNTHETIC_PRICING_ADJUSTMENT
MA00001541,LN00012284,2026-03-31,119.88,SYNTHETIC_PRICING_ADJUSTMENT
MA00001542,LN00012286,2026-05-31,628.44,SYNTHETIC_PRICING_ADJUSTMENT
MA00001543,LN00012304,2025-11-30,133.47,SYNTHETIC_PRICING_ADJUSTMENT
MA00001544,LN00012310,2026-05-31,1964.41,SYNTHETIC_PRICING_ADJUSTMENT
MA00001545,LN00012315,2024-10-31,1991.62,SYNTHETIC_PRICING_ADJUSTMENT
MA00001546,LN00012318,2025-01-31,516.73,SYNTHETIC_PRICING_ADJUSTMENT
MA00001547,LN00012320,2025-03-31,-270.49,SYNTHETIC_PRICING_ADJUSTMENT
MA00001548,LN00012328,2025-11-30,-918.55,SYNTHETIC_PRICING_ADJUSTMENT
MA00001549,LN00012329,2025-12-31,262.44,SYNTHETIC_PRICING_ADJUSTMENT
MA00001550,LN00012339,2024-10-31,1829.60,SYNTHETIC_PRICING_ADJUSTMENT
MA00001551,LN00012354,2026-01-31,-91.78,SYNTHETIC_PRICING_ADJUSTMENT
MA00001552,LN00012356,2026-03-31,991.31,SYNTHETIC_PRICING_ADJUSTMENT
MA00001553,LN00012367,2025-02-28,132.85,SYNTHETIC_PRICING_ADJUSTMENT
MA00001554,LN00012369,2025-04-30,843.42,SYNTHETIC_PRICING_ADJUSTMENT
MA00001555,LN00012374,2025-09-30,1765.55,SYNTHETIC_PRICING_ADJUSTMENT
MA00001556,LN00012388,2024-11-30,1061.26,SYNTHETIC_PRICING_ADJUSTMENT
MA00001557,LN00012390,2025-01-31,-368.50,SYNTHETIC_PRICING_ADJUSTMENT
MA00001558,LN00012396,2025-07-31,-553.49,SYNTHETIC_PRICING_ADJUSTMENT
MA00001559,LN00012397,2025-08-31,1692.31,SYNTHETIC_PRICING_ADJUSTMENT
MA00001560,LN00012402,2026-01-31,-974.62,SYNTHETIC_PRICING_ADJUSTMENT
MA00001561,LN00012443,2025-06-30,-211.59,SYNTHETIC_PRICING_ADJUSTMENT
MA00001562,LN00012445,2025-08-31,-367.11,SYNTHETIC_PRICING_ADJUSTMENT
MA00001563,LN00012449,2025-12-31,-18.74,SYNTHETIC_PRICING_ADJUSTMENT
MA00001564,LN00012453,2026-04-30,-867.46,SYNTHETIC_PRICING_ADJUSTMENT
MA00001565,LN00012473,2025-12-31,1894.95,SYNTHETIC_PRICING_ADJUSTMENT
MA00001566,LN00012475,2026-02-28,-193.55,SYNTHETIC_PRICING_ADJUSTMENT
MA00001567,LN00012476,2026-03-31,-119.01,SYNTHETIC_PRICING_ADJUSTMENT
MA00001568,LN00012483,2024-10-31,20.23,SYNTHETIC_PRICING_ADJUSTMENT
MA00001569,LN00012498,2026-01-31,598.94,SYNTHETIC_PRICING_ADJUSTMENT
MA00001570,LN00012515,2025-06-30,-319.01,SYNTHETIC_PRICING_ADJUSTMENT
MA00001571,LN00012523,2026-02-28,1876.43,SYNTHETIC_PRICING_ADJUSTMENT
MA00001572,LN00012539,2025-06-30,806.49,SYNTHETIC_PRICING_ADJUSTMENT
MA00001573,LN00012554,2024-09-30,1279.64,SYNTHETIC_PRICING_ADJUSTMENT
MA00001574,LN00012559,2025-02-28,-203.58,SYNTHETIC_PRICING_ADJUSTMENT
MA00001575,LN00012561,2025-04-30,1704.33,SYNTHETIC_PRICING_ADJUSTMENT
MA00001576,LN00012575,2026-06-30,1219.30,SYNTHETIC_PRICING_ADJUSTMENT
MA00001577,LN00012578,2024-09-30,1934.27,SYNTHETIC_PRICING_ADJUSTMENT
MA00001578,LN00012593,2025-12-31,590.59,SYNTHETIC_PRICING_ADJUSTMENT
MA00001579,LN00012594,2026-01-31,867.72,SYNTHETIC_PRICING_ADJUSTMENT
MA00001580,LN00012597,2026-04-30,1895.48,SYNTHETIC_PRICING_ADJUSTMENT
MA00001581,LN00012599,2026-06-30,-845.85,SYNTHETIC_PRICING_ADJUSTMENT
MA00001582,LN00012611,2025-06-30,1884.54,SYNTHETIC_PRICING_ADJUSTMENT
MA00001583,LN00012612,2025-07-31,1635.02,SYNTHETIC_PRICING_ADJUSTMENT
MA00001584,LN00012615,2025-10-31,-242.50,SYNTHETIC_PRICING_ADJUSTMENT
MA00001585,LN00012616,2025-11-30,692.98,SYNTHETIC_PRICING_ADJUSTMENT
MA00001586,LN00012619,2026-02-28,1999.14,SYNTHETIC_PRICING_ADJUSTMENT
MA00001587,LN00012627,2024-10-31,1343.63,SYNTHETIC_PRICING_ADJUSTMENT
MA00001588,LN00012631,2025-02-28,-862.61,SYNTHETIC_PRICING_ADJUSTMENT
MA00001589,LN00012639,2025-10-31,-549.94,SYNTHETIC_PRICING_ADJUSTMENT
MA00001590,LN00012644,2026-03-31,-989.13,SYNTHETIC_PRICING_ADJUSTMENT
MA00001591,LN00012654,2025-01-31,-155.44,SYNTHETIC_PRICING_ADJUSTMENT
MA00001592,LN00012657,2025-04-30,-79.49,SYNTHETIC_PRICING_ADJUSTMENT
MA00001593,LN00012658,2025-05-31,746.90,SYNTHETIC_PRICING_ADJUSTMENT
MA00001594,LN00012682,2025-05-31,-926.13,SYNTHETIC_PRICING_ADJUSTMENT
MA00001595,LN00012690,2026-01-31,-217.52,SYNTHETIC_PRICING_ADJUSTMENT
MA00001596,LN00012691,2026-02-28,1566.80,SYNTHETIC_PRICING_ADJUSTMENT
MA00001597,LN00012706,2025-05-31,-156.80,SYNTHETIC_PRICING_ADJUSTMENT
MA00001598,LN00012718,2026-05-31,-734.23,SYNTHETIC_PRICING_ADJUSTMENT
MA00001599,LN00012719,2026-06-30,-402.35,SYNTHETIC_PRICING_ADJUSTMENT
MA00001600,LN00012722,2024-09-30,-476.96,SYNTHETIC_PRICING_ADJUSTMENT
MA00001601,LN00012728,2025-03-31,84.00,SYNTHETIC_PRICING_ADJUSTMENT
MA00001602,LN00012738,2026-01-31,-282.73,SYNTHETIC_PRICING_ADJUSTMENT
MA00001603,LN00012763,2026-02-28,1716.01,SYNTHETIC_PRICING_ADJUSTMENT
MA00001604,LN00012773,2024-12-31,1060.84,SYNTHETIC_PRICING_ADJUSTMENT
MA00001605,LN00012780,2025-07-31,1268.45,SYNTHETIC_PRICING_ADJUSTMENT
MA00001606,LN00012791,2026-06-30,904.43,SYNTHETIC_PRICING_ADJUSTMENT
MA00001607,LN00012792,2026-07-31,-812.53,SYNTHETIC_PRICING_ADJUSTMENT
MA00001608,LN00012796,2024-11-30,272.64,SYNTHETIC_PRICING_ADJUSTMENT
MA00001609,LN00012804,2025-07-31,482.42,SYNTHETIC_PRICING_ADJUSTMENT
MA00001610,LN00012818,2024-09-30,75.04,SYNTHETIC_PRICING_ADJUSTMENT
MA00001611,LN00012822,2025-01-31,1504.03,SYNTHETIC_PRICING_ADJUSTMENT
MA00001612,LN00012827,2025-06-30,1092.82,SYNTHETIC_PRICING_ADJUSTMENT
MA00001613,LN00012839,2026-06-30,1572.86,SYNTHETIC_PRICING_ADJUSTMENT
MA00001614,LN00012841,2024-08-31,48.01,SYNTHETIC_PRICING_ADJUSTMENT
MA00001615,LN00012851,2025-06-30,1446.21,SYNTHETIC_PRICING_ADJUSTMENT
MA00001616,LN00012852,2025-07-31,-893.64,SYNTHETIC_PRICING_ADJUSTMENT
MA00001617,LN00012866,2024-09-30,-230.29,SYNTHETIC_PRICING_ADJUSTMENT
MA00001618,LN00012869,2024-12-31,1279.22,SYNTHETIC_PRICING_ADJUSTMENT
MA00001619,LN00012870,2025-01-31,1652.35,SYNTHETIC_PRICING_ADJUSTMENT
MA00001620,LN00012878,2025-09-30,245.14,SYNTHETIC_PRICING_ADJUSTMENT
MA00001621,LN00012894,2025-01-31,-329.99,SYNTHETIC_PRICING_ADJUSTMENT
MA00001622,LN00012900,2025-07-31,1637.10,SYNTHETIC_PRICING_ADJUSTMENT
MA00001623,LN00012904,2025-11-30,-122.03,SYNTHETIC_PRICING_ADJUSTMENT
MA00001624,LN00012906,2026-01-31,205.54,SYNTHETIC_PRICING_ADJUSTMENT
MA00001625,LN00012915,2024-10-31,817.94,SYNTHETIC_PRICING_ADJUSTMENT
MA00001626,LN00012929,2025-12-31,1052.17,SYNTHETIC_PRICING_ADJUSTMENT
MA00001627,LN00012931,2026-02-28,527.58,SYNTHETIC_PRICING_ADJUSTMENT
MA00001628,LN00012936,2026-07-31,1557.46,SYNTHETIC_PRICING_ADJUSTMENT
MA00001629,LN00012947,2025-06-30,504.06,SYNTHETIC_PRICING_ADJUSTMENT
MA00001630,LN00012952,2025-11-30,316.79,SYNTHETIC_PRICING_ADJUSTMENT
MA00001631,LN00012973,2025-08-31,748.27,SYNTHETIC_PRICING_ADJUSTMENT
MA00001632,LN00012976,2025-11-30,-490.23,SYNTHETIC_PRICING_ADJUSTMENT
MA00001633,LN00012978,2026-01-31,943.92,SYNTHETIC_PRICING_ADJUSTMENT
MA00001634,LN00012990,2025-01-31,1645.96,SYNTHETIC_PRICING_ADJUSTMENT
MA00001635,LN00013011,2024-10-31,1754.13,SYNTHETIC_PRICING_ADJUSTMENT
MA00001636,LN00013018,2025-05-31,790.41,SYNTHETIC_PRICING_ADJUSTMENT
MA00001637,LN00013020,2025-07-31,-533.01,SYNTHETIC_PRICING_ADJUSTMENT
MA00001638,LN00013026,2026-01-31,-591.60,SYNTHETIC_PRICING_ADJUSTMENT
MA00001639,LN00013028,2026-03-31,240.23,SYNTHETIC_PRICING_ADJUSTMENT
MA00001640,LN00013055,2026-06-30,1858.26,SYNTHETIC_PRICING_ADJUSTMENT
MA00001641,LN00013059,2024-10-31,783.80,SYNTHETIC_PRICING_ADJUSTMENT
MA00001642,LN00013073,2025-12-31,1928.27,SYNTHETIC_PRICING_ADJUSTMENT
MA00001643,LN00013077,2026-04-30,1885.87,SYNTHETIC_PRICING_ADJUSTMENT
MA00001644,LN00013080,2026-07-31,396.38,SYNTHETIC_PRICING_ADJUSTMENT
MA00001645,LN00013081,2024-08-31,1136.12,SYNTHETIC_PRICING_ADJUSTMENT
MA00001646,LN00013083,2024-10-31,1650.32,SYNTHETIC_PRICING_ADJUSTMENT
MA00001647,LN00013084,2024-11-30,-353.33,SYNTHETIC_PRICING_ADJUSTMENT
MA00001648,LN00013088,2025-03-31,813.57,SYNTHETIC_PRICING_ADJUSTMENT
MA00001649,LN00013093,2025-08-31,-66.45,SYNTHETIC_PRICING_ADJUSTMENT
MA00001650,LN00013099,2026-02-28,516.85,SYNTHETIC_PRICING_ADJUSTMENT
MA00001651,LN00013107,2024-10-31,-737.10,SYNTHETIC_PRICING_ADJUSTMENT
MA00001652,LN00013123,2026-02-28,1804.99,SYNTHETIC_PRICING_ADJUSTMENT
MA00001653,LN00013154,2024-09-30,-597.27,SYNTHETIC_PRICING_ADJUSTMENT
MA00001654,LN00013164,2025-07-31,1776.30,SYNTHETIC_PRICING_ADJUSTMENT
MA00001655,LN00013167,2025-10-31,594.78,SYNTHETIC_PRICING_ADJUSTMENT
MA00001656,LN00013169,2025-12-31,367.58,SYNTHETIC_PRICING_ADJUSTMENT
MA00001657,LN00013178,2024-09-30,1025.10,SYNTHETIC_PRICING_ADJUSTMENT
MA00001658,LN00013180,2024-11-30,275.60,SYNTHETIC_PRICING_ADJUSTMENT
MA00001659,LN00013182,2025-01-31,531.16,SYNTHETIC_PRICING_ADJUSTMENT
MA00001660,LN00013194,2026-01-31,-73.15,SYNTHETIC_PRICING_ADJUSTMENT
MA00001661,LN00013202,2024-09-30,1578.56,SYNTHETIC_PRICING_ADJUSTMENT
MA00001662,LN00013203,2024-10-31,1738.53,SYNTHETIC_PRICING_ADJUSTMENT
MA00001663,LN00013206,2025-01-31,1943.01,SYNTHETIC_PRICING_ADJUSTMENT
MA00001664,LN00013222,2026-05-31,-156.73,SYNTHETIC_PRICING_ADJUSTMENT
MA00001665,LN00013244,2026-03-31,179.31,SYNTHETIC_PRICING_ADJUSTMENT
MA00001666,LN00013247,2026-06-30,-610.17,SYNTHETIC_PRICING_ADJUSTMENT
MA00001667,LN00013249,2024-08-31,-121.49,SYNTHETIC_PRICING_ADJUSTMENT
MA00001668,LN00013256,2025-03-31,1016.22,SYNTHETIC_PRICING_ADJUSTMENT
MA00001669,LN00013282,2025-05-31,-110.51,SYNTHETIC_PRICING_ADJUSTMENT
MA00001670,LN00013283,2025-06-30,1690.98,SYNTHETIC_PRICING_ADJUSTMENT
MA00001671,LN00013284,2025-07-31,-914.25,SYNTHETIC_PRICING_ADJUSTMENT
MA00001672,LN00013301,2024-12-31,1400.13,SYNTHETIC_PRICING_ADJUSTMENT
MA00001673,LN00013304,2025-03-31,797.17,SYNTHETIC_PRICING_ADJUSTMENT
MA00001674,LN00013311,2025-10-31,403.12,SYNTHETIC_PRICING_ADJUSTMENT
MA00001675,LN00013320,2026-07-31,-596.08,SYNTHETIC_PRICING_ADJUSTMENT
MA00001676,LN00013343,2026-06-30,1856.06,SYNTHETIC_PRICING_ADJUSTMENT
MA00001677,LN00013349,2024-12-31,1630.17,SYNTHETIC_PRICING_ADJUSTMENT
MA00001678,LN00013353,2025-04-30,-957.99,SYNTHETIC_PRICING_ADJUSTMENT
MA00001679,LN00013361,2025-12-31,1942.76,SYNTHETIC_PRICING_ADJUSTMENT
MA00001680,LN00013366,2026-05-31,-0.01,SYNTHETIC_PRICING_ADJUSTMENT
MA00001681,LN00013376,2025-03-31,-752.04,SYNTHETIC_PRICING_ADJUSTMENT
MA00001682,LN00013382,2025-09-30,38.44,SYNTHETIC_PRICING_ADJUSTMENT
MA00001683,LN00013393,2024-08-31,-699.14,SYNTHETIC_PRICING_ADJUSTMENT
MA00001684,LN00013425,2025-04-30,-456.81,SYNTHETIC_PRICING_ADJUSTMENT
MA00001685,LN00013437,2026-04-30,-209.64,SYNTHETIC_PRICING_ADJUSTMENT
MA00001686,LN00013444,2024-11-30,280.40,SYNTHETIC_PRICING_ADJUSTMENT
MA00001687,LN00013454,2025-09-30,1917.33,SYNTHETIC_PRICING_ADJUSTMENT
MA00001688,LN00013455,2025-10-31,559.55,SYNTHETIC_PRICING_ADJUSTMENT
MA00001689,LN00013457,2025-12-31,1084.61,SYNTHETIC_PRICING_ADJUSTMENT
MA00001690,LN00013459,2026-02-28,-390.54,SYNTHETIC_PRICING_ADJUSTMENT
MA00001691,LN00013464,2026-07-31,324.30,SYNTHETIC_PRICING_ADJUSTMENT
MA00001692,LN00013465,2024-08-31,-85.95,SYNTHETIC_PRICING_ADJUSTMENT
MA00001693,LN00013467,2024-10-31,1796.68,SYNTHETIC_PRICING_ADJUSTMENT
MA00001694,LN00013469,2024-12-31,-538.41,SYNTHETIC_PRICING_ADJUSTMENT
MA00001695,LN00013472,2025-03-31,237.78,SYNTHETIC_PRICING_ADJUSTMENT
MA00001696,LN00013483,2026-02-28,-913.13,SYNTHETIC_PRICING_ADJUSTMENT
MA00001697,LN00013487,2026-06-30,1689.93,SYNTHETIC_PRICING_ADJUSTMENT
MA00001698,LN00013504,2025-11-30,1008.12,SYNTHETIC_PRICING_ADJUSTMENT
MA00001699,LN00013510,2026-05-31,95.72,SYNTHETIC_PRICING_ADJUSTMENT
MA00001700,LN00013511,2026-06-30,583.35,SYNTHETIC_PRICING_ADJUSTMENT
MA00001701,LN00013517,2024-12-31,1211.19,SYNTHETIC_PRICING_ADJUSTMENT
MA00001702,LN00013519,2025-02-28,1463.08,SYNTHETIC_PRICING_ADJUSTMENT
MA00001703,LN00013532,2026-03-31,-4.63,SYNTHETIC_PRICING_ADJUSTMENT
MA00001704,LN00013535,2026-06-30,784.75,SYNTHETIC_PRICING_ADJUSTMENT
MA00001705,LN00013536,2026-07-31,-939.03,SYNTHETIC_PRICING_ADJUSTMENT
MA00001706,LN00013537,2024-08-31,1396.83,SYNTHETIC_PRICING_ADJUSTMENT
MA00001707,LN00013542,2025-01-31,-194.84,SYNTHETIC_PRICING_ADJUSTMENT
MA00001708,LN00013548,2025-07-31,-806.53,SYNTHETIC_PRICING_ADJUSTMENT
MA00001709,LN00013551,2025-10-31,2.60,SYNTHETIC_PRICING_ADJUSTMENT
MA00001710,LN00013556,2026-03-31,852.25,SYNTHETIC_PRICING_ADJUSTMENT
MA00001711,LN00013583,2026-06-30,1813.23,SYNTHETIC_PRICING_ADJUSTMENT
MA00001712,LN00013588,2024-11-30,1144.03,SYNTHETIC_PRICING_ADJUSTMENT
MA00001713,LN00013595,2025-06-30,-906.90,SYNTHETIC_PRICING_ADJUSTMENT
MA00001714,LN00013608,2026-07-31,-46.00,SYNTHETIC_PRICING_ADJUSTMENT
MA00001715,LN00013615,2025-02-28,452.09,SYNTHETIC_PRICING_ADJUSTMENT
MA00001716,LN00013619,2025-06-30,1545.70,SYNTHETIC_PRICING_ADJUSTMENT
MA00001717,LN00013627,2026-02-28,1683.49,SYNTHETIC_PRICING_ADJUSTMENT
MA00001718,LN00013630,2026-05-31,-747.58,SYNTHETIC_PRICING_ADJUSTMENT
MA00001719,LN00013635,2024-10-31,684.88,SYNTHETIC_PRICING_ADJUSTMENT
MA00001720,LN00013646,2025-09-30,677.01,SYNTHETIC_PRICING_ADJUSTMENT
MA00001721,LN00013669,2025-08-31,-764.87,SYNTHETIC_PRICING_ADJUSTMENT
MA00001722,LN00013670,2025-09-30,1403.74,SYNTHETIC_PRICING_ADJUSTMENT
MA00001723,LN00013675,2026-02-28,-546.10,SYNTHETIC_PRICING_ADJUSTMENT
MA00001724,LN00013697,2025-12-31,130.99,SYNTHETIC_PRICING_ADJUSTMENT
MA00001725,LN00013698,2026-01-31,1288.16,SYNTHETIC_PRICING_ADJUSTMENT
MA00001726,LN00013699,2026-02-28,1225.83,SYNTHETIC_PRICING_ADJUSTMENT
MA00001727,LN00013701,2026-04-30,1348.80,SYNTHETIC_PRICING_ADJUSTMENT
MA00001728,LN00013702,2026-05-31,1097.73,SYNTHETIC_PRICING_ADJUSTMENT
MA00001729,LN00013704,2026-07-31,1764.77,SYNTHETIC_PRICING_ADJUSTMENT
MA00001730,LN00013706,2024-09-30,-49.04,SYNTHETIC_PRICING_ADJUSTMENT
MA00001731,LN00013708,2024-11-30,-841.92,SYNTHETIC_PRICING_ADJUSTMENT
MA00001732,LN00013709,2024-12-31,1368.19,SYNTHETIC_PRICING_ADJUSTMENT
MA00001733,LN00013714,2025-05-31,-408.97,SYNTHETIC_PRICING_ADJUSTMENT
MA00001734,LN00013728,2026-07-31,263.93,SYNTHETIC_PRICING_ADJUSTMENT
MA00001735,LN00013738,2025-05-31,1342.55,SYNTHETIC_PRICING_ADJUSTMENT
MA00001736,LN00013740,2025-07-31,1699.23,SYNTHETIC_PRICING_ADJUSTMENT
MA00001737,LN00013752,2026-07-31,1840.33,SYNTHETIC_PRICING_ADJUSTMENT
MA00001738,LN00013755,2024-10-31,604.54,SYNTHETIC_PRICING_ADJUSTMENT
MA00001739,LN00013756,2024-11-30,1718.54,SYNTHETIC_PRICING_ADJUSTMENT
MA00001740,LN00013765,2025-08-31,1373.33,SYNTHETIC_PRICING_ADJUSTMENT
MA00001741,LN00013769,2025-12-31,1417.01,SYNTHETIC_PRICING_ADJUSTMENT
MA00001742,LN00013770,2026-01-31,951.65,SYNTHETIC_PRICING_ADJUSTMENT
MA00001743,LN00013773,2026-04-30,-422.22,SYNTHETIC_PRICING_ADJUSTMENT
MA00001744,LN00013790,2025-09-30,-939.39,SYNTHETIC_PRICING_ADJUSTMENT
MA00001745,LN00013803,2024-10-31,40.70,SYNTHETIC_PRICING_ADJUSTMENT
MA00001746,LN00013804,2024-11-30,-316.65,SYNTHETIC_PRICING_ADJUSTMENT
MA00001747,LN00013807,2025-02-28,-937.64,SYNTHETIC_PRICING_ADJUSTMENT
MA00001748,LN00013811,2025-06-30,-475.40,SYNTHETIC_PRICING_ADJUSTMENT
MA00001749,LN00013814,2025-09-30,-223.39,SYNTHETIC_PRICING_ADJUSTMENT
MA00001750,LN00013824,2026-07-31,1142.20,SYNTHETIC_PRICING_ADJUSTMENT
MA00001751,LN00013836,2025-07-31,-866.35,SYNTHETIC_PRICING_ADJUSTMENT
MA00001752,LN00013840,2025-11-30,1763.63,SYNTHETIC_PRICING_ADJUSTMENT
MA00001753,LN00013847,2026-06-30,-347.23,SYNTHETIC_PRICING_ADJUSTMENT
MA00001754,LN00013848,2026-07-31,357.69,SYNTHETIC_PRICING_ADJUSTMENT
MA00001755,LN00013852,2024-11-30,-966.56,SYNTHETIC_PRICING_ADJUSTMENT
MA00001756,LN00013857,2025-04-30,-577.94,SYNTHETIC_PRICING_ADJUSTMENT
MA00001757,LN00013869,2026-04-30,791.84,SYNTHETIC_PRICING_ADJUSTMENT
MA00001758,LN00013879,2025-02-28,1335.03,SYNTHETIC_PRICING_ADJUSTMENT
MA00001759,LN00013880,2025-03-31,-692.01,SYNTHETIC_PRICING_ADJUSTMENT
MA00001760,LN00013888,2025-11-30,667.05,SYNTHETIC_PRICING_ADJUSTMENT
MA00001761,LN00013911,2025-10-31,1507.55,SYNTHETIC_PRICING_ADJUSTMENT
MA00001762,LN00013914,2026-01-31,895.85,SYNTHETIC_PRICING_ADJUSTMENT
MA00001763,LN00013923,2024-10-31,89.61,SYNTHETIC_PRICING_ADJUSTMENT
MA00001764,LN00013942,2026-05-31,1687.81,SYNTHETIC_PRICING_ADJUSTMENT
MA00001765,LN00013957,2025-08-31,902.95,SYNTHETIC_PRICING_ADJUSTMENT
MA00001766,LN00013980,2025-07-31,-53.13,SYNTHETIC_PRICING_ADJUSTMENT
MA00001767,LN00013984,2025-11-30,1584.27,SYNTHETIC_PRICING_ADJUSTMENT
MA00001768,LN00013988,2026-03-31,1447.97,SYNTHETIC_PRICING_ADJUSTMENT
MA00001769,LN00013990,2026-05-31,-235.11,SYNTHETIC_PRICING_ADJUSTMENT
MA00001770,LN00014001,2025-04-30,244.63,SYNTHETIC_PRICING_ADJUSTMENT
MA00001771,LN00014005,2025-08-31,1325.81,SYNTHETIC_PRICING_ADJUSTMENT
MA00001772,LN00014012,2026-03-31,527.91,SYNTHETIC_PRICING_ADJUSTMENT
MA00001773,LN00014018,2024-09-30,-82.33,SYNTHETIC_PRICING_ADJUSTMENT
MA00001774,LN00014028,2025-07-31,-149.86,SYNTHETIC_PRICING_ADJUSTMENT
MA00001775,LN00014034,2026-01-31,-784.50,SYNTHETIC_PRICING_ADJUSTMENT
MA00001776,LN00014053,2025-08-31,-868.57,SYNTHETIC_PRICING_ADJUSTMENT
MA00001777,LN00014066,2024-09-30,418.37,SYNTHETIC_PRICING_ADJUSTMENT
MA00001778,LN00014079,2025-10-31,-902.08,SYNTHETIC_PRICING_ADJUSTMENT
MA00001779,LN00014085,2026-04-30,767.03,SYNTHETIC_PRICING_ADJUSTMENT
MA00001780,LN00014093,2024-12-31,7.20,SYNTHETIC_PRICING_ADJUSTMENT
MA00001781,LN00014098,2025-05-31,105.99,SYNTHETIC_PRICING_ADJUSTMENT
MA00001782,LN00014104,2025-11-30,1313.43,SYNTHETIC_PRICING_ADJUSTMENT
MA00001783,LN00014112,2026-07-31,1302.45,SYNTHETIC_PRICING_ADJUSTMENT
MA00001784,LN00014116,2024-11-30,1145.05,SYNTHETIC_PRICING_ADJUSTMENT
MA00001785,LN00014123,2025-06-30,595.77,SYNTHETIC_PRICING_ADJUSTMENT
MA00001786,LN00014134,2026-05-31,1425.25,SYNTHETIC_PRICING_ADJUSTMENT
MA00001787,LN00014140,2024-11-30,1918.93,SYNTHETIC_PRICING_ADJUSTMENT
MA00001788,LN00014153,2025-12-31,1291.95,SYNTHETIC_PRICING_ADJUSTMENT
MA00001789,LN00014158,2026-05-31,1309.85,SYNTHETIC_PRICING_ADJUSTMENT
MA00001790,LN00014164,2024-11-30,1856.30,SYNTHETIC_PRICING_ADJUSTMENT
MA00001791,LN00014166,2025-01-31,850.84,SYNTHETIC_PRICING_ADJUSTMENT
MA00001792,LN00014195,2025-06-30,-323.87,SYNTHETIC_PRICING_ADJUSTMENT
MA00001793,LN00014201,2025-12-31,625.98,SYNTHETIC_PRICING_ADJUSTMENT
MA00001794,LN00014206,2026-05-31,-534.56,SYNTHETIC_PRICING_ADJUSTMENT
MA00001795,LN00014209,2024-08-31,-294.49,SYNTHETIC_PRICING_ADJUSTMENT
MA00001796,LN00014215,2025-02-28,179.28,SYNTHETIC_PRICING_ADJUSTMENT
MA00001797,LN00014220,2025-07-31,1771.75,SYNTHETIC_PRICING_ADJUSTMENT
MA00001798,LN00014223,2025-10-31,-837.99,SYNTHETIC_PRICING_ADJUSTMENT
MA00001799,LN00014242,2025-05-31,1010.95,SYNTHETIC_PRICING_ADJUSTMENT
MA00001800,LN00014244,2025-07-31,-98.22,SYNTHETIC_PRICING_ADJUSTMENT
MA00001801,LN00014254,2026-05-31,1486.97,SYNTHETIC_PRICING_ADJUSTMENT
MA00001802,LN00014270,2025-09-30,1207.19,SYNTHETIC_PRICING_ADJUSTMENT
MA00001803,LN00014277,2026-04-30,216.19,SYNTHETIC_PRICING_ADJUSTMENT
MA00001804,LN00014288,2025-03-31,-49.28,SYNTHETIC_PRICING_ADJUSTMENT
MA00001805,LN00014293,2025-08-31,1244.84,SYNTHETIC_PRICING_ADJUSTMENT
MA00001806,LN00014298,2026-01-31,267.47,SYNTHETIC_PRICING_ADJUSTMENT
MA00001807,LN00014325,2026-04-30,1484.95,SYNTHETIC_PRICING_ADJUSTMENT
MA00001808,LN00014326,2026-05-31,-360.56,SYNTHETIC_PRICING_ADJUSTMENT
MA00001809,LN00014331,2024-10-31,765.14,SYNTHETIC_PRICING_ADJUSTMENT
MA00001810,LN00014337,2025-04-30,190.60,SYNTHETIC_PRICING_ADJUSTMENT
MA00001811,LN00014344,2025-11-30,1583.11,SYNTHETIC_PRICING_ADJUSTMENT
MA00001812,LN00014348,2026-03-31,360.23,SYNTHETIC_PRICING_ADJUSTMENT
MA00001813,LN00014353,2024-08-31,614.07,SYNTHETIC_PRICING_ADJUSTMENT
MA00001814,LN00014356,2024-11-30,1420.05,SYNTHETIC_PRICING_ADJUSTMENT
MA00001815,LN00014364,2025-07-31,-669.79,SYNTHETIC_PRICING_ADJUSTMENT
MA00001816,LN00014369,2025-12-31,1578.56,SYNTHETIC_PRICING_ADJUSTMENT
MA00001817,LN00014370,2026-01-31,-741.85,SYNTHETIC_PRICING_ADJUSTMENT
MA00001818,LN00014376,2026-07-31,-171.66,SYNTHETIC_PRICING_ADJUSTMENT
MA00001819,LN00014385,2025-04-30,-392.07,SYNTHETIC_PRICING_ADJUSTMENT
MA00001820,LN00014386,2025-05-31,1211.84,SYNTHETIC_PRICING_ADJUSTMENT
MA00001821,LN00014389,2025-08-31,29.84,SYNTHETIC_PRICING_ADJUSTMENT
MA00001822,LN00014401,2024-08-31,984.17,SYNTHETIC_PRICING_ADJUSTMENT
MA00001823,LN00014408,2025-03-31,524.05,SYNTHETIC_PRICING_ADJUSTMENT
MA00001824,LN00014410,2025-05-31,-538.55,SYNTHETIC_PRICING_ADJUSTMENT
MA00001825,LN00014417,2025-12-31,-979.70,SYNTHETIC_PRICING_ADJUSTMENT
MA00001826,LN00014427,2024-10-31,-638.04,SYNTHETIC_PRICING_ADJUSTMENT
MA00001827,LN00014433,2025-04-30,-759.31,SYNTHETIC_PRICING_ADJUSTMENT
MA00001828,LN00014443,2026-02-28,-402.26,SYNTHETIC_PRICING_ADJUSTMENT
MA00001829,LN00014456,2025-03-31,-682.22,SYNTHETIC_PRICING_ADJUSTMENT
MA00001830,LN00014459,2025-06-30,-799.31,SYNTHETIC_PRICING_ADJUSTMENT
MA00001831,LN00014478,2025-01-31,-399.85,SYNTHETIC_PRICING_ADJUSTMENT
MA00001832,LN00014481,2025-04-30,547.10,SYNTHETIC_PRICING_ADJUSTMENT
MA00001833,LN00014483,2025-06-30,1676.48,SYNTHETIC_PRICING_ADJUSTMENT
MA00001834,LN00014488,2025-11-30,1534.86,SYNTHETIC_PRICING_ADJUSTMENT
MA00001835,LN00014516,2026-03-31,1338.43,SYNTHETIC_PRICING_ADJUSTMENT
MA00001836,LN00014522,2024-09-30,-17.85,SYNTHETIC_PRICING_ADJUSTMENT
MA00001837,LN00014545,2024-08-31,-500.67,SYNTHETIC_PRICING_ADJUSTMENT
MA00001838,LN00014552,2025-03-31,1792.72,SYNTHETIC_PRICING_ADJUSTMENT
MA00001839,LN00014571,2024-10-31,756.62,SYNTHETIC_PRICING_ADJUSTMENT
MA00001840,LN00014577,2025-04-30,204.56,SYNTHETIC_PRICING_ADJUSTMENT
MA00001841,LN00014581,2025-08-31,-76.67,SYNTHETIC_PRICING_ADJUSTMENT
MA00001842,LN00014582,2025-09-30,845.53,SYNTHETIC_PRICING_ADJUSTMENT
MA00001843,LN00014586,2026-01-31,-360.78,SYNTHETIC_PRICING_ADJUSTMENT
MA00001844,LN00014607,2025-10-31,-468.04,SYNTHETIC_PRICING_ADJUSTMENT
MA00001845,LN00014632,2025-11-30,893.03,SYNTHETIC_PRICING_ADJUSTMENT
MA00001846,LN00014636,2026-03-31,1333.08,SYNTHETIC_PRICING_ADJUSTMENT
MA00001847,LN00014640,2026-07-31,115.12,SYNTHETIC_PRICING_ADJUSTMENT
MA00001848,LN00014643,2024-10-31,-443.01,SYNTHETIC_PRICING_ADJUSTMENT
MA00001849,LN00014654,2025-09-30,604.89,SYNTHETIC_PRICING_ADJUSTMENT
MA00001850,LN00014655,2025-10-31,-259.16,SYNTHETIC_PRICING_ADJUSTMENT
MA00001851,LN00014658,2026-01-31,168.59,SYNTHETIC_PRICING_ADJUSTMENT
MA00001852,LN00014659,2026-02-28,-121.11,SYNTHETIC_PRICING_ADJUSTMENT
MA00001853,LN00014662,2026-05-31,1545.73,SYNTHETIC_PRICING_ADJUSTMENT
MA00001854,LN00014667,2024-10-31,1812.54,SYNTHETIC_PRICING_ADJUSTMENT
MA00001855,LN00014672,2025-03-31,-800.98,SYNTHETIC_PRICING_ADJUSTMENT
MA00001856,LN00014693,2024-12-31,586.06,SYNTHETIC_PRICING_ADJUSTMENT
MA00001857,LN00014695,2025-02-28,-928.47,SYNTHETIC_PRICING_ADJUSTMENT
MA00001858,LN00014698,2025-05-31,-601.22,SYNTHETIC_PRICING_ADJUSTMENT
MA00001859,LN00014712,2026-07-31,-149.87,SYNTHETIC_PRICING_ADJUSTMENT
MA00001860,LN00014726,2025-09-30,-436.27,SYNTHETIC_PRICING_ADJUSTMENT
MA00001861,LN00014736,2026-07-31,1018.04,SYNTHETIC_PRICING_ADJUSTMENT
MA00001862,LN00014743,2025-02-28,1729.33,SYNTHETIC_PRICING_ADJUSTMENT
MA00001863,LN00014744,2025-03-31,1549.30,SYNTHETIC_PRICING_ADJUSTMENT
MA00001864,LN00014776,2025-11-30,-980.34,SYNTHETIC_PRICING_ADJUSTMENT
MA00001865,LN00014793,2025-04-30,921.35,SYNTHETIC_PRICING_ADJUSTMENT
MA00001866,LN00014795,2025-06-30,1804.04,SYNTHETIC_PRICING_ADJUSTMENT
MA00001867,LN00014805,2026-04-30,987.49,SYNTHETIC_PRICING_ADJUSTMENT
MA00001868,LN00014808,2026-07-31,1867.48,SYNTHETIC_PRICING_ADJUSTMENT
MA00001869,LN00014814,2025-01-31,-412.00,SYNTHETIC_PRICING_ADJUSTMENT
MA00001870,LN00014843,2025-06-30,-195.46,SYNTHETIC_PRICING_ADJUSTMENT
MA00001871,LN00014853,2026-04-30,1065.86,SYNTHETIC_PRICING_ADJUSTMENT
MA00001872,LN00014856,2026-07-31,1056.43,SYNTHETIC_PRICING_ADJUSTMENT
MA00001873,LN00014868,2025-07-31,1993.82,SYNTHETIC_PRICING_ADJUSTMENT
MA00001874,LN00014893,2025-08-31,-87.79,SYNTHETIC_PRICING_ADJUSTMENT
MA00001875,LN00014895,2025-10-31,-477.05,SYNTHETIC_PRICING_ADJUSTMENT
MA00001876,LN00014897,2025-12-31,-876.63,SYNTHETIC_PRICING_ADJUSTMENT
MA00001877,LN00014902,2026-05-31,-430.48,SYNTHETIC_PRICING_ADJUSTMENT
MA00001878,LN00014905,2024-08-31,812.94,SYNTHETIC_PRICING_ADJUSTMENT
MA00001879,LN00014907,2024-10-31,401.21,SYNTHETIC_PRICING_ADJUSTMENT
MA00001880,LN00014912,2025-03-31,787.96,SYNTHETIC_PRICING_ADJUSTMENT
MA00001881,LN00014926,2026-05-31,-271.80,SYNTHETIC_PRICING_ADJUSTMENT
MA00001882,LN00014928,2026-07-31,1549.29,SYNTHETIC_PRICING_ADJUSTMENT
MA00001883,LN00014932,2024-11-30,1535.57,SYNTHETIC_PRICING_ADJUSTMENT
MA00001884,LN00014942,2025-09-30,909.01,SYNTHETIC_PRICING_ADJUSTMENT
MA00001885,LN00014949,2026-04-30,1700.31,SYNTHETIC_PRICING_ADJUSTMENT
MA00001886,LN00014951,2026-06-30,716.68,SYNTHETIC_PRICING_ADJUSTMENT
MA00001887,LN00014953,2024-08-31,661.36,SYNTHETIC_PRICING_ADJUSTMENT
MA00001888,LN00014963,2025-06-30,1788.03,SYNTHETIC_PRICING_ADJUSTMENT
MA00001889,LN00014970,2026-01-31,-876.33,SYNTHETIC_PRICING_ADJUSTMENT
MA00001890,LN00014985,2025-04-30,634.76,SYNTHETIC_PRICING_ADJUSTMENT
MA00001891,LN00014987,2025-06-30,-481.49,SYNTHETIC_PRICING_ADJUSTMENT
MA00001892,LN00014996,2026-03-31,424.93,SYNTHETIC_PRICING_ADJUSTMENT
MA00001893,LN00014999,2026-06-30,-966.97,SYNTHETIC_PRICING_ADJUSTMENT
MA00001894,LN00015000,2026-07-31,354.86,SYNTHETIC_PRICING_ADJUSTMENT
MA00001895,LN00015020,2026-03-31,-120.01,SYNTHETIC_PRICING_ADJUSTMENT
MA00001896,LN00015028,2024-11-30,-142.62,SYNTHETIC_PRICING_ADJUSTMENT
MA00001897,LN00015030,2025-01-31,1186.85,SYNTHETIC_PRICING_ADJUSTMENT
MA00001898,LN00015040,2025-11-30,938.05,SYNTHETIC_PRICING_ADJUSTMENT
MA00001899,LN00015041,2025-12-31,528.38,SYNTHETIC_PRICING_ADJUSTMENT
MA00001900,LN00015055,2025-02-28,643.29,SYNTHETIC_PRICING_ADJUSTMENT
MA00001901,LN00015067,2026-02-28,-481.39,SYNTHETIC_PRICING_ADJUSTMENT
MA00001902,LN00015071,2026-06-30,-785.88,SYNTHETIC_PRICING_ADJUSTMENT
MA00001903,LN00015077,2024-12-31,829.79,SYNTHETIC_PRICING_ADJUSTMENT
MA00001904,LN00015078,2025-01-31,1949.97,SYNTHETIC_PRICING_ADJUSTMENT
MA00001905,LN00015088,2025-11-30,245.11,SYNTHETIC_PRICING_ADJUSTMENT
MA00001906,LN00015089,2025-12-31,-973.93,SYNTHETIC_PRICING_ADJUSTMENT
MA00001907,LN00015096,2026-07-31,-747.80,SYNTHETIC_PRICING_ADJUSTMENT
MA00001908,LN00015106,2025-05-31,1596.61,SYNTHETIC_PRICING_ADJUSTMENT
MA00001909,LN00015135,2025-10-31,-837.52,SYNTHETIC_PRICING_ADJUSTMENT
MA00001910,LN00015140,2026-03-31,-980.11,SYNTHETIC_PRICING_ADJUSTMENT
MA00001911,LN00015148,2024-11-30,1021.37,SYNTHETIC_PRICING_ADJUSTMENT
MA00001912,LN00015156,2025-07-31,-135.34,SYNTHETIC_PRICING_ADJUSTMENT
MA00001913,LN00015161,2025-12-31,1931.87,SYNTHETIC_PRICING_ADJUSTMENT
MA00001914,LN00015163,2026-02-28,-636.33,SYNTHETIC_PRICING_ADJUSTMENT
MA00001915,LN00015164,2026-03-31,139.55,SYNTHETIC_PRICING_ADJUSTMENT
MA00001916,LN00015166,2026-05-31,-181.84,SYNTHETIC_PRICING_ADJUSTMENT
MA00001917,LN00015168,2026-07-31,453.68,SYNTHETIC_PRICING_ADJUSTMENT
MA00001918,LN00015170,2024-09-30,843.65,SYNTHETIC_PRICING_ADJUSTMENT
MA00001919,LN00015186,2026-01-31,-578.87,SYNTHETIC_PRICING_ADJUSTMENT
MA00001920,LN00015188,2026-03-31,-16.15,SYNTHETIC_PRICING_ADJUSTMENT
MA00001921,LN00015191,2026-06-30,-250.17,SYNTHETIC_PRICING_ADJUSTMENT
MA00001922,LN00015192,2026-07-31,-617.20,SYNTHETIC_PRICING_ADJUSTMENT
MA00001923,LN00015196,2024-11-30,-950.14,SYNTHETIC_PRICING_ADJUSTMENT
MA00001924,LN00015207,2025-10-31,304.34,SYNTHETIC_PRICING_ADJUSTMENT
MA00001925,LN00015212,2026-03-31,1872.13,SYNTHETIC_PRICING_ADJUSTMENT
MA00001926,LN00015213,2026-04-30,851.89,SYNTHETIC_PRICING_ADJUSTMENT
MA00001927,LN00015220,2024-11-30,1950.25,SYNTHETIC_PRICING_ADJUSTMENT
MA00001928,LN00015230,2025-09-30,26.04,SYNTHETIC_PRICING_ADJUSTMENT
MA00001929,LN00015234,2026-01-31,-743.88,SYNTHETIC_PRICING_ADJUSTMENT
MA00001930,LN00015261,2026-04-30,222.14,SYNTHETIC_PRICING_ADJUSTMENT
MA00001931,LN00015265,2024-08-31,-732.37,SYNTHETIC_PRICING_ADJUSTMENT
MA00001932,LN00015268,2024-11-30,1027.86,SYNTHETIC_PRICING_ADJUSTMENT
MA00001933,LN00015271,2025-02-28,1873.28,SYNTHETIC_PRICING_ADJUSTMENT
MA00001934,LN00015273,2025-04-30,-89.50,SYNTHETIC_PRICING_ADJUSTMENT
MA00001935,LN00015278,2025-09-30,-58.11,SYNTHETIC_PRICING_ADJUSTMENT
MA00001936,LN00015280,2025-11-30,1581.94,SYNTHETIC_PRICING_ADJUSTMENT
MA00001937,LN00015292,2024-11-30,836.52,SYNTHETIC_PRICING_ADJUSTMENT
MA00001938,LN00015307,2026-02-28,1621.33,SYNTHETIC_PRICING_ADJUSTMENT
MA00001939,LN00015309,2026-04-30,-538.07,SYNTHETIC_PRICING_ADJUSTMENT
MA00001940,LN00015313,2024-08-31,585.85,SYNTHETIC_PRICING_ADJUSTMENT
MA00001941,LN00015330,2026-01-31,1420.03,SYNTHETIC_PRICING_ADJUSTMENT
MA00001942,LN00015333,2026-04-30,341.22,SYNTHETIC_PRICING_ADJUSTMENT
MA00001943,LN00015338,2024-09-30,-790.11,SYNTHETIC_PRICING_ADJUSTMENT
MA00001944,LN00015346,2025-05-31,-861.16,SYNTHETIC_PRICING_ADJUSTMENT
MA00001945,LN00015347,2025-06-30,747.95,SYNTHETIC_PRICING_ADJUSTMENT
MA00001946,LN00015355,2026-02-28,-41.53,SYNTHETIC_PRICING_ADJUSTMENT
MA00001947,LN00015365,2024-12-31,-794.46,SYNTHETIC_PRICING_ADJUSTMENT
MA00001948,LN00015366,2025-01-31,1032.71,SYNTHETIC_PRICING_ADJUSTMENT
MA00001949,LN00015370,2025-05-31,568.73,SYNTHETIC_PRICING_ADJUSTMENT
MA00001950,LN00015375,2025-10-31,-714.36,SYNTHETIC_PRICING_ADJUSTMENT
MA00001951,LN00015378,2026-01-31,-226.98,SYNTHETIC_PRICING_ADJUSTMENT
MA00001952,LN00015401,2025-12-31,1206.41,SYNTHETIC_PRICING_ADJUSTMENT
MA00001953,LN00015405,2026-04-30,1862.83,SYNTHETIC_PRICING_ADJUSTMENT
MA00001954,LN00015410,2024-09-30,1132.75,SYNTHETIC_PRICING_ADJUSTMENT
MA00001955,LN00015413,2024-12-31,573.55,SYNTHETIC_PRICING_ADJUSTMENT
MA00001956,LN00015423,2025-10-31,1947.36,SYNTHETIC_PRICING_ADJUSTMENT
MA00001957,LN00015424,2025-11-30,1767.41,SYNTHETIC_PRICING_ADJUSTMENT
MA00001958,LN00015427,2026-02-28,-495.76,SYNTHETIC_PRICING_ADJUSTMENT
MA00001959,LN00015432,2026-07-31,1888.43,SYNTHETIC_PRICING_ADJUSTMENT
MA00001960,LN00015434,2024-09-30,-64.36,SYNTHETIC_PRICING_ADJUSTMENT
MA00001961,LN00015436,2024-11-30,71.72,SYNTHETIC_PRICING_ADJUSTMENT
MA00001962,LN00015446,2025-09-30,349.49,SYNTHETIC_PRICING_ADJUSTMENT
MA00001963,LN00015455,2026-06-30,202.83,SYNTHETIC_PRICING_ADJUSTMENT
MA00001964,LN00015458,2024-09-30,328.65,SYNTHETIC_PRICING_ADJUSTMENT
MA00001965,LN00015463,2025-02-28,-74.71,SYNTHETIC_PRICING_ADJUSTMENT
MA00001966,LN00015477,2026-04-30,709.33,SYNTHETIC_PRICING_ADJUSTMENT
MA00001967,LN00015479,2026-06-30,678.09,SYNTHETIC_PRICING_ADJUSTMENT
MA00001968,LN00015481,2024-08-31,-102.55,SYNTHETIC_PRICING_ADJUSTMENT
MA00001969,LN00015482,2024-09-30,-906.86,SYNTHETIC_PRICING_ADJUSTMENT
MA00001970,LN00015491,2025-06-30,-137.14,SYNTHETIC_PRICING_ADJUSTMENT
MA00001971,LN00015500,2026-03-31,1918.39,SYNTHETIC_PRICING_ADJUSTMENT
MA00001972,LN00015510,2025-01-31,164.51,SYNTHETIC_PRICING_ADJUSTMENT
MA00001973,LN00015517,2025-08-31,-579.05,SYNTHETIC_PRICING_ADJUSTMENT
MA00001974,LN00015534,2025-01-31,-674.01,SYNTHETIC_PRICING_ADJUSTMENT
MA00001975,LN00015539,2025-06-30,53.99,SYNTHETIC_PRICING_ADJUSTMENT
MA00001976,LN00015543,2025-10-31,-884.14,SYNTHETIC_PRICING_ADJUSTMENT
MA00001977,LN00015546,2026-01-31,1120.94,SYNTHETIC_PRICING_ADJUSTMENT
MA00001978,LN00015556,2024-11-30,359.14,SYNTHETIC_PRICING_ADJUSTMENT
MA00001979,LN00015578,2024-09-30,1024.82,SYNTHETIC_PRICING_ADJUSTMENT
MA00001980,LN00015587,2025-06-30,621.67,SYNTHETIC_PRICING_ADJUSTMENT
MA00001981,LN00015588,2025-07-31,1229.79,SYNTHETIC_PRICING_ADJUSTMENT
MA00001982,LN00015603,2024-10-31,641.95,SYNTHETIC_PRICING_ADJUSTMENT
MA00001983,LN00015610,2025-05-31,1751.16,SYNTHETIC_PRICING_ADJUSTMENT
MA00001984,LN00015613,2025-08-31,-318.98,SYNTHETIC_PRICING_ADJUSTMENT
MA00001985,LN00015618,2026-01-31,-161.88,SYNTHETIC_PRICING_ADJUSTMENT
MA00001986,LN00015624,2026-07-31,1879.11,SYNTHETIC_PRICING_ADJUSTMENT
MA00001987,LN00015632,2025-03-31,-523.98,SYNTHETIC_PRICING_ADJUSTMENT
MA00001988,LN00015652,2024-11-30,-805.92,SYNTHETIC_PRICING_ADJUSTMENT
MA00001989,LN00015664,2025-11-30,-858.99,SYNTHETIC_PRICING_ADJUSTMENT
MA00001990,LN00015680,2025-03-31,1852.15,SYNTHETIC_PRICING_ADJUSTMENT
MA00001991,LN00015690,2026-01-31,-208.59,SYNTHETIC_PRICING_ADJUSTMENT
MA00001992,LN00015694,2026-05-31,1723.84,SYNTHETIC_PRICING_ADJUSTMENT
MA00001993,LN00015704,2025-03-31,-492.40,SYNTHETIC_PRICING_ADJUSTMENT
MA00001994,LN00015707,2025-06-30,867.58,SYNTHETIC_PRICING_ADJUSTMENT
MA00001995,LN00015709,2025-08-31,-849.80,SYNTHETIC_PRICING_ADJUSTMENT
MA00001996,LN00015711,2025-10-31,-768.04,SYNTHETIC_PRICING_ADJUSTMENT
MA00001997,LN00015716,2026-03-31,1322.15,SYNTHETIC_PRICING_ADJUSTMENT
MA00001998,LN00015720,2026-07-31,1729.85,SYNTHETIC_PRICING_ADJUSTMENT
MA00001999,LN00015721,2024-08-31,-694.51,SYNTHETIC_PRICING_ADJUSTMENT
MA00002000,LN00015726,2025-01-31,1974.71,SYNTHETIC_PRICING_ADJUSTMENT
MA00002001,LN00015730,2025-05-31,1009.39,SYNTHETIC_PRICING_ADJUSTMENT
MA00002002,LN00015733,2025-08-31,1769.82,SYNTHETIC_PRICING_ADJUSTMENT
MA00002003,LN00015738,2026-01-31,1690.97,SYNTHETIC_PRICING_ADJUSTMENT
MA00002004,LN00015753,2025-04-30,55.49,SYNTHETIC_PRICING_ADJUSTMENT
MA00002005,LN00015766,2026-05-31,-63.38,SYNTHETIC_PRICING_ADJUSTMENT
MA00002006,LN00015776,2025-03-31,-46.13,SYNTHETIC_PRICING_ADJUSTMENT
MA00002007,LN00015798,2025-01-31,-354.13,SYNTHETIC_PRICING_ADJUSTMENT
MA00002008,LN00015814,2026-05-31,1656.57,SYNTHETIC_PRICING_ADJUSTMENT
MA00002009,LN00015818,2024-09-30,456.81,SYNTHETIC_PRICING_ADJUSTMENT
MA00002010,LN00015833,2025-12-31,-144.71,SYNTHETIC_PRICING_ADJUSTMENT
MA00002011,LN00015843,2024-10-31,-244.69,SYNTHETIC_PRICING_ADJUSTMENT
MA00002012,LN00015854,2025-09-30,-569.62,SYNTHETIC_PRICING_ADJUSTMENT
MA00002013,LN00015862,2026-05-31,-973.20,SYNTHETIC_PRICING_ADJUSTMENT
MA00002014,LN00015868,2024-11-30,-906.70,SYNTHETIC_PRICING_ADJUSTMENT
MA00002015,LN00015874,2025-05-31,-426.98,SYNTHETIC_PRICING_ADJUSTMENT
MA00002016,LN00015875,2025-06-30,893.25,SYNTHETIC_PRICING_ADJUSTMENT
MA00002017,LN00015877,2025-08-31,1673.53,SYNTHETIC_PRICING_ADJUSTMENT
MA00002018,LN00015885,2026-04-30,1526.41,SYNTHETIC_PRICING_ADJUSTMENT
MA00002019,LN00015889,2024-08-31,1371.48,SYNTHETIC_PRICING_ADJUSTMENT
MA00002020,LN00015899,2025-06-30,1848.47,SYNTHETIC_PRICING_ADJUSTMENT
MA00002021,LN00015904,2025-11-30,648.99,SYNTHETIC_PRICING_ADJUSTMENT
MA00002022,LN00015906,2026-01-31,-83.77,SYNTHETIC_PRICING_ADJUSTMENT
MA00002023,LN00015916,2024-11-30,1124.96,SYNTHETIC_PRICING_ADJUSTMENT
MA00002024,LN00015919,2025-02-28,1409.94,SYNTHETIC_PRICING_ADJUSTMENT
MA00002025,LN00015939,2024-10-31,1011.14,SYNTHETIC_PRICING_ADJUSTMENT
MA00002026,LN00015940,2024-11-30,518.36,SYNTHETIC_PRICING_ADJUSTMENT
MA00002027,LN00015955,2026-02-28,1161.88,SYNTHETIC_PRICING_ADJUSTMENT
MA00002028,LN00015963,2024-10-31,992.71,SYNTHETIC_PRICING_ADJUSTMENT
MA00002029,LN00015972,2025-07-31,1338.25,SYNTHETIC_PRICING_ADJUSTMENT
MA00002030,LN00015979,2026-02-28,1251.10,SYNTHETIC_PRICING_ADJUSTMENT
MA00002031,LN00015982,2026-05-31,-531.75,SYNTHETIC_PRICING_ADJUSTMENT
MA00002032,LN00015986,2024-09-30,1026.28,SYNTHETIC_PRICING_ADJUSTMENT
MA00002033,LN00016003,2026-02-28,-579.44,SYNTHETIC_PRICING_ADJUSTMENT
MA00002034,LN00016014,2025-01-31,-57.05,SYNTHETIC_PRICING_ADJUSTMENT
MA00002035,LN00016023,2025-10-31,-20.66,SYNTHETIC_PRICING_ADJUSTMENT
MA00002036,LN00016030,2026-05-31,-973.00,SYNTHETIC_PRICING_ADJUSTMENT
MA00002037,LN00016035,2024-10-31,1369.78,SYNTHETIC_PRICING_ADJUSTMENT
MA00002038,LN00016040,2025-03-31,-538.22,SYNTHETIC_PRICING_ADJUSTMENT
MA00002039,LN00016047,2025-10-31,-205.86,SYNTHETIC_PRICING_ADJUSTMENT
MA00002040,LN00016048,2025-11-30,-397.69,SYNTHETIC_PRICING_ADJUSTMENT
MA00002041,LN00016052,2026-03-31,1268.88,SYNTHETIC_PRICING_ADJUSTMENT
MA00002042,LN00016065,2025-04-30,1920.47,SYNTHETIC_PRICING_ADJUSTMENT
MA00002043,LN00016075,2026-02-28,1020.77,SYNTHETIC_PRICING_ADJUSTMENT
MA00002044,LN00016082,2024-09-30,1465.87,SYNTHETIC_PRICING_ADJUSTMENT
MA00002045,LN00016084,2024-11-30,944.17,SYNTHETIC_PRICING_ADJUSTMENT
MA00002046,LN00016099,2026-02-28,963.55,SYNTHETIC_PRICING_ADJUSTMENT
MA00002047,LN00016107,2024-10-31,-375.47,SYNTHETIC_PRICING_ADJUSTMENT
MA00002048,LN00016119,2025-10-31,1004.33,SYNTHETIC_PRICING_ADJUSTMENT
MA00002049,LN00016135,2025-02-28,1032.31,SYNTHETIC_PRICING_ADJUSTMENT
MA00002050,LN00016148,2026-03-31,1347.80,SYNTHETIC_PRICING_ADJUSTMENT
MA00002051,LN00016150,2026-05-31,-181.29,SYNTHETIC_PRICING_ADJUSTMENT
MA00002052,LN00016151,2026-06-30,-661.36,SYNTHETIC_PRICING_ADJUSTMENT
MA00002053,LN00016176,2026-07-31,1526.54,SYNTHETIC_PRICING_ADJUSTMENT
MA00002054,LN00016179,2024-10-31,-395.72,SYNTHETIC_PRICING_ADJUSTMENT
MA00002055,LN00016187,2025-06-30,-509.12,SYNTHETIC_PRICING_ADJUSTMENT
MA00002056,LN00016189,2025-08-31,1173.26,SYNTHETIC_PRICING_ADJUSTMENT
MA00002057,LN00016201,2024-08-31,240.38,SYNTHETIC_PRICING_ADJUSTMENT
MA00002058,LN00016202,2024-09-30,19.95,SYNTHETIC_PRICING_ADJUSTMENT
MA00002059,LN00016204,2024-11-30,-966.51,SYNTHETIC_PRICING_ADJUSTMENT
MA00002060,LN00016208,2025-03-31,1168.90,SYNTHETIC_PRICING_ADJUSTMENT
MA00002061,LN00016218,2026-01-31,1593.33,SYNTHETIC_PRICING_ADJUSTMENT
MA00002062,LN00016221,2026-04-30,1266.19,SYNTHETIC_PRICING_ADJUSTMENT
MA00002063,LN00016229,2024-12-31,-787.04,SYNTHETIC_PRICING_ADJUSTMENT
MA00002064,LN00016232,2025-03-31,-52.48,SYNTHETIC_PRICING_ADJUSTMENT
MA00002065,LN00016237,2025-08-31,514.17,SYNTHETIC_PRICING_ADJUSTMENT
MA00002066,LN00016241,2025-12-31,-921.58,SYNTHETIC_PRICING_ADJUSTMENT
MA00002067,LN00016246,2026-05-31,-800.95,SYNTHETIC_PRICING_ADJUSTMENT
MA00002068,LN00016247,2026-06-30,738.24,SYNTHETIC_PRICING_ADJUSTMENT
MA00002069,LN00016256,2025-03-31,-197.82,SYNTHETIC_PRICING_ADJUSTMENT
MA00002070,LN00016277,2024-12-31,-668.79,SYNTHETIC_PRICING_ADJUSTMENT
MA00002071,LN00016290,2026-01-31,1270.35,SYNTHETIC_PRICING_ADJUSTMENT
MA00002072,LN00016296,2026-07-31,-959.77,SYNTHETIC_PRICING_ADJUSTMENT
MA00002073,LN00016302,2025-01-31,230.02,SYNTHETIC_PRICING_ADJUSTMENT
MA00002074,LN00016316,2026-03-31,346.80,SYNTHETIC_PRICING_ADJUSTMENT
MA00002075,LN00016323,2024-10-31,346.58,SYNTHETIC_PRICING_ADJUSTMENT
MA00002076,LN00016324,2024-11-30,812.63,SYNTHETIC_PRICING_ADJUSTMENT
MA00002077,LN00016329,2025-04-30,432.33,SYNTHETIC_PRICING_ADJUSTMENT
MA00002078,LN00016332,2025-07-31,503.29,SYNTHETIC_PRICING_ADJUSTMENT
MA00002079,LN00016337,2025-12-31,1541.81,SYNTHETIC_PRICING_ADJUSTMENT
MA00002080,LN00016338,2026-01-31,-779.14,SYNTHETIC_PRICING_ADJUSTMENT
MA00002081,LN00016339,2026-02-28,186.31,SYNTHETIC_PRICING_ADJUSTMENT
MA00002082,LN00016341,2026-04-30,275.84,SYNTHETIC_PRICING_ADJUSTMENT
MA00002083,LN00016346,2024-09-30,-909.15,SYNTHETIC_PRICING_ADJUSTMENT
MA00002084,LN00016357,2025-08-31,1413.05,SYNTHETIC_PRICING_ADJUSTMENT
MA00002085,LN00016363,2026-02-28,1803.90,SYNTHETIC_PRICING_ADJUSTMENT
MA00002086,LN00016364,2026-03-31,1310.34,SYNTHETIC_PRICING_ADJUSTMENT
MA00002087,LN00016365,2026-04-30,1645.76,SYNTHETIC_PRICING_ADJUSTMENT
MA00002088,LN00016379,2025-06-30,-921.30,SYNTHETIC_PRICING_ADJUSTMENT
MA00002089,LN00016386,2026-01-31,-988.49,SYNTHETIC_PRICING_ADJUSTMENT
MA00002090,LN00016403,2025-06-30,-841.49,SYNTHETIC_PRICING_ADJUSTMENT
MA00002091,LN00016406,2025-09-30,221.27,SYNTHETIC_PRICING_ADJUSTMENT
MA00002092,LN00016408,2025-11-30,339.90,SYNTHETIC_PRICING_ADJUSTMENT
MA00002093,LN00016416,2026-07-31,713.71,SYNTHETIC_PRICING_ADJUSTMENT
MA00002094,LN00016458,2026-01-31,835.84,SYNTHETIC_PRICING_ADJUSTMENT
MA00002095,LN00016460,2026-03-31,650.24,SYNTHETIC_PRICING_ADJUSTMENT
MA00002096,LN00016463,2026-06-30,76.10,SYNTHETIC_PRICING_ADJUSTMENT
MA00002097,LN00016479,2025-10-31,1995.93,SYNTHETIC_PRICING_ADJUSTMENT
MA00002098,LN00016483,2026-02-28,-756.36,SYNTHETIC_PRICING_ADJUSTMENT
MA00002099,LN00016502,2025-09-30,-234.64,SYNTHETIC_PRICING_ADJUSTMENT
MA00002100,LN00016503,2025-10-31,653.63,SYNTHETIC_PRICING_ADJUSTMENT
MA00002101,LN00016512,2026-07-31,640.25,SYNTHETIC_PRICING_ADJUSTMENT
MA00002102,LN00016514,2024-09-30,-446.15,SYNTHETIC_PRICING_ADJUSTMENT
MA00002103,LN00016523,2025-06-30,451.25,SYNTHETIC_PRICING_ADJUSTMENT
MA00002104,LN00016526,2025-09-30,-676.79,SYNTHETIC_PRICING_ADJUSTMENT
MA00002105,LN00016536,2026-07-31,946.04,SYNTHETIC_PRICING_ADJUSTMENT
MA00002106,LN00016538,2024-09-30,-655.79,SYNTHETIC_PRICING_ADJUSTMENT
MA00002107,LN00016550,2025-09-30,1501.92,SYNTHETIC_PRICING_ADJUSTMENT
MA00002108,LN00016560,2026-07-31,1563.11,SYNTHETIC_PRICING_ADJUSTMENT
MA00002109,LN00016562,2024-09-30,762.41,SYNTHETIC_PRICING_ADJUSTMENT
MA00002110,LN00016569,2025-04-30,1847.49,SYNTHETIC_PRICING_ADJUSTMENT
MA00002111,LN00016575,2025-10-31,1794.64,SYNTHETIC_PRICING_ADJUSTMENT
MA00002112,LN00016577,2025-12-31,1140.61,SYNTHETIC_PRICING_ADJUSTMENT
MA00002113,LN00016578,2026-01-31,-35.36,SYNTHETIC_PRICING_ADJUSTMENT
MA00002114,LN00016581,2026-04-30,827.50,SYNTHETIC_PRICING_ADJUSTMENT
MA00002115,LN00016605,2026-04-30,-739.88,SYNTHETIC_PRICING_ADJUSTMENT
MA00002116,LN00016609,2024-08-31,-388.25,SYNTHETIC_PRICING_ADJUSTMENT
MA00002117,LN00016612,2024-11-30,-428.82,SYNTHETIC_PRICING_ADJUSTMENT
MA00002118,LN00016613,2024-12-31,1136.17,SYNTHETIC_PRICING_ADJUSTMENT
MA00002119,LN00016622,2025-09-30,1675.82,SYNTHETIC_PRICING_ADJUSTMENT
MA00002120,LN00016623,2025-10-31,-843.57,SYNTHETIC_PRICING_ADJUSTMENT
MA00002121,LN00016624,2025-11-30,1826.32,SYNTHETIC_PRICING_ADJUSTMENT
MA00002122,LN00016631,2026-06-30,-52.89,SYNTHETIC_PRICING_ADJUSTMENT
MA00002123,LN00016639,2025-02-28,-737.22,SYNTHETIC_PRICING_ADJUSTMENT
MA00002124,LN00016652,2026-03-31,1993.85,SYNTHETIC_PRICING_ADJUSTMENT
MA00002125,LN00016663,2025-02-28,-304.97,SYNTHETIC_PRICING_ADJUSTMENT
MA00002126,LN00016664,2025-03-31,1619.41,SYNTHETIC_PRICING_ADJUSTMENT
MA00002127,LN00016669,2025-08-31,1975.56,SYNTHETIC_PRICING_ADJUSTMENT
MA00002128,LN00016688,2025-03-31,-267.20,SYNTHETIC_PRICING_ADJUSTMENT
MA00002129,LN00016705,2024-08-31,1992.13,SYNTHETIC_PRICING_ADJUSTMENT
MA00002130,LN00016706,2024-09-30,-262.17,SYNTHETIC_PRICING_ADJUSTMENT
MA00002131,LN00016717,2025-08-31,1162.61,SYNTHETIC_PRICING_ADJUSTMENT
MA00002132,LN00016728,2026-07-31,144.52,SYNTHETIC_PRICING_ADJUSTMENT
MA00002133,LN00016733,2024-12-31,426.40,SYNTHETIC_PRICING_ADJUSTMENT
MA00002134,LN00016739,2025-06-30,17.88,SYNTHETIC_PRICING_ADJUSTMENT
MA00002135,LN00016744,2025-11-30,1700.16,SYNTHETIC_PRICING_ADJUSTMENT
MA00002136,LN00016746,2026-01-31,-180.87,SYNTHETIC_PRICING_ADJUSTMENT
MA00002137,LN00016750,2026-05-31,707.16,SYNTHETIC_PRICING_ADJUSTMENT
MA00002138,LN00016755,2024-10-31,-702.49,SYNTHETIC_PRICING_ADJUSTMENT
MA00002139,LN00016757,2024-12-31,710.33,SYNTHETIC_PRICING_ADJUSTMENT
MA00002140,LN00016759,2025-02-28,-952.61,SYNTHETIC_PRICING_ADJUSTMENT
MA00002141,LN00016768,2025-11-30,206.26,SYNTHETIC_PRICING_ADJUSTMENT
MA00002142,LN00016776,2026-07-31,-596.90,SYNTHETIC_PRICING_ADJUSTMENT
MA00002143,LN00016782,2025-01-31,-636.62,SYNTHETIC_PRICING_ADJUSTMENT
MA00002144,LN00016783,2025-02-28,1060.57,SYNTHETIC_PRICING_ADJUSTMENT
MA00002145,LN00016784,2025-03-31,-170.65,SYNTHETIC_PRICING_ADJUSTMENT
MA00002146,LN00016797,2026-04-30,409.77,SYNTHETIC_PRICING_ADJUSTMENT
MA00002147,LN00016828,2024-11-30,556.35,SYNTHETIC_PRICING_ADJUSTMENT
MA00002148,LN00016845,2026-04-30,1783.70,SYNTHETIC_PRICING_ADJUSTMENT
MA00002149,LN00016867,2026-02-28,326.98,SYNTHETIC_PRICING_ADJUSTMENT
MA00002150,LN00016872,2026-07-31,1438.91,SYNTHETIC_PRICING_ADJUSTMENT
MA00002151,LN00016884,2025-07-31,-943.70,SYNTHETIC_PRICING_ADJUSTMENT
MA00002152,LN00016891,2026-02-28,1140.72,SYNTHETIC_PRICING_ADJUSTMENT
MA00002153,LN00016903,2025-02-28,1999.11,SYNTHETIC_PRICING_ADJUSTMENT
MA00002154,LN00016904,2025-03-31,-877.81,SYNTHETIC_PRICING_ADJUSTMENT
MA00002155,LN00016912,2025-11-30,-722.55,SYNTHETIC_PRICING_ADJUSTMENT
MA00002156,LN00016913,2025-12-31,1515.28,SYNTHETIC_PRICING_ADJUSTMENT
MA00002157,LN00016915,2026-02-28,720.50,SYNTHETIC_PRICING_ADJUSTMENT
MA00002158,LN00016932,2025-07-31,-594.52,SYNTHETIC_PRICING_ADJUSTMENT
MA00002159,LN00016937,2025-12-31,-271.41,SYNTHETIC_PRICING_ADJUSTMENT
MA00002160,LN00016954,2025-05-31,-446.66,SYNTHETIC_PRICING_ADJUSTMENT
MA00002161,LN00016966,2026-05-31,-843.89,SYNTHETIC_PRICING_ADJUSTMENT
MA00002162,LN00016977,2025-04-30,-225.33,SYNTHETIC_PRICING_ADJUSTMENT
MA00002163,LN00016982,2025-09-30,-267.94,SYNTHETIC_PRICING_ADJUSTMENT
MA00002164,LN00016984,2025-11-30,1446.71,SYNTHETIC_PRICING_ADJUSTMENT
MA00002165,LN00016985,2025-12-31,428.43,SYNTHETIC_PRICING_ADJUSTMENT
MA00002166,LN00016988,2026-03-31,1835.47,SYNTHETIC_PRICING_ADJUSTMENT
MA00002167,LN00017006,2025-09-30,-672.31,SYNTHETIC_PRICING_ADJUSTMENT
MA00002168,LN00017009,2025-12-31,662.96,SYNTHETIC_PRICING_ADJUSTMENT
MA00002169,LN00017015,2026-06-30,1823.87,SYNTHETIC_PRICING_ADJUSTMENT
MA00002170,LN00017019,2024-10-31,-414.53,SYNTHETIC_PRICING_ADJUSTMENT
MA00002171,LN00017025,2025-04-30,-918.37,SYNTHETIC_PRICING_ADJUSTMENT
MA00002172,LN00017045,2024-12-31,971.60,SYNTHETIC_PRICING_ADJUSTMENT
MA00002173,LN00017053,2025-08-31,244.75,SYNTHETIC_PRICING_ADJUSTMENT
MA00002174,LN00017067,2024-10-31,125.20,SYNTHETIC_PRICING_ADJUSTMENT
MA00002175,LN00017085,2026-04-30,-411.04,SYNTHETIC_PRICING_ADJUSTMENT
MA00002176,LN00017089,2024-08-31,1034.82,SYNTHETIC_PRICING_ADJUSTMENT
MA00002177,LN00017091,2024-10-31,-164.10,SYNTHETIC_PRICING_ADJUSTMENT
MA00002178,LN00017097,2025-04-30,225.44,SYNTHETIC_PRICING_ADJUSTMENT
MA00002179,LN00017098,2025-05-31,1560.83,SYNTHETIC_PRICING_ADJUSTMENT
MA00002180,LN00017112,2026-07-31,1216.31,SYNTHETIC_PRICING_ADJUSTMENT
MA00002181,LN00017129,2025-12-31,1492.00,SYNTHETIC_PRICING_ADJUSTMENT
MA00002182,LN00017132,2026-03-31,1416.92,SYNTHETIC_PRICING_ADJUSTMENT
MA00002183,LN00017147,2025-06-30,-230.00,SYNTHETIC_PRICING_ADJUSTMENT
MA00002184,LN00017153,2025-12-31,609.04,SYNTHETIC_PRICING_ADJUSTMENT
MA00002185,LN00017157,2026-04-30,634.73,SYNTHETIC_PRICING_ADJUSTMENT
MA00002186,LN00017162,2024-09-30,608.43,SYNTHETIC_PRICING_ADJUSTMENT
MA00002187,LN00017163,2024-10-31,1026.73,SYNTHETIC_PRICING_ADJUSTMENT
MA00002188,LN00017169,2025-04-30,1883.26,SYNTHETIC_PRICING_ADJUSTMENT
MA00002189,LN00017175,2025-10-31,786.98,SYNTHETIC_PRICING_ADJUSTMENT
MA00002190,LN00017189,2024-12-31,1505.91,SYNTHETIC_PRICING_ADJUSTMENT
MA00002191,LN00017190,2025-01-31,-952.66,SYNTHETIC_PRICING_ADJUSTMENT
MA00002192,LN00017191,2025-02-28,-167.81,SYNTHETIC_PRICING_ADJUSTMENT
MA00002193,LN00017194,2025-05-31,-20.71,SYNTHETIC_PRICING_ADJUSTMENT
MA00002194,LN00017215,2025-02-28,775.52,SYNTHETIC_PRICING_ADJUSTMENT
MA00002195,LN00017218,2025-05-31,-10.12,SYNTHETIC_PRICING_ADJUSTMENT
MA00002196,LN00017223,2025-10-31,1289.29,SYNTHETIC_PRICING_ADJUSTMENT
MA00002197,LN00017227,2026-02-28,-614.13,SYNTHETIC_PRICING_ADJUSTMENT
MA00002198,LN00017232,2026-07-31,-915.57,SYNTHETIC_PRICING_ADJUSTMENT
MA00002199,LN00017239,2025-02-28,-223.75,SYNTHETIC_PRICING_ADJUSTMENT
MA00002200,LN00017266,2025-05-31,62.74,SYNTHETIC_PRICING_ADJUSTMENT
MA00002201,LN00017284,2024-11-30,1385.27,SYNTHETIC_PRICING_ADJUSTMENT
MA00002202,LN00017285,2024-12-31,1026.63,SYNTHETIC_PRICING_ADJUSTMENT
MA00002203,LN00017297,2025-12-31,466.34,SYNTHETIC_PRICING_ADJUSTMENT
MA00002204,LN00017302,2026-05-31,995.41,SYNTHETIC_PRICING_ADJUSTMENT
MA00002205,LN00017304,2026-07-31,387.39,SYNTHETIC_PRICING_ADJUSTMENT
MA00002206,LN00017306,2024-09-30,1635.84,SYNTHETIC_PRICING_ADJUSTMENT
MA00002207,LN00017309,2024-12-31,-902.13,SYNTHETIC_PRICING_ADJUSTMENT
MA00002208,LN00017317,2025-08-31,1998.48,SYNTHETIC_PRICING_ADJUSTMENT
MA00002209,LN00017321,2025-12-31,202.90,SYNTHETIC_PRICING_ADJUSTMENT
MA00002210,LN00017322,2026-01-31,-242.96,SYNTHETIC_PRICING_ADJUSTMENT
MA00002211,LN00017335,2025-02-28,821.60,SYNTHETIC_PRICING_ADJUSTMENT
MA00002212,LN00017339,2025-06-30,-135.91,SYNTHETIC_PRICING_ADJUSTMENT
MA00002213,LN00017346,2026-01-31,1180.26,SYNTHETIC_PRICING_ADJUSTMENT
MA00002214,LN00017353,2024-08-31,1942.49,SYNTHETIC_PRICING_ADJUSTMENT
MA00002215,LN00017361,2025-04-30,1386.48,SYNTHETIC_PRICING_ADJUSTMENT
MA00002216,LN00017368,2025-11-30,-785.15,SYNTHETIC_PRICING_ADJUSTMENT
MA00002217,LN00017370,2026-01-31,1924.03,SYNTHETIC_PRICING_ADJUSTMENT
MA00002218,LN00017372,2026-03-31,-730.61,SYNTHETIC_PRICING_ADJUSTMENT
MA00002219,LN00017412,2025-07-31,-510.59,SYNTHETIC_PRICING_ADJUSTMENT
MA00002220,LN00017413,2025-08-31,1822.18,SYNTHETIC_PRICING_ADJUSTMENT
MA00002221,LN00017423,2026-06-30,367.85,SYNTHETIC_PRICING_ADJUSTMENT
MA00002222,LN00017424,2026-07-31,1750.87,SYNTHETIC_PRICING_ADJUSTMENT
MA00002223,LN00017430,2025-01-31,-619.76,SYNTHETIC_PRICING_ADJUSTMENT
MA00002224,LN00017433,2025-04-30,-647.21,SYNTHETIC_PRICING_ADJUSTMENT
MA00002225,LN00017436,2025-07-31,858.63,SYNTHETIC_PRICING_ADJUSTMENT
MA00002226,LN00017443,2026-02-28,1784.95,SYNTHETIC_PRICING_ADJUSTMENT
MA00002227,LN00017449,2024-08-31,1632.90,SYNTHETIC_PRICING_ADJUSTMENT
MA00002228,LN00017454,2025-01-31,-220.96,SYNTHETIC_PRICING_ADJUSTMENT
MA00002229,LN00017456,2025-03-31,1675.61,SYNTHETIC_PRICING_ADJUSTMENT
MA00002230,LN00017467,2026-02-28,994.17,SYNTHETIC_PRICING_ADJUSTMENT
MA00002231,LN00017475,2024-10-31,302.74,SYNTHETIC_PRICING_ADJUSTMENT
MA00002232,LN00017479,2025-02-28,999.04,SYNTHETIC_PRICING_ADJUSTMENT
MA00002233,LN00017486,2025-09-30,1920.63,SYNTHETIC_PRICING_ADJUSTMENT
MA00002234,LN00017487,2025-10-31,1511.72,SYNTHETIC_PRICING_ADJUSTMENT
MA00002235,LN00017488,2025-11-30,-111.18,SYNTHETIC_PRICING_ADJUSTMENT
MA00002236,LN00017493,2026-04-30,630.60,SYNTHETIC_PRICING_ADJUSTMENT
MA00002237,LN00017509,2025-08-31,903.93,SYNTHETIC_PRICING_ADJUSTMENT
MA00002238,LN00017523,2024-10-31,1727.54,SYNTHETIC_PRICING_ADJUSTMENT
MA00002239,LN00017529,2025-04-30,1088.90,SYNTHETIC_PRICING_ADJUSTMENT
MA00002240,LN00017535,2025-10-31,561.64,SYNTHETIC_PRICING_ADJUSTMENT
MA00002241,LN00017543,2026-06-30,770.47,SYNTHETIC_PRICING_ADJUSTMENT
MA00002242,LN00017554,2025-05-31,665.83,SYNTHETIC_PRICING_ADJUSTMENT
MA00002243,LN00017571,2024-10-31,1008.26,SYNTHETIC_PRICING_ADJUSTMENT
MA00002244,LN00017575,2025-02-28,-374.83,SYNTHETIC_PRICING_ADJUSTMENT
MA00002245,LN00017587,2026-02-28,-171.07,SYNTHETIC_PRICING_ADJUSTMENT
MA00002246,LN00017608,2025-11-30,978.92,SYNTHETIC_PRICING_ADJUSTMENT
MA00002247,LN00017609,2025-12-31,347.83,SYNTHETIC_PRICING_ADJUSTMENT
MA00002248,LN00017632,2025-11-30,263.37,SYNTHETIC_PRICING_ADJUSTMENT
MA00002249,LN00017633,2025-12-31,425.34,SYNTHETIC_PRICING_ADJUSTMENT
MA00002250,LN00017634,2026-01-31,1931.36,SYNTHETIC_PRICING_ADJUSTMENT
MA00002251,LN00017636,2026-03-31,-837.17,SYNTHETIC_PRICING_ADJUSTMENT
MA00002252,LN00017644,2024-11-30,1644.76,SYNTHETIC_PRICING_ADJUSTMENT
MA00002253,LN00017653,2025-08-31,657.94,SYNTHETIC_PRICING_ADJUSTMENT
MA00002254,LN00017657,2025-12-31,1230.13,SYNTHETIC_PRICING_ADJUSTMENT
MA00002255,LN00017664,2026-07-31,1325.12,SYNTHETIC_PRICING_ADJUSTMENT
MA00002256,LN00017668,2024-11-30,-392.81,SYNTHETIC_PRICING_ADJUSTMENT
MA00002257,LN00017670,2025-01-31,834.69,SYNTHETIC_PRICING_ADJUSTMENT
MA00002258,LN00017672,2025-03-31,-422.17,SYNTHETIC_PRICING_ADJUSTMENT
MA00002259,LN00017687,2026-06-30,513.20,SYNTHETIC_PRICING_ADJUSTMENT
MA00002260,LN00017688,2026-07-31,131.29,SYNTHETIC_PRICING_ADJUSTMENT
MA00002261,LN00017698,2025-05-31,-771.04,SYNTHETIC_PRICING_ADJUSTMENT
MA00002262,LN00017701,2025-08-31,1848.83,SYNTHETIC_PRICING_ADJUSTMENT
MA00002263,LN00017707,2026-02-28,1884.78,SYNTHETIC_PRICING_ADJUSTMENT
MA00002264,LN00017710,2026-05-31,1225.79,SYNTHETIC_PRICING_ADJUSTMENT
MA00002265,LN00017730,2026-01-31,1765.31,SYNTHETIC_PRICING_ADJUSTMENT
MA00002266,LN00017735,2026-06-30,-939.99,SYNTHETIC_PRICING_ADJUSTMENT
MA00002267,LN00017737,2024-08-31,609.88,SYNTHETIC_PRICING_ADJUSTMENT
MA00002268,LN00017738,2024-09-30,956.19,SYNTHETIC_PRICING_ADJUSTMENT
MA00002269,LN00017759,2026-06-30,1561.08,SYNTHETIC_PRICING_ADJUSTMENT
MA00002270,LN00017765,2024-12-31,-865.22,SYNTHETIC_PRICING_ADJUSTMENT
MA00002271,LN00017766,2025-01-31,542.16,SYNTHETIC_PRICING_ADJUSTMENT
MA00002272,LN00017771,2025-06-30,43.65,SYNTHETIC_PRICING_ADJUSTMENT
MA00002273,LN00017772,2025-07-31,610.64,SYNTHETIC_PRICING_ADJUSTMENT
MA00002274,LN00017775,2025-10-31,585.83,SYNTHETIC_PRICING_ADJUSTMENT
MA00002275,LN00017803,2026-02-28,513.10,SYNTHETIC_PRICING_ADJUSTMENT
MA00002276,LN00017811,2024-10-31,838.68,SYNTHETIC_PRICING_ADJUSTMENT
MA00002277,LN00017823,2025-10-31,1160.44,SYNTHETIC_PRICING_ADJUSTMENT
MA00002278,LN00017833,2024-08-31,17.13,SYNTHETIC_PRICING_ADJUSTMENT
MA00002279,LN00017837,2024-12-31,-79.74,SYNTHETIC_PRICING_ADJUSTMENT
MA00002280,LN00017866,2025-05-31,1138.19,SYNTHETIC_PRICING_ADJUSTMENT
MA00002281,LN00017872,2025-11-30,-147.62,SYNTHETIC_PRICING_ADJUSTMENT
MA00002282,LN00017875,2026-02-28,-671.98,SYNTHETIC_PRICING_ADJUSTMENT
MA00002283,LN00017885,2024-12-31,1130.75,SYNTHETIC_PRICING_ADJUSTMENT
MA00002284,LN00017894,2025-09-30,83.78,SYNTHETIC_PRICING_ADJUSTMENT
MA00002285,LN00017895,2025-10-31,145.44,SYNTHETIC_PRICING_ADJUSTMENT
MA00002286,LN00017899,2026-02-28,-757.83,SYNTHETIC_PRICING_ADJUSTMENT
MA00002287,LN00017905,2024-08-31,-621.62,SYNTHETIC_PRICING_ADJUSTMENT
MA00002288,LN00017915,2025-06-30,405.53,SYNTHETIC_PRICING_ADJUSTMENT
MA00002289,LN00017922,2026-01-31,-231.03,SYNTHETIC_PRICING_ADJUSTMENT
MA00002290,LN00017940,2025-07-31,1219.20,SYNTHETIC_PRICING_ADJUSTMENT
MA00002291,LN00017942,2025-09-30,1233.89,SYNTHETIC_PRICING_ADJUSTMENT
MA00002292,LN00017948,2026-03-31,-469.86,SYNTHETIC_PRICING_ADJUSTMENT
MA00002293,LN00017972,2026-03-31,1922.39,SYNTHETIC_PRICING_ADJUSTMENT
MA00002294,LN00017991,2025-10-31,-726.95,SYNTHETIC_PRICING_ADJUSTMENT
MA00002295,LN00017997,2026-04-30,1315.56,SYNTHETIC_PRICING_ADJUSTMENT
MA00002296,LN00017998,2026-05-31,-358.15,SYNTHETIC_PRICING_ADJUSTMENT
MA00002297,LN00018007,2025-02-28,-2.68,SYNTHETIC_PRICING_ADJUSTMENT
MA00002298,LN00018014,2025-09-30,-926.47,SYNTHETIC_PRICING_ADJUSTMENT
MA00002299,LN00018016,2025-11-30,-147.30,SYNTHETIC_PRICING_ADJUSTMENT
MA00002300,LN00018020,2026-03-31,1637.25,SYNTHETIC_PRICING_ADJUSTMENT
MA00002301,LN00018028,2024-11-30,521.69,SYNTHETIC_PRICING_ADJUSTMENT
MA00002302,LN00018029,2024-12-31,1675.61,SYNTHETIC_PRICING_ADJUSTMENT
MA00002303,LN00018033,2025-04-30,759.71,SYNTHETIC_PRICING_ADJUSTMENT
MA00002304,LN00018058,2025-05-31,840.51,SYNTHETIC_PRICING_ADJUSTMENT
MA00002305,LN00018060,2025-07-31,-800.19,SYNTHETIC_PRICING_ADJUSTMENT
MA00002306,LN00018067,2026-02-28,135.21,SYNTHETIC_PRICING_ADJUSTMENT
MA00002307,LN00018070,2026-05-31,1155.35,SYNTHETIC_PRICING_ADJUSTMENT
MA00002308,LN00018079,2025-02-28,1422.69,SYNTHETIC_PRICING_ADJUSTMENT
MA00002309,LN00018086,2025-09-30,297.66,SYNTHETIC_PRICING_ADJUSTMENT
MA00002310,LN00018097,2024-08-31,1641.02,SYNTHETIC_PRICING_ADJUSTMENT
MA00002311,LN00018106,2025-05-31,536.65,SYNTHETIC_PRICING_ADJUSTMENT
MA00002312,LN00018107,2025-06-30,-607.97,SYNTHETIC_PRICING_ADJUSTMENT
MA00002313,LN00018120,2026-07-31,479.78,SYNTHETIC_PRICING_ADJUSTMENT
MA00002314,LN00018124,2024-11-30,604.85,SYNTHETIC_PRICING_ADJUSTMENT
MA00002315,LN00018138,2026-01-31,1656.31,SYNTHETIC_PRICING_ADJUSTMENT
MA00002316,LN00018145,2024-08-31,1014.30,SYNTHETIC_PRICING_ADJUSTMENT
MA00002317,LN00018151,2025-02-28,1883.38,SYNTHETIC_PRICING_ADJUSTMENT
MA00002318,LN00018160,2025-11-30,-666.92,SYNTHETIC_PRICING_ADJUSTMENT
MA00002319,LN00018161,2025-12-31,-22.14,SYNTHETIC_PRICING_ADJUSTMENT
MA00002320,LN00018163,2026-02-28,338.76,SYNTHETIC_PRICING_ADJUSTMENT
MA00002321,LN00018182,2025-09-30,-284.25,SYNTHETIC_PRICING_ADJUSTMENT
MA00002322,LN00018200,2025-03-31,1286.84,SYNTHETIC_PRICING_ADJUSTMENT
MA00002323,LN00018205,2025-08-31,-293.07,SYNTHETIC_PRICING_ADJUSTMENT
MA00002324,LN00018207,2025-10-31,-696.88,SYNTHETIC_PRICING_ADJUSTMENT
MA00002325,LN00018210,2026-01-31,584.67,SYNTHETIC_PRICING_ADJUSTMENT
MA00002326,LN00018212,2026-03-31,1869.77,SYNTHETIC_PRICING_ADJUSTMENT
MA00002327,LN00018220,2024-11-30,-214.96,SYNTHETIC_PRICING_ADJUSTMENT
MA00002328,LN00018223,2025-02-28,1895.78,SYNTHETIC_PRICING_ADJUSTMENT
MA00002329,LN00018229,2025-08-31,1020.55,SYNTHETIC_PRICING_ADJUSTMENT
MA00002330,LN00018246,2025-01-31,-537.59,SYNTHETIC_PRICING_ADJUSTMENT
MA00002331,LN00018257,2025-12-31,951.75,SYNTHETIC_PRICING_ADJUSTMENT
MA00002332,LN00018263,2026-06-30,1062.86,SYNTHETIC_PRICING_ADJUSTMENT
MA00002333,LN00018286,2026-05-31,779.57,SYNTHETIC_PRICING_ADJUSTMENT
MA00002334,LN00018295,2025-02-28,25.43,SYNTHETIC_PRICING_ADJUSTMENT
MA00002335,LN00018332,2026-03-31,-420.12,SYNTHETIC_PRICING_ADJUSTMENT
MA00002336,LN00018333,2026-04-30,1301.83,SYNTHETIC_PRICING_ADJUSTMENT
MA00002337,LN00018336,2026-07-31,1298.72,SYNTHETIC_PRICING_ADJUSTMENT
MA00002338,LN00018339,2024-10-31,1667.60,SYNTHETIC_PRICING_ADJUSTMENT
MA00002339,LN00018343,2025-02-28,-436.23,SYNTHETIC_PRICING_ADJUSTMENT
MA00002340,LN00018344,2025-03-31,778.06,SYNTHETIC_PRICING_ADJUSTMENT
MA00002341,LN00018356,2026-03-31,-251.41,SYNTHETIC_PRICING_ADJUSTMENT
MA00002342,LN00018360,2026-07-31,1564.52,SYNTHETIC_PRICING_ADJUSTMENT
MA00002343,LN00018377,2025-12-31,-100.27,SYNTHETIC_PRICING_ADJUSTMENT
MA00002344,LN00018388,2024-11-30,1204.00,SYNTHETIC_PRICING_ADJUSTMENT
MA00002345,LN00018391,2025-02-28,1107.60,SYNTHETIC_PRICING_ADJUSTMENT
MA00002346,LN00018392,2025-03-31,1034.85,SYNTHETIC_PRICING_ADJUSTMENT
MA00002347,LN00018404,2026-03-31,45.03,SYNTHETIC_PRICING_ADJUSTMENT
MA00002348,LN00018406,2026-05-31,1597.14,SYNTHETIC_PRICING_ADJUSTMENT
MA00002349,LN00018407,2026-06-30,347.26,SYNTHETIC_PRICING_ADJUSTMENT
MA00002350,LN00018408,2026-07-31,1633.07,SYNTHETIC_PRICING_ADJUSTMENT
MA00002351,LN00018422,2025-09-30,30.92,SYNTHETIC_PRICING_ADJUSTMENT
MA00002352,LN00018435,2024-10-31,-462.51,SYNTHETIC_PRICING_ADJUSTMENT
MA00002353,LN00018436,2024-11-30,918.82,SYNTHETIC_PRICING_ADJUSTMENT
MA00002354,LN00018438,2025-01-31,-570.64,SYNTHETIC_PRICING_ADJUSTMENT
MA00002355,LN00018440,2025-03-31,1498.42,SYNTHETIC_PRICING_ADJUSTMENT
MA00002356,LN00018448,2025-11-30,-707.50,SYNTHETIC_PRICING_ADJUSTMENT
MA00002357,LN00018449,2025-12-31,887.26,SYNTHETIC_PRICING_ADJUSTMENT
MA00002358,LN00018454,2026-05-31,1142.65,SYNTHETIC_PRICING_ADJUSTMENT
MA00002359,LN00018462,2025-01-31,1760.16,SYNTHETIC_PRICING_ADJUSTMENT
MA00002360,LN00018472,2025-11-30,1198.53,SYNTHETIC_PRICING_ADJUSTMENT
MA00002361,LN00018475,2026-02-28,791.33,SYNTHETIC_PRICING_ADJUSTMENT
MA00002362,LN00018482,2024-09-30,1502.61,SYNTHETIC_PRICING_ADJUSTMENT
MA00002363,LN00018483,2024-10-31,322.01,SYNTHETIC_PRICING_ADJUSTMENT
MA00002364,LN00018486,2025-01-31,1809.25,SYNTHETIC_PRICING_ADJUSTMENT
MA00002365,LN00018493,2025-08-31,-619.40,SYNTHETIC_PRICING_ADJUSTMENT
MA00002366,LN00018501,2026-04-30,63.78,SYNTHETIC_PRICING_ADJUSTMENT
MA00002367,LN00018502,2026-05-31,-208.45,SYNTHETIC_PRICING_ADJUSTMENT
MA00002368,LN00018512,2025-03-31,1108.76,SYNTHETIC_PRICING_ADJUSTMENT
MA00002369,LN00018514,2025-05-31,587.31,SYNTHETIC_PRICING_ADJUSTMENT
MA00002370,LN00018516,2025-07-31,-631.94,SYNTHETIC_PRICING_ADJUSTMENT
MA00002371,LN00018518,2025-09-30,1286.33,SYNTHETIC_PRICING_ADJUSTMENT
MA00002372,LN00018521,2025-12-31,1135.67,SYNTHETIC_PRICING_ADJUSTMENT
MA00002373,LN00018524,2026-03-31,-353.33,SYNTHETIC_PRICING_ADJUSTMENT
MA00002374,LN00018527,2026-06-30,-656.90,SYNTHETIC_PRICING_ADJUSTMENT
MA00002375,LN00018537,2025-04-30,515.17,SYNTHETIC_PRICING_ADJUSTMENT
MA00002376,LN00018540,2025-07-31,1899.36,SYNTHETIC_PRICING_ADJUSTMENT
MA00002377,LN00018549,2026-04-30,-270.20,SYNTHETIC_PRICING_ADJUSTMENT
MA00002378,LN00018607,2025-02-28,1203.35,SYNTHETIC_PRICING_ADJUSTMENT
MA00002379,LN00018609,2025-04-30,-418.53,SYNTHETIC_PRICING_ADJUSTMENT
MA00002380,LN00018612,2025-07-31,1557.89,SYNTHETIC_PRICING_ADJUSTMENT
MA00002381,LN00018615,2025-10-31,574.54,SYNTHETIC_PRICING_ADJUSTMENT
MA00002382,LN00018620,2026-03-31,27.73,SYNTHETIC_PRICING_ADJUSTMENT
MA00002383,LN00018638,2025-09-30,1218.01,SYNTHETIC_PRICING_ADJUSTMENT
MA00002384,LN00018670,2026-05-31,-246.09,SYNTHETIC_PRICING_ADJUSTMENT
MA00002385,LN00018682,2025-05-31,217.85,SYNTHETIC_PRICING_ADJUSTMENT
MA00002386,LN00018700,2024-11-30,1808.28,SYNTHETIC_PRICING_ADJUSTMENT
MA00002387,LN00018701,2024-12-31,-980.42,SYNTHETIC_PRICING_ADJUSTMENT
MA00002388,LN00018712,2025-11-30,-13.76,SYNTHETIC_PRICING_ADJUSTMENT
MA00002389,LN00018735,2025-10-31,-40.01,SYNTHETIC_PRICING_ADJUSTMENT
MA00002390,LN00018736,2025-11-30,1906.17,SYNTHETIC_PRICING_ADJUSTMENT
MA00002391,LN00018763,2026-02-28,957.92,SYNTHETIC_PRICING_ADJUSTMENT
MA00002392,LN00018764,2026-03-31,-59.98,SYNTHETIC_PRICING_ADJUSTMENT
MA00002393,LN00018778,2025-05-31,-207.40,SYNTHETIC_PRICING_ADJUSTMENT
MA00002394,LN00018782,2025-09-30,-297.57,SYNTHETIC_PRICING_ADJUSTMENT
MA00002395,LN00018784,2025-11-30,589.84,SYNTHETIC_PRICING_ADJUSTMENT
MA00002396,LN00018794,2024-09-30,-198.18,SYNTHETIC_PRICING_ADJUSTMENT
MA00002397,LN00018799,2025-02-28,1295.67,SYNTHETIC_PRICING_ADJUSTMENT
MA00002398,LN00018813,2026-04-30,309.88,SYNTHETIC_PRICING_ADJUSTMENT
MA00002399,LN00018821,2024-12-31,1241.89,SYNTHETIC_PRICING_ADJUSTMENT
MA00002400,LN00018828,2025-07-31,-257.02,SYNTHETIC_PRICING_ADJUSTMENT
MA00002401,LN00018856,2025-11-30,-723.40,SYNTHETIC_PRICING_ADJUSTMENT
MA00002402,LN00018858,2026-01-31,-156.91,SYNTHETIC_PRICING_ADJUSTMENT
MA00002403,LN00018861,2026-04-30,1845.89,SYNTHETIC_PRICING_ADJUSTMENT
MA00002404,LN00018865,2024-08-31,1859.79,SYNTHETIC_PRICING_ADJUSTMENT
MA00002405,LN00018866,2024-09-30,480.90,SYNTHETIC_PRICING_ADJUSTMENT
MA00002406,LN00018867,2024-10-31,616.62,SYNTHETIC_PRICING_ADJUSTMENT
MA00002407,LN00018868,2024-11-30,1309.05,SYNTHETIC_PRICING_ADJUSTMENT
MA00002408,LN00018873,2025-04-30,-453.12,SYNTHETIC_PRICING_ADJUSTMENT
MA00002409,LN00018874,2025-05-31,1053.92,SYNTHETIC_PRICING_ADJUSTMENT
MA00002410,LN00018876,2025-07-31,-693.26,SYNTHETIC_PRICING_ADJUSTMENT
MA00002411,LN00018886,2026-05-31,1816.33,SYNTHETIC_PRICING_ADJUSTMENT
MA00002412,LN00018918,2025-01-31,555.99,SYNTHETIC_PRICING_ADJUSTMENT
MA00002413,LN00018920,2025-03-31,270.69,SYNTHETIC_PRICING_ADJUSTMENT
MA00002414,LN00018925,2025-08-31,-690.18,SYNTHETIC_PRICING_ADJUSTMENT
MA00002415,LN00018934,2026-05-31,-919.53,SYNTHETIC_PRICING_ADJUSTMENT
MA00002416,LN00018939,2024-10-31,1888.64,SYNTHETIC_PRICING_ADJUSTMENT
MA00002417,LN00018940,2024-11-30,1792.39,SYNTHETIC_PRICING_ADJUSTMENT
MA00002418,LN00018951,2025-10-31,-21.46,SYNTHETIC_PRICING_ADJUSTMENT
MA00002419,LN00018954,2026-01-31,795.00,SYNTHETIC_PRICING_ADJUSTMENT
MA00002420,LN00018956,2026-03-31,111.66,SYNTHETIC_PRICING_ADJUSTMENT
MA00002421,LN00018984,2026-07-31,168.44,SYNTHETIC_PRICING_ADJUSTMENT
MA00002422,LN00018998,2025-09-30,-851.21,SYNTHETIC_PRICING_ADJUSTMENT
MA00002423,LN00019005,2026-04-30,679.16,SYNTHETIC_PRICING_ADJUSTMENT
MA00002424,LN00019008,2026-07-31,597.56,SYNTHETIC_PRICING_ADJUSTMENT
MA00002425,LN00019012,2024-11-30,1076.46,SYNTHETIC_PRICING_ADJUSTMENT
MA00002426,LN00019015,2025-02-28,1295.51,SYNTHETIC_PRICING_ADJUSTMENT
MA00002427,LN00019022,2025-09-30,-324.89,SYNTHETIC_PRICING_ADJUSTMENT
MA00002428,LN00019047,2025-10-31,1922.37,SYNTHETIC_PRICING_ADJUSTMENT
MA00002429,LN00019050,2026-01-31,-762.87,SYNTHETIC_PRICING_ADJUSTMENT
MA00002430,LN00019056,2026-07-31,1945.77,SYNTHETIC_PRICING_ADJUSTMENT
MA00002431,LN00019101,2026-04-30,1785.25,SYNTHETIC_PRICING_ADJUSTMENT
MA00002432,LN00019106,2024-09-30,330.19,SYNTHETIC_PRICING_ADJUSTMENT
MA00002433,LN00019124,2026-03-31,-818.74,SYNTHETIC_PRICING_ADJUSTMENT
MA00002434,LN00019127,2026-06-30,-975.66,SYNTHETIC_PRICING_ADJUSTMENT
MA00002435,LN00019133,2024-12-31,1775.20,SYNTHETIC_PRICING_ADJUSTMENT
MA00002436,LN00019135,2025-02-28,1779.24,SYNTHETIC_PRICING_ADJUSTMENT
MA00002437,LN00019140,2025-07-31,399.70,SYNTHETIC_PRICING_ADJUSTMENT
MA00002438,LN00019154,2024-09-30,1185.13,SYNTHETIC_PRICING_ADJUSTMENT
MA00002439,LN00019159,2025-02-28,653.68,SYNTHETIC_PRICING_ADJUSTMENT
MA00002440,LN00019170,2026-01-31,-469.17,SYNTHETIC_PRICING_ADJUSTMENT
MA00002441,LN00019179,2024-10-31,-337.86,SYNTHETIC_PRICING_ADJUSTMENT
MA00002442,LN00019181,2024-12-31,-311.10,SYNTHETIC_PRICING_ADJUSTMENT
MA00002443,LN00019186,2025-05-31,1870.91,SYNTHETIC_PRICING_ADJUSTMENT
MA00002444,LN00019199,2026-06-30,215.70,SYNTHETIC_PRICING_ADJUSTMENT
MA00002445,LN00019202,2024-09-30,8.73,SYNTHETIC_PRICING_ADJUSTMENT
MA00002446,LN00019208,2025-03-31,-519.91,SYNTHETIC_PRICING_ADJUSTMENT
MA00002447,LN00019217,2025-12-31,-449.18,SYNTHETIC_PRICING_ADJUSTMENT
MA00002448,LN00019219,2026-02-28,1373.80,SYNTHETIC_PRICING_ADJUSTMENT
MA00002449,LN00019225,2024-08-31,1758.69,SYNTHETIC_PRICING_ADJUSTMENT
MA00002450,LN00019229,2024-12-31,1099.19,SYNTHETIC_PRICING_ADJUSTMENT
MA00002451,LN00019234,2025-05-31,454.18,SYNTHETIC_PRICING_ADJUSTMENT
MA00002452,LN00019256,2025-03-31,-699.75,SYNTHETIC_PRICING_ADJUSTMENT
MA00002453,LN00019265,2025-12-31,-436.61,SYNTHETIC_PRICING_ADJUSTMENT
MA00002454,LN00019272,2026-07-31,-606.82,SYNTHETIC_PRICING_ADJUSTMENT
MA00002455,LN00019275,2024-10-31,999.22,SYNTHETIC_PRICING_ADJUSTMENT
MA00002456,LN00019284,2025-07-31,-655.85,SYNTHETIC_PRICING_ADJUSTMENT
MA00002457,LN00019292,2026-03-31,376.24,SYNTHETIC_PRICING_ADJUSTMENT
MA00002458,LN00019294,2026-05-31,3.98,SYNTHETIC_PRICING_ADJUSTMENT
MA00002459,LN00019295,2026-06-30,694.62,SYNTHETIC_PRICING_ADJUSTMENT
MA00002460,LN00019307,2025-06-30,-932.83,SYNTHETIC_PRICING_ADJUSTMENT
MA00002461,LN00019313,2025-12-31,143.09,SYNTHETIC_PRICING_ADJUSTMENT
MA00002462,LN00019330,2025-05-31,80.16,SYNTHETIC_PRICING_ADJUSTMENT
MA00002463,LN00019355,2025-06-30,805.42,SYNTHETIC_PRICING_ADJUSTMENT
MA00002464,LN00019371,2024-10-31,1988.48,SYNTHETIC_PRICING_ADJUSTMENT
MA00002465,LN00019373,2024-12-31,1495.55,SYNTHETIC_PRICING_ADJUSTMENT
MA00002466,LN00019377,2025-04-30,629.49,SYNTHETIC_PRICING_ADJUSTMENT
MA00002467,LN00019395,2024-10-31,835.88,SYNTHETIC_PRICING_ADJUSTMENT
MA00002468,LN00019406,2025-09-30,1698.71,SYNTHETIC_PRICING_ADJUSTMENT
MA00002469,LN00019410,2026-01-31,-425.74,SYNTHETIC_PRICING_ADJUSTMENT
MA00002470,LN00019433,2025-12-31,-427.83,SYNTHETIC_PRICING_ADJUSTMENT
MA00002471,LN00019438,2026-05-31,-903.79,SYNTHETIC_PRICING_ADJUSTMENT
MA00002472,LN00019439,2026-06-30,656.11,SYNTHETIC_PRICING_ADJUSTMENT
MA00002473,LN00019454,2025-09-30,245.51,SYNTHETIC_PRICING_ADJUSTMENT
MA00002474,LN00019458,2026-01-31,987.53,SYNTHETIC_PRICING_ADJUSTMENT
MA00002475,LN00019467,2024-10-31,-856.55,SYNTHETIC_PRICING_ADJUSTMENT
MA00002476,LN00019476,2025-07-31,1826.24,SYNTHETIC_PRICING_ADJUSTMENT
MA00002477,LN00019482,2026-01-31,-756.52,SYNTHETIC_PRICING_ADJUSTMENT
MA00002478,LN00019504,2025-11-30,-713.56,SYNTHETIC_PRICING_ADJUSTMENT
MA00002479,LN00019517,2024-12-31,1269.78,SYNTHETIC_PRICING_ADJUSTMENT
MA00002480,LN00019538,2024-09-30,1531.82,SYNTHETIC_PRICING_ADJUSTMENT
MA00002481,LN00019550,2025-09-30,326.84,SYNTHETIC_PRICING_ADJUSTMENT
MA00002482,LN00019552,2025-11-30,265.16,SYNTHETIC_PRICING_ADJUSTMENT
MA00002483,LN00019554,2026-01-31,747.21,SYNTHETIC_PRICING_ADJUSTMENT
MA00002484,LN00019583,2026-06-30,1380.36,SYNTHETIC_PRICING_ADJUSTMENT
MA00002485,LN00019585,2024-08-31,1523.26,SYNTHETIC_PRICING_ADJUSTMENT
MA00002486,LN00019589,2024-12-31,1573.31,SYNTHETIC_PRICING_ADJUSTMENT
MA00002487,LN00019601,2025-12-31,1100.26,SYNTHETIC_PRICING_ADJUSTMENT
MA00002488,LN00019616,2025-03-31,944.97,SYNTHETIC_PRICING_ADJUSTMENT
MA00002489,LN00019618,2025-05-31,1772.52,SYNTHETIC_PRICING_ADJUSTMENT
MA00002490,LN00019651,2026-02-28,1547.80,SYNTHETIC_PRICING_ADJUSTMENT
MA00002491,LN00019654,2026-05-31,-69.83,SYNTHETIC_PRICING_ADJUSTMENT
MA00002492,LN00019660,2024-11-30,1399.20,SYNTHETIC_PRICING_ADJUSTMENT
MA00002493,LN00019672,2025-11-30,-52.46,SYNTHETIC_PRICING_ADJUSTMENT
MA00002494,LN00019680,2026-07-31,1652.58,SYNTHETIC_PRICING_ADJUSTMENT
MA00002495,LN00019691,2025-06-30,1684.27,SYNTHETIC_PRICING_ADJUSTMENT
MA00002496,LN00019712,2025-03-31,-122.26,SYNTHETIC_PRICING_ADJUSTMENT
MA00002497,LN00019719,2025-10-31,1452.96,SYNTHETIC_PRICING_ADJUSTMENT
MA00002498,LN00019724,2026-03-31,-807.52,SYNTHETIC_PRICING_ADJUSTMENT
MA00002499,LN00019735,2025-02-28,790.15,SYNTHETIC_PRICING_ADJUSTMENT
MA00002500,LN00019750,2026-05-31,279.26,SYNTHETIC_PRICING_ADJUSTMENT
MA00002501,LN00019753,2024-08-31,1071.99,SYNTHETIC_PRICING_ADJUSTMENT
MA00002502,LN00019763,2025-06-30,834.74,SYNTHETIC_PRICING_ADJUSTMENT
MA00002503,LN00019765,2025-08-31,1262.98,SYNTHETIC_PRICING_ADJUSTMENT
MA00002504,LN00019773,2026-04-30,1689.86,SYNTHETIC_PRICING_ADJUSTMENT
MA00002505,LN00019779,2024-10-31,597.26,SYNTHETIC_PRICING_ADJUSTMENT
MA00002506,LN00019782,2025-01-31,1433.62,SYNTHETIC_PRICING_ADJUSTMENT
MA00002507,LN00019787,2025-06-30,-989.94,SYNTHETIC_PRICING_ADJUSTMENT
MA00002508,LN00019792,2025-11-30,398.44,SYNTHETIC_PRICING_ADJUSTMENT
MA00002509,LN00019800,2026-07-31,1448.33,SYNTHETIC_PRICING_ADJUSTMENT
MA00002510,LN00019801,2024-08-31,-765.25,SYNTHETIC_PRICING_ADJUSTMENT
MA00002511,LN00019803,2024-10-31,521.53,SYNTHETIC_PRICING_ADJUSTMENT
MA00002512,LN00019804,2024-11-30,778.46,SYNTHETIC_PRICING_ADJUSTMENT
MA00002513,LN00019811,2025-06-30,520.26,SYNTHETIC_PRICING_ADJUSTMENT
MA00002514,LN00019818,2026-01-31,-540.28,SYNTHETIC_PRICING_ADJUSTMENT
MA00002515,LN00019828,2024-11-30,-95.34,SYNTHETIC_PRICING_ADJUSTMENT
MA00002516,LN00019833,2025-04-30,1840.27,SYNTHETIC_PRICING_ADJUSTMENT
MA00002517,LN00019834,2025-05-31,1303.65,SYNTHETIC_PRICING_ADJUSTMENT
MA00002518,LN00019843,2026-02-28,-883.57,SYNTHETIC_PRICING_ADJUSTMENT
MA00002519,LN00019844,2026-03-31,186.64,SYNTHETIC_PRICING_ADJUSTMENT
MA00002520,LN00019859,2025-06-30,-951.89,SYNTHETIC_PRICING_ADJUSTMENT
MA00002521,LN00019869,2026-04-30,705.70,SYNTHETIC_PRICING_ADJUSTMENT
MA00002522,LN00019871,2026-06-30,504.30,SYNTHETIC_PRICING_ADJUSTMENT
MA00002523,LN00019876,2024-11-30,-219.49,SYNTHETIC_PRICING_ADJUSTMENT
MA00002524,LN00019881,2025-04-30,-835.05,SYNTHETIC_PRICING_ADJUSTMENT
MA00002525,LN00019883,2025-06-30,287.75,SYNTHETIC_PRICING_ADJUSTMENT
MA00002526,LN00019884,2025-07-31,169.33,SYNTHETIC_PRICING_ADJUSTMENT
MA00002527,LN00019888,2025-11-30,589.26,SYNTHETIC_PRICING_ADJUSTMENT
MA00002528,LN00019894,2026-05-31,-463.28,SYNTHETIC_PRICING_ADJUSTMENT
MA00002529,LN00019907,2025-06-30,-78.60,SYNTHETIC_PRICING_ADJUSTMENT
MA00002530,LN00019910,2025-09-30,60.89,SYNTHETIC_PRICING_ADJUSTMENT
MA00002531,LN00019918,2026-05-31,1392.51,SYNTHETIC_PRICING_ADJUSTMENT
MA00002532,LN00019919,2026-06-30,-452.14,SYNTHETIC_PRICING_ADJUSTMENT
MA00002533,LN00019930,2025-05-31,1065.21,SYNTHETIC_PRICING_ADJUSTMENT
MA00002534,LN00019942,2026-05-31,-205.35,SYNTHETIC_PRICING_ADJUSTMENT
MA00002535,LN00019943,2026-06-30,1109.54,SYNTHETIC_PRICING_ADJUSTMENT
MA00002536,LN00019961,2025-12-31,-712.08,SYNTHETIC_PRICING_ADJUSTMENT
MA00002537,LN00019973,2024-12-31,-686.65,SYNTHETIC_PRICING_ADJUSTMENT
MA00002538,LN00020002,2025-05-31,1839.78,SYNTHETIC_PRICING_ADJUSTMENT
MA00002539,LN00020004,2025-07-31,51.61,SYNTHETIC_PRICING_ADJUSTMENT
MA00002540,LN00020010,2026-01-31,1438.79,SYNTHETIC_PRICING_ADJUSTMENT
MA00002541,LN00020017,2024-08-31,1214.59,SYNTHETIC_PRICING_ADJUSTMENT
MA00002542,LN00020027,2025-06-30,1107.63,SYNTHETIC_PRICING_ADJUSTMENT
MA00002543,LN00020034,2026-01-31,-189.73,SYNTHETIC_PRICING_ADJUSTMENT
MA00002544,LN00020036,2026-03-31,-89.84,SYNTHETIC_PRICING_ADJUSTMENT
MA00002545,LN00020063,2026-06-30,1440.16,SYNTHETIC_PRICING_ADJUSTMENT
MA00002546,LN00020069,2024-12-31,1161.76,SYNTHETIC_PRICING_ADJUSTMENT
MA00002547,LN00020070,2025-01-31,430.88,SYNTHETIC_PRICING_ADJUSTMENT
MA00002548,LN00020075,2025-06-30,1372.62,SYNTHETIC_PRICING_ADJUSTMENT
MA00002549,LN00020078,2025-09-30,1089.18,SYNTHETIC_PRICING_ADJUSTMENT
MA00002550,LN00020082,2026-01-31,1782.98,SYNTHETIC_PRICING_ADJUSTMENT
MA00002551,LN00020087,2026-06-30,1946.58,SYNTHETIC_PRICING_ADJUSTMENT
MA00002552,LN00020093,2024-12-31,-763.78,SYNTHETIC_PRICING_ADJUSTMENT
MA00002553,LN00020102,2025-09-30,48.35,SYNTHETIC_PRICING_ADJUSTMENT
MA00002554,LN00020108,2026-03-31,1520.33,SYNTHETIC_PRICING_ADJUSTMENT
MA00002555,LN00020125,2025-08-31,171.92,SYNTHETIC_PRICING_ADJUSTMENT
MA00002556,LN00020132,2026-03-31,1151.68,SYNTHETIC_PRICING_ADJUSTMENT
MA00002557,LN00020139,2024-10-31,1645.65,SYNTHETIC_PRICING_ADJUSTMENT
MA00002558,LN00020152,2025-11-30,997.46,SYNTHETIC_PRICING_ADJUSTMENT
MA00002559,LN00020175,2025-10-31,1527.55,SYNTHETIC_PRICING_ADJUSTMENT
MA00002560,LN00020177,2025-12-31,-234.29,SYNTHETIC_PRICING_ADJUSTMENT
MA00002561,LN00020182,2026-05-31,1233.28,SYNTHETIC_PRICING_ADJUSTMENT
MA00002562,LN00020205,2026-04-30,1082.76,SYNTHETIC_PRICING_ADJUSTMENT
MA00002563,LN00020209,2024-08-31,-708.83,SYNTHETIC_PRICING_ADJUSTMENT
MA00002564,LN00020223,2025-10-31,1228.84,SYNTHETIC_PRICING_ADJUSTMENT
MA00002565,LN00020225,2025-12-31,515.18,SYNTHETIC_PRICING_ADJUSTMENT
MA00002566,LN00020226,2026-01-31,461.24,SYNTHETIC_PRICING_ADJUSTMENT
MA00002567,LN00020227,2026-02-28,483.25,SYNTHETIC_PRICING_ADJUSTMENT
MA00002568,LN00020231,2026-06-30,51.29,SYNTHETIC_PRICING_ADJUSTMENT
MA00002569,LN00020237,2024-12-31,1573.37,SYNTHETIC_PRICING_ADJUSTMENT
MA00002570,LN00020247,2025-10-31,-348.82,SYNTHETIC_PRICING_ADJUSTMENT
MA00002571,LN00020249,2025-12-31,935.48,SYNTHETIC_PRICING_ADJUSTMENT
MA00002572,LN00020253,2026-04-30,-338.56,SYNTHETIC_PRICING_ADJUSTMENT
MA00002573,LN00020257,2024-08-31,1862.08,SYNTHETIC_PRICING_ADJUSTMENT
MA00002574,LN00020268,2025-07-31,-187.67,SYNTHETIC_PRICING_ADJUSTMENT
MA00002575,LN00020271,2025-10-31,-306.55,SYNTHETIC_PRICING_ADJUSTMENT
MA00002576,LN00020273,2025-12-31,920.68,SYNTHETIC_PRICING_ADJUSTMENT
MA00002577,LN00020276,2026-03-31,-655.36,SYNTHETIC_PRICING_ADJUSTMENT
MA00002578,LN00020289,2025-04-30,1948.61,SYNTHETIC_PRICING_ADJUSTMENT
MA00002579,LN00020303,2026-06-30,-163.81,SYNTHETIC_PRICING_ADJUSTMENT
MA00002580,LN00020304,2026-07-31,-299.90,SYNTHETIC_PRICING_ADJUSTMENT
MA00002581,LN00020308,2024-11-30,300.29,SYNTHETIC_PRICING_ADJUSTMENT
MA00002582,LN00020313,2025-04-30,-366.57,SYNTHETIC_PRICING_ADJUSTMENT
MA00002583,LN00020316,2025-07-31,474.51,SYNTHETIC_PRICING_ADJUSTMENT
MA00002584,LN00020326,2026-05-31,256.13,SYNTHETIC_PRICING_ADJUSTMENT
MA00002585,LN00020330,2024-09-30,1287.48,SYNTHETIC_PRICING_ADJUSTMENT
MA00002586,LN00020346,2026-01-31,1483.11,SYNTHETIC_PRICING_ADJUSTMENT
MA00002587,LN00020354,2024-09-30,-643.66,SYNTHETIC_PRICING_ADJUSTMENT
MA00002588,LN00020357,2024-12-31,-141.47,SYNTHETIC_PRICING_ADJUSTMENT
MA00002589,LN00020370,2026-01-31,1718.97,SYNTHETIC_PRICING_ADJUSTMENT
MA00002590,LN00020371,2026-02-28,872.57,SYNTHETIC_PRICING_ADJUSTMENT
MA00002591,LN00020374,2026-05-31,-93.48,SYNTHETIC_PRICING_ADJUSTMENT
MA00002592,LN00020377,2024-08-31,390.68,SYNTHETIC_PRICING_ADJUSTMENT
MA00002593,LN00020388,2025-07-31,-792.32,SYNTHETIC_PRICING_ADJUSTMENT
MA00002594,LN00020393,2025-12-31,211.92,SYNTHETIC_PRICING_ADJUSTMENT
MA00002595,LN00020405,2024-12-31,-490.31,SYNTHETIC_PRICING_ADJUSTMENT
MA00002596,LN00020409,2025-04-30,-431.76,SYNTHETIC_PRICING_ADJUSTMENT
MA00002597,LN00020412,2025-07-31,377.60,SYNTHETIC_PRICING_ADJUSTMENT
MA00002598,LN00020425,2024-08-31,180.79,SYNTHETIC_PRICING_ADJUSTMENT
MA00002599,LN00020433,2025-04-30,-151.02,SYNTHETIC_PRICING_ADJUSTMENT
MA00002600,LN00020434,2025-05-31,914.02,SYNTHETIC_PRICING_ADJUSTMENT
MA00002601,LN00020448,2026-07-31,1278.06,SYNTHETIC_PRICING_ADJUSTMENT
MA00002602,LN00020450,2024-09-30,-134.06,SYNTHETIC_PRICING_ADJUSTMENT
MA00002603,LN00020466,2026-01-31,1843.53,SYNTHETIC_PRICING_ADJUSTMENT
MA00002604,LN00020483,2025-06-30,303.90,SYNTHETIC_PRICING_ADJUSTMENT
MA00002605,LN00020486,2025-09-30,-283.71,SYNTHETIC_PRICING_ADJUSTMENT
MA00002606,LN00020487,2025-10-31,173.31,SYNTHETIC_PRICING_ADJUSTMENT
MA00002607,LN00020493,2026-04-30,-484.15,SYNTHETIC_PRICING_ADJUSTMENT
MA00002608,LN00020510,2025-09-30,526.97,SYNTHETIC_PRICING_ADJUSTMENT
MA00002609,LN00020528,2025-03-31,1668.44,SYNTHETIC_PRICING_ADJUSTMENT
MA00002610,LN00020534,2025-09-30,1187.60,SYNTHETIC_PRICING_ADJUSTMENT
MA00002611,LN00020537,2025-12-31,674.37,SYNTHETIC_PRICING_ADJUSTMENT
MA00002612,LN00020540,2026-03-31,1276.29,SYNTHETIC_PRICING_ADJUSTMENT
MA00002613,LN00020542,2026-05-31,662.85,SYNTHETIC_PRICING_ADJUSTMENT
MA00002614,LN00020543,2026-06-30,816.80,SYNTHETIC_PRICING_ADJUSTMENT
MA00002615,LN00020567,2026-06-30,1006.64,SYNTHETIC_PRICING_ADJUSTMENT
MA00002616,LN00020585,2025-12-31,1854.10,SYNTHETIC_PRICING_ADJUSTMENT
MA00002617,LN00020587,2026-02-28,1626.23,SYNTHETIC_PRICING_ADJUSTMENT
MA00002618,LN00020591,2026-06-30,-376.80,SYNTHETIC_PRICING_ADJUSTMENT
MA00002619,LN00020594,2024-09-30,594.07,SYNTHETIC_PRICING_ADJUSTMENT
MA00002620,LN00020602,2025-05-31,-578.64,SYNTHETIC_PRICING_ADJUSTMENT
MA00002621,LN00020611,2026-02-28,983.43,SYNTHETIC_PRICING_ADJUSTMENT
MA00002622,LN00020616,2026-07-31,-857.03,SYNTHETIC_PRICING_ADJUSTMENT
MA00002623,LN00020617,2024-08-31,499.70,SYNTHETIC_PRICING_ADJUSTMENT
MA00002624,LN00020620,2024-11-30,-273.80,SYNTHETIC_PRICING_ADJUSTMENT
MA00002625,LN00020627,2025-06-30,1514.58,SYNTHETIC_PRICING_ADJUSTMENT
MA00002626,LN00020632,2025-11-30,1046.09,SYNTHETIC_PRICING_ADJUSTMENT
MA00002627,LN00020639,2026-06-30,1153.49,SYNTHETIC_PRICING_ADJUSTMENT
MA00002628,LN00020647,2025-02-28,1649.15,SYNTHETIC_PRICING_ADJUSTMENT
MA00002629,LN00020649,2025-04-30,-731.57,SYNTHETIC_PRICING_ADJUSTMENT
MA00002630,LN00020654,2025-09-30,-36.78,SYNTHETIC_PRICING_ADJUSTMENT
MA00002631,LN00020655,2025-10-31,1582.70,SYNTHETIC_PRICING_ADJUSTMENT
MA00002632,LN00020670,2025-01-31,1925.43,SYNTHETIC_PRICING_ADJUSTMENT
MA00002633,LN00020683,2026-02-28,-83.07,SYNTHETIC_PRICING_ADJUSTMENT
MA00002634,LN00020704,2025-11-30,808.69,SYNTHETIC_PRICING_ADJUSTMENT
MA00002635,LN00020705,2025-12-31,426.87,SYNTHETIC_PRICING_ADJUSTMENT
MA00002636,LN00020721,2025-04-30,-408.61,SYNTHETIC_PRICING_ADJUSTMENT
MA00002637,LN00020726,2025-09-30,853.59,SYNTHETIC_PRICING_ADJUSTMENT
MA00002638,LN00020730,2026-01-31,149.32,SYNTHETIC_PRICING_ADJUSTMENT
MA00002639,LN00020739,2024-10-31,-377.04,SYNTHETIC_PRICING_ADJUSTMENT
MA00002640,LN00020751,2025-10-31,-29.87,SYNTHETIC_PRICING_ADJUSTMENT
MA00002641,LN00020753,2025-12-31,-452.52,SYNTHETIC_PRICING_ADJUSTMENT
MA00002642,LN00020755,2026-02-28,1338.54,SYNTHETIC_PRICING_ADJUSTMENT
MA00002643,LN00020764,2024-11-30,166.87,SYNTHETIC_PRICING_ADJUSTMENT
MA00002644,LN00020779,2026-02-28,1593.82,SYNTHETIC_PRICING_ADJUSTMENT
MA00002645,LN00020781,2026-04-30,-507.73,SYNTHETIC_PRICING_ADJUSTMENT
MA00002646,LN00020784,2026-07-31,124.31,SYNTHETIC_PRICING_ADJUSTMENT
MA00002647,LN00020789,2024-12-31,1699.98,SYNTHETIC_PRICING_ADJUSTMENT
MA00002648,LN00020795,2025-06-30,1113.21,SYNTHETIC_PRICING_ADJUSTMENT
MA00002649,LN00020803,2026-02-28,75.40,SYNTHETIC_PRICING_ADJUSTMENT
MA00002650,LN00020807,2026-06-30,1797.64,SYNTHETIC_PRICING_ADJUSTMENT
MA00002651,LN00020826,2026-01-31,674.10,SYNTHETIC_PRICING_ADJUSTMENT
MA00002652,LN00020841,2025-04-30,1321.69,SYNTHETIC_PRICING_ADJUSTMENT
MA00002653,LN00020849,2025-12-31,-831.97,SYNTHETIC_PRICING_ADJUSTMENT
MA00002654,LN00020886,2025-01-31,575.39,SYNTHETIC_PRICING_ADJUSTMENT
MA00002655,LN00020914,2025-05-31,364.46,SYNTHETIC_PRICING_ADJUSTMENT
MA00002656,LN00020916,2025-07-31,955.01,SYNTHETIC_PRICING_ADJUSTMENT
MA00002657,LN00020923,2026-02-28,-581.69,SYNTHETIC_PRICING_ADJUSTMENT
MA00002658,LN00020946,2026-01-31,1259.85,SYNTHETIC_PRICING_ADJUSTMENT
MA00002659,LN00020959,2025-02-28,104.76,SYNTHETIC_PRICING_ADJUSTMENT
MA00002660,LN00020969,2025-12-31,1861.14,SYNTHETIC_PRICING_ADJUSTMENT
MA00002661,LN00020979,2024-10-31,439.04,SYNTHETIC_PRICING_ADJUSTMENT
MA00002662,LN00020988,2025-07-31,-60.49,SYNTHETIC_PRICING_ADJUSTMENT
MA00002663,LN00020993,2025-12-31,1855.55,SYNTHETIC_PRICING_ADJUSTMENT
MA00002664,LN00021001,2024-08-31,234.75,SYNTHETIC_PRICING_ADJUSTMENT
MA00002665,LN00021002,2024-09-30,476.48,SYNTHETIC_PRICING_ADJUSTMENT
MA00002666,LN00021026,2024-09-30,1812.41,SYNTHETIC_PRICING_ADJUSTMENT
MA00002667,LN00021030,2025-01-31,1870.75,SYNTHETIC_PRICING_ADJUSTMENT
MA00002668,LN00021050,2024-09-30,-109.59,SYNTHETIC_PRICING_ADJUSTMENT
MA00002669,LN00021053,2024-12-31,1432.98,SYNTHETIC_PRICING_ADJUSTMENT
MA00002670,LN00021062,2025-09-30,-256.89,SYNTHETIC_PRICING_ADJUSTMENT
MA00002671,LN00021072,2026-07-31,711.15,SYNTHETIC_PRICING_ADJUSTMENT
MA00002672,LN00021083,2025-06-30,559.59,SYNTHETIC_PRICING_ADJUSTMENT
MA00002673,LN00021097,2024-08-31,177.35,SYNTHETIC_PRICING_ADJUSTMENT
MA00002674,LN00021116,2026-03-31,-347.46,SYNTHETIC_PRICING_ADJUSTMENT
MA00002675,LN00021124,2024-11-30,265.36,SYNTHETIC_PRICING_ADJUSTMENT
MA00002676,LN00021130,2025-05-31,1344.28,SYNTHETIC_PRICING_ADJUSTMENT
MA00002677,LN00021135,2025-10-31,753.96,SYNTHETIC_PRICING_ADJUSTMENT
MA00002678,LN00021142,2026-05-31,-708.74,SYNTHETIC_PRICING_ADJUSTMENT
MA00002679,LN00021153,2025-04-30,79.12,SYNTHETIC_PRICING_ADJUSTMENT
MA00002680,LN00021195,2024-10-31,-330.98,SYNTHETIC_PRICING_ADJUSTMENT
MA00002681,LN00021202,2025-05-31,-953.84,SYNTHETIC_PRICING_ADJUSTMENT
MA00002682,LN00021209,2025-12-31,-409.35,SYNTHETIC_PRICING_ADJUSTMENT
MA00002683,LN00021212,2026-03-31,1212.12,SYNTHETIC_PRICING_ADJUSTMENT
MA00002684,LN00021237,2026-04-30,235.50,SYNTHETIC_PRICING_ADJUSTMENT
MA00002685,LN00021238,2026-05-31,-118.74,SYNTHETIC_PRICING_ADJUSTMENT
MA00002686,LN00021250,2025-05-31,203.71,SYNTHETIC_PRICING_ADJUSTMENT
MA00002687,LN00021251,2025-06-30,931.79,SYNTHETIC_PRICING_ADJUSTMENT
MA00002688,LN00021252,2025-07-31,642.76,SYNTHETIC_PRICING_ADJUSTMENT
MA00002689,LN00021274,2025-05-31,-608.20,SYNTHETIC_PRICING_ADJUSTMENT
MA00002690,LN00021284,2026-03-31,-267.74,SYNTHETIC_PRICING_ADJUSTMENT
MA00002691,LN00021293,2024-12-31,-288.88,SYNTHETIC_PRICING_ADJUSTMENT
MA00002692,LN00021310,2026-05-31,-119.26,SYNTHETIC_PRICING_ADJUSTMENT
MA00002693,LN00021311,2026-06-30,576.42,SYNTHETIC_PRICING_ADJUSTMENT
MA00002694,LN00021313,2024-08-31,676.40,SYNTHETIC_PRICING_ADJUSTMENT
MA00002695,LN00021316,2024-11-30,1582.52,SYNTHETIC_PRICING_ADJUSTMENT
MA00002696,LN00021328,2025-11-30,638.23,SYNTHETIC_PRICING_ADJUSTMENT
MA00002697,LN00021332,2026-03-31,1043.39,SYNTHETIC_PRICING_ADJUSTMENT
MA00002698,LN00021355,2026-02-28,571.04,SYNTHETIC_PRICING_ADJUSTMENT
MA00002699,LN00021357,2026-04-30,460.27,SYNTHETIC_PRICING_ADJUSTMENT
MA00002700,LN00021361,2024-08-31,1486.13,SYNTHETIC_PRICING_ADJUSTMENT
MA00002701,LN00021378,2026-01-31,-604.25,SYNTHETIC_PRICING_ADJUSTMENT
MA00002702,LN00021381,2026-04-30,1875.48,SYNTHETIC_PRICING_ADJUSTMENT
MA00002703,LN00021404,2026-03-31,-117.08,SYNTHETIC_PRICING_ADJUSTMENT
MA00002704,LN00021411,2024-10-31,1243.24,SYNTHETIC_PRICING_ADJUSTMENT
MA00002705,LN00021426,2026-01-31,589.24,SYNTHETIC_PRICING_ADJUSTMENT
MA00002706,LN00021428,2026-03-31,160.11,SYNTHETIC_PRICING_ADJUSTMENT
MA00002707,LN00021435,2024-10-31,-608.21,SYNTHETIC_PRICING_ADJUSTMENT
MA00002708,LN00021444,2025-07-31,-483.35,SYNTHETIC_PRICING_ADJUSTMENT
MA00002709,LN00021455,2026-06-30,797.81,SYNTHETIC_PRICING_ADJUSTMENT
MA00002710,LN00021456,2026-07-31,176.79,SYNTHETIC_PRICING_ADJUSTMENT
MA00002711,LN00021467,2025-06-30,-342.32,SYNTHETIC_PRICING_ADJUSTMENT
MA00002712,LN00021479,2026-06-30,-300.00,SYNTHETIC_PRICING_ADJUSTMENT
MA00002713,LN00021483,2024-10-31,-515.89,SYNTHETIC_PRICING_ADJUSTMENT
MA00002714,LN00021488,2025-03-31,1746.16,SYNTHETIC_PRICING_ADJUSTMENT
MA00002715,LN00021490,2025-05-31,1193.25,SYNTHETIC_PRICING_ADJUSTMENT
MA00002716,LN00021492,2025-07-31,-539.89,SYNTHETIC_PRICING_ADJUSTMENT
MA00002717,LN00021494,2025-09-30,-794.25,SYNTHETIC_PRICING_ADJUSTMENT
MA00002718,LN00021496,2025-11-30,1497.09,SYNTHETIC_PRICING_ADJUSTMENT
MA00002719,LN00021506,2024-09-30,1439.73,SYNTHETIC_PRICING_ADJUSTMENT
MA00002720,LN00021508,2024-11-30,-928.35,SYNTHETIC_PRICING_ADJUSTMENT
MA00002721,LN00021509,2024-12-31,199.38,SYNTHETIC_PRICING_ADJUSTMENT
MA00002722,LN00021513,2025-04-30,1738.32,SYNTHETIC_PRICING_ADJUSTMENT
MA00002723,LN00021514,2025-05-31,1547.06,SYNTHETIC_PRICING_ADJUSTMENT
MA00002724,LN00021526,2026-05-31,1039.36,SYNTHETIC_PRICING_ADJUSTMENT
MA00002725,LN00021546,2026-01-31,256.94,SYNTHETIC_PRICING_ADJUSTMENT
MA00002726,LN00021555,2024-10-31,293.50,SYNTHETIC_PRICING_ADJUSTMENT
MA00002727,LN00021558,2025-01-31,1466.05,SYNTHETIC_PRICING_ADJUSTMENT
MA00002728,LN00021563,2025-06-30,860.33,SYNTHETIC_PRICING_ADJUSTMENT
MA00002729,LN00021564,2025-07-31,1584.49,SYNTHETIC_PRICING_ADJUSTMENT
MA00002730,LN00021571,2026-02-28,-83.88,SYNTHETIC_PRICING_ADJUSTMENT
MA00002731,LN00021579,2024-10-31,874.70,SYNTHETIC_PRICING_ADJUSTMENT
MA00002732,LN00021583,2025-02-28,-308.16,SYNTHETIC_PRICING_ADJUSTMENT
MA00002733,LN00021592,2025-11-30,337.41,SYNTHETIC_PRICING_ADJUSTMENT
MA00002734,LN00021602,2024-09-30,1730.45,SYNTHETIC_PRICING_ADJUSTMENT
MA00002735,LN00021621,2026-04-30,-623.82,SYNTHETIC_PRICING_ADJUSTMENT
MA00002736,LN00021624,2026-07-31,1554.30,SYNTHETIC_PRICING_ADJUSTMENT
MA00002737,LN00021628,2024-11-30,861.85,SYNTHETIC_PRICING_ADJUSTMENT
MA00002738,LN00021632,2025-03-31,771.60,SYNTHETIC_PRICING_ADJUSTMENT
MA00002739,LN00021633,2025-04-30,1406.67,SYNTHETIC_PRICING_ADJUSTMENT
MA00002740,LN00021636,2025-07-31,1152.44,SYNTHETIC_PRICING_ADJUSTMENT
MA00002741,LN00021644,2026-03-31,143.65,SYNTHETIC_PRICING_ADJUSTMENT
MA00002742,LN00021646,2026-05-31,1906.65,SYNTHETIC_PRICING_ADJUSTMENT
MA00002743,LN00021659,2025-06-30,637.80,SYNTHETIC_PRICING_ADJUSTMENT
MA00002744,LN00021678,2025-01-31,1664.93,SYNTHETIC_PRICING_ADJUSTMENT
MA00002745,LN00021693,2026-04-30,124.96,SYNTHETIC_PRICING_ADJUSTMENT
MA00002746,LN00021696,2026-07-31,1248.01,SYNTHETIC_PRICING_ADJUSTMENT
MA00002747,LN00021701,2024-12-31,10.63,SYNTHETIC_PRICING_ADJUSTMENT
MA00002748,LN00021710,2025-09-30,674.77,SYNTHETIC_PRICING_ADJUSTMENT
MA00002749,LN00021712,2025-11-30,575.07,SYNTHETIC_PRICING_ADJUSTMENT
MA00002750,LN00021715,2026-02-28,-307.51,SYNTHETIC_PRICING_ADJUSTMENT
MA00002751,LN00021737,2025-12-31,1398.23,SYNTHETIC_PRICING_ADJUSTMENT
MA00002752,LN00021749,2024-12-31,106.81,SYNTHETIC_PRICING_ADJUSTMENT
MA00002753,LN00021750,2025-01-31,14.97,SYNTHETIC_PRICING_ADJUSTMENT
MA00002754,LN00021758,2025-09-30,380.17,SYNTHETIC_PRICING_ADJUSTMENT
MA00002755,LN00021759,2025-10-31,380.50,SYNTHETIC_PRICING_ADJUSTMENT
MA00002756,LN00021762,2026-01-31,-429.66,SYNTHETIC_PRICING_ADJUSTMENT
MA00002757,LN00021769,2024-08-31,1648.27,SYNTHETIC_PRICING_ADJUSTMENT
MA00002758,LN00021774,2025-01-31,-75.96,SYNTHETIC_PRICING_ADJUSTMENT
MA00002759,LN00021780,2025-07-31,1587.38,SYNTHETIC_PRICING_ADJUSTMENT
MA00002760,LN00021782,2025-09-30,784.93,SYNTHETIC_PRICING_ADJUSTMENT
MA00002761,LN00021791,2026-06-30,578.03,SYNTHETIC_PRICING_ADJUSTMENT
MA00002762,LN00021796,2024-11-30,1968.65,SYNTHETIC_PRICING_ADJUSTMENT
MA00002763,LN00021807,2025-10-31,642.27,SYNTHETIC_PRICING_ADJUSTMENT
MA00002764,LN00021812,2026-03-31,966.30,SYNTHETIC_PRICING_ADJUSTMENT
MA00002765,LN00021817,2024-08-31,-963.15,SYNTHETIC_PRICING_ADJUSTMENT
MA00002766,LN00021835,2026-02-28,-810.64,SYNTHETIC_PRICING_ADJUSTMENT
MA00002767,LN00021880,2025-11-30,422.69,SYNTHETIC_PRICING_ADJUSTMENT
MA00002768,LN00021881,2025-12-31,1598.98,SYNTHETIC_PRICING_ADJUSTMENT
MA00002769,LN00021891,2024-10-31,702.81,SYNTHETIC_PRICING_ADJUSTMENT
MA00002770,LN00021900,2025-07-31,-672.09,SYNTHETIC_PRICING_ADJUSTMENT
MA00002771,LN00021903,2025-10-31,-750.45,SYNTHETIC_PRICING_ADJUSTMENT
MA00002772,LN00021917,2024-12-31,844.73,SYNTHETIC_PRICING_ADJUSTMENT
MA00002773,LN00021919,2025-02-28,-202.69,SYNTHETIC_PRICING_ADJUSTMENT
MA00002774,LN00021923,2025-06-30,-630.66,SYNTHETIC_PRICING_ADJUSTMENT
MA00002775,LN00021926,2025-09-30,-802.20,SYNTHETIC_PRICING_ADJUSTMENT
MA00002776,LN00021927,2025-10-31,86.44,SYNTHETIC_PRICING_ADJUSTMENT
MA00002777,LN00021932,2026-03-31,-884.20,SYNTHETIC_PRICING_ADJUSTMENT
MA00002778,LN00021943,2025-02-28,-937.11,SYNTHETIC_PRICING_ADJUSTMENT
MA00002779,LN00021947,2025-06-30,-275.45,SYNTHETIC_PRICING_ADJUSTMENT
MA00002780,LN00021958,2026-05-31,112.88,SYNTHETIC_PRICING_ADJUSTMENT
MA00002781,LN00021960,2026-07-31,1188.44,SYNTHETIC_PRICING_ADJUSTMENT
MA00002782,LN00021962,2024-09-30,-707.58,SYNTHETIC_PRICING_ADJUSTMENT
MA00002783,LN00021966,2025-01-31,1519.73,SYNTHETIC_PRICING_ADJUSTMENT
MA00002784,LN00021976,2025-11-30,-782.19,SYNTHETIC_PRICING_ADJUSTMENT
MA00002785,LN00021982,2026-05-31,704.12,SYNTHETIC_PRICING_ADJUSTMENT
MA00002786,LN00021984,2026-07-31,-907.12,SYNTHETIC_PRICING_ADJUSTMENT
MA00002787,LN00021992,2025-03-31,422.02,SYNTHETIC_PRICING_ADJUSTMENT
MA00002788,LN00022006,2026-05-31,218.22,SYNTHETIC_PRICING_ADJUSTMENT
MA00002789,LN00022025,2025-12-31,544.51,SYNTHETIC_PRICING_ADJUSTMENT
MA00002790,LN00022055,2026-06-30,-913.60,SYNTHETIC_PRICING_ADJUSTMENT
MA00002791,LN00022056,2026-07-31,-265.08,SYNTHETIC_PRICING_ADJUSTMENT
MA00002792,LN00022060,2024-11-30,1743.39,SYNTHETIC_PRICING_ADJUSTMENT
MA00002793,LN00022063,2025-02-28,730.89,SYNTHETIC_PRICING_ADJUSTMENT
MA00002794,LN00022069,2025-08-31,1371.20,SYNTHETIC_PRICING_ADJUSTMENT
MA00002795,LN00022071,2025-10-31,217.52,SYNTHETIC_PRICING_ADJUSTMENT
MA00002796,LN00022081,2024-08-31,1043.15,SYNTHETIC_PRICING_ADJUSTMENT
MA00002797,LN00022083,2024-10-31,72.61,SYNTHETIC_PRICING_ADJUSTMENT
MA00002798,LN00022084,2024-11-30,1064.25,SYNTHETIC_PRICING_ADJUSTMENT
MA00002799,LN00022087,2025-02-28,1790.84,SYNTHETIC_PRICING_ADJUSTMENT
MA00002800,LN00022089,2025-04-30,1207.10,SYNTHETIC_PRICING_ADJUSTMENT
MA00002801,LN00022105,2024-08-31,1853.53,SYNTHETIC_PRICING_ADJUSTMENT
MA00002802,LN00022128,2026-07-31,1242.39,SYNTHETIC_PRICING_ADJUSTMENT
MA00002803,LN00022133,2024-12-31,1831.35,SYNTHETIC_PRICING_ADJUSTMENT
MA00002804,LN00022141,2025-08-31,-770.21,SYNTHETIC_PRICING_ADJUSTMENT
MA00002805,LN00022144,2025-11-30,805.73,SYNTHETIC_PRICING_ADJUSTMENT
MA00002806,LN00022153,2024-08-31,-864.92,SYNTHETIC_PRICING_ADJUSTMENT
MA00002807,LN00022176,2026-07-31,1937.19,SYNTHETIC_PRICING_ADJUSTMENT
MA00002808,LN00022179,2024-10-31,105.94,SYNTHETIC_PRICING_ADJUSTMENT
MA00002809,LN00022182,2025-01-31,-878.85,SYNTHETIC_PRICING_ADJUSTMENT
MA00002810,LN00022183,2025-02-28,993.55,SYNTHETIC_PRICING_ADJUSTMENT
MA00002811,LN00022186,2025-05-31,1506.50,SYNTHETIC_PRICING_ADJUSTMENT
MA00002812,LN00022189,2025-08-31,1449.92,SYNTHETIC_PRICING_ADJUSTMENT
MA00002813,LN00022196,2026-03-31,-137.22,SYNTHETIC_PRICING_ADJUSTMENT
MA00002814,LN00022213,2025-08-31,-648.76,SYNTHETIC_PRICING_ADJUSTMENT
MA00002815,LN00022223,2026-06-30,868.75,SYNTHETIC_PRICING_ADJUSTMENT
MA00002816,LN00022244,2026-03-31,1443.30,SYNTHETIC_PRICING_ADJUSTMENT
MA00002817,LN00022250,2024-09-30,-105.86,SYNTHETIC_PRICING_ADJUSTMENT
MA00002818,LN00022258,2025-05-31,859.49,SYNTHETIC_PRICING_ADJUSTMENT
MA00002819,LN00022280,2025-03-31,321.17,SYNTHETIC_PRICING_ADJUSTMENT
MA00002820,LN00022282,2025-05-31,1781.26,SYNTHETIC_PRICING_ADJUSTMENT
MA00002821,LN00022295,2026-06-30,-445.33,SYNTHETIC_PRICING_ADJUSTMENT
MA00002822,LN00022311,2025-10-31,821.93,SYNTHETIC_PRICING_ADJUSTMENT
MA00002823,LN00022312,2025-11-30,1280.62,SYNTHETIC_PRICING_ADJUSTMENT
MA00002824,LN00022325,2024-12-31,745.86,SYNTHETIC_PRICING_ADJUSTMENT
MA00002825,LN00022340,2026-03-31,515.91,SYNTHETIC_PRICING_ADJUSTMENT
MA00002826,LN00022341,2026-04-30,-536.84,SYNTHETIC_PRICING_ADJUSTMENT
MA00002827,LN00022342,2026-05-31,675.85,SYNTHETIC_PRICING_ADJUSTMENT
MA00002828,LN00022351,2025-02-28,53.06,SYNTHETIC_PRICING_ADJUSTMENT
MA00002829,LN00022360,2025-11-30,-16.74,SYNTHETIC_PRICING_ADJUSTMENT
MA00002830,LN00022364,2026-03-31,-375.45,SYNTHETIC_PRICING_ADJUSTMENT
MA00002831,LN00022367,2026-06-30,-461.61,SYNTHETIC_PRICING_ADJUSTMENT
MA00002832,LN00022370,2024-09-30,600.44,SYNTHETIC_PRICING_ADJUSTMENT
MA00002833,LN00022379,2025-06-30,688.83,SYNTHETIC_PRICING_ADJUSTMENT
MA00002834,LN00022380,2025-07-31,-717.32,SYNTHETIC_PRICING_ADJUSTMENT
MA00002835,LN00022399,2025-02-28,1132.24,SYNTHETIC_PRICING_ADJUSTMENT
MA00002836,LN00022408,2025-11-30,-617.34,SYNTHETIC_PRICING_ADJUSTMENT
MA00002837,LN00022413,2026-04-30,1352.94,SYNTHETIC_PRICING_ADJUSTMENT
MA00002838,LN00022419,2024-10-31,284.70,SYNTHETIC_PRICING_ADJUSTMENT
MA00002839,LN00022442,2024-09-30,-254.18,SYNTHETIC_PRICING_ADJUSTMENT
MA00002840,LN00022450,2025-05-31,1180.15,SYNTHETIC_PRICING_ADJUSTMENT
MA00002841,LN00022452,2025-07-31,1574.18,SYNTHETIC_PRICING_ADJUSTMENT
MA00002842,LN00022460,2026-03-31,583.04,SYNTHETIC_PRICING_ADJUSTMENT
MA00002843,LN00022465,2024-08-31,688.75,SYNTHETIC_PRICING_ADJUSTMENT
MA00002844,LN00022473,2025-04-30,-779.76,SYNTHETIC_PRICING_ADJUSTMENT
MA00002845,LN00022482,2026-01-31,631.83,SYNTHETIC_PRICING_ADJUSTMENT
MA00002846,LN00022483,2026-02-28,1146.35,SYNTHETIC_PRICING_ADJUSTMENT
MA00002847,LN00022485,2026-04-30,999.54,SYNTHETIC_PRICING_ADJUSTMENT
MA00002848,LN00022512,2026-07-31,452.80,SYNTHETIC_PRICING_ADJUSTMENT
MA00002849,LN00022526,2025-09-30,-134.25,SYNTHETIC_PRICING_ADJUSTMENT
MA00002850,LN00022530,2026-01-31,427.78,SYNTHETIC_PRICING_ADJUSTMENT
MA00002851,LN00022545,2025-04-30,1951.03,SYNTHETIC_PRICING_ADJUSTMENT
MA00002852,LN00022552,2025-11-30,76.41,SYNTHETIC_PRICING_ADJUSTMENT
MA00002853,LN00022555,2026-02-28,1752.37,SYNTHETIC_PRICING_ADJUSTMENT
MA00002854,LN00022574,2025-09-30,1993.64,SYNTHETIC_PRICING_ADJUSTMENT
MA00002855,LN00022575,2025-10-31,196.92,SYNTHETIC_PRICING_ADJUSTMENT
MA00002856,LN00022586,2024-09-30,-698.99,SYNTHETIC_PRICING_ADJUSTMENT
MA00002857,LN00022604,2026-03-31,-333.05,SYNTHETIC_PRICING_ADJUSTMENT
MA00002858,LN00022623,2025-10-31,1786.60,SYNTHETIC_PRICING_ADJUSTMENT
MA00002859,LN00022640,2025-03-31,1660.47,SYNTHETIC_PRICING_ADJUSTMENT
MA00002860,LN00022660,2024-11-30,952.95,SYNTHETIC_PRICING_ADJUSTMENT
MA00002861,LN00022662,2025-01-31,-896.76,SYNTHETIC_PRICING_ADJUSTMENT
MA00002862,LN00022669,2025-08-31,1690.00,SYNTHETIC_PRICING_ADJUSTMENT
MA00002863,LN00022671,2025-10-31,552.02,SYNTHETIC_PRICING_ADJUSTMENT
MA00002864,LN00022704,2026-07-31,-683.67,SYNTHETIC_PRICING_ADJUSTMENT
MA00002865,LN00022721,2025-12-31,1864.08,SYNTHETIC_PRICING_ADJUSTMENT
MA00002866,LN00022738,2025-05-31,662.24,SYNTHETIC_PRICING_ADJUSTMENT
MA00002867,LN00022740,2025-07-31,-402.45,SYNTHETIC_PRICING_ADJUSTMENT
MA00002868,LN00022742,2025-09-30,253.20,SYNTHETIC_PRICING_ADJUSTMENT
MA00002869,LN00022743,2025-10-31,1301.04,SYNTHETIC_PRICING_ADJUSTMENT
MA00002870,LN00022747,2026-02-28,1576.85,SYNTHETIC_PRICING_ADJUSTMENT
MA00002871,LN00022776,2026-07-31,-686.67,SYNTHETIC_PRICING_ADJUSTMENT
MA00002872,LN00022789,2025-08-31,-75.02,SYNTHETIC_PRICING_ADJUSTMENT
MA00002873,LN00022796,2026-03-31,1041.55,SYNTHETIC_PRICING_ADJUSTMENT
MA00002874,LN00022798,2026-05-31,728.55,SYNTHETIC_PRICING_ADJUSTMENT
MA00002875,LN00022800,2026-07-31,1786.94,SYNTHETIC_PRICING_ADJUSTMENT
MA00002876,LN00022817,2025-12-31,1944.87,SYNTHETIC_PRICING_ADJUSTMENT
MA00002877,LN00022822,2026-05-31,-976.59,SYNTHETIC_PRICING_ADJUSTMENT
MA00002878,LN00022827,2024-10-31,88.50,SYNTHETIC_PRICING_ADJUSTMENT
MA00002879,LN00022835,2025-06-30,959.02,SYNTHETIC_PRICING_ADJUSTMENT
MA00002880,LN00022838,2025-09-30,-128.90,SYNTHETIC_PRICING_ADJUSTMENT
MA00002881,LN00022854,2025-01-31,1619.13,SYNTHETIC_PRICING_ADJUSTMENT
MA00002882,LN00022857,2025-04-30,1041.38,SYNTHETIC_PRICING_ADJUSTMENT
MA00002883,LN00022865,2025-12-31,104.73,SYNTHETIC_PRICING_ADJUSTMENT
MA00002884,LN00022870,2026-05-31,1329.10,SYNTHETIC_PRICING_ADJUSTMENT
MA00002885,LN00022895,2026-06-30,1704.65,SYNTHETIC_PRICING_ADJUSTMENT
MA00002886,LN00022901,2024-12-31,995.70,SYNTHETIC_PRICING_ADJUSTMENT
MA00002887,LN00022926,2025-01-31,626.28,SYNTHETIC_PRICING_ADJUSTMENT
MA00002888,LN00022938,2026-01-31,-610.13,SYNTHETIC_PRICING_ADJUSTMENT
MA00002889,LN00022944,2026-07-31,1979.46,SYNTHETIC_PRICING_ADJUSTMENT
MA00002890,LN00022945,2024-08-31,676.67,SYNTHETIC_PRICING_ADJUSTMENT
MA00002891,LN00022957,2025-08-31,1525.01,SYNTHETIC_PRICING_ADJUSTMENT
MA00002892,LN00022962,2026-01-31,-932.93,SYNTHETIC_PRICING_ADJUSTMENT
MA00002893,LN00022978,2025-05-31,-769.39,SYNTHETIC_PRICING_ADJUSTMENT
MA00002894,LN00022979,2025-06-30,-699.20,SYNTHETIC_PRICING_ADJUSTMENT
MA00002895,LN00022981,2025-08-31,845.30,SYNTHETIC_PRICING_ADJUSTMENT
MA00002896,LN00023002,2025-05-31,462.64,SYNTHETIC_PRICING_ADJUSTMENT
MA00002897,LN00023010,2026-01-31,1852.62,SYNTHETIC_PRICING_ADJUSTMENT
MA00002898,LN00023016,2026-07-31,257.76,SYNTHETIC_PRICING_ADJUSTMENT
MA00002899,LN00023032,2025-11-30,860.04,SYNTHETIC_PRICING_ADJUSTMENT
MA00002900,LN00023034,2026-01-31,-206.11,SYNTHETIC_PRICING_ADJUSTMENT
MA00002901,LN00023036,2026-03-31,-966.51,SYNTHETIC_PRICING_ADJUSTMENT
MA00002902,LN00023039,2026-06-30,-708.61,SYNTHETIC_PRICING_ADJUSTMENT
MA00002903,LN00023046,2025-01-31,-244.73,SYNTHETIC_PRICING_ADJUSTMENT
MA00002904,LN00023054,2025-09-30,792.13,SYNTHETIC_PRICING_ADJUSTMENT
MA00002905,LN00023058,2026-01-31,-696.60,SYNTHETIC_PRICING_ADJUSTMENT
MA00002906,LN00023071,2025-02-28,733.66,SYNTHETIC_PRICING_ADJUSTMENT
MA00002907,LN00023078,2025-09-30,-855.67,SYNTHETIC_PRICING_ADJUSTMENT
MA00002908,LN00023080,2025-11-30,1203.37,SYNTHETIC_PRICING_ADJUSTMENT
MA00002909,LN00023081,2025-12-31,24.71,SYNTHETIC_PRICING_ADJUSTMENT
MA00002910,LN00023087,2026-06-30,-203.46,SYNTHETIC_PRICING_ADJUSTMENT
MA00002911,LN00023122,2025-05-31,-856.40,SYNTHETIC_PRICING_ADJUSTMENT
MA00002912,LN00023123,2025-06-30,-527.81,SYNTHETIC_PRICING_ADJUSTMENT
MA00002913,LN00023124,2025-07-31,1355.08,SYNTHETIC_PRICING_ADJUSTMENT
MA00002914,LN00023126,2025-09-30,248.88,SYNTHETIC_PRICING_ADJUSTMENT
MA00002915,LN00023132,2026-03-31,1984.80,SYNTHETIC_PRICING_ADJUSTMENT
MA00002916,LN00023135,2026-06-30,-724.42,SYNTHETIC_PRICING_ADJUSTMENT
MA00002917,LN00023144,2025-03-31,1124.64,SYNTHETIC_PRICING_ADJUSTMENT
MA00002918,LN00023150,2025-09-30,-365.95,SYNTHETIC_PRICING_ADJUSTMENT
MA00002919,LN00023156,2026-03-31,-582.71,SYNTHETIC_PRICING_ADJUSTMENT
MA00002920,LN00023160,2026-07-31,140.69,SYNTHETIC_PRICING_ADJUSTMENT
MA00002921,LN00023168,2025-03-31,1068.19,SYNTHETIC_PRICING_ADJUSTMENT
MA00002922,LN00023174,2025-09-30,-60.73,SYNTHETIC_PRICING_ADJUSTMENT
MA00002923,LN00023181,2026-04-30,-29.26,SYNTHETIC_PRICING_ADJUSTMENT
MA00002924,LN00023185,2024-08-31,305.14,SYNTHETIC_PRICING_ADJUSTMENT
MA00002925,LN00023201,2025-12-31,1216.63,SYNTHETIC_PRICING_ADJUSTMENT
MA00002926,LN00023204,2026-03-31,1164.45,SYNTHETIC_PRICING_ADJUSTMENT
MA00002927,LN00023205,2026-04-30,407.29,SYNTHETIC_PRICING_ADJUSTMENT
MA00002928,LN00023228,2026-03-31,1490.36,SYNTHETIC_PRICING_ADJUSTMENT
MA00002929,LN00023259,2024-10-31,1281.42,SYNTHETIC_PRICING_ADJUSTMENT
MA00002930,LN00023272,2025-11-30,61.12,SYNTHETIC_PRICING_ADJUSTMENT
MA00002931,LN00023274,2026-01-31,-186.87,SYNTHETIC_PRICING_ADJUSTMENT
MA00002932,LN00023296,2025-11-30,1003.71,SYNTHETIC_PRICING_ADJUSTMENT
MA00002933,LN00023310,2025-01-31,1806.83,SYNTHETIC_PRICING_ADJUSTMENT
MA00002934,LN00023320,2025-11-30,-675.58,SYNTHETIC_PRICING_ADJUSTMENT
MA00002935,LN00023323,2026-02-28,1422.84,SYNTHETIC_PRICING_ADJUSTMENT
MA00002936,LN00023326,2026-05-31,1913.90,SYNTHETIC_PRICING_ADJUSTMENT
MA00002937,LN00023327,2026-06-30,1429.87,SYNTHETIC_PRICING_ADJUSTMENT
MA00002938,LN00023331,2024-10-31,658.52,SYNTHETIC_PRICING_ADJUSTMENT
MA00002939,LN00023334,2025-01-31,-627.45,SYNTHETIC_PRICING_ADJUSTMENT
MA00002940,LN00023340,2025-07-31,-793.15,SYNTHETIC_PRICING_ADJUSTMENT
MA00002941,LN00023343,2025-10-31,-169.20,SYNTHETIC_PRICING_ADJUSTMENT
MA00002942,LN00023365,2025-08-31,-86.60,SYNTHETIC_PRICING_ADJUSTMENT
MA00002943,LN00023379,2024-10-31,620.84,SYNTHETIC_PRICING_ADJUSTMENT
MA00002944,LN00023380,2024-11-30,1556.19,SYNTHETIC_PRICING_ADJUSTMENT
MA00002945,LN00023382,2025-01-31,-56.40,SYNTHETIC_PRICING_ADJUSTMENT
MA00002946,LN00023386,2025-05-31,-637.22,SYNTHETIC_PRICING_ADJUSTMENT
MA00002947,LN00023399,2026-06-30,852.98,SYNTHETIC_PRICING_ADJUSTMENT
MA00002948,LN00023401,2024-08-31,-842.81,SYNTHETIC_PRICING_ADJUSTMENT
MA00002949,LN00023402,2024-09-30,1342.88,SYNTHETIC_PRICING_ADJUSTMENT
MA00002950,LN00023406,2025-01-31,281.43,SYNTHETIC_PRICING_ADJUSTMENT
MA00002951,LN00023409,2025-04-30,354.54,SYNTHETIC_PRICING_ADJUSTMENT
MA00002952,LN00023420,2026-03-31,1898.69,SYNTHETIC_PRICING_ADJUSTMENT
MA00002953,LN00023422,2026-05-31,517.88,SYNTHETIC_PRICING_ADJUSTMENT
MA00002954,LN00023424,2026-07-31,1173.31,SYNTHETIC_PRICING_ADJUSTMENT
MA00002955,LN00023435,2025-06-30,166.44,SYNTHETIC_PRICING_ADJUSTMENT
MA00002956,LN00023441,2025-12-31,1370.04,SYNTHETIC_PRICING_ADJUSTMENT
MA00002957,LN00023451,2024-10-31,339.45,SYNTHETIC_PRICING_ADJUSTMENT
MA00002958,LN00023454,2025-01-31,885.68,SYNTHETIC_PRICING_ADJUSTMENT
MA00002959,LN00023457,2025-04-30,1004.12,SYNTHETIC_PRICING_ADJUSTMENT
MA00002960,LN00023461,2025-08-31,-369.76,SYNTHETIC_PRICING_ADJUSTMENT
MA00002961,LN00023466,2026-01-31,743.49,SYNTHETIC_PRICING_ADJUSTMENT
MA00002962,LN00023472,2026-07-31,28.25,SYNTHETIC_PRICING_ADJUSTMENT
MA00002963,LN00023475,2024-10-31,567.58,SYNTHETIC_PRICING_ADJUSTMENT
MA00002964,LN00023490,2026-01-31,1139.73,SYNTHETIC_PRICING_ADJUSTMENT
MA00002965,LN00023501,2024-12-31,1162.54,SYNTHETIC_PRICING_ADJUSTMENT
MA00002966,LN00023506,2025-05-31,1863.30,SYNTHETIC_PRICING_ADJUSTMENT
MA00002967,LN00023511,2025-10-31,1395.90,SYNTHETIC_PRICING_ADJUSTMENT
MA00002968,LN00023514,2026-01-31,1097.42,SYNTHETIC_PRICING_ADJUSTMENT
MA00002969,LN00023521,2024-08-31,1543.68,SYNTHETIC_PRICING_ADJUSTMENT
MA00002970,LN00023523,2024-10-31,-634.45,SYNTHETIC_PRICING_ADJUSTMENT
MA00002971,LN00023545,2024-08-31,-843.12,SYNTHETIC_PRICING_ADJUSTMENT
MA00002972,LN00023558,2025-09-30,300.73,SYNTHETIC_PRICING_ADJUSTMENT
MA00002973,LN00023560,2025-11-30,786.65,SYNTHETIC_PRICING_ADJUSTMENT
MA00002974,LN00023569,2024-08-31,1316.03,SYNTHETIC_PRICING_ADJUSTMENT
MA00002975,LN00023575,2025-02-28,1739.37,SYNTHETIC_PRICING_ADJUSTMENT
MA00002976,LN00023592,2026-07-31,-871.45,SYNTHETIC_PRICING_ADJUSTMENT
MA00002977,LN00023615,2026-06-30,-699.11,SYNTHETIC_PRICING_ADJUSTMENT
MA00002978,LN00023616,2026-07-31,-438.83,SYNTHETIC_PRICING_ADJUSTMENT
MA00002979,LN00023618,2024-09-30,-55.69,SYNTHETIC_PRICING_ADJUSTMENT
MA00002980,LN00023641,2024-08-31,1840.69,SYNTHETIC_PRICING_ADJUSTMENT
MA00002981,LN00023644,2024-11-30,-164.24,SYNTHETIC_PRICING_ADJUSTMENT
MA00002982,LN00023646,2025-01-31,-8.54,SYNTHETIC_PRICING_ADJUSTMENT
MA00002983,LN00023647,2025-02-28,1249.13,SYNTHETIC_PRICING_ADJUSTMENT
MA00002984,LN00023649,2025-04-30,1932.42,SYNTHETIC_PRICING_ADJUSTMENT
MA00002985,LN00023651,2025-06-30,175.90,SYNTHETIC_PRICING_ADJUSTMENT
MA00002986,LN00023658,2026-01-31,-133.77,SYNTHETIC_PRICING_ADJUSTMENT
MA00002987,LN00023659,2026-02-28,1991.47,SYNTHETIC_PRICING_ADJUSTMENT
MA00002988,LN00023667,2024-10-31,-931.81,SYNTHETIC_PRICING_ADJUSTMENT
MA00002989,LN00023673,2025-04-30,1789.35,SYNTHETIC_PRICING_ADJUSTMENT
MA00002990,LN00023689,2024-08-31,-167.45,SYNTHETIC_PRICING_ADJUSTMENT
MA00002991,LN00023694,2025-01-31,537.62,SYNTHETIC_PRICING_ADJUSTMENT
MA00002992,LN00023704,2025-11-30,-294.94,SYNTHETIC_PRICING_ADJUSTMENT
MA00002993,LN00023716,2024-11-30,4.05,SYNTHETIC_PRICING_ADJUSTMENT
MA00002994,LN00023725,2025-08-31,1127.48,SYNTHETIC_PRICING_ADJUSTMENT
MA00002995,LN00023733,2026-04-30,223.70,SYNTHETIC_PRICING_ADJUSTMENT
MA00002996,LN00023738,2024-09-30,-118.40,SYNTHETIC_PRICING_ADJUSTMENT
MA00002997,LN00023741,2024-12-31,-853.97,SYNTHETIC_PRICING_ADJUSTMENT
MA00002998,LN00023750,2025-09-30,-507.97,SYNTHETIC_PRICING_ADJUSTMENT
MA00002999,LN00023751,2025-10-31,-131.33,SYNTHETIC_PRICING_ADJUSTMENT
MA00003000,LN00023762,2024-09-30,1615.55,SYNTHETIC_PRICING_ADJUSTMENT
MA00003001,LN00023776,2025-11-30,1634.60,SYNTHETIC_PRICING_ADJUSTMENT
MA00003002,LN00023779,2026-02-28,1353.37,SYNTHETIC_PRICING_ADJUSTMENT
MA00003003,LN00023780,2026-03-31,1190.21,SYNTHETIC_PRICING_ADJUSTMENT
MA00003004,LN00023786,2024-09-30,-97.51,SYNTHETIC_PRICING_ADJUSTMENT
MA00003005,LN00023790,2025-01-31,1862.51,SYNTHETIC_PRICING_ADJUSTMENT
MA00003006,LN00023794,2025-05-31,-464.80,SYNTHETIC_PRICING_ADJUSTMENT
MA00003007,LN00023795,2025-06-30,1608.65,SYNTHETIC_PRICING_ADJUSTMENT
MA00003008,LN00023800,2025-11-30,654.18,SYNTHETIC_PRICING_ADJUSTMENT
MA00003009,LN00023803,2026-02-28,-907.19,SYNTHETIC_PRICING_ADJUSTMENT
MA00003010,LN00023805,2026-04-30,1244.95,SYNTHETIC_PRICING_ADJUSTMENT
MA00003011,LN00023806,2026-05-31,-406.74,SYNTHETIC_PRICING_ADJUSTMENT
MA00003012,LN00023816,2025-03-31,-307.32,SYNTHETIC_PRICING_ADJUSTMENT
MA00003013,LN00023821,2025-08-31,210.09,SYNTHETIC_PRICING_ADJUSTMENT
MA00003014,LN00023848,2025-11-30,-621.17,SYNTHETIC_PRICING_ADJUSTMENT
MA00003015,LN00023856,2026-07-31,220.94,SYNTHETIC_PRICING_ADJUSTMENT
MA00003016,LN00023857,2024-08-31,148.36,SYNTHETIC_PRICING_ADJUSTMENT
MA00003017,LN00023862,2025-01-31,204.32,SYNTHETIC_PRICING_ADJUSTMENT
MA00003018,LN00023885,2024-12-31,-792.01,SYNTHETIC_PRICING_ADJUSTMENT
MA00003019,LN00023893,2025-08-31,707.80,SYNTHETIC_PRICING_ADJUSTMENT
MA00003020,LN00023914,2025-05-31,-632.97,SYNTHETIC_PRICING_ADJUSTMENT
MA00003021,LN00023918,2025-09-30,-1.22,SYNTHETIC_PRICING_ADJUSTMENT
MA00003022,LN00023921,2025-12-31,1563.80,SYNTHETIC_PRICING_ADJUSTMENT
MA00003023,LN00023924,2026-03-31,-445.85,SYNTHETIC_PRICING_ADJUSTMENT
MA00003024,LN00023927,2026-06-30,-353.72,SYNTHETIC_PRICING_ADJUSTMENT
MA00003025,LN00023938,2025-05-31,1427.69,SYNTHETIC_PRICING_ADJUSTMENT
MA00003026,LN00023947,2026-02-28,870.09,SYNTHETIC_PRICING_ADJUSTMENT
MA00003027,LN00023956,2024-11-30,1123.89,SYNTHETIC_PRICING_ADJUSTMENT
MA00003028,LN00023961,2025-04-30,1127.17,SYNTHETIC_PRICING_ADJUSTMENT
MA00003029,LN00023978,2024-09-30,594.35,SYNTHETIC_PRICING_ADJUSTMENT
MA00003030,LN00023990,2025-09-30,1234.14,SYNTHETIC_PRICING_ADJUSTMENT
MA00003031,LN00023999,2026-06-30,1010.14,SYNTHETIC_PRICING_ADJUSTMENT
MA00003032,LN00024001,2024-08-31,1700.09,SYNTHETIC_PRICING_ADJUSTMENT
MA00003033,LN00024008,2025-03-31,1553.88,SYNTHETIC_PRICING_ADJUSTMENT
MA00003034,LN00024015,2025-10-31,-437.73,SYNTHETIC_PRICING_ADJUSTMENT
MA00003035,LN00024025,2024-08-31,399.88,SYNTHETIC_PRICING_ADJUSTMENT
MA00003036,LN00024043,2026-02-28,-798.85,SYNTHETIC_PRICING_ADJUSTMENT
MA00003037,LN00024045,2026-04-30,31.37,SYNTHETIC_PRICING_ADJUSTMENT
MA00003038,LN00024046,2026-05-31,-956.04,SYNTHETIC_PRICING_ADJUSTMENT
MA00003039,LN00024050,2024-09-30,-999.52,SYNTHETIC_PRICING_ADJUSTMENT
MA00003040,LN00024054,2025-01-31,-17.87,SYNTHETIC_PRICING_ADJUSTMENT
MA00003041,LN00024067,2026-02-28,1868.16,SYNTHETIC_PRICING_ADJUSTMENT
MA00003042,LN00024068,2026-03-31,10.71,SYNTHETIC_PRICING_ADJUSTMENT
MA00003043,LN00024074,2024-09-30,1671.92,SYNTHETIC_PRICING_ADJUSTMENT
MA00003044,LN00024080,2025-03-31,1078.22,SYNTHETIC_PRICING_ADJUSTMENT
MA00003045,LN00024081,2025-04-30,-571.51,SYNTHETIC_PRICING_ADJUSTMENT
MA00003046,LN00024114,2026-01-31,1869.11,SYNTHETIC_PRICING_ADJUSTMENT
MA00003047,LN00024117,2026-04-30,1955.45,SYNTHETIC_PRICING_ADJUSTMENT
MA00003048,LN00024121,2024-08-31,1077.67,SYNTHETIC_PRICING_ADJUSTMENT
MA00003049,LN00024125,2024-12-31,81.29,SYNTHETIC_PRICING_ADJUSTMENT
MA00003050,LN00024139,2026-02-28,1299.92,SYNTHETIC_PRICING_ADJUSTMENT
MA00003051,LN00024143,2026-06-30,72.89,SYNTHETIC_PRICING_ADJUSTMENT
MA00003052,LN00024176,2025-03-31,-990.55,SYNTHETIC_PRICING_ADJUSTMENT
MA00003053,LN00024187,2026-02-28,1135.35,SYNTHETIC_PRICING_ADJUSTMENT
MA00003054,LN00024195,2024-10-31,741.14,SYNTHETIC_PRICING_ADJUSTMENT
MA00003055,LN00024201,2025-04-30,1803.59,SYNTHETIC_PRICING_ADJUSTMENT
MA00003056,LN00024206,2025-09-30,342.13,SYNTHETIC_PRICING_ADJUSTMENT
MA00003057,LN00024213,2026-04-30,1614.14,SYNTHETIC_PRICING_ADJUSTMENT
MA00003058,LN00024214,2026-05-31,1884.94,SYNTHETIC_PRICING_ADJUSTMENT
MA00003059,LN00024242,2024-09-30,233.29,SYNTHETIC_PRICING_ADJUSTMENT
MA00003060,LN00024245,2024-12-31,1087.63,SYNTHETIC_PRICING_ADJUSTMENT
MA00003061,LN00024250,2025-05-31,1808.32,SYNTHETIC_PRICING_ADJUSTMENT
MA00003062,LN00024264,2026-07-31,1732.98,SYNTHETIC_PRICING_ADJUSTMENT
MA00003063,LN00024268,2024-11-30,1748.44,SYNTHETIC_PRICING_ADJUSTMENT
MA00003064,LN00024277,2025-08-31,730.78,SYNTHETIC_PRICING_ADJUSTMENT
MA00003065,LN00024288,2026-07-31,-561.33,SYNTHETIC_PRICING_ADJUSTMENT
MA00003066,LN00024289,2024-08-31,-169.84,SYNTHETIC_PRICING_ADJUSTMENT
MA00003067,LN00024290,2024-09-30,1917.40,SYNTHETIC_PRICING_ADJUSTMENT
MA00003068,LN00024293,2024-12-31,1910.55,SYNTHETIC_PRICING_ADJUSTMENT
MA00003069,LN00024295,2025-02-28,1513.79,SYNTHETIC_PRICING_ADJUSTMENT
MA00003070,LN00024311,2026-06-30,811.52,SYNTHETIC_PRICING_ADJUSTMENT
MA00003071,LN00024316,2024-11-30,-179.71,SYNTHETIC_PRICING_ADJUSTMENT
MA00003072,LN00024327,2025-10-31,1914.97,SYNTHETIC_PRICING_ADJUSTMENT
MA00003073,LN00024337,2024-08-31,1601.65,SYNTHETIC_PRICING_ADJUSTMENT
MA00003074,LN00024344,2025-03-31,971.45,SYNTHETIC_PRICING_ADJUSTMENT
MA00003075,LN00024352,2025-11-30,369.36,SYNTHETIC_PRICING_ADJUSTMENT
MA00003076,LN00024390,2025-01-31,1109.52,SYNTHETIC_PRICING_ADJUSTMENT
MA00003077,LN00024411,2024-10-31,736.33,SYNTHETIC_PRICING_ADJUSTMENT
MA00003078,LN00024413,2024-12-31,682.19,SYNTHETIC_PRICING_ADJUSTMENT
MA00003079,LN00024424,2025-11-30,1135.82,SYNTHETIC_PRICING_ADJUSTMENT
MA00003080,LN00024430,2026-05-31,-828.61,SYNTHETIC_PRICING_ADJUSTMENT
MA00003081,LN00024433,2024-08-31,292.37,SYNTHETIC_PRICING_ADJUSTMENT
MA00003082,LN00024436,2024-11-30,1794.07,SYNTHETIC_PRICING_ADJUSTMENT
MA00003083,LN00024438,2025-01-31,703.92,SYNTHETIC_PRICING_ADJUSTMENT
MA00003084,LN00024446,2025-09-30,-957.37,SYNTHETIC_PRICING_ADJUSTMENT
MA00003085,LN00024459,2024-10-31,-373.48,SYNTHETIC_PRICING_ADJUSTMENT
MA00003086,LN00024467,2025-06-30,-385.31,SYNTHETIC_PRICING_ADJUSTMENT
MA00003087,LN00024498,2026-01-31,1806.99,SYNTHETIC_PRICING_ADJUSTMENT
MA00003088,LN00024501,2026-04-30,-139.92,SYNTHETIC_PRICING_ADJUSTMENT
MA00003089,LN00024504,2026-07-31,1688.65,SYNTHETIC_PRICING_ADJUSTMENT
MA00003090,LN00024506,2024-09-30,750.15,SYNTHETIC_PRICING_ADJUSTMENT
MA00003091,LN00024509,2024-12-31,-37.37,SYNTHETIC_PRICING_ADJUSTMENT
MA00003092,LN00024510,2025-01-31,-927.57,SYNTHETIC_PRICING_ADJUSTMENT
MA00003093,LN00024516,2025-07-31,198.52,SYNTHETIC_PRICING_ADJUSTMENT
MA00003094,LN00024522,2026-01-31,346.44,SYNTHETIC_PRICING_ADJUSTMENT
MA00003095,LN00024533,2024-12-31,376.76,SYNTHETIC_PRICING_ADJUSTMENT
MA00003096,LN00024538,2025-05-31,727.44,SYNTHETIC_PRICING_ADJUSTMENT
MA00003097,LN00024540,2025-07-31,1610.01,SYNTHETIC_PRICING_ADJUSTMENT
MA00003098,LN00024542,2025-09-30,-730.77,SYNTHETIC_PRICING_ADJUSTMENT
MA00003099,LN00024549,2026-04-30,1936.55,SYNTHETIC_PRICING_ADJUSTMENT
MA00003100,LN00024557,2024-12-31,970.19,SYNTHETIC_PRICING_ADJUSTMENT
MA00003101,LN00024587,2025-06-30,-828.25,SYNTHETIC_PRICING_ADJUSTMENT
MA00003102,LN00024589,2025-08-31,1688.27,SYNTHETIC_PRICING_ADJUSTMENT
MA00003103,LN00024593,2025-12-31,-460.83,SYNTHETIC_PRICING_ADJUSTMENT
MA00003104,LN00024597,2026-04-30,1735.31,SYNTHETIC_PRICING_ADJUSTMENT
MA00003105,LN00024604,2024-11-30,1746.22,SYNTHETIC_PRICING_ADJUSTMENT
MA00003106,LN00024610,2025-05-31,-125.51,SYNTHETIC_PRICING_ADJUSTMENT
MA00003107,LN00024612,2025-07-31,1324.67,SYNTHETIC_PRICING_ADJUSTMENT
MA00003108,LN00024615,2025-10-31,1047.47,SYNTHETIC_PRICING_ADJUSTMENT
MA00003109,LN00024619,2026-02-28,1824.52,SYNTHETIC_PRICING_ADJUSTMENT
MA00003110,LN00024629,2024-12-31,1464.73,SYNTHETIC_PRICING_ADJUSTMENT
MA00003111,LN00024654,2025-01-31,1133.94,SYNTHETIC_PRICING_ADJUSTMENT
MA00003112,LN00024663,2025-10-31,-667.36,SYNTHETIC_PRICING_ADJUSTMENT
MA00003113,LN00024677,2024-12-31,1143.10,SYNTHETIC_PRICING_ADJUSTMENT
MA00003114,LN00024688,2025-11-30,65.81,SYNTHETIC_PRICING_ADJUSTMENT
MA00003115,LN00024691,2026-02-28,-718.73,SYNTHETIC_PRICING_ADJUSTMENT
MA00003116,LN00024705,2025-04-30,1570.67,SYNTHETIC_PRICING_ADJUSTMENT
MA00003117,LN00024711,2025-10-31,1396.25,SYNTHETIC_PRICING_ADJUSTMENT
MA00003118,LN00024732,2025-07-31,167.21,SYNTHETIC_PRICING_ADJUSTMENT
MA00003119,LN00024733,2025-08-31,742.36,SYNTHETIC_PRICING_ADJUSTMENT
MA00003120,LN00024734,2025-09-30,238.05,SYNTHETIC_PRICING_ADJUSTMENT
MA00003121,LN00024740,2026-03-31,580.45,SYNTHETIC_PRICING_ADJUSTMENT
MA00003122,LN00024749,2024-12-31,1072.50,SYNTHETIC_PRICING_ADJUSTMENT
MA00003123,LN00024766,2026-05-31,1360.43,SYNTHETIC_PRICING_ADJUSTMENT
MA00003124,LN00024772,2024-11-30,-480.30,SYNTHETIC_PRICING_ADJUSTMENT
MA00003125,LN00024777,2025-04-30,519.13,SYNTHETIC_PRICING_ADJUSTMENT
MA00003126,LN00024780,2025-07-31,1512.21,SYNTHETIC_PRICING_ADJUSTMENT
MA00003127,LN00024784,2025-11-30,796.22,SYNTHETIC_PRICING_ADJUSTMENT
MA00003128,LN00024789,2026-04-30,337.62,SYNTHETIC_PRICING_ADJUSTMENT
MA00003129,LN00024794,2024-09-30,-504.81,SYNTHETIC_PRICING_ADJUSTMENT
MA00003130,LN00024798,2025-01-31,444.33,SYNTHETIC_PRICING_ADJUSTMENT
MA00003131,LN00024811,2026-02-28,79.53,SYNTHETIC_PRICING_ADJUSTMENT
MA00003132,LN00024825,2025-04-30,57.32,SYNTHETIC_PRICING_ADJUSTMENT
MA00003133,LN00024829,2025-08-31,-113.42,SYNTHETIC_PRICING_ADJUSTMENT
MA00003134,LN00024833,2025-12-31,1818.83,SYNTHETIC_PRICING_ADJUSTMENT
MA00003135,LN00024846,2025-01-31,-24.69,SYNTHETIC_PRICING_ADJUSTMENT
MA00003136,LN00024866,2024-09-30,875.87,SYNTHETIC_PRICING_ADJUSTMENT
MA00003137,LN00024867,2024-10-31,-542.60,SYNTHETIC_PRICING_ADJUSTMENT
MA00003138,LN00024885,2026-04-30,834.47,SYNTHETIC_PRICING_ADJUSTMENT
MA00003139,LN00024887,2026-06-30,-566.07,SYNTHETIC_PRICING_ADJUSTMENT
MA00003140,LN00024890,2024-09-30,572.50,SYNTHETIC_PRICING_ADJUSTMENT
MA00003141,LN00024898,2025-05-31,520.34,SYNTHETIC_PRICING_ADJUSTMENT
MA00003142,LN00024905,2025-12-31,-748.47,SYNTHETIC_PRICING_ADJUSTMENT
MA00003143,LN00024920,2025-03-31,1476.51,SYNTHETIC_PRICING_ADJUSTMENT
MA00003144,LN00024948,2025-07-31,-208.50,SYNTHETIC_PRICING_ADJUSTMENT
MA00003145,LN00024958,2026-05-31,-499.28,SYNTHETIC_PRICING_ADJUSTMENT
MA00003146,LN00024968,2025-03-31,679.37,SYNTHETIC_PRICING_ADJUSTMENT
MA00003147,LN00024983,2026-06-30,1544.69,SYNTHETIC_PRICING_ADJUSTMENT
