override_id,loan_id,override_month,override_amount,override_type
OV00000001,LN00000001,2024-08-31,787.92,BRANCH_SUPPORT
OV00000002,LN00000003,2024-10-31,183.84,BRANCH_SUPPORT
OV00000003,LN00000005,2024-12-31,177.35,BRANCH_SUPPORT
OV00000004,LN00000007,2025-02-28,280.56,BRANCH_SUPPORT
OV00000005,LN00000013,2025-08-31,222.20,BRANCH_SUPPORT
OV00000006,LN00000025,2024-08-31,306.24,BRANCH_SUPPORT
OV00000007,LN00000031,2025-02-28,1114.05,BRANCH_SUPPORT
OV00000008,LN00000034,2025-05-31,188.02,BRANCH_SUPPORT
OV00000009,LN00000036,2025-07-31,259.26,BRANCH_SUPPORT
OV00000010,LN00000037,2025-08-31,108.12,BRANCH_SUPPORT
OV00000011,LN00000040,2025-11-30,491.76,BRANCH_SUPPORT
OV00000012,LN00000050,2024-09-30,668.70,BRANCH_SUPPORT
OV00000013,LN00000051,2024-10-31,337.89,BRANCH_SUPPORT
OV00000014,LN00000056,2025-03-31,614.55,BRANCH_SUPPORT
OV00000015,LN00000057,2025-04-30,223.20,BRANCH_SUPPORT
OV00000016,LN00000063,2025-10-31,163.70,BRANCH_SUPPORT
OV00000017,LN00000069,2026-04-30,338.08,BRANCH_SUPPORT
OV00000018,LN00000071,2026-06-30,393.60,BRANCH_SUPPORT
OV00000019,LN00000073,2024-08-31,1098.00,BRANCH_SUPPORT
OV00000020,LN00000077,2024-12-31,307.75,BRANCH_SUPPORT
OV00000021,LN00000079,2025-02-28,141.54,BRANCH_SUPPORT
OV00000022,LN00000081,2025-04-30,355.50,BRANCH_SUPPORT
OV00000023,LN00000084,2025-07-31,488.10,BRANCH_SUPPORT
OV00000024,LN00000085,2025-08-31,148.08,BRANCH_SUPPORT
OV00000025,LN00000092,2026-03-31,271.46,BRANCH_SUPPORT
OV00000026,LN00000104,2025-03-31,368.62,BRANCH_SUPPORT
OV00000027,LN00000107,2025-06-30,718.20,BRANCH_SUPPORT
OV00000028,LN00000110,2025-09-30,931.20,BRANCH_SUPPORT
OV00000029,LN00000115,2026-02-28,204.84,BRANCH_SUPPORT
OV00000030,LN00000120,2026-07-31,636.86,BRANCH_SUPPORT
OV00000031,LN00000135,2025-10-31,781.76,BRANCH_SUPPORT
OV00000032,LN00000136,2025-11-30,194.20,BRANCH_SUPPORT
OV00000033,LN00000137,2025-12-31,316.74,BRANCH_SUPPORT
OV00000034,LN00000146,2024-09-30,224.18,BRANCH_SUPPORT
OV00000035,LN00000150,2025-01-31,362.55,BRANCH_SUPPORT
OV00000036,LN00000152,2025-03-31,789.70,BRANCH_SUPPORT
OV00000037,LN00000167,2026-06-30,321.62,BRANCH_SUPPORT
OV00000038,LN00000171,2024-10-31,993.92,BRANCH_SUPPORT
OV00000039,LN00000192,2026-07-31,152.70,BRANCH_SUPPORT
OV00000040,LN00000196,2024-11-30,1069.12,BRANCH_SUPPORT
OV00000041,LN00000200,2025-03-31,653.00,BRANCH_SUPPORT
OV00000042,LN00000202,2025-05-31,396.64,BRANCH_SUPPORT
OV00000043,LN00000203,2025-06-30,910.84,BRANCH_SUPPORT
OV00000044,LN00000209,2025-12-31,545.35,BRANCH_SUPPORT
OV00000045,LN00000211,2026-02-28,659.34,BRANCH_SUPPORT
OV00000046,LN00000215,2026-06-30,126.00,BRANCH_SUPPORT
OV00000047,LN00000218,2024-09-30,858.66,BRANCH_SUPPORT
OV00000048,LN00000221,2024-12-31,868.80,BRANCH_SUPPORT
OV00000049,LN00000222,2025-01-31,201.24,BRANCH_SUPPORT
OV00000050,LN00000224,2025-03-31,548.40,BRANCH_SUPPORT
OV00000051,LN00000228,2025-07-31,870.10,BRANCH_SUPPORT
OV00000052,LN00000229,2025-08-31,242.28,BRANCH_SUPPORT
OV00000053,LN00000230,2025-09-30,337.38,BRANCH_SUPPORT
OV00000054,LN00000231,2025-10-31,376.75,BRANCH_SUPPORT
OV00000055,LN00000235,2026-02-28,256.50,BRANCH_SUPPORT
OV00000056,LN00000236,2026-03-31,340.16,BRANCH_SUPPORT
OV00000057,LN00000238,2026-05-31,322.50,BRANCH_SUPPORT
OV00000058,LN00000245,2024-12-31,744.16,BRANCH_SUPPORT
OV00000059,LN00000253,2025-08-31,396.63,BRANCH_SUPPORT
OV00000060,LN00000255,2025-10-31,318.15,BRANCH_SUPPORT
OV00000061,LN00000257,2025-12-31,770.40,BRANCH_SUPPORT
OV00000062,LN00000260,2026-03-31,488.40,BRANCH_SUPPORT
OV00000063,LN00000266,2024-09-30,234.20,BRANCH_SUPPORT
OV00000064,LN00000270,2025-01-31,408.40,BRANCH_SUPPORT
OV00000065,LN00000273,2025-04-30,513.48,BRANCH_SUPPORT
OV00000066,LN00000277,2025-08-31,278.46,BRANCH_SUPPORT
OV00000067,LN00000279,2025-10-31,463.32,BRANCH_SUPPORT
OV00000068,LN00000284,2026-03-31,432.51,BRANCH_SUPPORT
OV00000069,LN00000296,2025-03-31,476.58,BRANCH_SUPPORT
OV00000070,LN00000308,2026-03-31,661.05,BRANCH_SUPPORT
OV00000071,LN00000311,2026-06-30,255.25,BRANCH_SUPPORT
OV00000072,LN00000312,2026-07-31,331.90,BRANCH_SUPPORT
OV00000073,LN00000313,2024-08-31,380.94,BRANCH_SUPPORT
OV00000074,LN00000322,2025-05-31,283.92,BRANCH_SUPPORT
OV00000075,LN00000323,2025-06-30,418.80,BRANCH_SUPPORT
OV00000076,LN00000325,2025-08-31,138.33,BRANCH_SUPPORT
OV00000077,LN00000328,2025-11-30,164.15,BRANCH_SUPPORT
OV00000078,LN00000329,2025-12-31,1048.04,BRANCH_SUPPORT
OV00000079,LN00000331,2026-02-28,460.35,BRANCH_SUPPORT
OV00000080,LN00000336,2026-07-31,610.20,BRANCH_SUPPORT
OV00000081,LN00000338,2024-09-30,1081.95,BRANCH_SUPPORT
OV00000082,LN00000340,2024-11-30,250.50,BRANCH_SUPPORT
OV00000083,LN00000342,2025-01-31,114.65,BRANCH_SUPPORT
OV00000084,LN00000347,2025-06-30,303.00,BRANCH_SUPPORT
OV00000085,LN00000350,2025-09-30,444.29,BRANCH_SUPPORT
OV00000086,LN00000351,2025-10-31,430.43,BRANCH_SUPPORT
OV00000087,LN00000353,2025-12-31,476.82,BRANCH_SUPPORT
OV00000088,LN00000354,2026-01-31,757.76,BRANCH_SUPPORT
OV00000089,LN00000357,2026-04-30,201.06,BRANCH_SUPPORT
OV00000090,LN00000358,2026-05-31,101.01,BRANCH_SUPPORT
OV00000091,LN00000359,2026-06-30,404.19,BRANCH_SUPPORT
OV00000092,LN00000362,2024-09-30,198.99,BRANCH_SUPPORT
OV00000093,LN00000365,2024-12-31,387.79,BRANCH_SUPPORT
OV00000094,LN00000368,2025-03-31,482.44,BRANCH_SUPPORT
OV00000095,LN00000382,2026-05-31,522.90,BRANCH_SUPPORT
OV00000096,LN00000384,2026-07-31,436.08,BRANCH_SUPPORT
OV00000097,LN00000401,2025-12-31,569.80,BRANCH_SUPPORT
OV00000098,LN00000404,2026-03-31,273.21,BRANCH_SUPPORT
OV00000099,LN00000413,2024-12-31,411.29,BRANCH_SUPPORT
OV00000100,LN00000415,2025-02-28,864.80,BRANCH_SUPPORT
OV00000101,LN00000426,2026-01-31,405.96,BRANCH_SUPPORT
OV00000102,LN00000428,2026-03-31,843.15,BRANCH_SUPPORT
OV00000103,LN00000435,2024-10-31,742.56,BRANCH_SUPPORT
OV00000104,LN00000439,2025-02-28,528.64,BRANCH_SUPPORT
OV00000105,LN00000444,2025-07-31,362.00,BRANCH_SUPPORT
OV00000106,LN00000445,2025-08-31,756.15,BRANCH_SUPPORT
OV00000107,LN00000452,2026-03-31,121.23,BRANCH_SUPPORT
OV00000108,LN00000455,2026-06-30,268.85,BRANCH_SUPPORT
OV00000109,LN00000461,2024-12-31,693.12,BRANCH_SUPPORT
OV00000110,LN00000472,2025-11-30,457.10,BRANCH_SUPPORT
OV00000111,LN00000481,2024-08-31,171.28,BRANCH_SUPPORT
OV00000112,LN00000482,2024-09-30,392.82,BRANCH_SUPPORT
OV00000113,LN00000492,2025-07-31,376.40,BRANCH_SUPPORT
OV00000114,LN00000498,2026-01-31,371.03,BRANCH_SUPPORT
OV00000115,LN00000506,2024-09-30,238.29,BRANCH_SUPPORT
OV00000116,LN00000511,2025-02-28,528.19,BRANCH_SUPPORT
OV00000117,LN00000514,2025-05-31,1035.68,BRANCH_SUPPORT
OV00000118,LN00000518,2025-09-30,367.60,BRANCH_SUPPORT
OV00000119,LN00000522,2026-01-31,559.86,BRANCH_SUPPORT
OV00000120,LN00000524,2026-03-31,251.88,BRANCH_SUPPORT
OV00000121,LN00000530,2024-09-30,925.68,BRANCH_SUPPORT
OV00000122,LN00000532,2024-11-30,852.15,BRANCH_SUPPORT
OV00000123,LN00000536,2025-03-31,143.33,BRANCH_SUPPORT
OV00000124,LN00000540,2025-07-31,393.84,BRANCH_SUPPORT
OV00000125,LN00000543,2025-10-31,927.45,BRANCH_SUPPORT
OV00000126,LN00000547,2026-02-28,210.60,BRANCH_SUPPORT
OV00000127,LN00000553,2024-08-31,254.16,BRANCH_SUPPORT
OV00000128,LN00000558,2025-01-31,185.94,BRANCH_SUPPORT
OV00000129,LN00000566,2025-09-30,163.62,BRANCH_SUPPORT
OV00000130,LN00000567,2025-10-31,875.70,BRANCH_SUPPORT
OV00000131,LN00000571,2026-02-28,151.20,BRANCH_SUPPORT
OV00000132,LN00000572,2026-03-31,720.70,BRANCH_SUPPORT
OV00000133,LN00000582,2025-01-31,631.17,BRANCH_SUPPORT
OV00000134,LN00000583,2025-02-28,328.55,BRANCH_SUPPORT
OV00000135,LN00000585,2025-04-30,569.92,BRANCH_SUPPORT
OV00000136,LN00000586,2025-05-31,275.20,BRANCH_SUPPORT
OV00000137,LN00000593,2025-12-31,268.25,BRANCH_SUPPORT
OV00000138,LN00000595,2026-02-28,443.04,BRANCH_SUPPORT
OV00000139,LN00000599,2026-06-30,283.20,BRANCH_SUPPORT
OV00000140,LN00000600,2026-07-31,330.75,BRANCH_SUPPORT
OV00000141,LN00000602,2024-09-30,857.25,BRANCH_SUPPORT
OV00000142,LN00000604,2024-11-30,170.94,BRANCH_SUPPORT
OV00000143,LN00000618,2026-01-31,702.30,BRANCH_SUPPORT
OV00000144,LN00000623,2026-06-30,131.18,BRANCH_SUPPORT
OV00000145,LN00000630,2025-01-31,551.07,BRANCH_SUPPORT
OV00000146,LN00000632,2025-03-31,190.32,BRANCH_SUPPORT
OV00000147,LN00000637,2025-08-31,260.50,BRANCH_SUPPORT
OV00000148,LN00000638,2025-09-30,659.12,BRANCH_SUPPORT
OV00000149,LN00000644,2026-03-31,109.92,BRANCH_SUPPORT
OV00000150,LN00000645,2026-04-30,338.34,BRANCH_SUPPORT
OV00000151,LN00000647,2026-06-30,289.64,BRANCH_SUPPORT
OV00000152,LN00000648,2026-07-31,351.00,BRANCH_SUPPORT
OV00000153,LN00000649,2024-08-31,353.28,BRANCH_SUPPORT
OV00000154,LN00000650,2024-09-30,605.88,BRANCH_SUPPORT
OV00000155,LN00000654,2025-01-31,1050.42,BRANCH_SUPPORT
OV00000156,LN00000655,2025-02-28,151.60,BRANCH_SUPPORT
OV00000157,LN00000657,2025-04-30,612.30,BRANCH_SUPPORT
OV00000158,LN00000659,2025-06-30,1151.36,BRANCH_SUPPORT
OV00000159,LN00000660,2025-07-31,740.70,BRANCH_SUPPORT
OV00000160,LN00000669,2026-04-30,432.80,BRANCH_SUPPORT
OV00000161,LN00000671,2026-06-30,270.10,BRANCH_SUPPORT
OV00000162,LN00000681,2025-04-30,103.28,BRANCH_SUPPORT
OV00000163,LN00000692,2026-03-31,352.94,BRANCH_SUPPORT
OV00000164,LN00000694,2026-05-31,134.60,BRANCH_SUPPORT
OV00000165,LN00000695,2026-06-30,381.55,BRANCH_SUPPORT
OV00000166,LN00000697,2024-08-31,671.11,BRANCH_SUPPORT
OV00000167,LN00000698,2024-09-30,1026.56,BRANCH_SUPPORT
OV00000168,LN00000700,2024-11-30,263.34,BRANCH_SUPPORT
OV00000169,LN00000702,2025-01-31,705.60,BRANCH_SUPPORT
OV00000170,LN00000708,2025-07-31,985.74,BRANCH_SUPPORT
OV00000171,LN00000711,2025-10-31,379.50,BRANCH_SUPPORT
OV00000172,LN00000715,2026-02-28,448.26,BRANCH_SUPPORT
OV00000173,LN00000716,2026-03-31,446.67,BRANCH_SUPPORT
OV00000174,LN00000720,2026-07-31,382.95,BRANCH_SUPPORT
OV00000175,LN00000724,2024-11-30,236.81,BRANCH_SUPPORT
OV00000176,LN00000727,2025-02-28,281.80,BRANCH_SUPPORT
OV00000177,LN00000731,2025-06-30,285.76,BRANCH_SUPPORT
OV00000178,LN00000732,2025-07-31,268.06,BRANCH_SUPPORT
OV00000179,LN00000737,2025-12-31,176.10,BRANCH_SUPPORT
OV00000180,LN00000741,2026-04-30,501.27,BRANCH_SUPPORT
OV00000181,LN00000744,2026-07-31,126.85,BRANCH_SUPPORT
OV00000182,LN00000745,2024-08-31,479.43,BRANCH_SUPPORT
OV00000183,LN00000748,2024-11-30,947.55,BRANCH_SUPPORT
OV00000184,LN00000749,2024-12-31,955.20,BRANCH_SUPPORT
OV00000185,LN00000751,2025-02-28,547.82,BRANCH_SUPPORT
OV00000186,LN00000758,2025-09-30,662.04,BRANCH_SUPPORT
OV00000187,LN00000764,2026-03-31,747.48,BRANCH_SUPPORT
OV00000188,LN00000766,2026-05-31,949.92,BRANCH_SUPPORT
OV00000189,LN00000769,2024-08-31,541.84,BRANCH_SUPPORT
OV00000190,LN00000770,2024-09-30,369.15,BRANCH_SUPPORT
OV00000191,LN00000772,2024-11-30,684.19,BRANCH_SUPPORT
OV00000192,LN00000776,2025-03-31,136.26,BRANCH_SUPPORT
OV00000193,LN00000781,2025-08-31,1049.02,BRANCH_SUPPORT
OV00000194,LN00000782,2025-09-30,286.08,BRANCH_SUPPORT
OV00000195,LN00000783,2025-10-31,843.15,BRANCH_SUPPORT
OV00000196,LN00000787,2026-02-28,165.30,BRANCH_SUPPORT
OV00000197,LN00000797,2024-12-31,555.36,BRANCH_SUPPORT
OV00000198,LN00000801,2025-04-30,553.80,BRANCH_SUPPORT
OV00000199,LN00000802,2025-05-31,110.64,BRANCH_SUPPORT
OV00000200,LN00000803,2025-06-30,371.25,BRANCH_SUPPORT
OV00000201,LN00000804,2025-07-31,103.95,BRANCH_SUPPORT
OV00000202,LN00000806,2025-09-30,498.96,BRANCH_SUPPORT
OV00000203,LN00000808,2025-11-30,383.24,BRANCH_SUPPORT
OV00000204,LN00000810,2026-01-31,548.32,BRANCH_SUPPORT
OV00000205,LN00000814,2026-05-31,540.54,BRANCH_SUPPORT
OV00000206,LN00000820,2024-11-30,788.76,BRANCH_SUPPORT
OV00000207,LN00000825,2025-04-30,196.70,BRANCH_SUPPORT
OV00000208,LN00000827,2025-06-30,954.72,BRANCH_SUPPORT
OV00000209,LN00000828,2025-07-31,193.56,BRANCH_SUPPORT
OV00000210,LN00000829,2025-08-31,442.89,BRANCH_SUPPORT
OV00000211,LN00000832,2025-11-30,210.20,BRANCH_SUPPORT
OV00000212,LN00000841,2024-08-31,824.46,BRANCH_SUPPORT
OV00000213,LN00000848,2025-03-31,154.20,BRANCH_SUPPORT
OV00000214,LN00000857,2025-12-31,318.15,BRANCH_SUPPORT
OV00000215,LN00000858,2026-01-31,775.52,BRANCH_SUPPORT
OV00000216,LN00000872,2025-03-31,505.54,BRANCH_SUPPORT
OV00000217,LN00000873,2025-04-30,455.07,BRANCH_SUPPORT
OV00000218,LN00000875,2025-06-30,79.50,BRANCH_SUPPORT
OV00000219,LN00000879,2025-10-31,538.40,BRANCH_SUPPORT
OV00000220,LN00000880,2025-11-30,760.50,BRANCH_SUPPORT
OV00000221,LN00000883,2026-02-28,152.91,BRANCH_SUPPORT
OV00000222,LN00000903,2025-10-31,608.80,BRANCH_SUPPORT
OV00000223,LN00000904,2025-11-30,154.22,BRANCH_SUPPORT
OV00000224,LN00000905,2025-12-31,476.70,BRANCH_SUPPORT
OV00000225,LN00000906,2026-01-31,242.60,BRANCH_SUPPORT
OV00000226,LN00000918,2025-01-31,580.80,BRANCH_SUPPORT
OV00000227,LN00000925,2025-08-31,231.40,BRANCH_SUPPORT
OV00000228,LN00000933,2026-04-30,679.91,BRANCH_SUPPORT
OV00000229,LN00000939,2024-10-31,92.60,BRANCH_SUPPORT
OV00000230,LN00000957,2026-04-30,507.48,BRANCH_SUPPORT
OV00000231,LN00000960,2026-07-31,780.22,BRANCH_SUPPORT
OV00000232,LN00000963,2024-10-31,539.04,BRANCH_SUPPORT
OV00000233,LN00000969,2025-04-30,184.52,BRANCH_SUPPORT
OV00000234,LN00000972,2025-07-31,439.40,BRANCH_SUPPORT
OV00000235,LN00000978,2026-01-31,809.64,BRANCH_SUPPORT
OV00000236,LN00000982,2026-05-31,917.80,BRANCH_SUPPORT
OV00000237,LN00000983,2026-06-30,573.60,BRANCH_SUPPORT
OV00000238,LN00000988,2024-11-30,278.45,BRANCH_SUPPORT
OV00000239,LN00000992,2025-03-31,301.44,BRANCH_SUPPORT
OV00000240,LN00000996,2025-07-31,393.00,BRANCH_SUPPORT
OV00000241,LN00000999,2025-10-31,933.24,BRANCH_SUPPORT
OV00000242,LN00001000,2025-11-30,300.60,BRANCH_SUPPORT
OV00000243,LN00001001,2025-12-31,601.72,BRANCH_SUPPORT
OV00000244,LN00001006,2026-05-31,420.84,BRANCH_SUPPORT
OV00000245,LN00001010,2024-09-30,510.24,BRANCH_SUPPORT
OV00000246,LN00001014,2025-01-31,348.30,BRANCH_SUPPORT
OV00000247,LN00001015,2025-02-28,401.76,BRANCH_SUPPORT
OV00000248,LN00001018,2025-05-31,710.82,BRANCH_SUPPORT
OV00000249,LN00001020,2025-07-31,308.11,BRANCH_SUPPORT
OV00000250,LN00001027,2026-02-28,573.60,BRANCH_SUPPORT
OV00000251,LN00001028,2026-03-31,463.80,BRANCH_SUPPORT
OV00000252,LN00001042,2025-05-31,377.36,BRANCH_SUPPORT
OV00000253,LN00001047,2025-10-31,376.68,BRANCH_SUPPORT
OV00000254,LN00001053,2026-04-30,217.36,BRANCH_SUPPORT
OV00000255,LN00001062,2025-01-31,299.00,BRANCH_SUPPORT
OV00000256,LN00001064,2025-03-31,142.29,BRANCH_SUPPORT
OV00000257,LN00001065,2025-04-30,423.15,BRANCH_SUPPORT
OV00000258,LN00001070,2025-09-30,364.98,BRANCH_SUPPORT
OV00000259,LN00001071,2025-10-31,381.42,BRANCH_SUPPORT
OV00000260,LN00001072,2025-11-30,973.31,BRANCH_SUPPORT
OV00000261,LN00001079,2026-06-30,325.35,BRANCH_SUPPORT
OV00000262,LN00001081,2024-08-31,324.50,BRANCH_SUPPORT
OV00000263,LN00001082,2024-09-30,965.44,BRANCH_SUPPORT
OV00000264,LN00001083,2024-10-31,374.58,BRANCH_SUPPORT
OV00000265,LN00001085,2024-12-31,223.41,BRANCH_SUPPORT
OV00000266,LN00001087,2025-02-28,432.60,BRANCH_SUPPORT
OV00000267,LN00001089,2025-04-30,320.88,BRANCH_SUPPORT
OV00000268,LN00001094,2025-09-30,245.16,BRANCH_SUPPORT
OV00000269,LN00001100,2026-03-31,719.94,BRANCH_SUPPORT
OV00000270,LN00001103,2026-06-30,224.14,BRANCH_SUPPORT
OV00000271,LN00001107,2024-10-31,319.92,BRANCH_SUPPORT
OV00000272,LN00001109,2024-12-31,975.39,BRANCH_SUPPORT
OV00000273,LN00001114,2025-05-31,354.30,BRANCH_SUPPORT
OV00000274,LN00001118,2025-09-30,599.43,BRANCH_SUPPORT
OV00000275,LN00001120,2025-11-30,376.53,BRANCH_SUPPORT
OV00000276,LN00001122,2026-01-31,534.60,BRANCH_SUPPORT
OV00000277,LN00001123,2026-02-28,286.65,BRANCH_SUPPORT
OV00000278,LN00001130,2024-09-30,330.39,BRANCH_SUPPORT
OV00000279,LN00001133,2024-12-31,490.95,BRANCH_SUPPORT
OV00000280,LN00001135,2025-02-28,157.90,BRANCH_SUPPORT
OV00000281,LN00001136,2025-03-31,452.56,BRANCH_SUPPORT
OV00000282,LN00001137,2025-04-30,169.04,BRANCH_SUPPORT
OV00000283,LN00001140,2025-07-31,66.65,BRANCH_SUPPORT
OV00000284,LN00001142,2025-09-30,228.93,BRANCH_SUPPORT
OV00000285,LN00001146,2026-01-31,98.22,BRANCH_SUPPORT
OV00000286,LN00001148,2026-03-31,823.55,BRANCH_SUPPORT
OV00000287,LN00001150,2026-05-31,183.26,BRANCH_SUPPORT
OV00000288,LN00001157,2024-12-31,326.95,BRANCH_SUPPORT
OV00000289,LN00001162,2025-05-31,1033.63,BRANCH_SUPPORT
OV00000290,LN00001167,2025-10-31,325.08,BRANCH_SUPPORT
OV00000291,LN00001170,2026-01-31,517.00,BRANCH_SUPPORT
OV00000292,LN00001172,2026-03-31,625.50,BRANCH_SUPPORT
OV00000293,LN00001176,2026-07-31,200.16,BRANCH_SUPPORT
OV00000294,LN00001181,2024-12-31,232.18,BRANCH_SUPPORT
OV00000295,LN00001186,2025-05-31,484.88,BRANCH_SUPPORT
OV00000296,LN00001192,2025-11-30,848.10,BRANCH_SUPPORT
OV00000297,LN00001194,2026-01-31,663.08,BRANCH_SUPPORT
OV00000298,LN00001196,2026-03-31,423.71,BRANCH_SUPPORT
OV00000299,LN00001201,2024-08-31,147.20,BRANCH_SUPPORT
OV00000300,LN00001203,2024-10-31,257.11,BRANCH_SUPPORT
OV00000301,LN00001204,2024-11-30,497.00,BRANCH_SUPPORT
OV00000302,LN00001206,2025-01-31,422.80,BRANCH_SUPPORT
OV00000303,LN00001209,2025-04-30,182.10,BRANCH_SUPPORT
OV00000304,LN00001211,2025-06-30,167.22,BRANCH_SUPPORT
OV00000305,LN00001214,2025-09-30,413.10,BRANCH_SUPPORT
OV00000306,LN00001219,2026-02-28,416.22,BRANCH_SUPPORT
OV00000307,LN00001220,2026-03-31,1030.38,BRANCH_SUPPORT
OV00000308,LN00001221,2026-04-30,703.78,BRANCH_SUPPORT
OV00000309,LN00001228,2024-11-30,252.63,BRANCH_SUPPORT
OV00000310,LN00001230,2025-01-31,180.73,BRANCH_SUPPORT
OV00000311,LN00001231,2025-02-28,284.88,BRANCH_SUPPORT
OV00000312,LN00001233,2025-04-30,238.95,BRANCH_SUPPORT
OV00000313,LN00001250,2024-09-30,555.45,BRANCH_SUPPORT
OV00000314,LN00001257,2025-04-30,705.06,BRANCH_SUPPORT
OV00000315,LN00001261,2025-08-31,286.56,BRANCH_SUPPORT
OV00000316,LN00001263,2025-10-31,254.70,BRANCH_SUPPORT
OV00000317,LN00001270,2026-05-31,716.04,BRANCH_SUPPORT
OV00000318,LN00001276,2024-11-30,274.23,BRANCH_SUPPORT
OV00000319,LN00001290,2026-01-31,971.60,BRANCH_SUPPORT
OV00000320,LN00001293,2026-04-30,305.80,BRANCH_SUPPORT
OV00000321,LN00001294,2026-05-31,1261.28,BRANCH_SUPPORT
OV00000322,LN00001296,2026-07-31,351.52,BRANCH_SUPPORT
OV00000323,LN00001302,2025-01-31,972.44,BRANCH_SUPPORT
OV00000324,LN00001304,2025-03-31,419.40,BRANCH_SUPPORT
OV00000325,LN00001305,2025-04-30,752.78,BRANCH_SUPPORT
OV00000326,LN00001307,2025-06-30,268.64,BRANCH_SUPPORT
OV00000327,LN00001312,2025-11-30,539.14,BRANCH_SUPPORT
OV00000328,LN00001313,2025-12-31,1098.16,BRANCH_SUPPORT
OV00000329,LN00001318,2026-05-31,499.46,BRANCH_SUPPORT
OV00000330,LN00001324,2024-11-30,575.68,BRANCH_SUPPORT
OV00000331,LN00001328,2025-03-31,339.92,BRANCH_SUPPORT
OV00000332,LN00001331,2025-06-30,643.00,BRANCH_SUPPORT
OV00000333,LN00001336,2025-11-30,103.60,BRANCH_SUPPORT
OV00000334,LN00001340,2026-03-31,565.70,BRANCH_SUPPORT
OV00000335,LN00001345,2024-08-31,852.60,BRANCH_SUPPORT
OV00000336,LN00001347,2024-10-31,554.29,BRANCH_SUPPORT
OV00000337,LN00001351,2025-02-28,721.50,BRANCH_SUPPORT
OV00000338,LN00001355,2025-06-30,605.90,BRANCH_SUPPORT
OV00000339,LN00001366,2026-05-31,351.56,BRANCH_SUPPORT
OV00000340,LN00001376,2025-03-31,664.80,BRANCH_SUPPORT
OV00000341,LN00001379,2025-06-30,483.36,BRANCH_SUPPORT
OV00000342,LN00001387,2026-02-28,161.46,BRANCH_SUPPORT
OV00000343,LN00001391,2026-06-30,345.78,BRANCH_SUPPORT
OV00000344,LN00001393,2024-08-31,971.68,BRANCH_SUPPORT
OV00000345,LN00001399,2025-02-28,509.49,BRANCH_SUPPORT
OV00000346,LN00001408,2025-11-30,1066.66,BRANCH_SUPPORT
OV00000347,LN00001411,2026-02-28,252.90,BRANCH_SUPPORT
OV00000348,LN00001415,2026-06-30,975.52,BRANCH_SUPPORT
OV00000349,LN00001428,2025-07-31,1182.40,BRANCH_SUPPORT
OV00000350,LN00001431,2025-10-31,756.24,BRANCH_SUPPORT
OV00000351,LN00001434,2026-01-31,329.12,BRANCH_SUPPORT
OV00000352,LN00001438,2026-05-31,231.21,BRANCH_SUPPORT
OV00000353,LN00001440,2026-07-31,199.21,BRANCH_SUPPORT
OV00000354,LN00001445,2024-12-31,425.36,BRANCH_SUPPORT
OV00000355,LN00001453,2025-08-31,1251.04,BRANCH_SUPPORT
OV00000356,LN00001461,2026-04-30,516.51,BRANCH_SUPPORT
OV00000357,LN00001465,2024-08-31,188.86,BRANCH_SUPPORT
OV00000358,LN00001466,2024-09-30,465.72,BRANCH_SUPPORT
OV00000359,LN00001471,2025-02-28,609.60,BRANCH_SUPPORT
OV00000360,LN00001490,2024-09-30,463.54,BRANCH_SUPPORT
OV00000361,LN00001491,2024-10-31,206.57,BRANCH_SUPPORT
OV00000362,LN00001494,2025-01-31,468.16,BRANCH_SUPPORT
OV00000363,LN00001499,2025-06-30,308.79,BRANCH_SUPPORT
OV00000364,LN00001500,2025-07-31,535.68,BRANCH_SUPPORT
OV00000365,LN00001511,2026-06-30,551.20,BRANCH_SUPPORT
OV00000366,LN00001515,2024-10-31,346.57,BRANCH_SUPPORT
OV00000367,LN00001516,2024-11-30,480.40,BRANCH_SUPPORT
OV00000368,LN00001518,2025-01-31,640.30,BRANCH_SUPPORT
OV00000369,LN00001524,2025-07-31,202.40,BRANCH_SUPPORT
OV00000370,LN00001525,2025-08-31,525.00,BRANCH_SUPPORT
OV00000371,LN00001528,2025-11-30,511.83,BRANCH_SUPPORT
OV00000372,LN00001533,2026-04-30,415.32,BRANCH_SUPPORT
OV00000373,LN00001535,2026-06-30,931.84,BRANCH_SUPPORT
OV00000374,LN00001537,2024-08-31,367.76,BRANCH_SUPPORT
OV00000375,LN00001542,2025-01-31,578.40,BRANCH_SUPPORT
OV00000376,LN00001543,2025-02-28,654.17,BRANCH_SUPPORT
OV00000377,LN00001547,2025-06-30,99.30,BRANCH_SUPPORT
OV00000378,LN00001567,2025-02-28,678.80,BRANCH_SUPPORT
OV00000379,LN00001571,2025-06-30,432.42,BRANCH_SUPPORT
OV00000380,LN00001572,2025-07-31,427.80,BRANCH_SUPPORT
OV00000381,LN00001583,2026-06-30,162.05,BRANCH_SUPPORT
OV00000382,LN00001589,2024-12-31,246.84,BRANCH_SUPPORT
OV00000383,LN00001595,2025-06-30,191.36,BRANCH_SUPPORT
OV00000384,LN00001599,2025-10-31,316.20,BRANCH_SUPPORT
OV00000385,LN00001619,2025-06-30,206.46,BRANCH_SUPPORT
OV00000386,LN00001626,2026-01-31,606.45,BRANCH_SUPPORT
OV00000387,LN00001633,2024-08-31,505.23,BRANCH_SUPPORT
OV00000388,LN00001637,2024-12-31,113.47,BRANCH_SUPPORT
OV00000389,LN00001643,2025-06-30,1055.25,BRANCH_SUPPORT
OV00000390,LN00001644,2025-07-31,590.55,BRANCH_SUPPORT
OV00000391,LN00001647,2025-10-31,322.53,BRANCH_SUPPORT
OV00000392,LN00001654,2026-05-31,874.39,BRANCH_SUPPORT
OV00000393,LN00001655,2026-06-30,154.35,BRANCH_SUPPORT
OV00000394,LN00001660,2024-11-30,126.07,BRANCH_SUPPORT
OV00000395,LN00001672,2025-11-30,235.50,BRANCH_SUPPORT
OV00000396,LN00001682,2024-09-30,160.55,BRANCH_SUPPORT
OV00000397,LN00001695,2025-10-31,253.86,BRANCH_SUPPORT
OV00000398,LN00001699,2026-02-28,160.93,BRANCH_SUPPORT
OV00000399,LN00001705,2024-08-31,229.68,BRANCH_SUPPORT
OV00000400,LN00001711,2025-02-28,341.55,BRANCH_SUPPORT
OV00000401,LN00001715,2025-06-30,282.08,BRANCH_SUPPORT
OV00000402,LN00001716,2025-07-31,812.16,BRANCH_SUPPORT
OV00000403,LN00001722,2026-01-31,492.60,BRANCH_SUPPORT
OV00000404,LN00001731,2024-10-31,83.34,BRANCH_SUPPORT
OV00000405,LN00001735,2025-02-28,366.10,BRANCH_SUPPORT
OV00000406,LN00001739,2025-06-30,560.40,BRANCH_SUPPORT
OV00000407,LN00001762,2025-05-31,332.64,BRANCH_SUPPORT
OV00000408,LN00001766,2025-09-30,335.79,BRANCH_SUPPORT
OV00000409,LN00001767,2025-10-31,627.93,BRANCH_SUPPORT
OV00000410,LN00001778,2024-09-30,684.80,BRANCH_SUPPORT
OV00000411,LN00001779,2024-10-31,566.16,BRANCH_SUPPORT
OV00000412,LN00001785,2025-04-30,678.72,BRANCH_SUPPORT
OV00000413,LN00001797,2026-04-30,714.24,BRANCH_SUPPORT
OV00000414,LN00001802,2024-09-30,666.51,BRANCH_SUPPORT
OV00000415,LN00001803,2024-10-31,915.04,BRANCH_SUPPORT
OV00000416,LN00001806,2025-01-31,429.78,BRANCH_SUPPORT
OV00000417,LN00001807,2025-02-28,368.58,BRANCH_SUPPORT
OV00000418,LN00001809,2025-04-30,326.32,BRANCH_SUPPORT
OV00000419,LN00001819,2026-02-28,258.44,BRANCH_SUPPORT
OV00000420,LN00001820,2026-03-31,156.84,BRANCH_SUPPORT
OV00000421,LN00001823,2026-06-30,444.80,BRANCH_SUPPORT
OV00000422,LN00001826,2024-09-30,550.80,BRANCH_SUPPORT
OV00000423,LN00001828,2024-11-30,805.28,BRANCH_SUPPORT
OV00000424,LN00001833,2025-04-30,957.88,BRANCH_SUPPORT
OV00000425,LN00001840,2025-11-30,468.66,BRANCH_SUPPORT
OV00000426,LN00001842,2026-01-31,510.62,BRANCH_SUPPORT
OV00000427,LN00001843,2026-02-28,677.60,BRANCH_SUPPORT
OV00000428,LN00001848,2026-07-31,325.57,BRANCH_SUPPORT
OV00000429,LN00001853,2024-12-31,359.84,BRANCH_SUPPORT
OV00000430,LN00001856,2025-03-31,994.14,BRANCH_SUPPORT
OV00000431,LN00001863,2025-10-31,331.84,BRANCH_SUPPORT
OV00000432,LN00001864,2025-11-30,519.35,BRANCH_SUPPORT
OV00000433,LN00001869,2026-04-30,240.66,BRANCH_SUPPORT
OV00000434,LN00001877,2024-12-31,507.08,BRANCH_SUPPORT
OV00000435,LN00001886,2025-09-30,310.64,BRANCH_SUPPORT
OV00000436,LN00001887,2025-10-31,103.85,BRANCH_SUPPORT
OV00000437,LN00001889,2025-12-31,472.32,BRANCH_SUPPORT
OV00000438,LN00001892,2026-03-31,558.74,BRANCH_SUPPORT
OV00000439,LN00001893,2026-04-30,529.44,BRANCH_SUPPORT
OV00000440,LN00001894,2026-05-31,860.70,BRANCH_SUPPORT
OV00000441,LN00001900,2024-11-30,850.24,BRANCH_SUPPORT
OV00000442,LN00001902,2025-01-31,176.30,BRANCH_SUPPORT
OV00000443,LN00001917,2026-04-30,541.20,BRANCH_SUPPORT
OV00000444,LN00001918,2026-05-31,317.94,BRANCH_SUPPORT
OV00000445,LN00001922,2024-09-30,380.05,BRANCH_SUPPORT
OV00000446,LN00001923,2024-10-31,652.74,BRANCH_SUPPORT
OV00000447,LN00001929,2025-04-30,180.00,BRANCH_SUPPORT
OV00000448,LN00001931,2025-06-30,461.70,BRANCH_SUPPORT
OV00000449,LN00001934,2025-09-30,198.12,BRANCH_SUPPORT
OV00000450,LN00001938,2026-01-31,300.70,BRANCH_SUPPORT
OV00000451,LN00001939,2026-02-28,337.04,BRANCH_SUPPORT
OV00000452,LN00001941,2026-04-30,164.43,BRANCH_SUPPORT
OV00000453,LN00001942,2026-05-31,331.28,BRANCH_SUPPORT
OV00000454,LN00001944,2026-07-31,278.16,BRANCH_SUPPORT
OV00000455,LN00001952,2025-03-31,202.58,BRANCH_SUPPORT
OV00000456,LN00001954,2025-05-31,696.50,BRANCH_SUPPORT
OV00000457,LN00001957,2025-08-31,587.70,BRANCH_SUPPORT
OV00000458,LN00001958,2025-09-30,273.21,BRANCH_SUPPORT
OV00000459,LN00001959,2025-10-31,325.62,BRANCH_SUPPORT
OV00000460,LN00001962,2026-01-31,761.25,BRANCH_SUPPORT
OV00000461,LN00001965,2026-04-30,378.96,BRANCH_SUPPORT
OV00000462,LN00001970,2024-09-30,443.68,BRANCH_SUPPORT
OV00000463,LN00001975,2025-02-28,467.40,BRANCH_SUPPORT
OV00000464,LN00001979,2025-06-30,207.87,BRANCH_SUPPORT
OV00000465,LN00001986,2026-01-31,801.00,BRANCH_SUPPORT
OV00000466,LN00001991,2026-06-30,108.72,BRANCH_SUPPORT
OV00000467,LN00001995,2024-10-31,398.86,BRANCH_SUPPORT
OV00000468,LN00002001,2025-04-30,770.77,BRANCH_SUPPORT
OV00000469,LN00002004,2025-07-31,378.40,BRANCH_SUPPORT
OV00000470,LN00002005,2025-08-31,521.60,BRANCH_SUPPORT
OV00000471,LN00002008,2025-11-30,314.16,BRANCH_SUPPORT
OV00000472,LN00002020,2024-11-30,394.62,BRANCH_SUPPORT
OV00000473,LN00002039,2026-06-30,949.65,BRANCH_SUPPORT
OV00000474,LN00002053,2025-08-31,711.70,BRANCH_SUPPORT
OV00000475,LN00002062,2026-05-31,297.96,BRANCH_SUPPORT
OV00000476,LN00002063,2026-06-30,137.94,BRANCH_SUPPORT
OV00000477,LN00002068,2024-11-30,845.64,BRANCH_SUPPORT
OV00000478,LN00002071,2025-02-28,179.60,BRANCH_SUPPORT
OV00000479,LN00002073,2025-04-30,246.24,BRANCH_SUPPORT
OV00000480,LN00002079,2025-10-31,277.74,BRANCH_SUPPORT
OV00000481,LN00002087,2026-06-30,229.60,BRANCH_SUPPORT
OV00000482,LN00002088,2026-07-31,358.65,BRANCH_SUPPORT
OV00000483,LN00002102,2025-09-30,341.16,BRANCH_SUPPORT
OV00000484,LN00002114,2024-09-30,472.50,BRANCH_SUPPORT
OV00000485,LN00002117,2024-12-31,226.53,BRANCH_SUPPORT
OV00000486,LN00002123,2025-06-30,552.87,BRANCH_SUPPORT
OV00000487,LN00002124,2025-07-31,703.90,BRANCH_SUPPORT
OV00000488,LN00002130,2026-01-31,378.90,BRANCH_SUPPORT
OV00000489,LN00002154,2026-01-31,357.60,BRANCH_SUPPORT
OV00000490,LN00002162,2024-09-30,869.10,BRANCH_SUPPORT
OV00000491,LN00002166,2025-01-31,160.02,BRANCH_SUPPORT
OV00000492,LN00002172,2025-07-31,370.24,BRANCH_SUPPORT
OV00000493,LN00002173,2025-08-31,436.32,BRANCH_SUPPORT
OV00000494,LN00002188,2024-11-30,376.20,BRANCH_SUPPORT
OV00000495,LN00002202,2026-01-31,332.25,BRANCH_SUPPORT
OV00000496,LN00002203,2026-02-28,285.68,BRANCH_SUPPORT
OV00000497,LN00002218,2025-05-31,562.12,BRANCH_SUPPORT
OV00000498,LN00002224,2025-11-30,709.32,BRANCH_SUPPORT
OV00000499,LN00002226,2026-01-31,1020.32,BRANCH_SUPPORT
OV00000500,LN00002227,2026-02-28,201.40,BRANCH_SUPPORT
OV00000501,LN00002237,2024-12-31,740.22,BRANCH_SUPPORT
OV00000502,LN00002242,2025-05-31,250.08,BRANCH_SUPPORT
OV00000503,LN00002243,2025-06-30,181.65,BRANCH_SUPPORT
OV00000504,LN00002245,2025-08-31,534.60,BRANCH_SUPPORT
OV00000505,LN00002247,2025-10-31,949.65,BRANCH_SUPPORT
OV00000506,LN00002248,2025-11-30,1013.32,BRANCH_SUPPORT
OV00000507,LN00002249,2025-12-31,922.72,BRANCH_SUPPORT
OV00000508,LN00002250,2026-01-31,648.32,BRANCH_SUPPORT
OV00000509,LN00002261,2024-12-31,153.92,BRANCH_SUPPORT
OV00000510,LN00002265,2025-04-30,525.98,BRANCH_SUPPORT
OV00000511,LN00002270,2025-09-30,224.80,BRANCH_SUPPORT
OV00000512,LN00002280,2026-07-31,286.32,BRANCH_SUPPORT
OV00000513,LN00002282,2024-09-30,300.06,BRANCH_SUPPORT
OV00000514,LN00002283,2024-10-31,382.88,BRANCH_SUPPORT
OV00000515,LN00002295,2025-10-31,555.36,BRANCH_SUPPORT
OV00000516,LN00002298,2026-01-31,314.16,BRANCH_SUPPORT
OV00000517,LN00002317,2025-08-31,850.08,BRANCH_SUPPORT
OV00000518,LN00002321,2025-12-31,712.80,BRANCH_SUPPORT
OV00000519,LN00002323,2026-02-28,636.90,BRANCH_SUPPORT
OV00000520,LN00002327,2026-06-30,300.00,BRANCH_SUPPORT
OV00000521,LN00002330,2024-09-30,1100.40,BRANCH_SUPPORT
OV00000522,LN00002336,2025-03-31,379.38,BRANCH_SUPPORT
OV00000523,LN00002340,2025-07-31,423.28,BRANCH_SUPPORT
OV00000524,LN00002347,2026-02-28,1149.44,BRANCH_SUPPORT
OV00000525,LN00002351,2026-06-30,288.72,BRANCH_SUPPORT
OV00000526,LN00002354,2024-09-30,151.56,BRANCH_SUPPORT
OV00000527,LN00002359,2025-02-28,616.22,BRANCH_SUPPORT
OV00000528,LN00002366,2025-09-30,733.33,BRANCH_SUPPORT
OV00000529,LN00002384,2025-03-31,232.95,BRANCH_SUPPORT
OV00000530,LN00002386,2025-05-31,595.20,BRANCH_SUPPORT
OV00000531,LN00002387,2025-06-30,1087.20,BRANCH_SUPPORT
OV00000532,LN00002388,2025-07-31,293.64,BRANCH_SUPPORT
OV00000533,LN00002389,2025-08-31,511.29,BRANCH_SUPPORT
OV00000534,LN00002399,2026-06-30,420.07,BRANCH_SUPPORT
OV00000535,LN00002402,2024-09-30,465.75,BRANCH_SUPPORT
OV00000536,LN00002411,2025-06-30,320.22,BRANCH_SUPPORT
OV00000537,LN00002419,2026-02-28,277.20,BRANCH_SUPPORT
OV00000538,LN00002420,2026-03-31,166.92,BRANCH_SUPPORT
OV00000539,LN00002422,2026-05-31,73.60,BRANCH_SUPPORT
OV00000540,LN00002423,2026-06-30,622.82,BRANCH_SUPPORT
OV00000541,LN00002430,2025-01-31,967.46,BRANCH_SUPPORT
OV00000542,LN00002431,2025-02-28,346.60,BRANCH_SUPPORT
OV00000543,LN00002435,2025-06-30,509.88,BRANCH_SUPPORT
OV00000544,LN00002437,2025-08-31,780.91,BRANCH_SUPPORT
OV00000545,LN00002444,2026-03-31,211.95,BRANCH_SUPPORT
OV00000546,LN00002448,2026-07-31,852.96,BRANCH_SUPPORT
OV00000547,LN00002450,2024-09-30,498.60,BRANCH_SUPPORT
OV00000548,LN00002457,2025-04-30,635.31,BRANCH_SUPPORT
OV00000549,LN00002458,2025-05-31,450.20,BRANCH_SUPPORT
OV00000550,LN00002461,2025-08-31,936.12,BRANCH_SUPPORT
OV00000551,LN00002462,2025-09-30,531.09,BRANCH_SUPPORT
OV00000552,LN00002468,2026-03-31,382.40,BRANCH_SUPPORT
OV00000553,LN00002471,2026-06-30,717.93,BRANCH_SUPPORT
OV00000554,LN00002474,2024-09-30,335.52,BRANCH_SUPPORT
OV00000555,LN00002479,2025-02-28,492.56,BRANCH_SUPPORT
OV00000556,LN00002480,2025-03-31,392.60,BRANCH_SUPPORT
OV00000557,LN00002481,2025-04-30,133.60,BRANCH_SUPPORT
OV00000558,LN00002483,2025-06-30,1025.28,BRANCH_SUPPORT
OV00000559,LN00002500,2024-11-30,407.89,BRANCH_SUPPORT
OV00000560,LN00002504,2025-03-31,157.68,BRANCH_SUPPORT
OV00000561,LN00002505,2025-04-30,703.89,BRANCH_SUPPORT
OV00000562,LN00002507,2025-06-30,181.55,BRANCH_SUPPORT
OV00000563,LN00002513,2025-12-31,250.92,BRANCH_SUPPORT
OV00000564,LN00002520,2026-07-31,194.50,BRANCH_SUPPORT
OV00000565,LN00002532,2025-07-31,338.28,BRANCH_SUPPORT
OV00000566,LN00002542,2026-05-31,570.60,BRANCH_SUPPORT
OV00000567,LN00002546,2024-09-30,746.85,BRANCH_SUPPORT
OV00000568,LN00002549,2024-12-31,281.60,BRANCH_SUPPORT
OV00000569,LN00002555,2025-06-30,96.32,BRANCH_SUPPORT
OV00000570,LN00002560,2025-11-30,365.45,BRANCH_SUPPORT
OV00000571,LN00002565,2026-04-30,733.92,BRANCH_SUPPORT
OV00000572,LN00002574,2025-01-31,460.53,BRANCH_SUPPORT
OV00000573,LN00002583,2025-10-31,814.99,BRANCH_SUPPORT
OV00000574,LN00002588,2026-03-31,215.10,BRANCH_SUPPORT
OV00000575,LN00002601,2025-04-30,479.52,BRANCH_SUPPORT
OV00000576,LN00002603,2025-06-30,302.85,BRANCH_SUPPORT
OV00000577,LN00002612,2026-03-31,63.65,BRANCH_SUPPORT
OV00000578,LN00002614,2026-05-31,281.25,BRANCH_SUPPORT
OV00000579,LN00002616,2026-07-31,124.80,BRANCH_SUPPORT
OV00000580,LN00002622,2025-01-31,351.47,BRANCH_SUPPORT
OV00000581,LN00002625,2025-04-30,1004.32,BRANCH_SUPPORT
OV00000582,LN00002627,2025-06-30,1040.85,BRANCH_SUPPORT
OV00000583,LN00002630,2025-09-30,1054.34,BRANCH_SUPPORT
OV00000584,LN00002635,2026-02-28,558.18,BRANCH_SUPPORT
OV00000585,LN00002636,2026-03-31,110.30,BRANCH_SUPPORT
OV00000586,LN00002637,2026-04-30,918.90,BRANCH_SUPPORT
OV00000587,LN00002638,2026-05-31,857.22,BRANCH_SUPPORT
OV00000588,LN00002641,2024-08-31,195.68,BRANCH_SUPPORT
OV00000589,LN00002661,2026-04-30,978.30,BRANCH_SUPPORT
OV00000590,LN00002665,2024-08-31,87.70,BRANCH_SUPPORT
OV00000591,LN00002666,2024-09-30,300.19,BRANCH_SUPPORT
OV00000592,LN00002670,2025-01-31,339.30,BRANCH_SUPPORT
OV00000593,LN00002671,2025-02-28,1188.00,BRANCH_SUPPORT
OV00000594,LN00002672,2025-03-31,352.90,BRANCH_SUPPORT
OV00000595,LN00002677,2025-08-31,695.10,BRANCH_SUPPORT
OV00000596,LN00002682,2026-01-31,394.65,BRANCH_SUPPORT
OV00000597,LN00002695,2025-02-28,277.68,BRANCH_SUPPORT
OV00000598,LN00002697,2025-04-30,411.36,BRANCH_SUPPORT
OV00000599,LN00002698,2025-05-31,274.68,BRANCH_SUPPORT
OV00000600,LN00002701,2025-08-31,326.20,BRANCH_SUPPORT
OV00000601,LN00002704,2025-11-30,237.30,BRANCH_SUPPORT
OV00000602,LN00002706,2026-01-31,465.90,BRANCH_SUPPORT
OV00000603,LN00002708,2026-03-31,118.64,BRANCH_SUPPORT
OV00000604,LN00002723,2025-06-30,609.44,BRANCH_SUPPORT
OV00000605,LN00002730,2026-01-31,78.50,BRANCH_SUPPORT
OV00000606,LN00002736,2026-07-31,956.64,BRANCH_SUPPORT
OV00000607,LN00002738,2024-09-30,539.16,BRANCH_SUPPORT
OV00000608,LN00002739,2024-10-31,931.58,BRANCH_SUPPORT
OV00000609,LN00002744,2025-03-31,381.00,BRANCH_SUPPORT
OV00000610,LN00002760,2026-07-31,238.16,BRANCH_SUPPORT
OV00000611,LN00002766,2025-01-31,510.90,BRANCH_SUPPORT
OV00000612,LN00002770,2025-05-31,320.95,BRANCH_SUPPORT
OV00000613,LN00002780,2026-03-31,117.48,BRANCH_SUPPORT
OV00000614,LN00002781,2026-04-30,358.16,BRANCH_SUPPORT
OV00000615,LN00002782,2026-05-31,569.00,BRANCH_SUPPORT
OV00000616,LN00002800,2025-11-30,1020.89,BRANCH_SUPPORT
OV00000617,LN00002803,2026-02-28,811.59,BRANCH_SUPPORT
OV00000618,LN00002809,2024-08-31,694.44,BRANCH_SUPPORT
OV00000619,LN00002811,2024-10-31,336.75,BRANCH_SUPPORT
OV00000620,LN00002814,2025-01-31,560.16,BRANCH_SUPPORT
OV00000621,LN00002817,2025-04-30,394.72,BRANCH_SUPPORT
OV00000622,LN00002833,2024-08-31,153.93,BRANCH_SUPPORT
OV00000623,LN00002844,2025-07-31,622.35,BRANCH_SUPPORT
OV00000624,LN00002845,2025-08-31,345.60,BRANCH_SUPPORT
OV00000625,LN00002847,2025-10-31,193.60,BRANCH_SUPPORT
OV00000626,LN00002867,2025-06-30,108.08,BRANCH_SUPPORT
OV00000627,LN00002872,2025-11-30,676.16,BRANCH_SUPPORT
OV00000628,LN00002874,2026-01-31,550.68,BRANCH_SUPPORT
OV00000629,LN00002887,2025-02-28,604.65,BRANCH_SUPPORT
OV00000630,LN00002888,2025-03-31,422.11,BRANCH_SUPPORT
OV00000631,LN00002892,2025-07-31,238.05,BRANCH_SUPPORT
OV00000632,LN00002953,2024-08-31,390.30,BRANCH_SUPPORT
OV00000633,LN00002954,2024-09-30,336.65,BRANCH_SUPPORT
OV00000634,LN00002957,2024-12-31,463.62,BRANCH_SUPPORT
OV00000635,LN00002959,2025-02-28,913.76,BRANCH_SUPPORT
OV00000636,LN00002966,2025-09-30,506.66,BRANCH_SUPPORT
OV00000637,LN00002971,2026-02-28,572.13,BRANCH_SUPPORT
OV00000638,LN00002972,2026-03-31,199.05,BRANCH_SUPPORT
OV00000639,LN00002975,2026-06-30,430.32,BRANCH_SUPPORT
OV00000640,LN00002985,2025-04-30,248.00,BRANCH_SUPPORT
OV00000641,LN00002992,2025-11-30,357.75,BRANCH_SUPPORT
OV00000642,LN00002997,2026-04-30,352.90,BRANCH_SUPPORT
OV00000643,LN00003000,2026-07-31,242.46,BRANCH_SUPPORT
OV00000644,LN00003002,2024-09-30,156.31,BRANCH_SUPPORT
OV00000645,LN00003004,2024-11-30,868.12,BRANCH_SUPPORT
OV00000646,LN00003005,2024-12-31,396.11,BRANCH_SUPPORT
OV00000647,LN00003007,2025-02-28,337.08,BRANCH_SUPPORT
OV00000648,LN00003009,2025-04-30,400.47,BRANCH_SUPPORT
OV00000649,LN00003010,2025-05-31,345.24,BRANCH_SUPPORT
OV00000650,LN00003024,2026-07-31,267.24,BRANCH_SUPPORT
OV00000651,LN00003029,2024-12-31,349.92,BRANCH_SUPPORT
OV00000652,LN00003030,2025-01-31,584.30,BRANCH_SUPPORT
OV00000653,LN00003031,2025-02-28,121.26,BRANCH_SUPPORT
OV00000654,LN00003034,2025-05-31,207.15,BRANCH_SUPPORT
OV00000655,LN00003048,2026-07-31,437.08,BRANCH_SUPPORT
OV00000656,LN00003050,2024-09-30,196.68,BRANCH_SUPPORT
OV00000657,LN00003051,2024-10-31,661.60,BRANCH_SUPPORT
OV00000658,LN00003056,2025-03-31,580.20,BRANCH_SUPPORT
OV00000659,LN00003059,2025-06-30,765.28,BRANCH_SUPPORT
OV00000660,LN00003068,2026-03-31,187.04,BRANCH_SUPPORT
OV00000661,LN00003077,2024-12-31,181.98,BRANCH_SUPPORT
OV00000662,LN00003082,2025-05-31,249.06,BRANCH_SUPPORT
OV00000663,LN00003083,2025-06-30,225.70,BRANCH_SUPPORT
OV00000664,LN00003092,2026-03-31,287.69,BRANCH_SUPPORT
OV00000665,LN00003096,2026-07-31,345.52,BRANCH_SUPPORT
OV00000666,LN00003104,2025-03-31,585.12,BRANCH_SUPPORT
OV00000667,LN00003106,2025-05-31,962.64,BRANCH_SUPPORT
OV00000668,LN00003108,2025-07-31,488.64,BRANCH_SUPPORT
OV00000669,LN00003120,2026-07-31,225.50,BRANCH_SUPPORT
OV00000670,LN00003124,2024-11-30,322.49,BRANCH_SUPPORT
OV00000671,LN00003125,2024-12-31,474.70,BRANCH_SUPPORT
OV00000672,LN00003126,2025-01-31,524.61,BRANCH_SUPPORT
OV00000673,LN00003129,2025-04-30,501.49,BRANCH_SUPPORT
OV00000674,LN00003135,2025-10-31,1153.50,BRANCH_SUPPORT
OV00000675,LN00003136,2025-11-30,128.20,BRANCH_SUPPORT
OV00000676,LN00003139,2026-02-28,222.90,BRANCH_SUPPORT
OV00000677,LN00003151,2025-02-28,347.10,BRANCH_SUPPORT
OV00000678,LN00003153,2025-04-30,330.16,BRANCH_SUPPORT
OV00000679,LN00003156,2025-07-31,157.50,BRANCH_SUPPORT
OV00000680,LN00003162,2026-01-31,92.16,BRANCH_SUPPORT
OV00000681,LN00003163,2026-02-28,611.71,BRANCH_SUPPORT
OV00000682,LN00003166,2026-05-31,441.10,BRANCH_SUPPORT
OV00000683,LN00003181,2025-08-31,727.30,BRANCH_SUPPORT
OV00000684,LN00003183,2025-10-31,162.05,BRANCH_SUPPORT
OV00000685,LN00003187,2026-02-28,277.56,BRANCH_SUPPORT
OV00000686,LN00003193,2024-08-31,89.46,BRANCH_SUPPORT
OV00000687,LN00003199,2025-02-28,1041.32,BRANCH_SUPPORT
OV00000688,LN00003205,2025-08-31,443.66,BRANCH_SUPPORT
OV00000689,LN00003211,2026-02-28,392.91,BRANCH_SUPPORT
OV00000690,LN00003213,2026-04-30,75.55,BRANCH_SUPPORT
OV00000691,LN00003218,2024-09-30,424.80,BRANCH_SUPPORT
OV00000692,LN00003220,2024-11-30,137.52,BRANCH_SUPPORT
OV00000693,LN00003221,2024-12-31,346.59,BRANCH_SUPPORT
OV00000694,LN00003224,2025-03-31,1013.74,BRANCH_SUPPORT
OV00000695,LN00003231,2025-10-31,281.68,BRANCH_SUPPORT
OV00000696,LN00003233,2025-12-31,984.48,BRANCH_SUPPORT
OV00000697,LN00003234,2026-01-31,186.13,BRANCH_SUPPORT
OV00000698,LN00003235,2026-02-28,541.52,BRANCH_SUPPORT
OV00000699,LN00003240,2026-07-31,766.37,BRANCH_SUPPORT
OV00000700,LN00003250,2025-05-31,322.56,BRANCH_SUPPORT
OV00000701,LN00003258,2026-01-31,559.08,BRANCH_SUPPORT
OV00000702,LN00003261,2026-04-30,1011.90,BRANCH_SUPPORT
OV00000703,LN00003264,2026-07-31,738.20,BRANCH_SUPPORT
OV00000704,LN00003271,2025-02-28,89.39,BRANCH_SUPPORT
OV00000705,LN00003274,2025-05-31,533.76,BRANCH_SUPPORT
OV00000706,LN00003276,2025-07-31,548.82,BRANCH_SUPPORT
OV00000707,LN00003278,2025-09-30,516.70,BRANCH_SUPPORT
OV00000708,LN00003279,2025-10-31,337.85,BRANCH_SUPPORT
OV00000709,LN00003297,2025-04-30,108.80,BRANCH_SUPPORT
OV00000710,LN00003298,2025-05-31,328.32,BRANCH_SUPPORT
OV00000711,LN00003299,2025-06-30,815.92,BRANCH_SUPPORT
OV00000712,LN00003305,2025-12-31,704.40,BRANCH_SUPPORT
OV00000713,LN00003308,2026-03-31,195.00,BRANCH_SUPPORT
OV00000714,LN00003309,2026-04-30,391.15,BRANCH_SUPPORT
OV00000715,LN00003311,2026-06-30,143.15,BRANCH_SUPPORT
OV00000716,LN00003312,2026-07-31,398.25,BRANCH_SUPPORT
OV00000717,LN00003315,2024-10-31,344.00,BRANCH_SUPPORT
OV00000718,LN00003320,2025-03-31,384.79,BRANCH_SUPPORT
OV00000719,LN00003321,2025-04-30,542.96,BRANCH_SUPPORT
OV00000720,LN00003325,2025-08-31,650.54,BRANCH_SUPPORT
OV00000721,LN00003326,2025-09-30,472.80,BRANCH_SUPPORT
OV00000722,LN00003332,2026-03-31,709.20,BRANCH_SUPPORT
OV00000723,LN00003335,2026-06-30,643.17,BRANCH_SUPPORT
OV00000724,LN00003337,2024-08-31,325.64,BRANCH_SUPPORT
OV00000725,LN00003338,2024-09-30,424.20,BRANCH_SUPPORT
OV00000726,LN00003339,2024-10-31,531.86,BRANCH_SUPPORT
OV00000727,LN00003344,2025-03-31,479.43,BRANCH_SUPPORT
OV00000728,LN00003348,2025-07-31,273.57,BRANCH_SUPPORT
OV00000729,LN00003349,2025-08-31,1042.72,BRANCH_SUPPORT
OV00000730,LN00003355,2026-02-28,382.20,BRANCH_SUPPORT
OV00000731,LN00003356,2026-03-31,382.90,BRANCH_SUPPORT
OV00000732,LN00003358,2026-05-31,191.15,BRANCH_SUPPORT
OV00000733,LN00003359,2026-06-30,120.45,BRANCH_SUPPORT
OV00000734,LN00003363,2024-10-31,521.95,BRANCH_SUPPORT
OV00000735,LN00003364,2024-11-30,451.75,BRANCH_SUPPORT
OV00000736,LN00003374,2025-09-30,358.96,BRANCH_SUPPORT
OV00000737,LN00003375,2025-10-31,496.10,BRANCH_SUPPORT
OV00000738,LN00003376,2025-11-30,566.64,BRANCH_SUPPORT
OV00000739,LN00003378,2026-01-31,312.15,BRANCH_SUPPORT
OV00000740,LN00003381,2026-04-30,645.45,BRANCH_SUPPORT
OV00000741,LN00003382,2026-05-31,597.96,BRANCH_SUPPORT
OV00000742,LN00003386,2024-09-30,234.36,BRANCH_SUPPORT
OV00000743,LN00003387,2024-10-31,707.40,BRANCH_SUPPORT
OV00000744,LN00003401,2025-12-31,537.32,BRANCH_SUPPORT
OV00000745,LN00003413,2024-12-31,894.12,BRANCH_SUPPORT
OV00000746,LN00003414,2025-01-31,272.85,BRANCH_SUPPORT
OV00000747,LN00003417,2025-04-30,665.73,BRANCH_SUPPORT
OV00000748,LN00003420,2025-07-31,447.44,BRANCH_SUPPORT
OV00000749,LN00003428,2026-03-31,161.42,BRANCH_SUPPORT
OV00000750,LN00003434,2024-09-30,306.18,BRANCH_SUPPORT
OV00000751,LN00003435,2024-10-31,253.26,BRANCH_SUPPORT
OV00000752,LN00003437,2024-12-31,271.62,BRANCH_SUPPORT
OV00000753,LN00003439,2025-02-28,1055.32,BRANCH_SUPPORT
OV00000754,LN00003441,2025-04-30,724.35,BRANCH_SUPPORT
OV00000755,LN00003445,2025-08-31,482.30,BRANCH_SUPPORT
OV00000756,LN00003451,2026-02-28,459.96,BRANCH_SUPPORT
OV00000757,LN00003452,2026-03-31,604.17,BRANCH_SUPPORT
OV00000758,LN00003456,2026-07-31,431.31,BRANCH_SUPPORT
OV00000759,LN00003458,2024-09-30,791.04,BRANCH_SUPPORT
OV00000760,LN00003461,2024-12-31,369.54,BRANCH_SUPPORT
OV00000761,LN00003467,2025-06-30,236.32,BRANCH_SUPPORT
OV00000762,LN00003469,2025-08-31,625.82,BRANCH_SUPPORT
OV00000763,LN00003472,2025-11-30,340.20,BRANCH_SUPPORT
OV00000764,LN00003475,2026-02-28,124.16,BRANCH_SUPPORT
OV00000765,LN00003484,2024-11-30,840.48,BRANCH_SUPPORT
OV00000766,LN00003490,2025-05-31,775.00,BRANCH_SUPPORT
OV00000767,LN00003506,2024-09-30,820.05,BRANCH_SUPPORT
OV00000768,LN00003508,2024-11-30,719.32,BRANCH_SUPPORT
OV00000769,LN00003513,2025-04-30,197.52,BRANCH_SUPPORT
OV00000770,LN00003514,2025-05-31,719.84,BRANCH_SUPPORT
OV00000771,LN00003515,2025-06-30,177.24,BRANCH_SUPPORT
OV00000772,LN00003516,2025-07-31,208.71,BRANCH_SUPPORT
OV00000773,LN00003522,2026-01-31,356.60,BRANCH_SUPPORT
OV00000774,LN00003527,2026-06-30,209.92,BRANCH_SUPPORT
OV00000775,LN00003528,2026-07-31,736.71,BRANCH_SUPPORT
OV00000776,LN00003536,2025-03-31,136.20,BRANCH_SUPPORT
OV00000777,LN00003538,2025-05-31,200.34,BRANCH_SUPPORT
OV00000778,LN00003540,2025-07-31,609.92,BRANCH_SUPPORT
OV00000779,LN00003544,2025-11-30,397.14,BRANCH_SUPPORT
OV00000780,LN00003553,2024-08-31,544.04,BRANCH_SUPPORT
OV00000781,LN00003557,2024-12-31,224.16,BRANCH_SUPPORT
OV00000782,LN00003559,2025-02-28,222.08,BRANCH_SUPPORT
OV00000783,LN00003564,2025-07-31,328.38,BRANCH_SUPPORT
OV00000784,LN00003568,2025-11-30,907.62,BRANCH_SUPPORT
OV00000785,LN00003580,2024-11-30,573.65,BRANCH_SUPPORT
OV00000786,LN00003584,2025-03-31,839.36,BRANCH_SUPPORT
OV00000787,LN00003585,2025-04-30,853.27,BRANCH_SUPPORT
OV00000788,LN00003588,2025-07-31,279.70,BRANCH_SUPPORT
OV00000789,LN00003592,2025-11-30,152.18,BRANCH_SUPPORT
OV00000790,LN00003593,2025-12-31,768.18,BRANCH_SUPPORT
OV00000791,LN00003595,2026-02-28,269.05,BRANCH_SUPPORT
OV00000792,LN00003596,2026-03-31,839.10,BRANCH_SUPPORT
OV00000793,LN00003600,2026-07-31,239.36,BRANCH_SUPPORT
OV00000794,LN00003609,2025-04-30,188.16,BRANCH_SUPPORT
OV00000795,LN00003610,2025-05-31,200.98,BRANCH_SUPPORT
OV00000796,LN00003611,2025-06-30,1251.04,BRANCH_SUPPORT
OV00000797,LN00003614,2025-09-30,460.80,BRANCH_SUPPORT
OV00000798,LN00003616,2025-11-30,335.72,BRANCH_SUPPORT
OV00000799,LN00003620,2026-03-31,177.52,BRANCH_SUPPORT
OV00000800,LN00003624,2026-07-31,380.28,BRANCH_SUPPORT
OV00000801,LN00003630,2025-01-31,220.65,BRANCH_SUPPORT
OV00000802,LN00003649,2024-08-31,404.34,BRANCH_SUPPORT
OV00000803,LN00003655,2025-02-28,176.80,BRANCH_SUPPORT
OV00000804,LN00003667,2026-02-28,382.88,BRANCH_SUPPORT
OV00000805,LN00003668,2026-03-31,669.12,BRANCH_SUPPORT
OV00000806,LN00003675,2024-10-31,480.74,BRANCH_SUPPORT
OV00000807,LN00003676,2024-11-30,517.44,BRANCH_SUPPORT
OV00000808,LN00003677,2024-12-31,357.60,BRANCH_SUPPORT
OV00000809,LN00003685,2025-08-31,593.60,BRANCH_SUPPORT
OV00000810,LN00003693,2026-04-30,310.88,BRANCH_SUPPORT
OV00000811,LN00003695,2026-06-30,722.48,BRANCH_SUPPORT
OV00000812,LN00003698,2024-09-30,374.50,BRANCH_SUPPORT
OV00000813,LN00003700,2024-11-30,571.22,BRANCH_SUPPORT
OV00000814,LN00003708,2025-07-31,219.36,BRANCH_SUPPORT
OV00000815,LN00003709,2025-08-31,133.20,BRANCH_SUPPORT
OV00000816,LN00003713,2025-12-31,567.70,BRANCH_SUPPORT
OV00000817,LN00003714,2026-01-31,342.64,BRANCH_SUPPORT
OV00000818,LN00003718,2026-05-31,390.60,BRANCH_SUPPORT
OV00000819,LN00003721,2024-08-31,556.08,BRANCH_SUPPORT
OV00000820,LN00003732,2025-07-31,446.49,BRANCH_SUPPORT
OV00000821,LN00003738,2026-01-31,283.78,BRANCH_SUPPORT
OV00000822,LN00003742,2026-05-31,333.92,BRANCH_SUPPORT
OV00000823,LN00003748,2024-11-30,1021.28,BRANCH_SUPPORT
OV00000824,LN00003750,2025-01-31,263.68,BRANCH_SUPPORT
OV00000825,LN00003761,2025-12-31,439.36,BRANCH_SUPPORT
OV00000826,LN00003762,2026-01-31,342.24,BRANCH_SUPPORT
OV00000827,LN00003763,2026-02-28,541.10,BRANCH_SUPPORT
OV00000828,LN00003764,2026-03-31,470.47,BRANCH_SUPPORT
OV00000829,LN00003767,2026-06-30,609.12,BRANCH_SUPPORT
OV00000830,LN00003768,2026-07-31,425.81,BRANCH_SUPPORT
OV00000831,LN00003774,2025-01-31,782.32,BRANCH_SUPPORT
OV00000832,LN00003775,2025-02-28,165.96,BRANCH_SUPPORT
OV00000833,LN00003777,2025-04-30,644.28,BRANCH_SUPPORT
OV00000834,LN00003780,2025-07-31,521.92,BRANCH_SUPPORT
OV00000835,LN00003781,2025-08-31,417.12,BRANCH_SUPPORT
OV00000836,LN00003783,2025-10-31,916.96,BRANCH_SUPPORT
OV00000837,LN00003788,2026-03-31,508.64,BRANCH_SUPPORT
OV00000838,LN00003793,2024-08-31,121.68,BRANCH_SUPPORT
OV00000839,LN00003804,2025-07-31,573.98,BRANCH_SUPPORT
OV00000840,LN00003807,2025-10-31,473.46,BRANCH_SUPPORT
OV00000841,LN00003812,2026-03-31,143.80,BRANCH_SUPPORT
OV00000842,LN00003814,2026-05-31,270.85,BRANCH_SUPPORT
OV00000843,LN00003818,2024-09-30,315.42,BRANCH_SUPPORT
OV00000844,LN00003822,2025-01-31,615.68,BRANCH_SUPPORT
OV00000845,LN00003831,2025-10-31,196.08,BRANCH_SUPPORT
OV00000846,LN00003843,2024-10-31,623.98,BRANCH_SUPPORT
OV00000847,LN00003849,2025-04-30,262.56,BRANCH_SUPPORT
OV00000848,LN00003853,2025-08-31,103.98,BRANCH_SUPPORT
OV00000849,LN00003863,2026-06-30,755.17,BRANCH_SUPPORT
OV00000850,LN00003874,2025-05-31,586.40,BRANCH_SUPPORT
OV00000851,LN00003880,2025-11-30,290.50,BRANCH_SUPPORT
OV00000852,LN00003883,2026-02-28,91.86,BRANCH_SUPPORT
OV00000853,LN00003889,2024-08-31,793.52,BRANCH_SUPPORT
OV00000854,LN00003893,2024-12-31,183.69,BRANCH_SUPPORT
OV00000855,LN00003902,2025-09-30,409.92,BRANCH_SUPPORT
OV00000856,LN00003909,2026-04-30,518.98,BRANCH_SUPPORT
OV00000857,LN00003927,2025-10-31,521.28,BRANCH_SUPPORT
OV00000858,LN00003929,2025-12-31,185.85,BRANCH_SUPPORT
OV00000859,LN00003949,2025-08-31,511.10,BRANCH_SUPPORT
OV00000860,LN00003950,2025-09-30,205.90,BRANCH_SUPPORT
OV00000861,LN00003951,2025-10-31,876.59,BRANCH_SUPPORT
OV00000862,LN00003952,2025-11-30,596.48,BRANCH_SUPPORT
OV00000863,LN00003953,2025-12-31,357.21,BRANCH_SUPPORT
OV00000864,LN00003983,2026-06-30,268.02,BRANCH_SUPPORT
OV00000865,LN00003987,2024-10-31,1008.70,BRANCH_SUPPORT
OV00000866,LN00003991,2025-02-28,266.16,BRANCH_SUPPORT
OV00000867,LN00004003,2026-02-28,498.85,BRANCH_SUPPORT
OV00000868,LN00004010,2024-09-30,269.85,BRANCH_SUPPORT
OV00000869,LN00004015,2025-02-28,375.75,BRANCH_SUPPORT
OV00000870,LN00004020,2025-07-31,491.04,BRANCH_SUPPORT
OV00000871,LN00004022,2025-09-30,243.74,BRANCH_SUPPORT
OV00000872,LN00004028,2026-03-31,1069.20,BRANCH_SUPPORT
OV00000873,LN00004029,2026-04-30,701.22,BRANCH_SUPPORT
OV00000874,LN00004031,2026-06-30,177.80,BRANCH_SUPPORT
OV00000875,LN00004033,2024-08-31,634.90,BRANCH_SUPPORT
OV00000876,LN00004036,2024-11-30,303.36,BRANCH_SUPPORT
OV00000877,LN00004042,2025-05-31,598.18,BRANCH_SUPPORT
OV00000878,LN00004046,2025-09-30,502.60,BRANCH_SUPPORT
OV00000879,LN00004050,2026-01-31,364.59,BRANCH_SUPPORT
OV00000880,LN00004053,2026-04-30,401.85,BRANCH_SUPPORT
OV00000881,LN00004060,2024-11-30,202.80,BRANCH_SUPPORT
OV00000882,LN00004072,2025-11-30,222.72,BRANCH_SUPPORT
OV00000883,LN00004074,2026-01-31,264.00,BRANCH_SUPPORT
OV00000884,LN00004076,2026-03-31,129.90,BRANCH_SUPPORT
OV00000885,LN00004080,2026-07-31,367.90,BRANCH_SUPPORT
OV00000886,LN00004084,2024-11-30,342.09,BRANCH_SUPPORT
OV00000887,LN00004091,2025-06-30,111.45,BRANCH_SUPPORT
OV00000888,LN00004098,2026-01-31,509.92,BRANCH_SUPPORT
OV00000889,LN00004099,2026-02-28,550.55,BRANCH_SUPPORT
OV00000890,LN00004100,2026-03-31,274.92,BRANCH_SUPPORT
OV00000891,LN00004102,2026-05-31,747.11,BRANCH_SUPPORT
OV00000892,LN00004103,2026-06-30,1159.68,BRANCH_SUPPORT
OV00000893,LN00004108,2024-11-30,210.60,BRANCH_SUPPORT
OV00000894,LN00004109,2024-12-31,433.00,BRANCH_SUPPORT
OV00000895,LN00004110,2025-01-31,364.44,BRANCH_SUPPORT
OV00000896,LN00004111,2025-02-28,190.60,BRANCH_SUPPORT
OV00000897,LN00004112,2025-03-31,514.14,BRANCH_SUPPORT
OV00000898,LN00004114,2025-05-31,277.48,BRANCH_SUPPORT
OV00000899,LN00004118,2025-09-30,648.15,BRANCH_SUPPORT
OV00000900,LN00004119,2025-10-31,253.37,BRANCH_SUPPORT
OV00000901,LN00004121,2025-12-31,624.24,BRANCH_SUPPORT
OV00000902,LN00004130,2024-09-30,511.29,BRANCH_SUPPORT
OV00000903,LN00004135,2025-02-28,615.00,BRANCH_SUPPORT
OV00000904,LN00004150,2026-05-31,176.40,BRANCH_SUPPORT
OV00000905,LN00004151,2026-06-30,861.44,BRANCH_SUPPORT
OV00000906,LN00004152,2026-07-31,922.68,BRANCH_SUPPORT
OV00000907,LN00004159,2025-02-28,520.96,BRANCH_SUPPORT
OV00000908,LN00004161,2025-04-30,190.89,BRANCH_SUPPORT
OV00000909,LN00004162,2025-05-31,280.35,BRANCH_SUPPORT
OV00000910,LN00004163,2025-06-30,529.36,BRANCH_SUPPORT
OV00000911,LN00004172,2026-03-31,601.81,BRANCH_SUPPORT
OV00000912,LN00004176,2026-07-31,605.85,BRANCH_SUPPORT
OV00000913,LN00004177,2024-08-31,339.40,BRANCH_SUPPORT
OV00000914,LN00004179,2024-10-31,445.80,BRANCH_SUPPORT
OV00000915,LN00004184,2025-03-31,319.10,BRANCH_SUPPORT
OV00000916,LN00004188,2025-07-31,128.25,BRANCH_SUPPORT
OV00000917,LN00004189,2025-08-31,724.64,BRANCH_SUPPORT
OV00000918,LN00004194,2026-01-31,544.00,BRANCH_SUPPORT
OV00000919,LN00004201,2024-08-31,613.05,BRANCH_SUPPORT
OV00000920,LN00004202,2024-09-30,882.42,BRANCH_SUPPORT
OV00000921,LN00004203,2024-10-31,372.05,BRANCH_SUPPORT
OV00000922,LN00004204,2024-11-30,174.24,BRANCH_SUPPORT
OV00000923,LN00004215,2025-10-31,197.45,BRANCH_SUPPORT
OV00000924,LN00004216,2025-11-30,462.96,BRANCH_SUPPORT
OV00000925,LN00004222,2026-05-31,355.68,BRANCH_SUPPORT
OV00000926,LN00004236,2025-07-31,488.56,BRANCH_SUPPORT
OV00000927,LN00004238,2025-09-30,272.88,BRANCH_SUPPORT
OV00000928,LN00004245,2026-04-30,236.30,BRANCH_SUPPORT
OV00000929,LN00004246,2026-05-31,381.12,BRANCH_SUPPORT
OV00000930,LN00004247,2026-06-30,202.72,BRANCH_SUPPORT
OV00000931,LN00004250,2024-09-30,435.60,BRANCH_SUPPORT
OV00000932,LN00004259,2025-06-30,869.16,BRANCH_SUPPORT
OV00000933,LN00004263,2025-10-31,207.80,BRANCH_SUPPORT
OV00000934,LN00004269,2026-04-30,308.60,BRANCH_SUPPORT
OV00000935,LN00004272,2026-07-31,735.80,BRANCH_SUPPORT
OV00000936,LN00004278,2025-01-31,128.85,BRANCH_SUPPORT
OV00000937,LN00004285,2025-08-31,1060.35,BRANCH_SUPPORT
OV00000938,LN00004287,2025-10-31,195.10,BRANCH_SUPPORT
OV00000939,LN00004295,2026-06-30,664.04,BRANCH_SUPPORT
OV00000940,LN00004298,2024-09-30,384.40,BRANCH_SUPPORT
OV00000941,LN00004302,2025-01-31,858.33,BRANCH_SUPPORT
OV00000942,LN00004306,2025-05-31,459.42,BRANCH_SUPPORT
OV00000943,LN00004308,2025-07-31,848.12,BRANCH_SUPPORT
OV00000944,LN00004312,2025-11-30,444.57,BRANCH_SUPPORT
OV00000945,LN00004314,2026-01-31,324.24,BRANCH_SUPPORT
OV00000946,LN00004319,2026-06-30,413.84,BRANCH_SUPPORT
OV00000947,LN00004321,2024-08-31,502.20,BRANCH_SUPPORT
OV00000948,LN00004324,2024-11-30,160.05,BRANCH_SUPPORT
OV00000949,LN00004336,2025-11-30,240.90,BRANCH_SUPPORT
OV00000950,LN00004357,2025-08-31,330.54,BRANCH_SUPPORT
OV00000951,LN00004361,2025-12-31,407.26,BRANCH_SUPPORT
OV00000952,LN00004364,2026-03-31,522.34,BRANCH_SUPPORT
OV00000953,LN00004368,2026-07-31,317.76,BRANCH_SUPPORT
OV00000954,LN00004375,2025-02-28,285.39,BRANCH_SUPPORT
OV00000955,LN00004379,2025-06-30,423.43,BRANCH_SUPPORT
OV00000956,LN00004385,2025-12-31,803.92,BRANCH_SUPPORT
OV00000957,LN00004388,2026-03-31,229.20,BRANCH_SUPPORT
OV00000958,LN00004400,2025-03-31,400.95,BRANCH_SUPPORT
OV00000959,LN00004412,2026-03-31,718.56,BRANCH_SUPPORT
OV00000960,LN00004414,2026-05-31,635.04,BRANCH_SUPPORT
OV00000961,LN00004418,2024-09-30,826.95,BRANCH_SUPPORT
OV00000962,LN00004423,2025-02-28,138.10,BRANCH_SUPPORT
OV00000963,LN00004435,2026-02-28,641.90,BRANCH_SUPPORT
OV00000964,LN00004442,2024-09-30,554.52,BRANCH_SUPPORT
OV00000965,LN00004447,2025-02-28,278.20,BRANCH_SUPPORT
OV00000966,LN00004455,2025-10-31,831.74,BRANCH_SUPPORT
OV00000967,LN00004458,2026-01-31,235.90,BRANCH_SUPPORT
OV00000968,LN00004461,2026-04-30,220.25,BRANCH_SUPPORT
OV00000969,LN00004468,2024-11-30,540.16,BRANCH_SUPPORT
OV00000970,LN00004471,2025-02-28,420.70,BRANCH_SUPPORT
OV00000971,LN00004474,2025-05-31,989.85,BRANCH_SUPPORT
OV00000972,LN00004479,2025-10-31,958.75,BRANCH_SUPPORT
OV00000973,LN00004490,2024-09-30,451.84,BRANCH_SUPPORT
OV00000974,LN00004491,2024-10-31,1072.82,BRANCH_SUPPORT
OV00000975,LN00004494,2025-01-31,281.75,BRANCH_SUPPORT
OV00000976,LN00004496,2025-03-31,345.24,BRANCH_SUPPORT
OV00000977,LN00004500,2025-07-31,224.90,BRANCH_SUPPORT
OV00000978,LN00004501,2025-08-31,831.00,BRANCH_SUPPORT
OV00000979,LN00004507,2026-02-28,805.20,BRANCH_SUPPORT
OV00000980,LN00004512,2026-07-31,564.98,BRANCH_SUPPORT
OV00000981,LN00004520,2025-03-31,312.62,BRANCH_SUPPORT
OV00000982,LN00004531,2026-02-28,1174.24,BRANCH_SUPPORT
OV00000983,LN00004532,2026-03-31,215.04,BRANCH_SUPPORT
OV00000984,LN00004537,2024-08-31,540.68,BRANCH_SUPPORT
OV00000985,LN00004542,2025-01-31,168.36,BRANCH_SUPPORT
OV00000986,LN00004553,2025-12-31,570.90,BRANCH_SUPPORT
OV00000987,LN00004563,2024-10-31,350.46,BRANCH_SUPPORT
OV00000988,LN00004565,2024-12-31,974.25,BRANCH_SUPPORT
OV00000989,LN00004568,2025-03-31,715.95,BRANCH_SUPPORT
OV00000990,LN00004573,2025-08-31,392.24,BRANCH_SUPPORT
OV00000991,LN00004588,2024-11-30,240.84,BRANCH_SUPPORT
OV00000992,LN00004591,2025-02-28,792.40,BRANCH_SUPPORT
OV00000993,LN00004596,2025-07-31,494.23,BRANCH_SUPPORT
OV00000994,LN00004598,2025-09-30,199.98,BRANCH_SUPPORT
OV00000995,LN00004600,2025-11-30,371.36,BRANCH_SUPPORT
OV00000996,LN00004602,2026-01-31,786.63,BRANCH_SUPPORT
OV00000997,LN00004605,2026-04-30,701.28,BRANCH_SUPPORT
OV00000998,LN00004607,2026-06-30,431.40,BRANCH_SUPPORT
OV00000999,LN00004608,2026-07-31,317.55,BRANCH_SUPPORT
OV00001000,LN00004612,2024-11-30,169.39,BRANCH_SUPPORT
OV00001001,LN00004615,2025-02-28,537.90,BRANCH_SUPPORT
OV00001002,LN00004616,2025-03-31,406.48,BRANCH_SUPPORT
OV00001003,LN00004630,2026-05-31,389.50,BRANCH_SUPPORT
OV00001004,LN00004634,2024-09-30,190.08,BRANCH_SUPPORT
OV00001005,LN00004641,2025-04-30,192.90,BRANCH_SUPPORT
OV00001006,LN00004645,2025-08-31,485.85,BRANCH_SUPPORT
OV00001007,LN00004652,2026-03-31,513.44,BRANCH_SUPPORT
OV00001008,LN00004660,2024-11-30,820.40,BRANCH_SUPPORT
OV00001009,LN00004662,2025-01-31,413.35,BRANCH_SUPPORT
OV00001010,LN00004675,2026-02-28,228.06,BRANCH_SUPPORT
OV00001011,LN00004679,2026-06-30,324.60,BRANCH_SUPPORT
OV00001012,LN00004680,2026-07-31,307.58,BRANCH_SUPPORT
OV00001013,LN00004691,2025-06-30,370.40,BRANCH_SUPPORT
OV00001014,LN00004693,2025-08-31,276.77,BRANCH_SUPPORT
OV00001015,LN00004699,2026-02-28,726.57,BRANCH_SUPPORT
OV00001016,LN00004702,2026-05-31,431.76,BRANCH_SUPPORT
OV00001017,LN00004706,2024-09-30,789.30,BRANCH_SUPPORT
OV00001018,LN00004712,2025-03-31,416.68,BRANCH_SUPPORT
OV00001019,LN00004713,2025-04-30,732.42,BRANCH_SUPPORT
OV00001020,LN00004715,2025-06-30,854.10,BRANCH_SUPPORT
OV00001021,LN00004718,2025-09-30,303.24,BRANCH_SUPPORT
OV00001022,LN00004723,2026-02-28,142.44,BRANCH_SUPPORT
OV00001023,LN00004725,2026-04-30,859.84,BRANCH_SUPPORT
OV00001024,LN00004738,2025-05-31,358.88,BRANCH_SUPPORT
OV00001025,LN00004739,2025-06-30,382.92,BRANCH_SUPPORT
OV00001026,LN00004744,2025-11-30,238.42,BRANCH_SUPPORT
OV00001027,LN00004751,2026-06-30,796.30,BRANCH_SUPPORT
OV00001028,LN00004753,2024-08-31,331.20,BRANCH_SUPPORT
OV00001029,LN00004757,2024-12-31,214.80,BRANCH_SUPPORT
OV00001030,LN00004773,2026-04-30,273.20,BRANCH_SUPPORT
OV00001031,LN00004774,2026-05-31,394.20,BRANCH_SUPPORT
OV00001032,LN00004775,2026-06-30,304.35,BRANCH_SUPPORT
OV00001033,LN00004780,2024-11-30,377.22,BRANCH_SUPPORT
OV00001034,LN00004792,2025-11-30,970.08,BRANCH_SUPPORT
OV00001035,LN00004802,2024-09-30,936.84,BRANCH_SUPPORT
OV00001036,LN00004804,2024-11-30,391.95,BRANCH_SUPPORT
OV00001037,LN00004816,2025-11-30,258.36,BRANCH_SUPPORT
OV00001038,LN00004817,2025-12-31,122.36,BRANCH_SUPPORT
OV00001039,LN00004820,2026-03-31,203.10,BRANCH_SUPPORT
OV00001040,LN00004824,2026-07-31,282.88,BRANCH_SUPPORT
OV00001041,LN00004831,2025-02-28,707.68,BRANCH_SUPPORT
OV00001042,LN00004834,2025-05-31,460.56,BRANCH_SUPPORT
OV00001043,LN00004836,2025-07-31,555.10,BRANCH_SUPPORT
OV00001044,LN00004841,2025-12-31,856.52,BRANCH_SUPPORT
OV00001045,LN00004842,2026-01-31,247.14,BRANCH_SUPPORT
OV00001046,LN00004856,2025-03-31,277.68,BRANCH_SUPPORT
OV00001047,LN00004862,2025-09-30,236.80,BRANCH_SUPPORT
OV00001048,LN00004868,2026-03-31,164.52,BRANCH_SUPPORT
OV00001049,LN00004875,2024-10-31,213.15,BRANCH_SUPPORT
OV00001050,LN00004877,2024-12-31,501.93,BRANCH_SUPPORT
OV00001051,LN00004878,2025-01-31,163.53,BRANCH_SUPPORT
OV00001052,LN00004880,2025-03-31,345.73,BRANCH_SUPPORT
OV00001053,LN00004881,2025-04-30,575.82,BRANCH_SUPPORT
OV00001054,LN00004887,2025-10-31,510.80,BRANCH_SUPPORT
OV00001055,LN00004892,2026-03-31,231.75,BRANCH_SUPPORT
OV00001056,LN00004895,2026-06-30,738.92,BRANCH_SUPPORT
OV00001057,LN00004902,2025-01-31,226.20,BRANCH_SUPPORT
OV00001058,LN00004903,2025-02-28,873.47,BRANCH_SUPPORT
OV00001059,LN00004917,2026-04-30,465.12,BRANCH_SUPPORT
OV00001060,LN00004931,2025-06-30,422.40,BRANCH_SUPPORT
OV00001061,LN00004934,2025-09-30,180.67,BRANCH_SUPPORT
OV00001062,LN00004939,2026-02-28,462.80,BRANCH_SUPPORT
OV00001063,LN00004944,2026-07-31,345.54,BRANCH_SUPPORT
OV00001064,LN00004952,2025-03-31,642.07,BRANCH_SUPPORT
OV00001065,LN00004961,2025-12-31,438.36,BRANCH_SUPPORT
OV00001066,LN00004970,2024-09-30,564.96,BRANCH_SUPPORT
OV00001067,LN00004972,2024-11-30,894.56,BRANCH_SUPPORT
OV00001068,LN00004975,2025-02-28,762.44,BRANCH_SUPPORT
OV00001069,LN00004976,2025-03-31,730.66,BRANCH_SUPPORT
OV00001070,LN00004981,2025-08-31,527.94,BRANCH_SUPPORT
OV00001071,LN00004987,2026-02-28,224.84,BRANCH_SUPPORT
OV00001072,LN00004989,2026-04-30,358.80,BRANCH_SUPPORT
OV00001073,LN00004990,2026-05-31,936.52,BRANCH_SUPPORT
OV00001074,LN00004992,2026-07-31,269.60,BRANCH_SUPPORT
OV00001075,LN00004995,2024-10-31,516.48,BRANCH_SUPPORT
OV00001076,LN00004998,2025-01-31,726.99,BRANCH_SUPPORT
OV00001077,LN00005001,2025-04-30,746.68,BRANCH_SUPPORT
OV00001078,LN00005003,2025-06-30,778.70,BRANCH_SUPPORT
OV00001079,LN00005005,2025-08-31,386.96,BRANCH_SUPPORT
OV00001080,LN00005006,2025-09-30,424.68,BRANCH_SUPPORT
OV00001081,LN00005008,2025-11-30,119.30,BRANCH_SUPPORT
OV00001082,LN00005020,2024-11-30,331.30,BRANCH_SUPPORT
OV00001083,LN00005024,2025-03-31,741.28,BRANCH_SUPPORT
OV00001084,LN00005028,2025-07-31,454.09,BRANCH_SUPPORT
OV00001085,LN00005040,2026-07-31,133.60,BRANCH_SUPPORT
OV00001086,LN00005041,2024-08-31,142.52,BRANCH_SUPPORT
OV00001087,LN00005043,2024-10-31,905.97,BRANCH_SUPPORT
OV00001088,LN00005044,2024-11-30,907.04,BRANCH_SUPPORT
OV00001089,LN00005049,2025-04-30,118.53,BRANCH_SUPPORT
OV00001090,LN00005051,2025-06-30,290.04,BRANCH_SUPPORT
OV00001091,LN00005057,2025-12-31,830.39,BRANCH_SUPPORT
OV00001092,LN00005059,2026-02-28,927.16,BRANCH_SUPPORT
OV00001093,LN00005062,2026-05-31,770.76,BRANCH_SUPPORT
OV00001094,LN00005063,2026-06-30,539.84,BRANCH_SUPPORT
OV00001095,LN00005065,2024-08-31,77.20,BRANCH_SUPPORT
OV00001096,LN00005067,2024-10-31,393.75,BRANCH_SUPPORT
OV00001097,LN00005073,2025-04-30,124.24,BRANCH_SUPPORT
OV00001098,LN00005078,2025-09-30,426.72,BRANCH_SUPPORT
OV00001099,LN00005083,2026-02-28,602.80,BRANCH_SUPPORT
OV00001100,LN00005091,2024-10-31,303.65,BRANCH_SUPPORT
OV00001101,LN00005092,2024-11-30,203.70,BRANCH_SUPPORT
OV00001102,LN00005105,2025-12-31,414.31,BRANCH_SUPPORT
OV00001103,LN00005106,2026-01-31,868.05,BRANCH_SUPPORT
OV00001104,LN00005107,2026-02-28,230.88,BRANCH_SUPPORT
OV00001105,LN00005110,2026-05-31,415.68,BRANCH_SUPPORT
OV00001106,LN00005134,2026-05-31,344.96,BRANCH_SUPPORT
OV00001107,LN00005137,2024-08-31,291.55,BRANCH_SUPPORT
OV00001108,LN00005139,2024-10-31,641.10,BRANCH_SUPPORT
OV00001109,LN00005141,2024-12-31,581.10,BRANCH_SUPPORT
OV00001110,LN00005142,2025-01-31,89.70,BRANCH_SUPPORT
OV00001111,LN00005143,2025-02-28,653.49,BRANCH_SUPPORT
OV00001112,LN00005148,2025-07-31,215.82,BRANCH_SUPPORT
OV00001113,LN00005151,2025-10-31,536.41,BRANCH_SUPPORT
OV00001114,LN00005156,2026-03-31,878.22,BRANCH_SUPPORT
OV00001115,LN00005158,2026-05-31,1018.50,BRANCH_SUPPORT
OV00001116,LN00005160,2026-07-31,442.88,BRANCH_SUPPORT
OV00001117,LN00005164,2024-11-30,573.69,BRANCH_SUPPORT
OV00001118,LN00005165,2024-12-31,175.05,BRANCH_SUPPORT
OV00001119,LN00005166,2025-01-31,232.40,BRANCH_SUPPORT
OV00001120,LN00005172,2025-07-31,520.87,BRANCH_SUPPORT
OV00001121,LN00005177,2025-12-31,338.13,BRANCH_SUPPORT
OV00001122,LN00005178,2026-01-31,416.08,BRANCH_SUPPORT
OV00001123,LN00005190,2025-01-31,509.70,BRANCH_SUPPORT
OV00001124,LN00005197,2025-08-31,1106.24,BRANCH_SUPPORT
OV00001125,LN00005201,2025-12-31,239.84,BRANCH_SUPPORT
OV00001126,LN00005206,2026-05-31,725.34,BRANCH_SUPPORT
OV00001127,LN00005208,2026-07-31,724.46,BRANCH_SUPPORT
OV00001128,LN00005213,2024-12-31,322.28,BRANCH_SUPPORT
OV00001129,LN00005214,2025-01-31,87.15,BRANCH_SUPPORT
OV00001130,LN00005221,2025-08-31,924.36,BRANCH_SUPPORT
OV00001131,LN00005222,2025-09-30,597.28,BRANCH_SUPPORT
OV00001132,LN00005225,2025-12-31,703.35,BRANCH_SUPPORT
OV00001133,LN00005240,2025-03-31,275.11,BRANCH_SUPPORT
OV00001134,LN00005246,2025-09-30,691.29,BRANCH_SUPPORT
OV00001135,LN00005249,2025-12-31,91.14,BRANCH_SUPPORT
OV00001136,LN00005250,2026-01-31,472.32,BRANCH_SUPPORT
OV00001137,LN00005254,2026-05-31,277.11,BRANCH_SUPPORT
OV00001138,LN00005257,2024-08-31,281.04,BRANCH_SUPPORT
OV00001139,LN00005258,2024-09-30,865.81,BRANCH_SUPPORT
OV00001140,LN00005260,2024-11-30,496.99,BRANCH_SUPPORT
OV00001141,LN00005267,2025-06-30,282.10,BRANCH_SUPPORT
OV00001142,LN00005269,2025-08-31,385.44,BRANCH_SUPPORT
OV00001143,LN00005276,2026-03-31,230.80,BRANCH_SUPPORT
OV00001144,LN00005277,2026-04-30,669.50,BRANCH_SUPPORT
OV00001145,LN00005279,2026-06-30,331.56,BRANCH_SUPPORT
OV00001146,LN00005280,2026-07-31,86.34,BRANCH_SUPPORT
OV00001147,LN00005283,2024-10-31,710.46,BRANCH_SUPPORT
OV00001148,LN00005285,2024-12-31,948.36,BRANCH_SUPPORT
OV00001149,LN00005286,2025-01-31,958.30,BRANCH_SUPPORT
OV00001150,LN00005294,2025-09-30,442.80,BRANCH_SUPPORT
OV00001151,LN00005296,2025-11-30,1103.62,BRANCH_SUPPORT
OV00001152,LN00005299,2026-02-28,541.71,BRANCH_SUPPORT
OV00001153,LN00005303,2026-06-30,830.18,BRANCH_SUPPORT
OV00001154,LN00005304,2026-07-31,753.72,BRANCH_SUPPORT
OV00001155,LN00005308,2024-11-30,210.80,BRANCH_SUPPORT
OV00001156,LN00005312,2025-03-31,683.68,BRANCH_SUPPORT
OV00001157,LN00005313,2025-04-30,841.72,BRANCH_SUPPORT
OV00001158,LN00005316,2025-07-31,273.39,BRANCH_SUPPORT
OV00001159,LN00005317,2025-08-31,289.15,BRANCH_SUPPORT
OV00001160,LN00005318,2025-09-30,96.36,BRANCH_SUPPORT
OV00001161,LN00005320,2025-11-30,307.89,BRANCH_SUPPORT
OV00001162,LN00005331,2024-10-31,209.52,BRANCH_SUPPORT
OV00001163,LN00005335,2025-02-28,210.91,BRANCH_SUPPORT
OV00001164,LN00005339,2025-06-30,94.99,BRANCH_SUPPORT
OV00001165,LN00005341,2025-08-31,933.24,BRANCH_SUPPORT
OV00001166,LN00005360,2025-03-31,822.78,BRANCH_SUPPORT
OV00001167,LN00005363,2025-06-30,601.20,BRANCH_SUPPORT
OV00001168,LN00005365,2025-08-31,526.89,BRANCH_SUPPORT
OV00001169,LN00005373,2026-04-30,526.80,BRANCH_SUPPORT
OV00001170,LN00005391,2025-10-31,374.29,BRANCH_SUPPORT
OV00001171,LN00005402,2024-09-30,869.10,BRANCH_SUPPORT
OV00001172,LN00005403,2024-10-31,1115.38,BRANCH_SUPPORT
OV00001173,LN00005405,2024-12-31,381.36,BRANCH_SUPPORT
OV00001174,LN00005410,2025-05-31,555.68,BRANCH_SUPPORT
OV00001175,LN00005428,2024-11-30,396.20,BRANCH_SUPPORT
OV00001176,LN00005430,2025-01-31,283.56,BRANCH_SUPPORT
OV00001177,LN00005432,2025-03-31,456.61,BRANCH_SUPPORT
OV00001178,LN00005436,2025-07-31,215.10,BRANCH_SUPPORT
OV00001179,LN00005439,2025-10-31,342.06,BRANCH_SUPPORT
OV00001180,LN00005448,2026-07-31,671.97,BRANCH_SUPPORT
OV00001181,LN00005456,2025-03-31,320.80,BRANCH_SUPPORT
OV00001182,LN00005462,2025-09-30,192.40,BRANCH_SUPPORT
OV00001183,LN00005463,2025-10-31,1160.55,BRANCH_SUPPORT
OV00001184,LN00005464,2025-11-30,379.35,BRANCH_SUPPORT
OV00001185,LN00005473,2024-08-31,584.00,BRANCH_SUPPORT
OV00001186,LN00005474,2024-09-30,146.16,BRANCH_SUPPORT
OV00001187,LN00005480,2025-03-31,665.76,BRANCH_SUPPORT
OV00001188,LN00005481,2025-04-30,961.24,BRANCH_SUPPORT
OV00001189,LN00005487,2025-10-31,713.57,BRANCH_SUPPORT
OV00001190,LN00005492,2026-03-31,463.84,BRANCH_SUPPORT
OV00001191,LN00005496,2026-07-31,387.27,BRANCH_SUPPORT
OV00001192,LN00005498,2024-09-30,840.45,BRANCH_SUPPORT
OV00001193,LN00005503,2025-02-28,247.38,BRANCH_SUPPORT
OV00001194,LN00005504,2025-03-31,477.15,BRANCH_SUPPORT
OV00001195,LN00005505,2025-04-30,747.90,BRANCH_SUPPORT
OV00001196,LN00005507,2025-06-30,351.54,BRANCH_SUPPORT
OV00001197,LN00005516,2026-03-31,416.50,BRANCH_SUPPORT
OV00001198,LN00005538,2026-01-31,273.28,BRANCH_SUPPORT
OV00001199,LN00005555,2025-06-30,386.10,BRANCH_SUPPORT
OV00001200,LN00005561,2025-12-31,830.61,BRANCH_SUPPORT
OV00001201,LN00005566,2026-05-31,721.82,BRANCH_SUPPORT
OV00001202,LN00005571,2024-10-31,1032.15,BRANCH_SUPPORT
OV00001203,LN00005573,2024-12-31,588.60,BRANCH_SUPPORT
OV00001204,LN00005576,2025-03-31,380.00,BRANCH_SUPPORT
OV00001205,LN00005580,2025-07-31,828.94,BRANCH_SUPPORT
OV00001206,LN00005583,2025-10-31,310.52,BRANCH_SUPPORT
OV00001207,LN00005586,2026-01-31,260.40,BRANCH_SUPPORT
OV00001208,LN00005593,2024-08-31,291.40,BRANCH_SUPPORT
OV00001209,LN00005597,2024-12-31,224.55,BRANCH_SUPPORT
OV00001210,LN00005606,2025-09-30,754.10,BRANCH_SUPPORT
OV00001211,LN00005607,2025-10-31,622.50,BRANCH_SUPPORT
OV00001212,LN00005613,2026-04-30,713.02,BRANCH_SUPPORT
OV00001213,LN00005615,2026-06-30,248.52,BRANCH_SUPPORT
OV00001214,LN00005619,2024-10-31,210.30,BRANCH_SUPPORT
OV00001215,LN00005631,2025-10-31,87.55,BRANCH_SUPPORT
OV00001216,LN00005634,2026-01-31,299.46,BRANCH_SUPPORT
OV00001217,LN00005642,2024-09-30,492.72,BRANCH_SUPPORT
OV00001218,LN00005644,2024-11-30,301.10,BRANCH_SUPPORT
OV00001219,LN00005650,2025-05-31,713.43,BRANCH_SUPPORT
OV00001220,LN00005653,2025-08-31,939.84,BRANCH_SUPPORT
OV00001221,LN00005656,2025-11-30,332.60,BRANCH_SUPPORT
OV00001222,LN00005658,2026-01-31,426.66,BRANCH_SUPPORT
OV00001223,LN00005672,2025-03-31,439.20,BRANCH_SUPPORT
OV00001224,LN00005678,2025-09-30,232.38,BRANCH_SUPPORT
OV00001225,LN00005681,2025-12-31,391.92,BRANCH_SUPPORT
OV00001226,LN00005683,2026-02-28,978.74,BRANCH_SUPPORT
OV00001227,LN00005688,2026-07-31,294.50,BRANCH_SUPPORT
OV00001228,LN00005689,2024-08-31,206.44,BRANCH_SUPPORT
OV00001229,LN00005696,2025-03-31,1034.93,BRANCH_SUPPORT
OV00001230,LN00005703,2025-10-31,445.90,BRANCH_SUPPORT
OV00001231,LN00005705,2025-12-31,255.84,BRANCH_SUPPORT
OV00001232,LN00005718,2025-01-31,128.34,BRANCH_SUPPORT
OV00001233,LN00005720,2025-03-31,431.58,BRANCH_SUPPORT
OV00001234,LN00005729,2025-12-31,622.20,BRANCH_SUPPORT
OV00001235,LN00005734,2026-05-31,808.60,BRANCH_SUPPORT
OV00001236,LN00005735,2026-06-30,243.65,BRANCH_SUPPORT
OV00001237,LN00005736,2026-07-31,217.53,BRANCH_SUPPORT
OV00001238,LN00005744,2025-03-31,167.60,BRANCH_SUPPORT
OV00001239,LN00005750,2025-09-30,87.30,BRANCH_SUPPORT
OV00001240,LN00005751,2025-10-31,259.93,BRANCH_SUPPORT
OV00001241,LN00005756,2026-03-31,142.45,BRANCH_SUPPORT
OV00001242,LN00005758,2026-05-31,502.16,BRANCH_SUPPORT
OV00001243,LN00005767,2025-02-28,591.91,BRANCH_SUPPORT
OV00001244,LN00005768,2025-03-31,247.90,BRANCH_SUPPORT
OV00001245,LN00005772,2025-07-31,512.64,BRANCH_SUPPORT
OV00001246,LN00005773,2025-08-31,990.36,BRANCH_SUPPORT
OV00001247,LN00005781,2026-04-30,530.53,BRANCH_SUPPORT
OV00001248,LN00005782,2026-05-31,657.90,BRANCH_SUPPORT
OV00001249,LN00005788,2024-11-30,764.55,BRANCH_SUPPORT
OV00001250,LN00005791,2025-02-28,841.44,BRANCH_SUPPORT
OV00001251,LN00005793,2025-04-30,440.88,BRANCH_SUPPORT
OV00001252,LN00005797,2025-08-31,584.32,BRANCH_SUPPORT
OV00001253,LN00005798,2025-09-30,296.40,BRANCH_SUPPORT
OV00001254,LN00005800,2025-11-30,181.44,BRANCH_SUPPORT
OV00001255,LN00005801,2025-12-31,866.18,BRANCH_SUPPORT
OV00001256,LN00005802,2026-01-31,505.84,BRANCH_SUPPORT
OV00001257,LN00005806,2026-05-31,219.67,BRANCH_SUPPORT
OV00001258,LN00005807,2026-06-30,802.08,BRANCH_SUPPORT
OV00001259,LN00005809,2024-08-31,194.85,BRANCH_SUPPORT
OV00001260,LN00005812,2024-11-30,228.47,BRANCH_SUPPORT
OV00001261,LN00005813,2024-12-31,289.25,BRANCH_SUPPORT
OV00001262,LN00005815,2025-02-28,270.90,BRANCH_SUPPORT
OV00001263,LN00005816,2025-03-31,342.29,BRANCH_SUPPORT
OV00001264,LN00005819,2025-06-30,241.41,BRANCH_SUPPORT
OV00001265,LN00005828,2026-03-31,946.14,BRANCH_SUPPORT
OV00001266,LN00005834,2024-09-30,572.18,BRANCH_SUPPORT
OV00001267,LN00005836,2024-11-30,1274.24,BRANCH_SUPPORT
OV00001268,LN00005838,2025-01-31,90.90,BRANCH_SUPPORT
OV00001269,LN00005840,2025-03-31,519.52,BRANCH_SUPPORT
OV00001270,LN00005841,2025-04-30,628.65,BRANCH_SUPPORT
OV00001271,LN00005843,2025-06-30,248.80,BRANCH_SUPPORT
OV00001272,LN00005852,2026-03-31,158.21,BRANCH_SUPPORT
OV00001273,LN00005854,2026-05-31,426.72,BRANCH_SUPPORT
OV00001274,LN00005863,2025-02-28,302.46,BRANCH_SUPPORT
OV00001275,LN00005868,2025-07-31,876.36,BRANCH_SUPPORT
OV00001276,LN00005882,2024-09-30,1021.28,BRANCH_SUPPORT
OV00001277,LN00005884,2024-11-30,643.92,BRANCH_SUPPORT
OV00001278,LN00005885,2024-12-31,359.76,BRANCH_SUPPORT
OV00001279,LN00005886,2025-01-31,319.77,BRANCH_SUPPORT
OV00001280,LN00005887,2025-02-28,250.70,BRANCH_SUPPORT
OV00001281,LN00005893,2025-08-31,440.93,BRANCH_SUPPORT
OV00001282,LN00005901,2026-04-30,499.84,BRANCH_SUPPORT
OV00001283,LN00005905,2024-08-31,456.80,BRANCH_SUPPORT
OV00001284,LN00005909,2024-12-31,662.76,BRANCH_SUPPORT
OV00001285,LN00005911,2025-02-28,84.25,BRANCH_SUPPORT
OV00001286,LN00005913,2025-04-30,745.80,BRANCH_SUPPORT
OV00001287,LN00005914,2025-05-31,806.04,BRANCH_SUPPORT
OV00001288,LN00005918,2025-09-30,255.42,BRANCH_SUPPORT
OV00001289,LN00005919,2025-10-31,1264.80,BRANCH_SUPPORT
OV00001290,LN00005925,2026-04-30,755.60,BRANCH_SUPPORT
OV00001291,LN00005928,2026-07-31,403.41,BRANCH_SUPPORT
OV00001292,LN00005929,2024-08-31,631.54,BRANCH_SUPPORT
OV00001293,LN00005933,2024-12-31,819.39,BRANCH_SUPPORT
OV00001294,LN00005937,2025-04-30,418.44,BRANCH_SUPPORT
OV00001295,LN00005939,2025-06-30,709.52,BRANCH_SUPPORT
OV00001296,LN00005945,2025-12-31,191.60,BRANCH_SUPPORT
OV00001297,LN00005948,2026-03-31,910.39,BRANCH_SUPPORT
OV00001298,LN00005949,2026-04-30,310.05,BRANCH_SUPPORT
OV00001299,LN00005956,2024-11-30,512.37,BRANCH_SUPPORT
OV00001300,LN00005957,2024-12-31,294.48,BRANCH_SUPPORT
OV00001301,LN00005959,2025-02-28,307.01,BRANCH_SUPPORT
OV00001302,LN00005964,2025-07-31,748.08,BRANCH_SUPPORT
OV00001303,LN00005972,2026-03-31,939.72,BRANCH_SUPPORT
OV00001304,LN00005980,2024-11-30,869.16,BRANCH_SUPPORT
OV00001305,LN00005981,2024-12-31,420.96,BRANCH_SUPPORT
OV00001306,LN00005987,2025-06-30,432.88,BRANCH_SUPPORT
OV00001307,LN00005995,2026-02-28,499.08,BRANCH_SUPPORT
OV00001308,LN00006002,2024-09-30,692.48,BRANCH_SUPPORT
OV00001309,LN00006004,2024-11-30,962.78,BRANCH_SUPPORT
OV00001310,LN00006006,2025-01-31,1126.05,BRANCH_SUPPORT
OV00001311,LN00006026,2024-09-30,262.50,BRANCH_SUPPORT
OV00001312,LN00006033,2025-04-30,1002.45,BRANCH_SUPPORT
OV00001313,LN00006035,2025-06-30,797.20,BRANCH_SUPPORT
OV00001314,LN00006037,2025-08-31,97.86,BRANCH_SUPPORT
OV00001315,LN00006046,2026-05-31,1071.36,BRANCH_SUPPORT
OV00001316,LN00006047,2026-06-30,474.25,BRANCH_SUPPORT
OV00001317,LN00006050,2024-09-30,371.45,BRANCH_SUPPORT
OV00001318,LN00006057,2025-04-30,184.65,BRANCH_SUPPORT
OV00001319,LN00006092,2026-03-31,987.28,BRANCH_SUPPORT
OV00001320,LN00006093,2026-04-30,173.60,BRANCH_SUPPORT
OV00001321,LN00006096,2026-07-31,318.72,BRANCH_SUPPORT
OV00001322,LN00006100,2024-11-30,201.32,BRANCH_SUPPORT
OV00001323,LN00006106,2025-05-31,507.22,BRANCH_SUPPORT
OV00001324,LN00006113,2025-12-31,415.80,BRANCH_SUPPORT
OV00001325,LN00006118,2026-05-31,396.80,BRANCH_SUPPORT
OV00001326,LN00006121,2024-08-31,713.02,BRANCH_SUPPORT
OV00001327,LN00006126,2025-01-31,449.02,BRANCH_SUPPORT
OV00001328,LN00006141,2026-04-30,156.24,BRANCH_SUPPORT
OV00001329,LN00006144,2026-07-31,1030.65,BRANCH_SUPPORT
OV00001330,LN00006150,2025-01-31,480.81,BRANCH_SUPPORT
OV00001331,LN00006151,2025-02-28,908.76,BRANCH_SUPPORT
OV00001332,LN00006166,2026-05-31,320.95,BRANCH_SUPPORT
OV00001333,LN00006169,2024-08-31,368.45,BRANCH_SUPPORT
OV00001334,LN00006171,2024-10-31,640.25,BRANCH_SUPPORT
OV00001335,LN00006177,2025-04-30,345.54,BRANCH_SUPPORT
OV00001336,LN00006191,2026-06-30,356.10,BRANCH_SUPPORT
OV00001337,LN00006194,2024-09-30,985.05,BRANCH_SUPPORT
OV00001338,LN00006197,2024-12-31,95.45,BRANCH_SUPPORT
OV00001339,LN00006205,2025-08-31,227.85,BRANCH_SUPPORT
OV00001340,LN00006207,2025-10-31,730.35,BRANCH_SUPPORT
OV00001341,LN00006215,2026-06-30,892.45,BRANCH_SUPPORT
OV00001342,LN00006218,2024-09-30,244.01,BRANCH_SUPPORT
OV00001343,LN00006230,2025-09-30,1019.10,BRANCH_SUPPORT
OV00001344,LN00006256,2025-11-30,771.00,BRANCH_SUPPORT
OV00001345,LN00006259,2026-02-28,563.60,BRANCH_SUPPORT
OV00001346,LN00006260,2026-03-31,611.84,BRANCH_SUPPORT
OV00001347,LN00006264,2026-07-31,886.95,BRANCH_SUPPORT
OV00001348,LN00006267,2024-10-31,297.76,BRANCH_SUPPORT
OV00001349,LN00006271,2025-02-28,701.10,BRANCH_SUPPORT
OV00001350,LN00006272,2025-03-31,387.04,BRANCH_SUPPORT
OV00001351,LN00006275,2025-06-30,163.10,BRANCH_SUPPORT
OV00001352,LN00006277,2025-08-31,536.55,BRANCH_SUPPORT
OV00001353,LN00006292,2024-11-30,787.70,BRANCH_SUPPORT
OV00001354,LN00006294,2025-01-31,685.92,BRANCH_SUPPORT
OV00001355,LN00006298,2025-05-31,531.45,BRANCH_SUPPORT
OV00001356,LN00006302,2025-09-30,441.60,BRANCH_SUPPORT
OV00001357,LN00006306,2026-01-31,166.81,BRANCH_SUPPORT
OV00001358,LN00006307,2026-02-28,558.90,BRANCH_SUPPORT
OV00001359,LN00006311,2026-06-30,344.52,BRANCH_SUPPORT
OV00001360,LN00006320,2025-03-31,312.96,BRANCH_SUPPORT
OV00001361,LN00006327,2025-10-31,402.57,BRANCH_SUPPORT
OV00001362,LN00006331,2026-02-28,343.08,BRANCH_SUPPORT
OV00001363,LN00006332,2026-03-31,897.92,BRANCH_SUPPORT
OV00001364,LN00006334,2026-05-31,217.44,BRANCH_SUPPORT
OV00001365,LN00006346,2025-05-31,819.61,BRANCH_SUPPORT
OV00001366,LN00006351,2025-10-31,508.62,BRANCH_SUPPORT
OV00001367,LN00006354,2026-01-31,971.23,BRANCH_SUPPORT
OV00001368,LN00006356,2026-03-31,153.40,BRANCH_SUPPORT
OV00001369,LN00006377,2025-12-31,311.71,BRANCH_SUPPORT
OV00001370,LN00006408,2026-07-31,672.54,BRANCH_SUPPORT
OV00001371,LN00006410,2024-09-30,273.24,BRANCH_SUPPORT
OV00001372,LN00006413,2024-12-31,177.76,BRANCH_SUPPORT
OV00001373,LN00006416,2025-03-31,214.70,BRANCH_SUPPORT
OV00001374,LN00006417,2025-04-30,473.31,BRANCH_SUPPORT
OV00001375,LN00006420,2025-07-31,278.98,BRANCH_SUPPORT
OV00001376,LN00006427,2026-02-28,570.30,BRANCH_SUPPORT
OV00001377,LN00006429,2026-04-30,429.72,BRANCH_SUPPORT
OV00001378,LN00006433,2024-08-31,719.29,BRANCH_SUPPORT
OV00001379,LN00006440,2025-03-31,737.12,BRANCH_SUPPORT
OV00001380,LN00006445,2025-08-31,584.28,BRANCH_SUPPORT
OV00001381,LN00006447,2025-10-31,644.31,BRANCH_SUPPORT
OV00001382,LN00006451,2026-02-28,432.11,BRANCH_SUPPORT
OV00001383,LN00006455,2026-06-30,758.68,BRANCH_SUPPORT
OV00001384,LN00006457,2024-08-31,855.00,BRANCH_SUPPORT
OV00001385,LN00006466,2025-05-31,527.12,BRANCH_SUPPORT
OV00001386,LN00006468,2025-07-31,911.40,BRANCH_SUPPORT
OV00001387,LN00006483,2024-10-31,245.10,BRANCH_SUPPORT
OV00001388,LN00006493,2025-08-31,392.04,BRANCH_SUPPORT
OV00001389,LN00006497,2025-12-31,90.16,BRANCH_SUPPORT
OV00001390,LN00006498,2026-01-31,231.56,BRANCH_SUPPORT
OV00001391,LN00006501,2026-04-30,434.16,BRANCH_SUPPORT
OV00001392,LN00006503,2026-06-30,746.13,BRANCH_SUPPORT
OV00001393,LN00006509,2024-12-31,679.08,BRANCH_SUPPORT
OV00001394,LN00006512,2025-03-31,628.80,BRANCH_SUPPORT
OV00001395,LN00006513,2025-04-30,596.32,BRANCH_SUPPORT
OV00001396,LN00006514,2025-05-31,341.05,BRANCH_SUPPORT
OV00001397,LN00006517,2025-08-31,669.90,BRANCH_SUPPORT
OV00001398,LN00006518,2025-09-30,978.88,BRANCH_SUPPORT
OV00001399,LN00006519,2025-10-31,331.10,BRANCH_SUPPORT
OV00001400,LN00006523,2026-02-28,489.20,BRANCH_SUPPORT
OV00001401,LN00006524,2026-03-31,270.42,BRANCH_SUPPORT
OV00001402,LN00006528,2026-07-31,279.37,BRANCH_SUPPORT
OV00001403,LN00006532,2024-11-30,79.50,BRANCH_SUPPORT
OV00001404,LN00006533,2024-12-31,323.58,BRANCH_SUPPORT
OV00001405,LN00006536,2025-03-31,561.84,BRANCH_SUPPORT
OV00001406,LN00006542,2025-09-30,392.40,BRANCH_SUPPORT
OV00001407,LN00006548,2026-03-31,128.96,BRANCH_SUPPORT
OV00001408,LN00006549,2026-04-30,568.16,BRANCH_SUPPORT
OV00001409,LN00006551,2026-06-30,303.75,BRANCH_SUPPORT
OV00001410,LN00006552,2026-07-31,288.65,BRANCH_SUPPORT
OV00001411,LN00006562,2025-05-31,257.82,BRANCH_SUPPORT
OV00001412,LN00006570,2026-01-31,241.41,BRANCH_SUPPORT
OV00001413,LN00006571,2026-02-28,175.92,BRANCH_SUPPORT
OV00001414,LN00006580,2024-11-30,262.65,BRANCH_SUPPORT
OV00001415,LN00006581,2024-12-31,967.20,BRANCH_SUPPORT
OV00001416,LN00006584,2025-03-31,686.16,BRANCH_SUPPORT
OV00001417,LN00006597,2026-04-30,565.68,BRANCH_SUPPORT
OV00001418,LN00006600,2026-07-31,388.80,BRANCH_SUPPORT
OV00001419,LN00006601,2024-08-31,618.96,BRANCH_SUPPORT
OV00001420,LN00006627,2024-10-31,364.77,BRANCH_SUPPORT
OV00001421,LN00006631,2025-02-28,220.95,BRANCH_SUPPORT
OV00001422,LN00006645,2026-04-30,226.88,BRANCH_SUPPORT
OV00001423,LN00006649,2024-08-31,382.05,BRANCH_SUPPORT
OV00001424,LN00006657,2025-04-30,468.30,BRANCH_SUPPORT
OV00001425,LN00006660,2025-07-31,461.24,BRANCH_SUPPORT
OV00001426,LN00006667,2026-02-28,332.60,BRANCH_SUPPORT
OV00001427,LN00006668,2026-03-31,170.64,BRANCH_SUPPORT
OV00001428,LN00006677,2024-12-31,479.40,BRANCH_SUPPORT
OV00001429,LN00006686,2025-09-30,384.00,BRANCH_SUPPORT
OV00001430,LN00006689,2025-12-31,1147.36,BRANCH_SUPPORT
OV00001431,LN00006690,2026-01-31,535.21,BRANCH_SUPPORT
OV00001432,LN00006691,2026-02-28,81.96,BRANCH_SUPPORT
OV00001433,LN00006693,2026-04-30,214.56,BRANCH_SUPPORT
OV00001434,LN00006701,2024-12-31,312.96,BRANCH_SUPPORT
OV00001435,LN00006711,2025-10-31,964.08,BRANCH_SUPPORT
OV00001436,LN00006714,2026-01-31,476.85,BRANCH_SUPPORT
OV00001437,LN00006717,2026-04-30,359.36,BRANCH_SUPPORT
OV00001438,LN00006720,2026-07-31,194.96,BRANCH_SUPPORT
OV00001439,LN00006727,2025-02-28,309.15,BRANCH_SUPPORT
OV00001440,LN00006729,2025-04-30,534.88,BRANCH_SUPPORT
OV00001441,LN00006730,2025-05-31,240.96,BRANCH_SUPPORT
OV00001442,LN00006731,2025-06-30,734.69,BRANCH_SUPPORT
OV00001443,LN00006737,2025-12-31,329.70,BRANCH_SUPPORT
OV00001444,LN00006739,2026-02-28,443.44,BRANCH_SUPPORT
OV00001445,LN00006750,2025-01-31,546.13,BRANCH_SUPPORT
OV00001446,LN00006751,2025-02-28,241.43,BRANCH_SUPPORT
OV00001447,LN00006752,2025-03-31,169.40,BRANCH_SUPPORT
OV00001448,LN00006760,2025-11-30,734.86,BRANCH_SUPPORT
OV00001449,LN00006762,2026-01-31,559.35,BRANCH_SUPPORT
OV00001450,LN00006764,2026-03-31,418.64,BRANCH_SUPPORT
OV00001451,LN00006765,2026-04-30,331.40,BRANCH_SUPPORT
OV00001452,LN00006776,2025-03-31,814.95,BRANCH_SUPPORT
OV00001453,LN00006784,2025-11-30,720.00,BRANCH_SUPPORT
OV00001454,LN00006798,2025-01-31,540.12,BRANCH_SUPPORT
OV00001455,LN00006807,2025-10-31,361.89,BRANCH_SUPPORT
OV00001456,LN00006815,2026-06-30,748.16,BRANCH_SUPPORT
OV00001457,LN00006817,2024-08-31,691.65,BRANCH_SUPPORT
OV00001458,LN00006818,2024-09-30,364.10,BRANCH_SUPPORT
OV00001459,LN00006822,2025-01-31,541.31,BRANCH_SUPPORT
OV00001460,LN00006823,2025-02-28,359.52,BRANCH_SUPPORT
OV00001461,LN00006824,2025-03-31,943.88,BRANCH_SUPPORT
OV00001462,LN00006826,2025-05-31,612.96,BRANCH_SUPPORT
OV00001463,LN00006832,2025-11-30,541.44,BRANCH_SUPPORT
OV00001464,LN00006838,2026-05-31,252.96,BRANCH_SUPPORT
OV00001465,LN00006850,2025-05-31,509.88,BRANCH_SUPPORT
OV00001466,LN00006852,2025-07-31,200.40,BRANCH_SUPPORT
OV00001467,LN00006854,2025-09-30,227.52,BRANCH_SUPPORT
OV00001468,LN00006857,2025-12-31,594.36,BRANCH_SUPPORT
OV00001469,LN00006858,2026-01-31,348.32,BRANCH_SUPPORT
OV00001470,LN00006862,2026-05-31,730.20,BRANCH_SUPPORT
OV00001471,LN00006863,2026-06-30,500.43,BRANCH_SUPPORT
OV00001472,LN00006868,2024-11-30,833.28,BRANCH_SUPPORT
OV00001473,LN00006876,2025-07-31,185.35,BRANCH_SUPPORT
OV00001474,LN00006879,2025-10-31,1117.90,BRANCH_SUPPORT
OV00001475,LN00006888,2026-07-31,263.20,BRANCH_SUPPORT
OV00001476,LN00006891,2024-10-31,169.90,BRANCH_SUPPORT
OV00001477,LN00006895,2025-02-28,469.80,BRANCH_SUPPORT
OV00001478,LN00006896,2025-03-31,208.18,BRANCH_SUPPORT
OV00001479,LN00006902,2025-09-30,832.20,BRANCH_SUPPORT
OV00001480,LN00006910,2026-05-31,425.04,BRANCH_SUPPORT
OV00001481,LN00006914,2024-09-30,904.40,BRANCH_SUPPORT
OV00001482,LN00006931,2026-02-28,1220.16,BRANCH_SUPPORT
OV00001483,LN00006940,2024-11-30,75.96,BRANCH_SUPPORT
OV00001484,LN00006944,2025-03-31,158.96,BRANCH_SUPPORT
OV00001485,LN00006945,2025-04-30,238.25,BRANCH_SUPPORT
OV00001486,LN00006946,2025-05-31,279.51,BRANCH_SUPPORT
OV00001487,LN00006952,2025-11-30,306.54,BRANCH_SUPPORT
OV00001488,LN00006955,2026-02-28,236.80,BRANCH_SUPPORT
OV00001489,LN00006957,2026-04-30,145.75,BRANCH_SUPPORT
OV00001490,LN00006961,2024-08-31,690.08,BRANCH_SUPPORT
OV00001491,LN00006964,2024-11-30,233.38,BRANCH_SUPPORT
OV00001492,LN00006977,2025-12-31,396.72,BRANCH_SUPPORT
OV00001493,LN00006978,2026-01-31,218.60,BRANCH_SUPPORT
OV00001494,LN00006981,2026-04-30,664.92,BRANCH_SUPPORT
OV00001495,LN00006982,2026-05-31,980.98,BRANCH_SUPPORT
OV00001496,LN00006992,2025-03-31,450.99,BRANCH_SUPPORT
OV00001497,LN00006997,2025-08-31,376.64,BRANCH_SUPPORT
OV00001498,LN00007000,2025-11-30,318.78,BRANCH_SUPPORT
OV00001499,LN00007001,2025-12-31,383.35,BRANCH_SUPPORT
OV00001500,LN00007003,2026-02-28,994.88,BRANCH_SUPPORT
OV00001501,LN00007019,2025-06-30,406.08,BRANCH_SUPPORT
OV00001502,LN00007020,2025-07-31,509.40,BRANCH_SUPPORT
OV00001503,LN00007022,2025-09-30,1000.35,BRANCH_SUPPORT
OV00001504,LN00007032,2026-07-31,380.40,BRANCH_SUPPORT
OV00001505,LN00007034,2024-09-30,328.45,BRANCH_SUPPORT
OV00001506,LN00007042,2025-05-31,1179.04,BRANCH_SUPPORT
OV00001507,LN00007049,2025-12-31,158.67,BRANCH_SUPPORT
OV00001508,LN00007059,2024-10-31,140.50,BRANCH_SUPPORT
OV00001509,LN00007070,2025-09-30,473.76,BRANCH_SUPPORT
OV00001510,LN00007080,2026-07-31,844.32,BRANCH_SUPPORT
OV00001511,LN00007083,2024-10-31,990.40,BRANCH_SUPPORT
OV00001512,LN00007094,2025-09-30,779.84,BRANCH_SUPPORT
OV00001513,LN00007101,2026-04-30,841.75,BRANCH_SUPPORT
OV00001514,LN00007102,2026-05-31,566.00,BRANCH_SUPPORT
OV00001515,LN00007105,2024-08-31,362.05,BRANCH_SUPPORT
OV00001516,LN00007110,2025-01-31,392.22,BRANCH_SUPPORT
OV00001517,LN00007112,2025-03-31,606.15,BRANCH_SUPPORT
OV00001518,LN00007120,2025-11-30,481.25,BRANCH_SUPPORT
OV00001519,LN00007121,2025-12-31,362.81,BRANCH_SUPPORT
OV00001520,LN00007124,2026-03-31,566.60,BRANCH_SUPPORT
OV00001521,LN00007125,2026-04-30,804.64,BRANCH_SUPPORT
OV00001522,LN00007127,2026-06-30,581.20,BRANCH_SUPPORT
OV00001523,LN00007130,2024-09-30,184.45,BRANCH_SUPPORT
OV00001524,LN00007141,2025-08-31,271.26,BRANCH_SUPPORT
OV00001525,LN00007142,2025-09-30,577.44,BRANCH_SUPPORT
OV00001526,LN00007161,2025-04-30,796.20,BRANCH_SUPPORT
OV00001527,LN00007164,2025-07-31,79.20,BRANCH_SUPPORT
OV00001528,LN00007170,2026-01-31,365.20,BRANCH_SUPPORT
OV00001529,LN00007177,2024-08-31,76.95,BRANCH_SUPPORT
OV00001530,LN00007180,2024-11-30,678.06,BRANCH_SUPPORT
OV00001531,LN00007189,2025-08-31,484.55,BRANCH_SUPPORT
OV00001532,LN00007192,2025-11-30,633.42,BRANCH_SUPPORT
OV00001533,LN00007193,2025-12-31,806.10,BRANCH_SUPPORT
OV00001534,LN00007200,2026-07-31,715.77,BRANCH_SUPPORT
OV00001535,LN00007205,2024-12-31,308.56,BRANCH_SUPPORT
OV00001536,LN00007206,2025-01-31,450.24,BRANCH_SUPPORT
OV00001537,LN00007211,2025-06-30,395.12,BRANCH_SUPPORT
OV00001538,LN00007212,2025-07-31,339.90,BRANCH_SUPPORT
OV00001539,LN00007215,2025-10-31,810.56,BRANCH_SUPPORT
OV00001540,LN00007217,2025-12-31,739.50,BRANCH_SUPPORT
OV00001541,LN00007229,2024-12-31,369.88,BRANCH_SUPPORT
OV00001542,LN00007231,2025-02-28,649.80,BRANCH_SUPPORT
OV00001543,LN00007232,2025-03-31,383.94,BRANCH_SUPPORT
OV00001544,LN00007234,2025-05-31,713.44,BRANCH_SUPPORT
OV00001545,LN00007236,2025-07-31,306.60,BRANCH_SUPPORT
OV00001546,LN00007240,2025-11-30,284.90,BRANCH_SUPPORT
OV00001547,LN00007242,2026-01-31,112.15,BRANCH_SUPPORT
OV00001548,LN00007256,2025-03-31,738.92,BRANCH_SUPPORT
OV00001549,LN00007262,2025-09-30,475.50,BRANCH_SUPPORT
OV00001550,LN00007265,2025-12-31,537.11,BRANCH_SUPPORT
OV00001551,LN00007269,2026-04-30,788.32,BRANCH_SUPPORT
OV00001552,LN00007273,2024-08-31,585.60,BRANCH_SUPPORT
OV00001553,LN00007289,2025-12-31,674.31,BRANCH_SUPPORT
OV00001554,LN00007311,2025-10-31,791.68,BRANCH_SUPPORT
OV00001555,LN00007313,2025-12-31,416.25,BRANCH_SUPPORT
OV00001556,LN00007319,2026-06-30,348.59,BRANCH_SUPPORT
OV00001557,LN00007320,2026-07-31,322.05,BRANCH_SUPPORT
OV00001558,LN00007331,2025-06-30,737.25,BRANCH_SUPPORT
OV00001559,LN00007332,2025-07-31,938.70,BRANCH_SUPPORT
OV00001560,LN00007335,2025-10-31,347.76,BRANCH_SUPPORT
OV00001561,LN00007349,2024-12-31,248.75,BRANCH_SUPPORT
OV00001562,LN00007351,2025-02-28,478.40,BRANCH_SUPPORT
OV00001563,LN00007356,2025-07-31,255.40,BRANCH_SUPPORT
OV00001564,LN00007359,2025-10-31,298.65,BRANCH_SUPPORT
OV00001565,LN00007360,2025-11-30,226.16,BRANCH_SUPPORT
OV00001566,LN00007364,2026-03-31,351.65,BRANCH_SUPPORT
OV00001567,LN00007365,2026-04-30,344.82,BRANCH_SUPPORT
OV00001568,LN00007371,2024-10-31,101.82,BRANCH_SUPPORT
OV00001569,LN00007373,2024-12-31,524.40,BRANCH_SUPPORT
OV00001570,LN00007377,2025-04-30,278.55,BRANCH_SUPPORT
OV00001571,LN00007381,2025-08-31,259.84,BRANCH_SUPPORT
OV00001572,LN00007385,2025-12-31,217.44,BRANCH_SUPPORT
OV00001573,LN00007389,2026-04-30,217.20,BRANCH_SUPPORT
OV00001574,LN00007390,2026-05-31,660.42,BRANCH_SUPPORT
OV00001575,LN00007395,2024-10-31,933.66,BRANCH_SUPPORT
OV00001576,LN00007399,2025-02-28,370.32,BRANCH_SUPPORT
OV00001577,LN00007403,2025-06-30,427.35,BRANCH_SUPPORT
OV00001578,LN00007410,2026-01-31,234.81,BRANCH_SUPPORT
OV00001579,LN00007411,2026-02-28,605.44,BRANCH_SUPPORT
OV00001580,LN00007415,2026-06-30,874.24,BRANCH_SUPPORT
OV00001581,LN00007424,2025-03-31,124.74,BRANCH_SUPPORT
OV00001582,LN00007425,2025-04-30,954.15,BRANCH_SUPPORT
OV00001583,LN00007438,2026-05-31,507.52,BRANCH_SUPPORT
OV00001584,LN00007444,2024-11-30,642.96,BRANCH_SUPPORT
OV00001585,LN00007447,2025-02-28,187.44,BRANCH_SUPPORT
OV00001586,LN00007452,2025-07-31,161.70,BRANCH_SUPPORT
OV00001587,LN00007453,2025-08-31,446.58,BRANCH_SUPPORT
OV00001588,LN00007457,2025-12-31,748.72,BRANCH_SUPPORT
OV00001589,LN00007461,2026-04-30,235.13,BRANCH_SUPPORT
OV00001590,LN00007463,2026-06-30,272.30,BRANCH_SUPPORT
OV00001591,LN00007465,2024-08-31,882.00,BRANCH_SUPPORT
OV00001592,LN00007468,2024-11-30,728.40,BRANCH_SUPPORT
OV00001593,LN00007485,2026-04-30,593.18,BRANCH_SUPPORT
OV00001594,LN00007486,2026-05-31,671.20,BRANCH_SUPPORT
OV00001595,LN00007490,2024-09-30,494.32,BRANCH_SUPPORT
OV00001596,LN00007494,2025-01-31,240.68,BRANCH_SUPPORT
OV00001597,LN00007496,2025-03-31,313.46,BRANCH_SUPPORT
OV00001598,LN00007498,2025-05-31,400.48,BRANCH_SUPPORT
OV00001599,LN00007504,2025-11-30,641.81,BRANCH_SUPPORT
OV00001600,LN00007511,2026-06-30,522.27,BRANCH_SUPPORT
OV00001601,LN00007512,2026-07-31,224.76,BRANCH_SUPPORT
OV00001602,LN00007516,2024-11-30,844.05,BRANCH_SUPPORT
OV00001603,LN00007519,2025-02-28,728.88,BRANCH_SUPPORT
OV00001604,LN00007523,2025-06-30,208.46,BRANCH_SUPPORT
OV00001605,LN00007525,2025-08-31,900.06,BRANCH_SUPPORT
OV00001606,LN00007526,2025-09-30,113.36,BRANCH_SUPPORT
OV00001607,LN00007528,2025-11-30,303.75,BRANCH_SUPPORT
OV00001608,LN00007533,2026-04-30,371.07,BRANCH_SUPPORT
OV00001609,LN00007544,2025-03-31,372.96,BRANCH_SUPPORT
OV00001610,LN00007545,2025-04-30,629.92,BRANCH_SUPPORT
OV00001611,LN00007549,2025-08-31,642.50,BRANCH_SUPPORT
OV00001612,LN00007554,2026-01-31,185.00,BRANCH_SUPPORT
OV00001613,LN00007555,2026-02-28,641.70,BRANCH_SUPPORT
OV00001614,LN00007557,2026-04-30,336.12,BRANCH_SUPPORT
OV00001615,LN00007566,2025-01-31,727.92,BRANCH_SUPPORT
OV00001616,LN00007567,2025-02-28,106.40,BRANCH_SUPPORT
OV00001617,LN00007568,2025-03-31,253.44,BRANCH_SUPPORT
OV00001618,LN00007569,2025-04-30,428.58,BRANCH_SUPPORT
OV00001619,LN00007572,2025-07-31,357.50,BRANCH_SUPPORT
OV00001620,LN00007573,2025-08-31,149.49,BRANCH_SUPPORT
OV00001621,LN00007575,2025-10-31,421.38,BRANCH_SUPPORT
OV00001622,LN00007578,2026-01-31,424.50,BRANCH_SUPPORT
OV00001623,LN00007580,2026-03-31,270.00,BRANCH_SUPPORT
OV00001624,LN00007584,2026-07-31,243.43,BRANCH_SUPPORT
OV00001625,LN00007587,2024-10-31,216.23,BRANCH_SUPPORT
OV00001626,LN00007591,2025-02-28,700.83,BRANCH_SUPPORT
OV00001627,LN00007603,2026-02-28,326.75,BRANCH_SUPPORT
OV00001628,LN00007614,2025-01-31,249.60,BRANCH_SUPPORT
OV00001629,LN00007618,2025-05-31,679.41,BRANCH_SUPPORT
OV00001630,LN00007621,2025-08-31,255.36,BRANCH_SUPPORT
OV00001631,LN00007628,2026-03-31,175.65,BRANCH_SUPPORT
OV00001632,LN00007633,2024-08-31,490.41,BRANCH_SUPPORT
OV00001633,LN00007638,2025-01-31,570.46,BRANCH_SUPPORT
OV00001634,LN00007640,2025-03-31,612.09,BRANCH_SUPPORT
OV00001635,LN00007645,2025-08-31,828.08,BRANCH_SUPPORT
OV00001636,LN00007648,2025-11-30,496.71,BRANCH_SUPPORT
OV00001637,LN00007651,2026-02-28,485.73,BRANCH_SUPPORT
OV00001638,LN00007657,2024-08-31,286.64,BRANCH_SUPPORT
OV00001639,LN00007660,2024-11-30,477.12,BRANCH_SUPPORT
OV00001640,LN00007661,2024-12-31,519.12,BRANCH_SUPPORT
OV00001641,LN00007663,2025-02-28,126.35,BRANCH_SUPPORT
OV00001642,LN00007664,2025-03-31,215.64,BRANCH_SUPPORT
OV00001643,LN00007674,2026-01-31,552.64,BRANCH_SUPPORT
OV00001644,LN00007679,2026-06-30,711.48,BRANCH_SUPPORT
OV00001645,LN00007686,2025-01-31,177.15,BRANCH_SUPPORT
OV00001646,LN00007689,2025-04-30,742.60,BRANCH_SUPPORT
OV00001647,LN00007692,2025-07-31,583.57,BRANCH_SUPPORT
OV00001648,LN00007697,2025-12-31,437.64,BRANCH_SUPPORT
OV00001649,LN00007699,2026-02-28,603.57,BRANCH_SUPPORT
OV00001650,LN00007702,2026-05-31,463.08,BRANCH_SUPPORT
OV00001651,LN00007705,2024-08-31,343.70,BRANCH_SUPPORT
OV00001652,LN00007710,2025-01-31,235.70,BRANCH_SUPPORT
OV00001653,LN00007716,2025-07-31,636.96,BRANCH_SUPPORT
OV00001654,LN00007720,2025-11-30,318.72,BRANCH_SUPPORT
OV00001655,LN00007722,2026-01-31,682.22,BRANCH_SUPPORT
OV00001656,LN00007723,2026-02-28,144.60,BRANCH_SUPPORT
OV00001657,LN00007725,2026-04-30,188.80,BRANCH_SUPPORT
OV00001658,LN00007733,2024-12-31,875.36,BRANCH_SUPPORT
OV00001659,LN00007736,2025-03-31,399.90,BRANCH_SUPPORT
OV00001660,LN00007744,2025-11-30,678.84,BRANCH_SUPPORT
OV00001661,LN00007746,2026-01-31,880.46,BRANCH_SUPPORT
OV00001662,LN00007751,2026-06-30,598.64,BRANCH_SUPPORT
OV00001663,LN00007756,2024-11-30,119.49,BRANCH_SUPPORT
OV00001664,LN00007765,2025-08-31,334.00,BRANCH_SUPPORT
OV00001665,LN00007768,2025-11-30,235.74,BRANCH_SUPPORT
OV00001666,LN00007769,2025-12-31,90.80,BRANCH_SUPPORT
OV00001667,LN00007779,2024-10-31,318.00,BRANCH_SUPPORT
OV00001668,LN00007785,2025-04-30,764.80,BRANCH_SUPPORT
OV00001669,LN00007789,2025-08-31,390.00,BRANCH_SUPPORT
OV00001670,LN00007794,2026-01-31,528.33,BRANCH_SUPPORT
OV00001671,LN00007795,2026-02-28,327.04,BRANCH_SUPPORT
OV00001672,LN00007798,2026-05-31,315.44,BRANCH_SUPPORT
OV00001673,LN00007801,2024-08-31,326.40,BRANCH_SUPPORT
OV00001674,LN00007802,2024-09-30,680.32,BRANCH_SUPPORT
OV00001675,LN00007807,2025-02-28,496.40,BRANCH_SUPPORT
OV00001676,LN00007809,2025-04-30,589.68,BRANCH_SUPPORT
OV00001677,LN00007813,2025-08-31,284.70,BRANCH_SUPPORT
OV00001678,LN00007818,2026-01-31,91.56,BRANCH_SUPPORT
OV00001679,LN00007823,2026-06-30,681.20,BRANCH_SUPPORT
OV00001680,LN00007825,2024-08-31,914.76,BRANCH_SUPPORT
OV00001681,LN00007829,2024-12-31,156.70,BRANCH_SUPPORT
OV00001682,LN00007836,2025-07-31,150.84,BRANCH_SUPPORT
OV00001683,LN00007838,2025-09-30,786.90,BRANCH_SUPPORT
OV00001684,LN00007839,2025-10-31,399.60,BRANCH_SUPPORT
OV00001685,LN00007848,2026-07-31,387.24,BRANCH_SUPPORT
OV00001686,LN00007851,2024-10-31,272.80,BRANCH_SUPPORT
OV00001687,LN00007854,2025-01-31,529.20,BRANCH_SUPPORT
OV00001688,LN00007856,2025-03-31,212.60,BRANCH_SUPPORT
OV00001689,LN00007858,2025-05-31,259.71,BRANCH_SUPPORT
OV00001690,LN00007859,2025-06-30,761.74,BRANCH_SUPPORT
OV00001691,LN00007861,2025-08-31,281.26,BRANCH_SUPPORT
OV00001692,LN00007862,2025-09-30,706.44,BRANCH_SUPPORT
OV00001693,LN00007866,2026-01-31,207.36,BRANCH_SUPPORT
OV00001694,LN00007867,2026-02-28,925.44,BRANCH_SUPPORT
OV00001695,LN00007871,2026-06-30,220.95,BRANCH_SUPPORT
OV00001696,LN00007874,2024-09-30,1104.60,BRANCH_SUPPORT
OV00001697,LN00007875,2024-10-31,697.20,BRANCH_SUPPORT
OV00001698,LN00007882,2025-05-31,218.26,BRANCH_SUPPORT
OV00001699,LN00007892,2026-03-31,269.05,BRANCH_SUPPORT
OV00001700,LN00007898,2024-09-30,665.46,BRANCH_SUPPORT
OV00001701,LN00007899,2024-10-31,163.12,BRANCH_SUPPORT
OV00001702,LN00007905,2025-04-30,284.28,BRANCH_SUPPORT
OV00001703,LN00007906,2025-05-31,744.48,BRANCH_SUPPORT
OV00001704,LN00007916,2026-03-31,236.10,BRANCH_SUPPORT
OV00001705,LN00007921,2024-08-31,213.36,BRANCH_SUPPORT
OV00001706,LN00007926,2025-01-31,439.95,BRANCH_SUPPORT
OV00001707,LN00007929,2025-04-30,680.03,BRANCH_SUPPORT
OV00001708,LN00007933,2025-08-31,203.60,BRANCH_SUPPORT
OV00001709,LN00007934,2025-09-30,172.83,BRANCH_SUPPORT
OV00001710,LN00007951,2025-02-28,170.90,BRANCH_SUPPORT
OV00001711,LN00007954,2025-05-31,383.68,BRANCH_SUPPORT
OV00001712,LN00007957,2025-08-31,67.20,BRANCH_SUPPORT
OV00001713,LN00007959,2025-10-31,70.55,BRANCH_SUPPORT
OV00001714,LN00007961,2025-12-31,98.24,BRANCH_SUPPORT
OV00001715,LN00007971,2024-10-31,244.00,BRANCH_SUPPORT
OV00001716,LN00007976,2025-03-31,374.76,BRANCH_SUPPORT
OV00001717,LN00007984,2025-11-30,756.48,BRANCH_SUPPORT
OV00001718,LN00008001,2025-04-30,486.88,BRANCH_SUPPORT
OV00001719,LN00008009,2025-12-31,261.06,BRANCH_SUPPORT
OV00001720,LN00008021,2024-12-31,137.61,BRANCH_SUPPORT
OV00001721,LN00008030,2025-09-30,550.62,BRANCH_SUPPORT
OV00001722,LN00008031,2025-10-31,84.84,BRANCH_SUPPORT
OV00001723,LN00008032,2025-11-30,90.60,BRANCH_SUPPORT
OV00001724,LN00008033,2025-12-31,192.10,BRANCH_SUPPORT
OV00001725,LN00008038,2026-05-31,582.54,BRANCH_SUPPORT
OV00001726,LN00008043,2024-10-31,525.96,BRANCH_SUPPORT
OV00001727,LN00008045,2024-12-31,751.80,BRANCH_SUPPORT
OV00001728,LN00008049,2025-04-30,246.80,BRANCH_SUPPORT
OV00001729,LN00008059,2026-02-28,192.06,BRANCH_SUPPORT
OV00001730,LN00008067,2024-10-31,182.40,BRANCH_SUPPORT
OV00001731,LN00008068,2024-11-30,63.60,BRANCH_SUPPORT
OV00001732,LN00008075,2025-06-30,664.51,BRANCH_SUPPORT
OV00001733,LN00008077,2025-08-31,319.20,BRANCH_SUPPORT
OV00001734,LN00008082,2026-01-31,764.32,BRANCH_SUPPORT
OV00001735,LN00008084,2026-03-31,563.76,BRANCH_SUPPORT
OV00001736,LN00008092,2024-11-30,330.66,BRANCH_SUPPORT
OV00001737,LN00008097,2025-04-30,1051.20,BRANCH_SUPPORT
OV00001738,LN00008098,2025-05-31,170.59,BRANCH_SUPPORT
OV00001739,LN00008103,2025-10-31,667.35,BRANCH_SUPPORT
OV00001740,LN00008105,2025-12-31,446.31,BRANCH_SUPPORT
OV00001741,LN00008110,2026-05-31,856.80,BRANCH_SUPPORT
OV00001742,LN00008114,2024-09-30,485.84,BRANCH_SUPPORT
OV00001743,LN00008118,2025-01-31,290.97,BRANCH_SUPPORT
OV00001744,LN00008132,2026-03-31,351.84,BRANCH_SUPPORT
OV00001745,LN00008134,2026-05-31,448.40,BRANCH_SUPPORT
OV00001746,LN00008144,2025-03-31,352.72,BRANCH_SUPPORT
OV00001747,LN00008149,2025-08-31,499.07,BRANCH_SUPPORT
OV00001748,LN00008150,2025-09-30,445.06,BRANCH_SUPPORT
OV00001749,LN00008160,2026-07-31,373.44,BRANCH_SUPPORT
OV00001750,LN00008163,2024-10-31,565.37,BRANCH_SUPPORT
OV00001751,LN00008165,2024-12-31,622.82,BRANCH_SUPPORT
OV00001752,LN00008168,2025-03-31,459.90,BRANCH_SUPPORT
OV00001753,LN00008170,2025-05-31,456.94,BRANCH_SUPPORT
OV00001754,LN00008171,2025-06-30,1273.12,BRANCH_SUPPORT
OV00001755,LN00008172,2025-07-31,315.48,BRANCH_SUPPORT
OV00001756,LN00008176,2025-11-30,526.11,BRANCH_SUPPORT
OV00001757,LN00008180,2026-03-31,175.30,BRANCH_SUPPORT
OV00001758,LN00008181,2026-04-30,821.55,BRANCH_SUPPORT
OV00001759,LN00008184,2026-07-31,514.35,BRANCH_SUPPORT
OV00001760,LN00008185,2024-08-31,117.84,BRANCH_SUPPORT
OV00001761,LN00008188,2024-11-30,429.48,BRANCH_SUPPORT
OV00001762,LN00008189,2024-12-31,468.45,BRANCH_SUPPORT
OV00001763,LN00008200,2025-11-30,272.79,BRANCH_SUPPORT
OV00001764,LN00008201,2025-12-31,66.30,BRANCH_SUPPORT
OV00001765,LN00008214,2025-01-31,189.30,BRANCH_SUPPORT
OV00001766,LN00008216,2025-03-31,148.61,BRANCH_SUPPORT
OV00001767,LN00008221,2025-08-31,129.78,BRANCH_SUPPORT
OV00001768,LN00008222,2025-09-30,337.68,BRANCH_SUPPORT
OV00001769,LN00008227,2026-02-28,1009.80,BRANCH_SUPPORT
OV00001770,LN00008229,2026-04-30,256.65,BRANCH_SUPPORT
OV00001771,LN00008234,2024-09-30,306.54,BRANCH_SUPPORT
OV00001772,LN00008238,2025-01-31,791.60,BRANCH_SUPPORT
OV00001773,LN00008243,2025-06-30,268.95,BRANCH_SUPPORT
OV00001774,LN00008252,2026-03-31,300.69,BRANCH_SUPPORT
OV00001775,LN00008253,2026-04-30,1007.63,BRANCH_SUPPORT
OV00001776,LN00008256,2026-07-31,289.85,BRANCH_SUPPORT
OV00001777,LN00008262,2025-01-31,805.92,BRANCH_SUPPORT
OV00001778,LN00008263,2025-02-28,189.67,BRANCH_SUPPORT
OV00001779,LN00008267,2025-06-30,376.64,BRANCH_SUPPORT
OV00001780,LN00008280,2026-07-31,592.74,BRANCH_SUPPORT
OV00001781,LN00008281,2024-08-31,247.60,BRANCH_SUPPORT
OV00001782,LN00008283,2024-10-31,252.80,BRANCH_SUPPORT
OV00001783,LN00008285,2024-12-31,215.45,BRANCH_SUPPORT
OV00001784,LN00008291,2025-06-30,796.32,BRANCH_SUPPORT
OV00001785,LN00008292,2025-07-31,194.80,BRANCH_SUPPORT
OV00001786,LN00008302,2026-05-31,375.72,BRANCH_SUPPORT
OV00001787,LN00008303,2026-06-30,784.80,BRANCH_SUPPORT
OV00001788,LN00008305,2024-08-31,420.12,BRANCH_SUPPORT
OV00001789,LN00008308,2024-11-30,228.60,BRANCH_SUPPORT
OV00001790,LN00008311,2025-02-28,532.56,BRANCH_SUPPORT
OV00001791,LN00008340,2025-07-31,126.81,BRANCH_SUPPORT
OV00001792,LN00008350,2026-05-31,368.48,BRANCH_SUPPORT
OV00001793,LN00008355,2024-10-31,314.64,BRANCH_SUPPORT
OV00001794,LN00008357,2024-12-31,155.10,BRANCH_SUPPORT
OV00001795,LN00008361,2025-04-30,196.02,BRANCH_SUPPORT
OV00001796,LN00008370,2026-01-31,976.82,BRANCH_SUPPORT
OV00001797,LN00008373,2026-04-30,279.36,BRANCH_SUPPORT
OV00001798,LN00008375,2026-06-30,479.40,BRANCH_SUPPORT
OV00001799,LN00008391,2025-10-31,1113.28,BRANCH_SUPPORT
OV00001800,LN00008395,2026-02-28,970.62,BRANCH_SUPPORT
OV00001801,LN00008396,2026-03-31,104.64,BRANCH_SUPPORT
OV00001802,LN00008397,2026-04-30,291.72,BRANCH_SUPPORT
OV00001803,LN00008400,2026-07-31,372.26,BRANCH_SUPPORT
OV00001804,LN00008409,2025-04-30,465.66,BRANCH_SUPPORT
OV00001805,LN00008411,2025-06-30,444.60,BRANCH_SUPPORT
OV00001806,LN00008412,2025-07-31,461.16,BRANCH_SUPPORT
OV00001807,LN00008415,2025-10-31,727.72,BRANCH_SUPPORT
OV00001808,LN00008419,2026-02-28,123.90,BRANCH_SUPPORT
OV00001809,LN00008423,2026-06-30,727.86,BRANCH_SUPPORT
OV00001810,LN00008435,2025-06-30,527.49,BRANCH_SUPPORT
OV00001811,LN00008436,2025-07-31,90.09,BRANCH_SUPPORT
OV00001812,LN00008439,2025-10-31,161.37,BRANCH_SUPPORT
OV00001813,LN00008441,2025-12-31,272.96,BRANCH_SUPPORT
OV00001814,LN00008444,2026-03-31,306.45,BRANCH_SUPPORT
OV00001815,LN00008445,2026-04-30,214.72,BRANCH_SUPPORT
OV00001816,LN00008449,2024-08-31,284.13,BRANCH_SUPPORT
OV00001817,LN00008452,2024-11-30,313.17,BRANCH_SUPPORT
OV00001818,LN00008453,2024-12-31,499.10,BRANCH_SUPPORT
OV00001819,LN00008455,2025-02-28,843.70,BRANCH_SUPPORT
OV00001820,LN00008459,2025-06-30,725.92,BRANCH_SUPPORT
OV00001821,LN00008465,2025-12-31,224.95,BRANCH_SUPPORT
OV00001822,LN00008470,2026-05-31,527.49,BRANCH_SUPPORT
OV00001823,LN00008473,2024-08-31,130.80,BRANCH_SUPPORT
OV00001824,LN00008474,2024-09-30,271.11,BRANCH_SUPPORT
OV00001825,LN00008475,2024-10-31,711.54,BRANCH_SUPPORT
OV00001826,LN00008476,2024-11-30,451.40,BRANCH_SUPPORT
OV00001827,LN00008481,2025-04-30,674.66,BRANCH_SUPPORT
OV00001828,LN00008487,2025-10-31,213.45,BRANCH_SUPPORT
OV00001829,LN00008489,2025-12-31,345.55,BRANCH_SUPPORT
OV00001830,LN00008496,2026-07-31,116.55,BRANCH_SUPPORT
OV00001831,LN00008500,2024-11-30,671.44,BRANCH_SUPPORT
OV00001832,LN00008507,2025-06-30,1038.56,BRANCH_SUPPORT
OV00001833,LN00008509,2025-08-31,245.35,BRANCH_SUPPORT
OV00001834,LN00008510,2025-09-30,324.70,BRANCH_SUPPORT
OV00001835,LN00008511,2025-10-31,258.39,BRANCH_SUPPORT
OV00001836,LN00008512,2025-11-30,452.82,BRANCH_SUPPORT
OV00001837,LN00008514,2026-01-31,699.57,BRANCH_SUPPORT
OV00001838,LN00008516,2026-03-31,380.50,BRANCH_SUPPORT
OV00001839,LN00008521,2024-08-31,379.68,BRANCH_SUPPORT
OV00001840,LN00008532,2025-07-31,482.24,BRANCH_SUPPORT
OV00001841,LN00008541,2026-04-30,557.70,BRANCH_SUPPORT
OV00001842,LN00008543,2026-06-30,1109.92,BRANCH_SUPPORT
OV00001843,LN00008556,2025-07-31,920.14,BRANCH_SUPPORT
OV00001844,LN00008561,2025-12-31,771.21,BRANCH_SUPPORT
OV00001845,LN00008568,2026-07-31,521.78,BRANCH_SUPPORT
OV00001846,LN00008571,2024-10-31,419.98,BRANCH_SUPPORT
OV00001847,LN00008577,2025-04-30,471.69,BRANCH_SUPPORT
OV00001848,LN00008579,2025-06-30,753.09,BRANCH_SUPPORT
OV00001849,LN00008581,2025-08-31,647.01,BRANCH_SUPPORT
OV00001850,LN00008586,2026-01-31,761.12,BRANCH_SUPPORT
OV00001851,LN00008590,2026-05-31,347.20,BRANCH_SUPPORT
OV00001852,LN00008599,2025-02-28,718.44,BRANCH_SUPPORT
OV00001853,LN00008601,2025-04-30,288.80,BRANCH_SUPPORT
OV00001854,LN00008609,2025-12-31,588.14,BRANCH_SUPPORT
OV00001855,LN00008611,2026-02-28,240.66,BRANCH_SUPPORT
OV00001856,LN00008630,2025-09-30,375.80,BRANCH_SUPPORT
OV00001857,LN00008632,2025-11-30,423.36,BRANCH_SUPPORT
OV00001858,LN00008633,2025-12-31,190.56,BRANCH_SUPPORT
OV00001859,LN00008636,2026-03-31,332.29,BRANCH_SUPPORT
OV00001860,LN00008641,2024-08-31,513.76,BRANCH_SUPPORT
OV00001861,LN00008646,2025-01-31,155.36,BRANCH_SUPPORT
OV00001862,LN00008653,2025-08-31,165.84,BRANCH_SUPPORT
OV00001863,LN00008667,2024-10-31,457.68,BRANCH_SUPPORT
OV00001864,LN00008670,2025-01-31,525.59,BRANCH_SUPPORT
OV00001865,LN00008671,2025-02-28,130.32,BRANCH_SUPPORT
OV00001866,LN00008673,2025-04-30,111.25,BRANCH_SUPPORT
OV00001867,LN00008677,2025-08-31,787.44,BRANCH_SUPPORT
OV00001868,LN00008678,2025-09-30,904.54,BRANCH_SUPPORT
OV00001869,LN00008682,2026-01-31,459.27,BRANCH_SUPPORT
OV00001870,LN00008683,2026-02-28,320.74,BRANCH_SUPPORT
OV00001871,LN00008684,2026-03-31,523.62,BRANCH_SUPPORT
OV00001872,LN00008687,2026-06-30,785.10,BRANCH_SUPPORT
OV00001873,LN00008693,2024-12-31,433.16,BRANCH_SUPPORT
OV00001874,LN00008698,2025-05-31,141.44,BRANCH_SUPPORT
OV00001875,LN00008705,2025-12-31,76.60,BRANCH_SUPPORT
OV00001876,LN00008706,2026-01-31,255.00,BRANCH_SUPPORT
OV00001877,LN00008713,2024-08-31,392.86,BRANCH_SUPPORT
OV00001878,LN00008714,2024-09-30,141.75,BRANCH_SUPPORT
OV00001879,LN00008716,2024-11-30,302.19,BRANCH_SUPPORT
OV00001880,LN00008718,2025-01-31,178.22,BRANCH_SUPPORT
OV00001881,LN00008727,2025-10-31,234.74,BRANCH_SUPPORT
OV00001882,LN00008735,2026-06-30,1144.48,BRANCH_SUPPORT
OV00001883,LN00008737,2024-08-31,880.36,BRANCH_SUPPORT
OV00001884,LN00008739,2024-10-31,241.92,BRANCH_SUPPORT
OV00001885,LN00008740,2024-11-30,359.94,BRANCH_SUPPORT
OV00001886,LN00008742,2025-01-31,1028.04,BRANCH_SUPPORT
OV00001887,LN00008744,2025-03-31,370.05,BRANCH_SUPPORT
OV00001888,LN00008760,2026-07-31,628.16,BRANCH_SUPPORT
OV00001889,LN00008762,2024-09-30,309.32,BRANCH_SUPPORT
OV00001890,LN00008765,2024-12-31,500.50,BRANCH_SUPPORT
OV00001891,LN00008767,2025-02-28,269.52,BRANCH_SUPPORT
OV00001892,LN00008770,2025-05-31,162.96,BRANCH_SUPPORT
OV00001893,LN00008771,2025-06-30,907.40,BRANCH_SUPPORT
OV00001894,LN00008772,2025-07-31,387.36,BRANCH_SUPPORT
OV00001895,LN00008784,2026-07-31,906.75,BRANCH_SUPPORT
OV00001896,LN00008785,2024-08-31,466.20,BRANCH_SUPPORT
OV00001897,LN00008787,2024-10-31,357.05,BRANCH_SUPPORT
OV00001898,LN00008791,2025-02-28,631.20,BRANCH_SUPPORT
OV00001899,LN00008792,2025-03-31,561.28,BRANCH_SUPPORT
OV00001900,LN00008794,2025-05-31,611.28,BRANCH_SUPPORT
OV00001901,LN00008795,2025-06-30,131.10,BRANCH_SUPPORT
OV00001902,LN00008802,2026-01-31,337.05,BRANCH_SUPPORT
OV00001903,LN00008812,2024-11-30,334.08,BRANCH_SUPPORT
OV00001904,LN00008821,2025-08-31,306.60,BRANCH_SUPPORT
OV00001905,LN00008823,2025-10-31,258.90,BRANCH_SUPPORT
OV00001906,LN00008827,2026-02-28,223.00,BRANCH_SUPPORT
OV00001907,LN00008837,2024-12-31,507.60,BRANCH_SUPPORT
OV00001908,LN00008841,2025-04-30,840.48,BRANCH_SUPPORT
OV00001909,LN00008855,2026-06-30,730.90,BRANCH_SUPPORT
OV00001910,LN00008869,2025-08-31,526.80,BRANCH_SUPPORT
OV00001911,LN00008871,2025-10-31,140.40,BRANCH_SUPPORT
OV00001912,LN00008876,2026-03-31,322.70,BRANCH_SUPPORT
OV00001913,LN00008877,2026-04-30,860.16,BRANCH_SUPPORT
OV00001914,LN00008878,2026-05-31,1123.52,BRANCH_SUPPORT
OV00001915,LN00008880,2026-07-31,588.24,BRANCH_SUPPORT
OV00001916,LN00008892,2025-07-31,451.50,BRANCH_SUPPORT
OV00001917,LN00008898,2026-01-31,849.42,BRANCH_SUPPORT
OV00001918,LN00008903,2026-06-30,272.24,BRANCH_SUPPORT
OV00001919,LN00008906,2024-09-30,144.20,BRANCH_SUPPORT
OV00001920,LN00008907,2024-10-31,236.88,BRANCH_SUPPORT
OV00001921,LN00008910,2025-01-31,140.25,BRANCH_SUPPORT
OV00001922,LN00008919,2025-10-31,414.48,BRANCH_SUPPORT
OV00001923,LN00008924,2026-03-31,683.68,BRANCH_SUPPORT
OV00001924,LN00008928,2026-07-31,1013.46,BRANCH_SUPPORT
OV00001925,LN00008931,2024-10-31,559.02,BRANCH_SUPPORT
OV00001926,LN00008942,2025-09-30,368.40,BRANCH_SUPPORT
OV00001927,LN00008943,2025-10-31,104.88,BRANCH_SUPPORT
OV00001928,LN00008952,2026-07-31,439.84,BRANCH_SUPPORT
OV00001929,LN00008953,2024-08-31,254.32,BRANCH_SUPPORT
OV00001930,LN00008958,2025-01-31,541.86,BRANCH_SUPPORT
OV00001931,LN00008959,2025-02-28,208.20,BRANCH_SUPPORT
OV00001932,LN00008961,2025-04-30,320.32,BRANCH_SUPPORT
OV00001933,LN00008964,2025-07-31,460.88,BRANCH_SUPPORT
OV00001934,LN00008966,2025-09-30,149.04,BRANCH_SUPPORT
OV00001935,LN00008970,2026-01-31,541.00,BRANCH_SUPPORT
OV00001936,LN00008971,2026-02-28,1048.60,BRANCH_SUPPORT
OV00001937,LN00008976,2026-07-31,317.64,BRANCH_SUPPORT
OV00001938,LN00008979,2024-10-31,784.00,BRANCH_SUPPORT
OV00001939,LN00008980,2024-11-30,141.79,BRANCH_SUPPORT
OV00001940,LN00008983,2025-02-28,1148.16,BRANCH_SUPPORT
OV00001941,LN00008987,2025-06-30,1062.88,BRANCH_SUPPORT
OV00001942,LN00008993,2025-12-31,233.46,BRANCH_SUPPORT
OV00001943,LN00008997,2026-04-30,424.80,BRANCH_SUPPORT
OV00001944,LN00008998,2026-05-31,206.90,BRANCH_SUPPORT
OV00001945,LN00008999,2026-06-30,139.50,BRANCH_SUPPORT
OV00001946,LN00009001,2024-08-31,381.06,BRANCH_SUPPORT
OV00001947,LN00009003,2024-10-31,313.02,BRANCH_SUPPORT
OV00001948,LN00009012,2025-07-31,729.26,BRANCH_SUPPORT
OV00001949,LN00009016,2025-11-30,637.80,BRANCH_SUPPORT
OV00001950,LN00009023,2026-06-30,356.85,BRANCH_SUPPORT
OV00001951,LN00009025,2024-08-31,342.06,BRANCH_SUPPORT
OV00001952,LN00009026,2024-09-30,248.27,BRANCH_SUPPORT
OV00001953,LN00009043,2026-02-28,829.66,BRANCH_SUPPORT
OV00001954,LN00009047,2026-06-30,487.62,BRANCH_SUPPORT
OV00001955,LN00009049,2024-08-31,231.57,BRANCH_SUPPORT
OV00001956,LN00009054,2025-01-31,554.82,BRANCH_SUPPORT
OV00001957,LN00009057,2025-04-30,363.86,BRANCH_SUPPORT
OV00001958,LN00009063,2025-10-31,602.52,BRANCH_SUPPORT
OV00001959,LN00009067,2026-02-28,286.44,BRANCH_SUPPORT
OV00001960,LN00009073,2024-08-31,397.05,BRANCH_SUPPORT
OV00001961,LN00009078,2025-01-31,382.32,BRANCH_SUPPORT
OV00001962,LN00009080,2025-03-31,424.26,BRANCH_SUPPORT
OV00001963,LN00009082,2025-05-31,628.32,BRANCH_SUPPORT
OV00001964,LN00009083,2025-06-30,1016.00,BRANCH_SUPPORT
OV00001965,LN00009093,2026-04-30,1007.10,BRANCH_SUPPORT
OV00001966,LN00009096,2026-07-31,417.52,BRANCH_SUPPORT
OV00001967,LN00009101,2024-12-31,326.00,BRANCH_SUPPORT
OV00001968,LN00009103,2025-02-28,680.35,BRANCH_SUPPORT
OV00001969,LN00009104,2025-03-31,184.80,BRANCH_SUPPORT
OV00001970,LN00009109,2025-08-31,587.99,BRANCH_SUPPORT
OV00001971,LN00009116,2026-03-31,362.40,BRANCH_SUPPORT
OV00001972,LN00009120,2026-07-31,454.05,BRANCH_SUPPORT
OV00001973,LN00009122,2024-09-30,777.40,BRANCH_SUPPORT
OV00001974,LN00009126,2025-01-31,853.80,BRANCH_SUPPORT
OV00001975,LN00009131,2025-06-30,110.88,BRANCH_SUPPORT
OV00001976,LN00009132,2025-07-31,1229.92,BRANCH_SUPPORT
OV00001977,LN00009136,2025-11-30,344.26,BRANCH_SUPPORT
OV00001978,LN00009137,2025-12-31,192.32,BRANCH_SUPPORT
OV00001979,LN00009149,2024-12-31,154.26,BRANCH_SUPPORT
OV00001980,LN00009150,2025-01-31,215.85,BRANCH_SUPPORT
OV00001981,LN00009154,2025-05-31,744.48,BRANCH_SUPPORT
OV00001982,LN00009156,2025-07-31,82.70,BRANCH_SUPPORT
OV00001983,LN00009160,2025-11-30,723.90,BRANCH_SUPPORT
OV00001984,LN00009164,2026-03-31,688.80,BRANCH_SUPPORT
OV00001985,LN00009173,2024-12-31,952.92,BRANCH_SUPPORT
OV00001986,LN00009179,2025-06-30,238.60,BRANCH_SUPPORT
OV00001987,LN00009183,2025-10-31,129.15,BRANCH_SUPPORT
OV00001988,LN00009186,2026-01-31,628.29,BRANCH_SUPPORT
OV00001989,LN00009188,2026-03-31,360.08,BRANCH_SUPPORT
OV00001990,LN00009192,2026-07-31,478.79,BRANCH_SUPPORT
OV00001991,LN00009195,2024-10-31,465.60,BRANCH_SUPPORT
OV00001992,LN00009197,2024-12-31,710.72,BRANCH_SUPPORT
OV00001993,LN00009200,2025-03-31,499.90,BRANCH_SUPPORT
OV00001994,LN00009201,2025-04-30,602.60,BRANCH_SUPPORT
OV00001995,LN00009202,2025-05-31,222.00,BRANCH_SUPPORT
OV00001996,LN00009205,2025-08-31,1268.16,BRANCH_SUPPORT
OV00001997,LN00009215,2026-06-30,760.80,BRANCH_SUPPORT
OV00001998,LN00009216,2026-07-31,369.76,BRANCH_SUPPORT
OV00001999,LN00009220,2024-11-30,817.08,BRANCH_SUPPORT
OV00002000,LN00009221,2024-12-31,634.20,BRANCH_SUPPORT
OV00002001,LN00009228,2025-07-31,400.62,BRANCH_SUPPORT
OV00002002,LN00009234,2026-01-31,317.55,BRANCH_SUPPORT
OV00002003,LN00009244,2024-11-30,595.95,BRANCH_SUPPORT
OV00002004,LN00009251,2025-06-30,130.23,BRANCH_SUPPORT
OV00002005,LN00009255,2025-10-31,488.16,BRANCH_SUPPORT
OV00002006,LN00009256,2025-11-30,571.41,BRANCH_SUPPORT
OV00002007,LN00009257,2025-12-31,282.10,BRANCH_SUPPORT
OV00002008,LN00009276,2025-07-31,644.49,BRANCH_SUPPORT
OV00002009,LN00009289,2024-08-31,408.90,BRANCH_SUPPORT
OV00002010,LN00009291,2024-10-31,413.34,BRANCH_SUPPORT
OV00002011,LN00009296,2025-03-31,826.80,BRANCH_SUPPORT
OV00002012,LN00009297,2025-04-30,932.80,BRANCH_SUPPORT
OV00002013,LN00009298,2025-05-31,402.08,BRANCH_SUPPORT
OV00002014,LN00009300,2025-07-31,266.85,BRANCH_SUPPORT
OV00002015,LN00009301,2025-08-31,415.66,BRANCH_SUPPORT
OV00002016,LN00009303,2025-10-31,695.76,BRANCH_SUPPORT
OV00002017,LN00009304,2025-11-30,858.26,BRANCH_SUPPORT
OV00002018,LN00009305,2025-12-31,1231.84,BRANCH_SUPPORT
OV00002019,LN00009308,2026-03-31,179.85,BRANCH_SUPPORT
OV00002020,LN00009309,2026-04-30,693.76,BRANCH_SUPPORT
OV00002021,LN00009322,2025-05-31,417.44,BRANCH_SUPPORT
OV00002022,LN00009329,2025-12-31,166.56,BRANCH_SUPPORT
OV00002023,LN00009334,2026-05-31,657.10,BRANCH_SUPPORT
OV00002024,LN00009336,2026-07-31,539.00,BRANCH_SUPPORT
OV00002025,LN00009340,2024-11-30,198.94,BRANCH_SUPPORT
OV00002026,LN00009342,2025-01-31,141.60,BRANCH_SUPPORT
OV00002027,LN00009351,2025-10-31,423.39,BRANCH_SUPPORT
OV00002028,LN00009353,2025-12-31,434.85,BRANCH_SUPPORT
OV00002029,LN00009358,2026-05-31,367.08,BRANCH_SUPPORT
OV00002030,LN00009360,2026-07-31,714.56,BRANCH_SUPPORT
OV00002031,LN00009361,2024-08-31,275.10,BRANCH_SUPPORT
OV00002032,LN00009364,2024-11-30,579.92,BRANCH_SUPPORT
OV00002033,LN00009370,2025-05-31,202.86,BRANCH_SUPPORT
OV00002034,LN00009375,2025-10-31,761.46,BRANCH_SUPPORT
OV00002035,LN00009376,2025-11-30,399.78,BRANCH_SUPPORT
OV00002036,LN00009377,2025-12-31,233.40,BRANCH_SUPPORT
OV00002037,LN00009379,2026-02-28,746.40,BRANCH_SUPPORT
OV00002038,LN00009385,2024-08-31,937.80,BRANCH_SUPPORT
OV00002039,LN00009392,2025-03-31,284.24,BRANCH_SUPPORT
OV00002040,LN00009401,2025-12-31,857.76,BRANCH_SUPPORT
OV00002041,LN00009416,2025-03-31,417.97,BRANCH_SUPPORT
OV00002042,LN00009420,2025-07-31,383.65,BRANCH_SUPPORT
OV00002043,LN00009422,2025-09-30,362.16,BRANCH_SUPPORT
OV00002044,LN00009423,2025-10-31,363.12,BRANCH_SUPPORT
OV00002045,LN00009426,2026-01-31,98.45,BRANCH_SUPPORT
OV00002046,LN00009427,2026-02-28,314.37,BRANCH_SUPPORT
OV00002047,LN00009442,2025-05-31,706.75,BRANCH_SUPPORT
OV00002048,LN00009448,2025-11-30,616.10,BRANCH_SUPPORT
OV00002049,LN00009449,2025-12-31,766.30,BRANCH_SUPPORT
OV00002050,LN00009464,2025-03-31,784.10,BRANCH_SUPPORT
OV00002051,LN00009473,2025-12-31,919.80,BRANCH_SUPPORT
OV00002052,LN00009476,2026-03-31,306.12,BRANCH_SUPPORT
OV00002053,LN00009477,2026-04-30,159.80,BRANCH_SUPPORT
OV00002054,LN00009481,2024-08-31,332.94,BRANCH_SUPPORT
OV00002055,LN00009482,2024-09-30,373.44,BRANCH_SUPPORT
OV00002056,LN00009496,2025-11-30,389.90,BRANCH_SUPPORT
OV00002057,LN00009503,2026-06-30,293.52,BRANCH_SUPPORT
OV00002058,LN00009504,2026-07-31,166.32,BRANCH_SUPPORT
OV00002059,LN00009509,2024-12-31,470.64,BRANCH_SUPPORT
OV00002060,LN00009513,2025-04-30,1214.56,BRANCH_SUPPORT
OV00002061,LN00009517,2025-08-31,224.95,BRANCH_SUPPORT
OV00002062,LN00009518,2025-09-30,922.09,BRANCH_SUPPORT
OV00002063,LN00009523,2026-02-28,242.00,BRANCH_SUPPORT
OV00002064,LN00009531,2024-10-31,943.80,BRANCH_SUPPORT
OV00002065,LN00009544,2025-11-30,511.84,BRANCH_SUPPORT
OV00002066,LN00009552,2026-07-31,87.71,BRANCH_SUPPORT
OV00002067,LN00009569,2025-12-31,85.54,BRANCH_SUPPORT
OV00002068,LN00009579,2024-10-31,908.85,BRANCH_SUPPORT
OV00002069,LN00009581,2024-12-31,720.90,BRANCH_SUPPORT
OV00002070,LN00009585,2025-04-30,165.90,BRANCH_SUPPORT
OV00002071,LN00009591,2025-10-31,397.80,BRANCH_SUPPORT
OV00002072,LN00009592,2025-11-30,176.61,BRANCH_SUPPORT
OV00002073,LN00009600,2026-07-31,429.36,BRANCH_SUPPORT
OV00002074,LN00009613,2025-08-31,186.27,BRANCH_SUPPORT
OV00002075,LN00009621,2026-04-30,775.10,BRANCH_SUPPORT
OV00002076,LN00009623,2026-06-30,771.20,BRANCH_SUPPORT
OV00002077,LN00009630,2025-01-31,137.35,BRANCH_SUPPORT
OV00002078,LN00009639,2025-10-31,132.22,BRANCH_SUPPORT
OV00002079,LN00009658,2025-05-31,703.23,BRANCH_SUPPORT
OV00002080,LN00009665,2025-12-31,288.90,BRANCH_SUPPORT
OV00002081,LN00009670,2026-05-31,1244.16,BRANCH_SUPPORT
OV00002082,LN00009671,2026-06-30,489.24,BRANCH_SUPPORT
OV00002083,LN00009672,2026-07-31,120.96,BRANCH_SUPPORT
OV00002084,LN00009674,2024-09-30,470.00,BRANCH_SUPPORT
OV00002085,LN00009678,2025-01-31,577.28,BRANCH_SUPPORT
OV00002086,LN00009682,2025-05-31,942.90,BRANCH_SUPPORT
OV00002087,LN00009684,2025-07-31,230.88,BRANCH_SUPPORT
OV00002088,LN00009685,2025-08-31,537.60,BRANCH_SUPPORT
OV00002089,LN00009691,2026-02-28,168.84,BRANCH_SUPPORT
OV00002090,LN00009694,2026-05-31,412.30,BRANCH_SUPPORT
OV00002091,LN00009698,2024-09-30,984.64,BRANCH_SUPPORT
OV00002092,LN00009699,2024-10-31,675.75,BRANCH_SUPPORT
OV00002093,LN00009701,2024-12-31,766.35,BRANCH_SUPPORT
OV00002094,LN00009702,2025-01-31,499.50,BRANCH_SUPPORT
OV00002095,LN00009707,2025-06-30,441.30,BRANCH_SUPPORT
OV00002096,LN00009709,2025-08-31,805.35,BRANCH_SUPPORT
OV00002097,LN00009715,2026-02-28,256.32,BRANCH_SUPPORT
OV00002098,LN00009727,2025-02-28,329.67,BRANCH_SUPPORT
OV00002099,LN00009728,2025-03-31,651.40,BRANCH_SUPPORT
OV00002100,LN00009737,2025-12-31,501.96,BRANCH_SUPPORT
OV00002101,LN00009748,2024-11-30,552.88,BRANCH_SUPPORT
OV00002102,LN00009749,2024-12-31,882.48,BRANCH_SUPPORT
OV00002103,LN00009751,2025-02-28,684.90,BRANCH_SUPPORT
OV00002104,LN00009755,2025-06-30,276.00,BRANCH_SUPPORT
OV00002105,LN00009757,2025-08-31,330.85,BRANCH_SUPPORT
OV00002106,LN00009758,2025-09-30,891.36,BRANCH_SUPPORT
OV00002107,LN00009759,2025-10-31,496.40,BRANCH_SUPPORT
OV00002108,LN00009761,2025-12-31,377.36,BRANCH_SUPPORT
OV00002109,LN00009775,2025-02-28,654.48,BRANCH_SUPPORT
OV00002110,LN00009784,2025-11-30,983.64,BRANCH_SUPPORT
OV00002111,LN00009794,2024-09-30,708.30,BRANCH_SUPPORT
OV00002112,LN00009799,2025-02-28,221.78,BRANCH_SUPPORT
OV00002113,LN00009805,2025-08-31,422.76,BRANCH_SUPPORT
OV00002114,LN00009807,2025-10-31,1151.10,BRANCH_SUPPORT
OV00002115,LN00009810,2026-01-31,448.10,BRANCH_SUPPORT
OV00002116,LN00009811,2026-02-28,193.04,BRANCH_SUPPORT
OV00002117,LN00009816,2026-07-31,263.76,BRANCH_SUPPORT
OV00002118,LN00009817,2024-08-31,728.80,BRANCH_SUPPORT
OV00002119,LN00009820,2024-11-30,958.49,BRANCH_SUPPORT
OV00002120,LN00009822,2025-01-31,317.60,BRANCH_SUPPORT
OV00002121,LN00009826,2025-05-31,724.68,BRANCH_SUPPORT
OV00002122,LN00009830,2025-09-30,520.08,BRANCH_SUPPORT
OV00002123,LN00009843,2024-10-31,242.41,BRANCH_SUPPORT
OV00002124,LN00009847,2025-02-28,148.00,BRANCH_SUPPORT
OV00002125,LN00009851,2025-06-30,200.55,BRANCH_SUPPORT
OV00002126,LN00009852,2025-07-31,278.08,BRANCH_SUPPORT
OV00002127,LN00009856,2025-11-30,852.67,BRANCH_SUPPORT
OV00002128,LN00009864,2026-07-31,781.50,BRANCH_SUPPORT
OV00002129,LN00009865,2024-08-31,238.04,BRANCH_SUPPORT
OV00002130,LN00009868,2024-11-30,623.60,BRANCH_SUPPORT
OV00002131,LN00009877,2025-08-31,248.05,BRANCH_SUPPORT
OV00002132,LN00009887,2026-06-30,304.80,BRANCH_SUPPORT
OV00002133,LN00009888,2026-07-31,634.23,BRANCH_SUPPORT
OV00002134,LN00009892,2024-11-30,648.80,BRANCH_SUPPORT
OV00002135,LN00009898,2025-05-31,165.50,BRANCH_SUPPORT
OV00002136,LN00009904,2025-11-30,312.30,BRANCH_SUPPORT
OV00002137,LN00009905,2025-12-31,172.08,BRANCH_SUPPORT
OV00002138,LN00009906,2026-01-31,121.80,BRANCH_SUPPORT
OV00002139,LN00009914,2024-09-30,477.60,BRANCH_SUPPORT
OV00002140,LN00009916,2024-11-30,708.29,BRANCH_SUPPORT
OV00002141,LN00009918,2025-01-31,598.95,BRANCH_SUPPORT
OV00002142,LN00009922,2025-05-31,486.63,BRANCH_SUPPORT
OV00002143,LN00009923,2025-06-30,862.18,BRANCH_SUPPORT
OV00002144,LN00009936,2026-07-31,845.10,BRANCH_SUPPORT
OV00002145,LN00009937,2024-08-31,226.66,BRANCH_SUPPORT
OV00002146,LN00009941,2024-12-31,315.00,BRANCH_SUPPORT
OV00002147,LN00009943,2025-02-28,459.20,BRANCH_SUPPORT
OV00002148,LN00009950,2025-09-30,596.96,BRANCH_SUPPORT
OV00002149,LN00009952,2025-11-30,946.44,BRANCH_SUPPORT
OV00002150,LN00009953,2025-12-31,165.20,BRANCH_SUPPORT
OV00002151,LN00009954,2026-01-31,250.20,BRANCH_SUPPORT
OV00002152,LN00009958,2026-05-31,61.75,BRANCH_SUPPORT
OV00002153,LN00009960,2026-07-31,924.69,BRANCH_SUPPORT
OV00002154,LN00009961,2024-08-31,338.00,BRANCH_SUPPORT
OV00002155,LN00009962,2024-09-30,710.50,BRANCH_SUPPORT
OV00002156,LN00009967,2025-02-28,696.84,BRANCH_SUPPORT
OV00002157,LN00009970,2025-05-31,200.64,BRANCH_SUPPORT
OV00002158,LN00009971,2025-06-30,225.00,BRANCH_SUPPORT
OV00002159,LN00009973,2025-08-31,410.58,BRANCH_SUPPORT
OV00002160,LN00009976,2025-11-30,349.09,BRANCH_SUPPORT
OV00002161,LN00009979,2026-02-28,1085.85,BRANCH_SUPPORT
OV00002162,LN00009980,2026-03-31,639.40,BRANCH_SUPPORT
OV00002163,LN00009994,2025-05-31,396.99,BRANCH_SUPPORT
OV00002164,LN00009995,2025-06-30,903.00,BRANCH_SUPPORT
OV00002165,LN00010001,2025-12-31,876.82,BRANCH_SUPPORT
OV00002166,LN00010003,2026-02-28,681.38,BRANCH_SUPPORT
OV00002167,LN00010005,2026-04-30,724.62,BRANCH_SUPPORT
OV00002168,LN00010012,2024-11-30,219.00,BRANCH_SUPPORT
OV00002169,LN00010020,2025-07-31,280.00,BRANCH_SUPPORT
OV00002170,LN00010023,2025-10-31,548.08,BRANCH_SUPPORT
OV00002171,LN00010025,2025-12-31,344.70,BRANCH_SUPPORT
OV00002172,LN00010029,2026-04-30,327.25,BRANCH_SUPPORT
OV00002173,LN00010030,2026-05-31,670.80,BRANCH_SUPPORT
OV00002174,LN00010031,2026-06-30,226.35,BRANCH_SUPPORT
OV00002175,LN00010037,2024-12-31,437.28,BRANCH_SUPPORT
OV00002176,LN00010039,2025-02-28,137.06,BRANCH_SUPPORT
OV00002177,LN00010048,2025-11-30,1069.20,BRANCH_SUPPORT
OV00002178,LN00010050,2026-01-31,319.60,BRANCH_SUPPORT
OV00002179,LN00010051,2026-02-28,506.88,BRANCH_SUPPORT
OV00002180,LN00010058,2024-09-30,464.88,BRANCH_SUPPORT
OV00002181,LN00010059,2024-10-31,342.99,BRANCH_SUPPORT
OV00002182,LN00010062,2025-01-31,1032.64,BRANCH_SUPPORT
OV00002183,LN00010063,2025-02-28,326.04,BRANCH_SUPPORT
OV00002184,LN00010078,2026-05-31,502.80,BRANCH_SUPPORT
OV00002185,LN00010080,2026-07-31,302.88,BRANCH_SUPPORT
OV00002186,LN00010081,2024-08-31,312.39,BRANCH_SUPPORT
OV00002187,LN00010085,2024-12-31,327.42,BRANCH_SUPPORT
OV00002188,LN00010092,2025-07-31,318.11,BRANCH_SUPPORT
OV00002189,LN00010094,2025-09-30,1254.24,BRANCH_SUPPORT
OV00002190,LN00010098,2026-01-31,522.90,BRANCH_SUPPORT
OV00002191,LN00010105,2024-08-31,950.30,BRANCH_SUPPORT
OV00002192,LN00010107,2024-10-31,365.22,BRANCH_SUPPORT
OV00002193,LN00010109,2024-12-31,269.12,BRANCH_SUPPORT
OV00002194,LN00010110,2025-01-31,775.84,BRANCH_SUPPORT
OV00002195,LN00010115,2025-06-30,231.72,BRANCH_SUPPORT
OV00002196,LN00010116,2025-07-31,862.12,BRANCH_SUPPORT
OV00002197,LN00010118,2025-09-30,856.94,BRANCH_SUPPORT
OV00002198,LN00010138,2025-05-31,707.20,BRANCH_SUPPORT
OV00002199,LN00010141,2025-08-31,182.52,BRANCH_SUPPORT
OV00002200,LN00010147,2026-02-28,140.10,BRANCH_SUPPORT
OV00002201,LN00010148,2026-03-31,808.64,BRANCH_SUPPORT
OV00002202,LN00010162,2025-05-31,402.22,BRANCH_SUPPORT
OV00002203,LN00010163,2025-06-30,630.12,BRANCH_SUPPORT
OV00002204,LN00010165,2025-08-31,285.76,BRANCH_SUPPORT
OV00002205,LN00010180,2024-11-30,378.73,BRANCH_SUPPORT
OV00002206,LN00010182,2025-01-31,1020.45,BRANCH_SUPPORT
OV00002207,LN00010184,2025-03-31,257.20,BRANCH_SUPPORT
OV00002208,LN00010187,2025-06-30,961.38,BRANCH_SUPPORT
OV00002209,LN00010189,2025-08-31,202.00,BRANCH_SUPPORT
OV00002210,LN00010193,2025-12-31,198.12,BRANCH_SUPPORT
OV00002211,LN00010197,2026-04-30,527.12,BRANCH_SUPPORT
OV00002212,LN00010204,2024-11-30,1059.00,BRANCH_SUPPORT
OV00002213,LN00010205,2024-12-31,724.46,BRANCH_SUPPORT
OV00002214,LN00010211,2025-06-30,1237.60,BRANCH_SUPPORT
OV00002215,LN00010216,2025-11-30,698.94,BRANCH_SUPPORT
OV00002216,LN00010220,2026-03-31,362.31,BRANCH_SUPPORT
OV00002217,LN00010224,2026-07-31,406.56,BRANCH_SUPPORT
OV00002218,LN00010225,2024-08-31,465.63,BRANCH_SUPPORT
OV00002219,LN00010230,2025-01-31,277.62,BRANCH_SUPPORT
OV00002220,LN00010237,2025-08-31,497.75,BRANCH_SUPPORT
OV00002221,LN00010240,2025-11-30,799.90,BRANCH_SUPPORT
OV00002222,LN00010242,2026-01-31,560.30,BRANCH_SUPPORT
OV00002223,LN00010243,2026-02-28,395.04,BRANCH_SUPPORT
OV00002224,LN00010249,2024-08-31,538.98,BRANCH_SUPPORT
OV00002225,LN00010252,2024-11-30,779.22,BRANCH_SUPPORT
OV00002226,LN00010257,2025-04-30,296.64,BRANCH_SUPPORT
OV00002227,LN00010260,2025-07-31,294.75,BRANCH_SUPPORT
OV00002228,LN00010262,2025-09-30,775.71,BRANCH_SUPPORT
OV00002229,LN00010272,2026-07-31,127.00,BRANCH_SUPPORT
OV00002230,LN00010275,2024-10-31,719.01,BRANCH_SUPPORT
OV00002231,LN00010276,2024-11-30,289.00,BRANCH_SUPPORT
OV00002232,LN00010279,2025-02-28,312.76,BRANCH_SUPPORT
OV00002233,LN00010280,2025-03-31,509.44,BRANCH_SUPPORT
OV00002234,LN00010282,2025-05-31,1198.35,BRANCH_SUPPORT
OV00002235,LN00010285,2025-08-31,794.70,BRANCH_SUPPORT
OV00002236,LN00010298,2024-09-30,503.93,BRANCH_SUPPORT
OV00002237,LN00010299,2024-10-31,472.78,BRANCH_SUPPORT
OV00002238,LN00010301,2024-12-31,265.43,BRANCH_SUPPORT
OV00002239,LN00010307,2025-06-30,450.71,BRANCH_SUPPORT
OV00002240,LN00010308,2025-07-31,828.16,BRANCH_SUPPORT
OV00002241,LN00010317,2026-04-30,517.72,BRANCH_SUPPORT
OV00002242,LN00010335,2025-10-31,1038.18,BRANCH_SUPPORT
OV00002243,LN00010336,2025-11-30,268.16,BRANCH_SUPPORT
OV00002244,LN00010344,2026-07-31,794.88,BRANCH_SUPPORT
OV00002245,LN00010345,2024-08-31,357.90,BRANCH_SUPPORT
OV00002246,LN00010352,2025-03-31,1022.10,BRANCH_SUPPORT
OV00002247,LN00010357,2025-08-31,794.00,BRANCH_SUPPORT
OV00002248,LN00010361,2025-12-31,694.80,BRANCH_SUPPORT
OV00002249,LN00010366,2026-05-31,553.91,BRANCH_SUPPORT
OV00002250,LN00010370,2024-09-30,644.40,BRANCH_SUPPORT
OV00002251,LN00010374,2025-01-31,396.48,BRANCH_SUPPORT
OV00002252,LN00010375,2025-02-28,810.72,BRANCH_SUPPORT
OV00002253,LN00010376,2025-03-31,300.56,BRANCH_SUPPORT
OV00002254,LN00010377,2025-04-30,198.80,BRANCH_SUPPORT
OV00002255,LN00010387,2026-02-28,361.20,BRANCH_SUPPORT
OV00002256,LN00010393,2024-08-31,562.00,BRANCH_SUPPORT
OV00002257,LN00010401,2025-04-30,211.20,BRANCH_SUPPORT
OV00002258,LN00010408,2025-11-30,210.54,BRANCH_SUPPORT
OV00002259,LN00010409,2025-12-31,227.92,BRANCH_SUPPORT
OV00002260,LN00010412,2026-03-31,428.24,BRANCH_SUPPORT
OV00002261,LN00010415,2026-06-30,404.69,BRANCH_SUPPORT
OV00002262,LN00010417,2024-08-31,730.47,BRANCH_SUPPORT
OV00002263,LN00010428,2025-07-31,669.76,BRANCH_SUPPORT
OV00002264,LN00010429,2025-08-31,621.00,BRANCH_SUPPORT
OV00002265,LN00010436,2026-03-31,692.45,BRANCH_SUPPORT
OV00002266,LN00010446,2025-01-31,347.10,BRANCH_SUPPORT
OV00002267,LN00010448,2025-03-31,385.85,BRANCH_SUPPORT
OV00002268,LN00010453,2025-08-31,267.80,BRANCH_SUPPORT
OV00002269,LN00010458,2026-01-31,286.88,BRANCH_SUPPORT
OV00002270,LN00010459,2026-02-28,500.15,BRANCH_SUPPORT
OV00002271,LN00010463,2026-06-30,591.91,BRANCH_SUPPORT
OV00002272,LN00010465,2024-08-31,264.56,BRANCH_SUPPORT
OV00002273,LN00010468,2024-11-30,325.84,BRANCH_SUPPORT
OV00002274,LN00010471,2025-02-28,132.96,BRANCH_SUPPORT
OV00002275,LN00010472,2025-03-31,947.80,BRANCH_SUPPORT
OV00002276,LN00010478,2025-09-30,196.08,BRANCH_SUPPORT
OV00002277,LN00010483,2026-02-28,975.90,BRANCH_SUPPORT
OV00002278,LN00010489,2024-08-31,421.36,BRANCH_SUPPORT
OV00002279,LN00010494,2025-01-31,990.30,BRANCH_SUPPORT
OV00002280,LN00010496,2025-03-31,344.96,BRANCH_SUPPORT
OV00002281,LN00010503,2025-10-31,711.75,BRANCH_SUPPORT
OV00002282,LN00010506,2026-01-31,467.04,BRANCH_SUPPORT
OV00002283,LN00010510,2026-05-31,596.52,BRANCH_SUPPORT
OV00002284,LN00010512,2026-07-31,376.95,BRANCH_SUPPORT
OV00002285,LN00010514,2024-09-30,288.42,BRANCH_SUPPORT
OV00002286,LN00010518,2025-01-31,138.80,BRANCH_SUPPORT
OV00002287,LN00010519,2025-02-28,286.56,BRANCH_SUPPORT
OV00002288,LN00010522,2025-05-31,695.76,BRANCH_SUPPORT
OV00002289,LN00010524,2025-07-31,161.68,BRANCH_SUPPORT
OV00002290,LN00010532,2026-03-31,569.28,BRANCH_SUPPORT
OV00002291,LN00010534,2026-05-31,419.79,BRANCH_SUPPORT
OV00002292,LN00010535,2026-06-30,338.80,BRANCH_SUPPORT
OV00002293,LN00010541,2024-12-31,645.60,BRANCH_SUPPORT
OV00002294,LN00010542,2025-01-31,175.75,BRANCH_SUPPORT
OV00002295,LN00010549,2025-08-31,154.00,BRANCH_SUPPORT
OV00002296,LN00010551,2025-10-31,638.20,BRANCH_SUPPORT
OV00002297,LN00010557,2026-04-30,419.04,BRANCH_SUPPORT
OV00002298,LN00010558,2026-05-31,195.25,BRANCH_SUPPORT
OV00002299,LN00010561,2024-08-31,431.31,BRANCH_SUPPORT
OV00002300,LN00010565,2024-12-31,284.64,BRANCH_SUPPORT
OV00002301,LN00010572,2025-07-31,97.68,BRANCH_SUPPORT
OV00002302,LN00010578,2026-01-31,330.35,BRANCH_SUPPORT
OV00002303,LN00010584,2026-07-31,751.52,BRANCH_SUPPORT
OV00002304,LN00010589,2024-12-31,889.50,BRANCH_SUPPORT
OV00002305,LN00010596,2025-07-31,724.64,BRANCH_SUPPORT
OV00002306,LN00010597,2025-08-31,656.18,BRANCH_SUPPORT
OV00002307,LN00010600,2025-11-30,665.04,BRANCH_SUPPORT
OV00002308,LN00010601,2025-12-31,505.80,BRANCH_SUPPORT
OV00002309,LN00010608,2026-07-31,650.50,BRANCH_SUPPORT
OV00002310,LN00010615,2025-02-28,847.84,BRANCH_SUPPORT
OV00002311,LN00010617,2025-04-30,438.68,BRANCH_SUPPORT
OV00002312,LN00010620,2025-07-31,973.80,BRANCH_SUPPORT
OV00002313,LN00010623,2025-10-31,225.76,BRANCH_SUPPORT
OV00002314,LN00010632,2026-07-31,443.52,BRANCH_SUPPORT
OV00002315,LN00010635,2024-10-31,67.95,BRANCH_SUPPORT
OV00002316,LN00010636,2024-11-30,713.30,BRANCH_SUPPORT
OV00002317,LN00010638,2025-01-31,316.95,BRANCH_SUPPORT
OV00002318,LN00010639,2025-02-28,160.20,BRANCH_SUPPORT
OV00002319,LN00010642,2025-05-31,540.21,BRANCH_SUPPORT
OV00002320,LN00010643,2025-06-30,710.16,BRANCH_SUPPORT
OV00002321,LN00010650,2026-01-31,284.88,BRANCH_SUPPORT
OV00002322,LN00010653,2026-04-30,1105.65,BRANCH_SUPPORT
OV00002323,LN00010656,2026-07-31,273.80,BRANCH_SUPPORT
OV00002324,LN00010663,2025-02-28,416.64,BRANCH_SUPPORT
OV00002325,LN00010667,2025-06-30,437.85,BRANCH_SUPPORT
OV00002326,LN00010669,2025-08-31,398.07,BRANCH_SUPPORT
OV00002327,LN00010671,2025-10-31,584.64,BRANCH_SUPPORT
OV00002328,LN00010673,2025-12-31,84.84,BRANCH_SUPPORT
OV00002329,LN00010674,2026-01-31,706.92,BRANCH_SUPPORT
OV00002330,LN00010677,2026-04-30,1162.50,BRANCH_SUPPORT
OV00002331,LN00010678,2026-05-31,1116.08,BRANCH_SUPPORT
OV00002332,LN00010679,2026-06-30,283.03,BRANCH_SUPPORT
OV00002333,LN00010688,2025-03-31,647.79,BRANCH_SUPPORT
OV00002334,LN00010693,2025-08-31,642.07,BRANCH_SUPPORT
OV00002335,LN00010697,2025-12-31,467.80,BRANCH_SUPPORT
OV00002336,LN00010698,2026-01-31,275.46,BRANCH_SUPPORT
OV00002337,LN00010708,2024-11-30,211.56,BRANCH_SUPPORT
OV00002338,LN00010712,2025-03-31,190.35,BRANCH_SUPPORT
OV00002339,LN00010716,2025-07-31,508.83,BRANCH_SUPPORT
OV00002340,LN00010719,2025-10-31,984.75,BRANCH_SUPPORT
OV00002341,LN00010724,2026-03-31,1081.65,BRANCH_SUPPORT
OV00002342,LN00010728,2026-07-31,389.64,BRANCH_SUPPORT
OV00002343,LN00010729,2024-08-31,746.68,BRANCH_SUPPORT
OV00002344,LN00010741,2025-08-31,416.91,BRANCH_SUPPORT
OV00002345,LN00010745,2025-12-31,690.82,BRANCH_SUPPORT
OV00002346,LN00010748,2026-03-31,279.60,BRANCH_SUPPORT
OV00002347,LN00010755,2024-10-31,462.24,BRANCH_SUPPORT
OV00002348,LN00010756,2024-11-30,623.52,BRANCH_SUPPORT
OV00002349,LN00010758,2025-01-31,573.58,BRANCH_SUPPORT
OV00002350,LN00010764,2025-07-31,665.60,BRANCH_SUPPORT
OV00002351,LN00010768,2025-11-30,489.28,BRANCH_SUPPORT
OV00002352,LN00010770,2026-01-31,392.55,BRANCH_SUPPORT
OV00002353,LN00010774,2026-05-31,401.94,BRANCH_SUPPORT
OV00002354,LN00010775,2026-06-30,1222.24,BRANCH_SUPPORT
OV00002355,LN00010776,2026-07-31,213.45,BRANCH_SUPPORT
OV00002356,LN00010778,2024-09-30,233.20,BRANCH_SUPPORT
OV00002357,LN00010780,2024-11-30,511.42,BRANCH_SUPPORT
OV00002358,LN00010781,2024-12-31,354.20,BRANCH_SUPPORT
OV00002359,LN00010782,2025-01-31,194.18,BRANCH_SUPPORT
OV00002360,LN00010792,2025-11-30,1208.64,BRANCH_SUPPORT
OV00002361,LN00010797,2026-04-30,699.12,BRANCH_SUPPORT
OV00002362,LN00010799,2026-06-30,535.81,BRANCH_SUPPORT
OV00002363,LN00010802,2024-09-30,211.59,BRANCH_SUPPORT
OV00002364,LN00010805,2024-12-31,613.36,BRANCH_SUPPORT
OV00002365,LN00010806,2025-01-31,832.91,BRANCH_SUPPORT
OV00002366,LN00010808,2025-03-31,727.10,BRANCH_SUPPORT
OV00002367,LN00010810,2025-05-31,261.75,BRANCH_SUPPORT
OV00002368,LN00010811,2025-06-30,409.53,BRANCH_SUPPORT
OV00002369,LN00010818,2026-01-31,676.96,BRANCH_SUPPORT
OV00002370,LN00010820,2026-03-31,391.68,BRANCH_SUPPORT
OV00002371,LN00010825,2024-08-31,426.56,BRANCH_SUPPORT
OV00002372,LN00010827,2024-10-31,123.03,BRANCH_SUPPORT
OV00002373,LN00010839,2025-10-31,400.30,BRANCH_SUPPORT
OV00002374,LN00010844,2026-03-31,117.96,BRANCH_SUPPORT
OV00002375,LN00010853,2024-12-31,230.67,BRANCH_SUPPORT
OV00002376,LN00010856,2025-03-31,869.18,BRANCH_SUPPORT
OV00002377,LN00010857,2025-04-30,473.00,BRANCH_SUPPORT
OV00002378,LN00010860,2025-07-31,126.35,BRANCH_SUPPORT
OV00002379,LN00010862,2025-09-30,1031.66,BRANCH_SUPPORT
OV00002380,LN00010867,2026-02-28,793.00,BRANCH_SUPPORT
OV00002381,LN00010869,2026-04-30,727.16,BRANCH_SUPPORT
OV00002382,LN00010871,2026-06-30,235.70,BRANCH_SUPPORT
OV00002383,LN00010882,2025-05-31,559.16,BRANCH_SUPPORT
OV00002384,LN00010885,2025-08-31,946.96,BRANCH_SUPPORT
OV00002385,LN00010888,2025-11-30,99.75,BRANCH_SUPPORT
OV00002386,LN00010890,2026-01-31,723.36,BRANCH_SUPPORT
OV00002387,LN00010892,2026-03-31,953.92,BRANCH_SUPPORT
OV00002388,LN00010895,2026-06-30,664.65,BRANCH_SUPPORT
OV00002389,LN00010896,2026-07-31,106.82,BRANCH_SUPPORT
OV00002390,LN00010899,2024-10-31,434.40,BRANCH_SUPPORT
OV00002391,LN00010902,2025-01-31,197.34,BRANCH_SUPPORT
OV00002392,LN00010907,2025-06-30,175.56,BRANCH_SUPPORT
OV00002393,LN00010916,2026-03-31,755.68,BRANCH_SUPPORT
OV00002394,LN00010917,2026-04-30,328.35,BRANCH_SUPPORT
OV00002395,LN00010930,2025-05-31,1040.76,BRANCH_SUPPORT
OV00002396,LN00010931,2025-06-30,895.05,BRANCH_SUPPORT
OV00002397,LN00010936,2025-11-30,1050.88,BRANCH_SUPPORT
OV00002398,LN00010940,2026-03-31,553.84,BRANCH_SUPPORT
OV00002399,LN00010943,2026-06-30,1032.32,BRANCH_SUPPORT
OV00002400,LN00010947,2024-10-31,411.73,BRANCH_SUPPORT
OV00002401,LN00010952,2025-03-31,479.64,BRANCH_SUPPORT
OV00002402,LN00010955,2025-06-30,168.85,BRANCH_SUPPORT
OV00002403,LN00010968,2026-07-31,627.93,BRANCH_SUPPORT
OV00002404,LN00010972,2024-11-30,622.44,BRANCH_SUPPORT
OV00002405,LN00010977,2025-04-30,600.64,BRANCH_SUPPORT
OV00002406,LN00011001,2025-04-30,567.50,BRANCH_SUPPORT
OV00002407,LN00011006,2025-09-30,292.65,BRANCH_SUPPORT
OV00002408,LN00011015,2026-06-30,490.49,BRANCH_SUPPORT
OV00002409,LN00011017,2024-08-31,331.00,BRANCH_SUPPORT
OV00002410,LN00011018,2024-09-30,506.79,BRANCH_SUPPORT
OV00002411,LN00011019,2024-10-31,218.56,BRANCH_SUPPORT
OV00002412,LN00011030,2025-09-30,328.08,BRANCH_SUPPORT
OV00002413,LN00011043,2024-10-31,370.05,BRANCH_SUPPORT
OV00002414,LN00011046,2025-01-31,386.70,BRANCH_SUPPORT
OV00002415,LN00011057,2025-12-31,285.96,BRANCH_SUPPORT
OV00002416,LN00011063,2026-06-30,302.76,BRANCH_SUPPORT
OV00002417,LN00011065,2024-08-31,90.96,BRANCH_SUPPORT
OV00002418,LN00011066,2024-09-30,733.98,BRANCH_SUPPORT
OV00002419,LN00011067,2024-10-31,278.63,BRANCH_SUPPORT
OV00002420,LN00011070,2025-01-31,199.92,BRANCH_SUPPORT
OV00002421,LN00011079,2025-10-31,399.84,BRANCH_SUPPORT
OV00002422,LN00011085,2026-04-30,695.43,BRANCH_SUPPORT
OV00002423,LN00011092,2024-11-30,166.77,BRANCH_SUPPORT
OV00002424,LN00011097,2025-04-30,519.66,BRANCH_SUPPORT
OV00002425,LN00011098,2025-05-31,138.42,BRANCH_SUPPORT
OV00002426,LN00011100,2025-07-31,794.86,BRANCH_SUPPORT
OV00002427,LN00011108,2026-03-31,546.93,BRANCH_SUPPORT
OV00002428,LN00011115,2024-10-31,670.01,BRANCH_SUPPORT
OV00002429,LN00011116,2024-11-30,603.07,BRANCH_SUPPORT
OV00002430,LN00011124,2025-07-31,356.80,BRANCH_SUPPORT
OV00002431,LN00011133,2026-04-30,887.28,BRANCH_SUPPORT
OV00002432,LN00011136,2026-07-31,246.50,BRANCH_SUPPORT
OV00002433,LN00011142,2025-01-31,510.64,BRANCH_SUPPORT
OV00002434,LN00011146,2025-05-31,204.82,BRANCH_SUPPORT
OV00002435,LN00011148,2025-07-31,367.30,BRANCH_SUPPORT
OV00002436,LN00011154,2026-01-31,112.74,BRANCH_SUPPORT
OV00002437,LN00011156,2026-03-31,588.70,BRANCH_SUPPORT
OV00002438,LN00011159,2026-06-30,552.60,BRANCH_SUPPORT
OV00002439,LN00011162,2024-09-30,395.92,BRANCH_SUPPORT
OV00002440,LN00011165,2024-12-31,992.46,BRANCH_SUPPORT
OV00002441,LN00011166,2025-01-31,194.04,BRANCH_SUPPORT
OV00002442,LN00011169,2025-04-30,503.28,BRANCH_SUPPORT
OV00002443,LN00011179,2026-02-28,752.18,BRANCH_SUPPORT
OV00002444,LN00011180,2026-03-31,527.80,BRANCH_SUPPORT
OV00002445,LN00011183,2026-06-30,290.16,BRANCH_SUPPORT
OV00002446,LN00011192,2025-03-31,429.50,BRANCH_SUPPORT
OV00002447,LN00011207,2026-06-30,938.70,BRANCH_SUPPORT
OV00002448,LN00011208,2026-07-31,437.40,BRANCH_SUPPORT
OV00002449,LN00011209,2024-08-31,469.68,BRANCH_SUPPORT
OV00002450,LN00011212,2024-11-30,778.35,BRANCH_SUPPORT
OV00002451,LN00011215,2025-02-28,1033.62,BRANCH_SUPPORT
OV00002452,LN00011225,2025-12-31,239.75,BRANCH_SUPPORT
OV00002453,LN00011226,2026-01-31,755.40,BRANCH_SUPPORT
OV00002454,LN00011227,2026-02-28,874.25,BRANCH_SUPPORT
OV00002455,LN00011232,2026-07-31,277.20,BRANCH_SUPPORT
OV00002456,LN00011237,2024-12-31,343.90,BRANCH_SUPPORT
OV00002457,LN00011244,2025-07-31,792.87,BRANCH_SUPPORT
OV00002458,LN00011245,2025-08-31,211.25,BRANCH_SUPPORT
OV00002459,LN00011252,2026-03-31,1044.60,BRANCH_SUPPORT
OV00002460,LN00011253,2026-04-30,403.59,BRANCH_SUPPORT
OV00002461,LN00011268,2025-07-31,398.76,BRANCH_SUPPORT
OV00002462,LN00011271,2025-10-31,458.46,BRANCH_SUPPORT
OV00002463,LN00011272,2025-11-30,563.70,BRANCH_SUPPORT
OV00002464,LN00011278,2026-05-31,258.00,BRANCH_SUPPORT
OV00002465,LN00011279,2026-06-30,297.12,BRANCH_SUPPORT
OV00002466,LN00011284,2024-11-30,856.08,BRANCH_SUPPORT
OV00002467,LN00011286,2025-01-31,833.17,BRANCH_SUPPORT
OV00002468,LN00011287,2025-02-28,757.44,BRANCH_SUPPORT
OV00002469,LN00011293,2025-08-31,221.52,BRANCH_SUPPORT
OV00002470,LN00011295,2025-10-31,385.25,BRANCH_SUPPORT
OV00002471,LN00011302,2026-05-31,485.52,BRANCH_SUPPORT
OV00002472,LN00011321,2025-12-31,85.90,BRANCH_SUPPORT
OV00002473,LN00011322,2026-01-31,120.50,BRANCH_SUPPORT
OV00002474,LN00011323,2026-02-28,762.70,BRANCH_SUPPORT
OV00002475,LN00011331,2024-10-31,386.40,BRANCH_SUPPORT
OV00002476,LN00011332,2024-11-30,1074.64,BRANCH_SUPPORT
OV00002477,LN00011334,2025-01-31,415.59,BRANCH_SUPPORT
OV00002478,LN00011345,2025-12-31,394.90,BRANCH_SUPPORT
OV00002479,LN00011347,2026-02-28,612.78,BRANCH_SUPPORT
OV00002480,LN00011349,2026-04-30,338.38,BRANCH_SUPPORT
OV00002481,LN00011357,2024-12-31,616.59,BRANCH_SUPPORT
OV00002482,LN00011365,2025-08-31,145.00,BRANCH_SUPPORT
OV00002483,LN00011367,2025-10-31,976.92,BRANCH_SUPPORT
OV00002484,LN00011368,2025-11-30,710.50,BRANCH_SUPPORT
OV00002485,LN00011369,2025-12-31,501.84,BRANCH_SUPPORT
OV00002486,LN00011370,2026-01-31,992.10,BRANCH_SUPPORT
OV00002487,LN00011372,2026-03-31,357.37,BRANCH_SUPPORT
OV00002488,LN00011374,2026-05-31,237.60,BRANCH_SUPPORT
OV00002489,LN00011385,2025-04-30,669.00,BRANCH_SUPPORT
OV00002490,LN00011387,2025-06-30,1212.48,BRANCH_SUPPORT
OV00002491,LN00011389,2025-08-31,140.64,BRANCH_SUPPORT
OV00002492,LN00011394,2026-01-31,140.80,BRANCH_SUPPORT
OV00002493,LN00011397,2026-04-30,922.61,BRANCH_SUPPORT
OV00002494,LN00011400,2026-07-31,892.20,BRANCH_SUPPORT
OV00002495,LN00011407,2025-02-28,393.75,BRANCH_SUPPORT
OV00002496,LN00011409,2025-04-30,589.00,BRANCH_SUPPORT
OV00002497,LN00011411,2025-06-30,566.72,BRANCH_SUPPORT
OV00002498,LN00011413,2025-08-31,215.30,BRANCH_SUPPORT
OV00002499,LN00011416,2025-11-30,364.20,BRANCH_SUPPORT
OV00002500,LN00011417,2025-12-31,1040.32,BRANCH_SUPPORT
OV00002501,LN00011419,2026-02-28,326.24,BRANCH_SUPPORT
OV00002502,LN00011421,2026-04-30,535.68,BRANCH_SUPPORT
OV00002503,LN00011425,2024-08-31,405.72,BRANCH_SUPPORT
OV00002504,LN00011429,2024-12-31,302.83,BRANCH_SUPPORT
OV00002505,LN00011440,2025-11-30,193.90,BRANCH_SUPPORT
OV00002506,LN00011442,2026-01-31,647.40,BRANCH_SUPPORT
OV00002507,LN00011443,2026-02-28,436.10,BRANCH_SUPPORT
OV00002508,LN00011446,2026-05-31,117.75,BRANCH_SUPPORT
OV00002509,LN00011452,2024-11-30,297.65,BRANCH_SUPPORT
OV00002510,LN00011459,2025-06-30,361.05,BRANCH_SUPPORT
OV00002511,LN00011468,2026-03-31,306.96,BRANCH_SUPPORT
OV00002512,LN00011470,2026-05-31,403.04,BRANCH_SUPPORT
OV00002513,LN00011474,2024-09-30,334.70,BRANCH_SUPPORT
OV00002514,LN00011481,2025-04-30,832.65,BRANCH_SUPPORT
OV00002515,LN00011482,2025-05-31,198.40,BRANCH_SUPPORT
OV00002516,LN00011483,2025-06-30,574.86,BRANCH_SUPPORT
OV00002517,LN00011484,2025-07-31,397.80,BRANCH_SUPPORT
OV00002518,LN00011486,2025-09-30,408.40,BRANCH_SUPPORT
OV00002519,LN00011487,2025-10-31,395.23,BRANCH_SUPPORT
OV00002520,LN00011488,2025-11-30,444.78,BRANCH_SUPPORT
OV00002521,LN00011490,2026-01-31,86.80,BRANCH_SUPPORT
OV00002522,LN00011492,2026-03-31,72.30,BRANCH_SUPPORT
OV00002523,LN00011495,2026-06-30,398.00,BRANCH_SUPPORT
OV00002524,LN00011498,2024-09-30,316.96,BRANCH_SUPPORT
OV00002525,LN00011502,2025-01-31,422.40,BRANCH_SUPPORT
OV00002526,LN00011513,2025-12-31,583.68,BRANCH_SUPPORT
OV00002527,LN00011514,2026-01-31,417.41,BRANCH_SUPPORT
OV00002528,LN00011520,2026-07-31,167.36,BRANCH_SUPPORT
OV00002529,LN00011521,2024-08-31,1104.46,BRANCH_SUPPORT
OV00002530,LN00011529,2025-04-30,677.90,BRANCH_SUPPORT
OV00002531,LN00011532,2025-07-31,396.00,BRANCH_SUPPORT
OV00002532,LN00011536,2025-11-30,311.16,BRANCH_SUPPORT
OV00002533,LN00011537,2025-12-31,318.12,BRANCH_SUPPORT
OV00002534,LN00011548,2024-11-30,417.96,BRANCH_SUPPORT
OV00002535,LN00011550,2025-01-31,226.73,BRANCH_SUPPORT
OV00002536,LN00011551,2025-02-28,99.19,BRANCH_SUPPORT
OV00002537,LN00011554,2025-05-31,940.05,BRANCH_SUPPORT
OV00002538,LN00011556,2025-07-31,228.00,BRANCH_SUPPORT
OV00002539,LN00011560,2025-11-30,523.67,BRANCH_SUPPORT
OV00002540,LN00011573,2024-12-31,625.02,BRANCH_SUPPORT
OV00002541,LN00011579,2025-06-30,464.16,BRANCH_SUPPORT
OV00002542,LN00011582,2025-09-30,690.17,BRANCH_SUPPORT
OV00002543,LN00011585,2025-12-31,155.52,BRANCH_SUPPORT
OV00002544,LN00011586,2026-01-31,416.46,BRANCH_SUPPORT
OV00002545,LN00011592,2026-07-31,197.60,BRANCH_SUPPORT
OV00002546,LN00011594,2024-09-30,347.75,BRANCH_SUPPORT
OV00002547,LN00011595,2024-10-31,1104.96,BRANCH_SUPPORT
OV00002548,LN00011608,2025-11-30,445.40,BRANCH_SUPPORT
OV00002549,LN00011612,2026-03-31,206.64,BRANCH_SUPPORT
OV00002550,LN00011617,2024-08-31,957.32,BRANCH_SUPPORT
OV00002551,LN00011618,2024-09-30,410.30,BRANCH_SUPPORT
OV00002552,LN00011620,2024-11-30,321.36,BRANCH_SUPPORT
OV00002553,LN00011630,2025-09-30,390.25,BRANCH_SUPPORT
OV00002554,LN00011635,2026-02-28,928.85,BRANCH_SUPPORT
OV00002555,LN00011638,2026-05-31,278.85,BRANCH_SUPPORT
OV00002556,LN00011640,2026-07-31,494.10,BRANCH_SUPPORT
OV00002557,LN00011642,2024-09-30,437.76,BRANCH_SUPPORT
OV00002558,LN00011645,2024-12-31,131.94,BRANCH_SUPPORT
OV00002559,LN00011652,2025-07-31,638.55,BRANCH_SUPPORT
OV00002560,LN00011660,2026-03-31,724.20,BRANCH_SUPPORT
OV00002561,LN00011674,2025-05-31,420.80,BRANCH_SUPPORT
OV00002562,LN00011685,2026-04-30,145.08,BRANCH_SUPPORT
OV00002563,LN00011686,2026-05-31,281.30,BRANCH_SUPPORT
OV00002564,LN00011695,2025-02-28,723.80,BRANCH_SUPPORT
OV00002565,LN00011704,2025-11-30,257.25,BRANCH_SUPPORT
OV00002566,LN00011708,2026-03-31,675.60,BRANCH_SUPPORT
OV00002567,LN00011710,2026-05-31,628.60,BRANCH_SUPPORT
OV00002568,LN00011714,2024-09-30,519.68,BRANCH_SUPPORT
OV00002569,LN00011719,2025-02-28,480.30,BRANCH_SUPPORT
OV00002570,LN00011723,2025-06-30,559.84,BRANCH_SUPPORT
OV00002571,LN00011730,2026-01-31,560.79,BRANCH_SUPPORT
OV00002572,LN00011737,2024-08-31,492.38,BRANCH_SUPPORT
OV00002573,LN00011740,2024-11-30,776.40,BRANCH_SUPPORT
OV00002574,LN00011742,2025-01-31,227.45,BRANCH_SUPPORT
OV00002575,LN00011762,2024-09-30,647.02,BRANCH_SUPPORT
OV00002576,LN00011768,2025-03-31,445.80,BRANCH_SUPPORT
OV00002577,LN00011779,2026-02-28,477.24,BRANCH_SUPPORT
OV00002578,LN00011780,2026-03-31,111.35,BRANCH_SUPPORT
OV00002579,LN00011789,2024-12-31,560.32,BRANCH_SUPPORT
OV00002580,LN00011793,2025-04-30,86.22,BRANCH_SUPPORT
OV00002581,LN00011796,2025-07-31,294.58,BRANCH_SUPPORT
OV00002582,LN00011798,2025-09-30,455.64,BRANCH_SUPPORT
OV00002583,LN00011804,2026-03-31,327.50,BRANCH_SUPPORT
OV00002584,LN00011807,2026-06-30,495.99,BRANCH_SUPPORT
OV00002585,LN00011818,2025-05-31,349.75,BRANCH_SUPPORT
OV00002586,LN00011819,2025-06-30,706.50,BRANCH_SUPPORT
OV00002587,LN00011823,2025-10-31,518.87,BRANCH_SUPPORT
OV00002588,LN00011827,2026-02-28,551.46,BRANCH_SUPPORT
OV00002589,LN00011829,2026-04-30,245.90,BRANCH_SUPPORT
OV00002590,LN00011838,2025-01-31,434.22,BRANCH_SUPPORT
OV00002591,LN00011844,2025-07-31,409.84,BRANCH_SUPPORT
OV00002592,LN00011847,2025-10-31,280.42,BRANCH_SUPPORT
OV00002593,LN00011848,2025-11-30,178.55,BRANCH_SUPPORT
OV00002594,LN00011855,2026-06-30,742.50,BRANCH_SUPPORT
OV00002595,LN00011857,2024-08-31,599.40,BRANCH_SUPPORT
OV00002596,LN00011861,2024-12-31,1217.28,BRANCH_SUPPORT
OV00002597,LN00011867,2025-06-30,201.20,BRANCH_SUPPORT
OV00002598,LN00011874,2026-01-31,384.37,BRANCH_SUPPORT
OV00002599,LN00011879,2026-06-30,196.44,BRANCH_SUPPORT
OV00002600,LN00011881,2024-08-31,478.17,BRANCH_SUPPORT
OV00002601,LN00011887,2025-02-28,344.40,BRANCH_SUPPORT
OV00002602,LN00011889,2025-04-30,418.08,BRANCH_SUPPORT
OV00002603,LN00011891,2025-06-30,653.94,BRANCH_SUPPORT
OV00002604,LN00011896,2025-11-30,703.92,BRANCH_SUPPORT
OV00002605,LN00011907,2024-10-31,509.12,BRANCH_SUPPORT
OV00002606,LN00011914,2025-05-31,218.12,BRANCH_SUPPORT
OV00002607,LN00011917,2025-08-31,808.36,BRANCH_SUPPORT
OV00002608,LN00011921,2025-12-31,1263.52,BRANCH_SUPPORT
OV00002609,LN00011923,2026-02-28,353.88,BRANCH_SUPPORT
OV00002610,LN00011924,2026-03-31,600.46,BRANCH_SUPPORT
OV00002611,LN00011925,2026-04-30,466.76,BRANCH_SUPPORT
OV00002612,LN00011926,2026-05-31,159.10,BRANCH_SUPPORT
OV00002613,LN00011928,2026-07-31,196.56,BRANCH_SUPPORT
OV00002614,LN00011931,2024-10-31,725.01,BRANCH_SUPPORT
OV00002615,LN00011932,2024-11-30,933.53,BRANCH_SUPPORT
OV00002616,LN00011943,2025-10-31,130.14,BRANCH_SUPPORT
OV00002617,LN00011952,2026-07-31,699.40,BRANCH_SUPPORT
OV00002618,LN00011958,2025-01-31,208.20,BRANCH_SUPPORT
OV00002619,LN00011961,2025-04-30,167.50,BRANCH_SUPPORT
OV00002620,LN00011964,2025-07-31,806.08,BRANCH_SUPPORT
OV00002621,LN00011966,2025-09-30,1051.84,BRANCH_SUPPORT
OV00002622,LN00011976,2026-07-31,652.00,BRANCH_SUPPORT
OV00002623,LN00011980,2024-11-30,354.16,BRANCH_SUPPORT
OV00002624,LN00011989,2025-08-31,1198.50,BRANCH_SUPPORT
OV00002625,LN00011993,2025-12-31,1032.00,BRANCH_SUPPORT
OV00002626,LN00011994,2026-01-31,383.20,BRANCH_SUPPORT
OV00002627,LN00012003,2024-10-31,382.05,BRANCH_SUPPORT
OV00002628,LN00012006,2025-01-31,361.48,BRANCH_SUPPORT
OV00002629,LN00012015,2025-10-31,302.26,BRANCH_SUPPORT
OV00002630,LN00012016,2025-11-30,398.85,BRANCH_SUPPORT
OV00002631,LN00012029,2024-12-31,152.70,BRANCH_SUPPORT
OV00002632,LN00012030,2025-01-31,511.05,BRANCH_SUPPORT
OV00002633,LN00012032,2025-03-31,336.87,BRANCH_SUPPORT
OV00002634,LN00012034,2025-05-31,1048.64,BRANCH_SUPPORT
OV00002635,LN00012039,2025-10-31,406.12,BRANCH_SUPPORT
OV00002636,LN00012042,2026-01-31,419.28,BRANCH_SUPPORT
OV00002637,LN00012043,2026-02-28,1046.25,BRANCH_SUPPORT
OV00002638,LN00012044,2026-03-31,429.12,BRANCH_SUPPORT
OV00002639,LN00012047,2026-06-30,346.55,BRANCH_SUPPORT
OV00002640,LN00012052,2024-11-30,555.62,BRANCH_SUPPORT
OV00002641,LN00012063,2025-10-31,222.42,BRANCH_SUPPORT
OV00002642,LN00012068,2026-03-31,481.67,BRANCH_SUPPORT
OV00002643,LN00012076,2024-11-30,382.85,BRANCH_SUPPORT
OV00002644,LN00012080,2025-03-31,208.20,BRANCH_SUPPORT
OV00002645,LN00012089,2025-12-31,626.08,BRANCH_SUPPORT
OV00002646,LN00012091,2026-02-28,1117.48,BRANCH_SUPPORT
OV00002647,LN00012101,2024-12-31,469.40,BRANCH_SUPPORT
OV00002648,LN00012104,2025-03-31,501.30,BRANCH_SUPPORT
OV00002649,LN00012113,2025-12-31,262.96,BRANCH_SUPPORT
OV00002650,LN00012117,2026-04-30,981.68,BRANCH_SUPPORT
OV00002651,LN00012124,2024-11-30,407.20,BRANCH_SUPPORT
OV00002652,LN00012131,2025-06-30,776.64,BRANCH_SUPPORT
OV00002653,LN00012140,2026-03-31,183.54,BRANCH_SUPPORT
OV00002654,LN00012154,2025-05-31,495.27,BRANCH_SUPPORT
OV00002655,LN00012157,2025-08-31,707.41,BRANCH_SUPPORT
OV00002656,LN00012160,2025-11-30,270.99,BRANCH_SUPPORT
OV00002657,LN00012164,2026-03-31,433.76,BRANCH_SUPPORT
OV00002658,LN00012169,2024-08-31,627.12,BRANCH_SUPPORT
OV00002659,LN00012173,2024-12-31,400.68,BRANCH_SUPPORT
OV00002660,LN00012175,2025-02-28,590.92,BRANCH_SUPPORT
OV00002661,LN00012181,2025-08-31,131.52,BRANCH_SUPPORT
OV00002662,LN00012184,2025-11-30,284.08,BRANCH_SUPPORT
OV00002663,LN00012185,2025-12-31,206.92,BRANCH_SUPPORT
OV00002664,LN00012192,2026-07-31,704.34,BRANCH_SUPPORT
OV00002665,LN00012204,2025-07-31,332.46,BRANCH_SUPPORT
OV00002666,LN00012207,2025-10-31,215.95,BRANCH_SUPPORT
OV00002667,LN00012212,2026-03-31,348.45,BRANCH_SUPPORT
OV00002668,LN00012213,2026-04-30,312.90,BRANCH_SUPPORT
OV00002669,LN00012216,2026-07-31,572.46,BRANCH_SUPPORT
OV00002670,LN00012228,2025-07-31,290.29,BRANCH_SUPPORT
OV00002671,LN00012229,2025-08-31,433.28,BRANCH_SUPPORT
OV00002672,LN00012234,2026-01-31,276.72,BRANCH_SUPPORT
OV00002673,LN00012237,2026-04-30,430.88,BRANCH_SUPPORT
OV00002674,LN00012239,2026-06-30,104.15,BRANCH_SUPPORT
OV00002675,LN00012243,2024-10-31,333.34,BRANCH_SUPPORT
OV00002676,LN00012244,2024-11-30,642.78,BRANCH_SUPPORT
OV00002677,LN00012245,2024-12-31,301.40,BRANCH_SUPPORT
OV00002678,LN00012248,2025-03-31,221.20,BRANCH_SUPPORT
OV00002679,LN00012250,2025-05-31,338.45,BRANCH_SUPPORT
OV00002680,LN00012263,2026-06-30,799.81,BRANCH_SUPPORT
OV00002681,LN00012265,2024-08-31,1189.12,BRANCH_SUPPORT
OV00002682,LN00012270,2025-01-31,176.45,BRANCH_SUPPORT
OV00002683,LN00012273,2025-04-30,611.64,BRANCH_SUPPORT
OV00002684,LN00012288,2026-07-31,478.80,BRANCH_SUPPORT
OV00002685,LN00012290,2024-09-30,523.32,BRANCH_SUPPORT
OV00002686,LN00012294,2025-01-31,211.68,BRANCH_SUPPORT
OV00002687,LN00012295,2025-02-28,167.70,BRANCH_SUPPORT
OV00002688,LN00012300,2025-07-31,174.00,BRANCH_SUPPORT
OV00002689,LN00012306,2026-01-31,423.06,BRANCH_SUPPORT
OV00002690,LN00012335,2026-06-30,333.84,BRANCH_SUPPORT
OV00002691,LN00012338,2024-09-30,544.00,BRANCH_SUPPORT
OV00002692,LN00012343,2025-02-28,398.22,BRANCH_SUPPORT
OV00002693,LN00012345,2025-04-30,175.70,BRANCH_SUPPORT
OV00002694,LN00012352,2025-11-30,540.00,BRANCH_SUPPORT
OV00002695,LN00012361,2024-08-31,1253.92,BRANCH_SUPPORT
OV00002696,LN00012362,2024-09-30,249.18,BRANCH_SUPPORT
OV00002697,LN00012365,2024-12-31,362.16,BRANCH_SUPPORT
OV00002698,LN00012370,2025-05-31,1053.44,BRANCH_SUPPORT
OV00002699,LN00012375,2025-10-31,555.48,BRANCH_SUPPORT
OV00002700,LN00012385,2024-08-31,446.55,BRANCH_SUPPORT
OV00002701,LN00012389,2024-12-31,273.77,BRANCH_SUPPORT
OV00002702,LN00012397,2025-08-31,462.32,BRANCH_SUPPORT
OV00002703,LN00012402,2026-01-31,543.20,BRANCH_SUPPORT
OV00002704,LN00012406,2026-05-31,190.50,BRANCH_SUPPORT
OV00002705,LN00012408,2026-07-31,252.75,BRANCH_SUPPORT
OV00002706,LN00012409,2024-08-31,183.54,BRANCH_SUPPORT
OV00002707,LN00012411,2024-10-31,363.75,BRANCH_SUPPORT
OV00002708,LN00012415,2025-02-28,215.55,BRANCH_SUPPORT
OV00002709,LN00012417,2025-04-30,146.44,BRANCH_SUPPORT
OV00002710,LN00012428,2026-03-31,132.78,BRANCH_SUPPORT
OV00002711,LN00012429,2026-04-30,408.30,BRANCH_SUPPORT
OV00002712,LN00012431,2026-06-30,252.08,BRANCH_SUPPORT
OV00002713,LN00012437,2024-12-31,157.95,BRANCH_SUPPORT
OV00002714,LN00012443,2025-06-30,438.20,BRANCH_SUPPORT
OV00002715,LN00012444,2025-07-31,922.50,BRANCH_SUPPORT
OV00002716,LN00012445,2025-08-31,367.68,BRANCH_SUPPORT
OV00002717,LN00012446,2025-09-30,238.08,BRANCH_SUPPORT
OV00002718,LN00012448,2025-11-30,355.56,BRANCH_SUPPORT
OV00002719,LN00012449,2025-12-31,388.92,BRANCH_SUPPORT
OV00002720,LN00012450,2026-01-31,614.07,BRANCH_SUPPORT
OV00002721,LN00012485,2024-12-31,353.78,BRANCH_SUPPORT
OV00002722,LN00012486,2025-01-31,614.30,BRANCH_SUPPORT
OV00002723,LN00012496,2025-11-30,1230.24,BRANCH_SUPPORT
OV00002724,LN00012497,2025-12-31,559.13,BRANCH_SUPPORT
OV00002725,LN00012498,2026-01-31,280.50,BRANCH_SUPPORT
OV00002726,LN00012500,2026-03-31,552.30,BRANCH_SUPPORT
OV00002727,LN00012507,2024-10-31,866.64,BRANCH_SUPPORT
OV00002728,LN00012511,2025-02-28,509.10,BRANCH_SUPPORT
OV00002729,LN00012514,2025-05-31,784.80,BRANCH_SUPPORT
OV00002730,LN00012518,2025-09-30,1004.32,BRANCH_SUPPORT
OV00002731,LN00012522,2026-01-31,246.95,BRANCH_SUPPORT
OV00002732,LN00012523,2026-02-28,384.55,BRANCH_SUPPORT
OV00002733,LN00012528,2026-07-31,614.88,BRANCH_SUPPORT
OV00002734,LN00012530,2024-09-30,712.91,BRANCH_SUPPORT
OV00002735,LN00012534,2025-01-31,767.20,BRANCH_SUPPORT
OV00002736,LN00012536,2025-03-31,194.95,BRANCH_SUPPORT
OV00002737,LN00012550,2026-05-31,706.64,BRANCH_SUPPORT
OV00002738,LN00012559,2025-02-28,569.25,BRANCH_SUPPORT
OV00002739,LN00012561,2025-04-30,144.24,BRANCH_SUPPORT
OV00002740,LN00012568,2025-11-30,985.79,BRANCH_SUPPORT
OV00002741,LN00012577,2024-08-31,937.28,BRANCH_SUPPORT
OV00002742,LN00012580,2024-11-30,249.15,BRANCH_SUPPORT
OV00002743,LN00012586,2025-05-31,247.95,BRANCH_SUPPORT
OV00002744,LN00012594,2026-01-31,209.75,BRANCH_SUPPORT
OV00002745,LN00012596,2026-03-31,791.67,BRANCH_SUPPORT
OV00002746,LN00012602,2024-09-30,234.60,BRANCH_SUPPORT
OV00002747,LN00012607,2025-02-28,252.46,BRANCH_SUPPORT
OV00002748,LN00012608,2025-03-31,558.40,BRANCH_SUPPORT
OV00002749,LN00012609,2025-04-30,883.65,BRANCH_SUPPORT
OV00002750,LN00012611,2025-06-30,398.34,BRANCH_SUPPORT
OV00002751,LN00012615,2025-10-31,689.26,BRANCH_SUPPORT
OV00002752,LN00012618,2026-01-31,199.71,BRANCH_SUPPORT
OV00002753,LN00012620,2026-03-31,956.28,BRANCH_SUPPORT
OV00002754,LN00012622,2026-05-31,379.71,BRANCH_SUPPORT
OV00002755,LN00012627,2024-10-31,738.10,BRANCH_SUPPORT
OV00002756,LN00012639,2025-10-31,841.95,BRANCH_SUPPORT
OV00002757,LN00012643,2026-02-28,550.50,BRANCH_SUPPORT
OV00002758,LN00012645,2026-04-30,1049.28,BRANCH_SUPPORT
OV00002759,LN00012650,2024-09-30,1207.68,BRANCH_SUPPORT
OV00002760,LN00012657,2025-04-30,423.00,BRANCH_SUPPORT
OV00002761,LN00012665,2025-12-31,478.40,BRANCH_SUPPORT
OV00002762,LN00012668,2026-03-31,216.12,BRANCH_SUPPORT
OV00002763,LN00012669,2026-04-30,514.92,BRANCH_SUPPORT
OV00002764,LN00012671,2026-06-30,565.07,BRANCH_SUPPORT
OV00002765,LN00012679,2025-02-28,268.80,BRANCH_SUPPORT
OV00002766,LN00012683,2025-06-30,376.42,BRANCH_SUPPORT
OV00002767,LN00012691,2026-02-28,132.90,BRANCH_SUPPORT
OV00002768,LN00012700,2024-11-30,139.75,BRANCH_SUPPORT
OV00002769,LN00012708,2025-07-31,558.39,BRANCH_SUPPORT
OV00002770,LN00012710,2025-09-30,651.72,BRANCH_SUPPORT
OV00002771,LN00012711,2025-10-31,234.75,BRANCH_SUPPORT
OV00002772,LN00012718,2026-05-31,701.01,BRANCH_SUPPORT
OV00002773,LN00012720,2026-07-31,104.70,BRANCH_SUPPORT
OV00002774,LN00012721,2024-08-31,294.80,BRANCH_SUPPORT
OV00002775,LN00012722,2024-09-30,232.10,BRANCH_SUPPORT
OV00002776,LN00012724,2024-11-30,1008.30,BRANCH_SUPPORT
OV00002777,LN00012729,2025-04-30,279.50,BRANCH_SUPPORT
OV00002778,LN00012730,2025-05-31,542.41,BRANCH_SUPPORT
OV00002779,LN00012748,2024-11-30,506.35,BRANCH_SUPPORT
OV00002780,LN00012756,2025-07-31,247.65,BRANCH_SUPPORT
OV00002781,LN00012757,2025-08-31,489.16,BRANCH_SUPPORT
OV00002782,LN00012765,2026-04-30,262.56,BRANCH_SUPPORT
OV00002783,LN00012767,2026-06-30,313.95,BRANCH_SUPPORT
OV00002784,LN00012772,2024-11-30,527.40,BRANCH_SUPPORT
OV00002785,LN00012774,2025-01-31,369.09,BRANCH_SUPPORT
OV00002786,LN00012777,2025-04-30,603.24,BRANCH_SUPPORT
OV00002787,LN00012797,2024-12-31,434.24,BRANCH_SUPPORT
OV00002788,LN00012799,2025-02-28,438.24,BRANCH_SUPPORT
OV00002789,LN00012801,2025-04-30,334.02,BRANCH_SUPPORT
OV00002790,LN00012803,2025-06-30,519.15,BRANCH_SUPPORT
OV00002791,LN00012805,2025-08-31,598.23,BRANCH_SUPPORT
OV00002792,LN00012807,2025-10-31,360.96,BRANCH_SUPPORT
OV00002793,LN00012809,2025-12-31,539.56,BRANCH_SUPPORT
OV00002794,LN00012815,2026-06-30,475.80,BRANCH_SUPPORT
OV00002795,LN00012822,2025-01-31,787.28,BRANCH_SUPPORT
OV00002796,LN00012829,2025-08-31,953.60,BRANCH_SUPPORT
OV00002797,LN00012838,2026-05-31,195.40,BRANCH_SUPPORT
OV00002798,LN00012843,2024-10-31,275.52,BRANCH_SUPPORT
OV00002799,LN00012846,2025-01-31,98.70,BRANCH_SUPPORT
OV00002800,LN00012847,2025-02-28,288.90,BRANCH_SUPPORT
OV00002801,LN00012849,2025-04-30,780.78,BRANCH_SUPPORT
OV00002802,LN00012854,2025-09-30,649.95,BRANCH_SUPPORT
OV00002803,LN00012857,2025-12-31,342.16,BRANCH_SUPPORT
OV00002804,LN00012858,2026-01-31,260.96,BRANCH_SUPPORT
OV00002805,LN00012864,2026-07-31,192.78,BRANCH_SUPPORT
OV00002806,LN00012875,2025-06-30,285.40,BRANCH_SUPPORT
OV00002807,LN00012901,2025-08-31,382.00,BRANCH_SUPPORT
OV00002808,LN00012902,2025-09-30,259.00,BRANCH_SUPPORT
OV00002809,LN00012915,2024-10-31,319.97,BRANCH_SUPPORT
OV00002810,LN00012918,2025-01-31,286.65,BRANCH_SUPPORT
OV00002811,LN00012919,2025-02-28,550.62,BRANCH_SUPPORT
OV00002812,LN00012922,2025-05-31,675.18,BRANCH_SUPPORT
OV00002813,LN00012923,2025-06-30,356.79,BRANCH_SUPPORT
OV00002814,LN00012925,2025-08-31,220.09,BRANCH_SUPPORT
OV00002815,LN00012926,2025-09-30,985.27,BRANCH_SUPPORT
OV00002816,LN00012927,2025-10-31,401.44,BRANCH_SUPPORT
OV00002817,LN00012933,2026-04-30,201.88,BRANCH_SUPPORT
OV00002818,LN00012946,2025-05-31,481.11,BRANCH_SUPPORT
OV00002819,LN00012948,2025-07-31,298.54,BRANCH_SUPPORT
OV00002820,LN00012950,2025-09-30,898.66,BRANCH_SUPPORT
OV00002821,LN00012951,2025-10-31,635.04,BRANCH_SUPPORT
OV00002822,LN00012960,2026-07-31,266.24,BRANCH_SUPPORT
OV00002823,LN00012966,2025-01-31,503.52,BRANCH_SUPPORT
OV00002824,LN00012968,2025-03-31,90.44,BRANCH_SUPPORT
OV00002825,LN00012972,2025-07-31,493.20,BRANCH_SUPPORT
OV00002826,LN00012977,2025-12-31,488.72,BRANCH_SUPPORT
OV00002827,LN00012978,2026-01-31,862.40,BRANCH_SUPPORT
OV00002828,LN00012979,2026-02-28,624.24,BRANCH_SUPPORT
OV00002829,LN00012980,2026-03-31,474.21,BRANCH_SUPPORT
OV00002830,LN00012982,2026-05-31,1194.40,BRANCH_SUPPORT
OV00002831,LN00012986,2024-09-30,525.60,BRANCH_SUPPORT
OV00002832,LN00012990,2025-01-31,162.60,BRANCH_SUPPORT
OV00002833,LN00012992,2025-03-31,465.40,BRANCH_SUPPORT
OV00002834,LN00012998,2025-09-30,380.16,BRANCH_SUPPORT
OV00002835,LN00013012,2024-11-30,895.04,BRANCH_SUPPORT
OV00002836,LN00013014,2025-01-31,738.84,BRANCH_SUPPORT
OV00002837,LN00013021,2025-08-31,196.20,BRANCH_SUPPORT
OV00002838,LN00013036,2024-11-30,332.24,BRANCH_SUPPORT
OV00002839,LN00013040,2025-03-31,228.14,BRANCH_SUPPORT
OV00002840,LN00013046,2025-09-30,139.00,BRANCH_SUPPORT
OV00002841,LN00013059,2024-10-31,474.15,BRANCH_SUPPORT
OV00002842,LN00013064,2025-03-31,582.12,BRANCH_SUPPORT
OV00002843,LN00013065,2025-04-30,832.91,BRANCH_SUPPORT
OV00002844,LN00013066,2025-05-31,760.95,BRANCH_SUPPORT
OV00002845,LN00013071,2025-10-31,617.76,BRANCH_SUPPORT
OV00002846,LN00013073,2025-12-31,296.88,BRANCH_SUPPORT
OV00002847,LN00013080,2026-07-31,765.00,BRANCH_SUPPORT
OV00002848,LN00013084,2024-11-30,537.12,BRANCH_SUPPORT
OV00002849,LN00013086,2025-01-31,213.80,BRANCH_SUPPORT
OV00002850,LN00013087,2025-02-28,532.56,BRANCH_SUPPORT
OV00002851,LN00013104,2026-07-31,363.40,BRANCH_SUPPORT
OV00002852,LN00013113,2025-04-30,282.81,BRANCH_SUPPORT
OV00002853,LN00013115,2025-06-30,260.28,BRANCH_SUPPORT
OV00002854,LN00013121,2025-12-31,680.29,BRANCH_SUPPORT
OV00002855,LN00013122,2026-01-31,528.66,BRANCH_SUPPORT
OV00002856,LN00013124,2026-03-31,219.51,BRANCH_SUPPORT
OV00002857,LN00013125,2026-04-30,331.32,BRANCH_SUPPORT
OV00002858,LN00013128,2026-07-31,400.88,BRANCH_SUPPORT
OV00002859,LN00013133,2024-12-31,949.91,BRANCH_SUPPORT
OV00002860,LN00013147,2026-02-28,189.09,BRANCH_SUPPORT
OV00002861,LN00013151,2026-06-30,207.30,BRANCH_SUPPORT
OV00002862,LN00013152,2026-07-31,106.45,BRANCH_SUPPORT
OV00002863,LN00013153,2024-08-31,604.37,BRANCH_SUPPORT
OV00002864,LN00013157,2024-12-31,183.82,BRANCH_SUPPORT
OV00002865,LN00013175,2026-06-30,461.92,BRANCH_SUPPORT
OV00002866,LN00013182,2025-01-31,552.44,BRANCH_SUPPORT
OV00002867,LN00013188,2025-07-31,489.84,BRANCH_SUPPORT
OV00002868,LN00013190,2025-09-30,867.52,BRANCH_SUPPORT
OV00002869,LN00013199,2026-06-30,652.95,BRANCH_SUPPORT
OV00002870,LN00013201,2024-08-31,369.78,BRANCH_SUPPORT
OV00002871,LN00013213,2025-08-31,205.27,BRANCH_SUPPORT
OV00002872,LN00013214,2025-09-30,344.75,BRANCH_SUPPORT
OV00002873,LN00013233,2025-04-30,96.88,BRANCH_SUPPORT
OV00002874,LN00013237,2025-08-31,839.54,BRANCH_SUPPORT
OV00002875,LN00013239,2025-10-31,346.80,BRANCH_SUPPORT
OV00002876,LN00013241,2025-12-31,928.80,BRANCH_SUPPORT
OV00002877,LN00013244,2026-03-31,668.33,BRANCH_SUPPORT
OV00002878,LN00013247,2026-06-30,168.14,BRANCH_SUPPORT
OV00002879,LN00013249,2024-08-31,180.60,BRANCH_SUPPORT
OV00002880,LN00013252,2024-11-30,93.72,BRANCH_SUPPORT
OV00002881,LN00013253,2024-12-31,637.42,BRANCH_SUPPORT
OV00002882,LN00013258,2025-05-31,682.72,BRANCH_SUPPORT
OV00002883,LN00013267,2026-02-28,598.78,BRANCH_SUPPORT
OV00002884,LN00013272,2026-07-31,565.38,BRANCH_SUPPORT
OV00002885,LN00013274,2024-09-30,493.04,BRANCH_SUPPORT
OV00002886,LN00013278,2025-01-31,172.48,BRANCH_SUPPORT
OV00002887,LN00013284,2025-07-31,399.15,BRANCH_SUPPORT
OV00002888,LN00013287,2025-10-31,119.82,BRANCH_SUPPORT
OV00002889,LN00013289,2025-12-31,500.88,BRANCH_SUPPORT
OV00002890,LN00013294,2026-05-31,618.00,BRANCH_SUPPORT
OV00002891,LN00013297,2024-08-31,548.52,BRANCH_SUPPORT
OV00002892,LN00013300,2024-11-30,556.05,BRANCH_SUPPORT
OV00002893,LN00013307,2025-06-30,453.20,BRANCH_SUPPORT
OV00002894,LN00013309,2025-08-31,278.64,BRANCH_SUPPORT
OV00002895,LN00013332,2025-07-31,405.63,BRANCH_SUPPORT
OV00002896,LN00013337,2025-12-31,160.93,BRANCH_SUPPORT
OV00002897,LN00013344,2026-07-31,242.55,BRANCH_SUPPORT
OV00002898,LN00013350,2025-01-31,1038.24,BRANCH_SUPPORT
OV00002899,LN00013351,2025-02-28,1139.52,BRANCH_SUPPORT
OV00002900,LN00013354,2025-05-31,376.47,BRANCH_SUPPORT
OV00002901,LN00013359,2025-10-31,207.70,BRANCH_SUPPORT
OV00002902,LN00013360,2025-11-30,407.61,BRANCH_SUPPORT
OV00002903,LN00013379,2025-06-30,136.92,BRANCH_SUPPORT
OV00002904,LN00013382,2025-09-30,576.56,BRANCH_SUPPORT
OV00002905,LN00013384,2025-11-30,253.52,BRANCH_SUPPORT
OV00002906,LN00013385,2025-12-31,392.13,BRANCH_SUPPORT
OV00002907,LN00013390,2026-05-31,644.49,BRANCH_SUPPORT
OV00002908,LN00013393,2024-08-31,1050.90,BRANCH_SUPPORT
OV00002909,LN00013395,2024-10-31,404.82,BRANCH_SUPPORT
OV00002910,LN00013403,2025-06-30,738.24,BRANCH_SUPPORT
OV00002911,LN00013404,2025-07-31,1117.06,BRANCH_SUPPORT
OV00002912,LN00013405,2025-08-31,141.13,BRANCH_SUPPORT
OV00002913,LN00013418,2024-09-30,650.28,BRANCH_SUPPORT
OV00002914,LN00013423,2025-02-28,1031.10,BRANCH_SUPPORT
OV00002915,LN00013426,2025-05-31,374.33,BRANCH_SUPPORT
OV00002916,LN00013436,2026-03-31,1169.10,BRANCH_SUPPORT
OV00002917,LN00013438,2026-05-31,311.36,BRANCH_SUPPORT
OV00002918,LN00013440,2026-07-31,710.55,BRANCH_SUPPORT
OV00002919,LN00013454,2025-09-30,577.35,BRANCH_SUPPORT
OV00002920,LN00013458,2026-01-31,481.52,BRANCH_SUPPORT
OV00002921,LN00013461,2026-04-30,350.20,BRANCH_SUPPORT
OV00002922,LN00013464,2026-07-31,506.09,BRANCH_SUPPORT
OV00002923,LN00013472,2025-03-31,363.00,BRANCH_SUPPORT
OV00002924,LN00013474,2025-05-31,404.18,BRANCH_SUPPORT
OV00002925,LN00013475,2025-06-30,438.24,BRANCH_SUPPORT
OV00002926,LN00013480,2025-11-30,388.83,BRANCH_SUPPORT
OV00002927,LN00013482,2026-01-31,1030.26,BRANCH_SUPPORT
OV00002928,LN00013483,2026-02-28,643.05,BRANCH_SUPPORT
OV00002929,LN00013487,2026-06-30,386.58,BRANCH_SUPPORT
OV00002930,LN00013503,2025-10-31,88.44,BRANCH_SUPPORT
OV00002931,LN00013505,2025-12-31,590.33,BRANCH_SUPPORT
OV00002932,LN00013507,2026-02-28,146.52,BRANCH_SUPPORT
OV00002933,LN00013511,2026-06-30,246.96,BRANCH_SUPPORT
OV00002934,LN00013512,2026-07-31,494.37,BRANCH_SUPPORT
OV00002935,LN00013517,2024-12-31,147.12,BRANCH_SUPPORT
OV00002936,LN00013524,2025-07-31,186.96,BRANCH_SUPPORT
OV00002937,LN00013530,2026-01-31,283.65,BRANCH_SUPPORT
OV00002938,LN00013534,2026-05-31,343.42,BRANCH_SUPPORT
OV00002939,LN00013536,2026-07-31,566.40,BRANCH_SUPPORT
OV00002940,LN00013539,2024-10-31,853.28,BRANCH_SUPPORT
OV00002941,LN00013545,2025-04-30,304.14,BRANCH_SUPPORT
OV00002942,LN00013559,2026-06-30,672.42,BRANCH_SUPPORT
OV00002943,LN00013575,2025-10-31,955.04,BRANCH_SUPPORT
OV00002944,LN00013577,2025-12-31,925.44,BRANCH_SUPPORT
OV00002945,LN00013580,2026-03-31,535.26,BRANCH_SUPPORT
OV00002946,LN00013582,2026-05-31,287.04,BRANCH_SUPPORT
OV00002947,LN00013586,2024-09-30,996.00,BRANCH_SUPPORT
OV00002948,LN00013591,2025-02-28,712.69,BRANCH_SUPPORT
OV00002949,LN00013605,2026-04-30,673.20,BRANCH_SUPPORT
OV00002950,LN00013606,2026-05-31,443.31,BRANCH_SUPPORT
OV00002951,LN00013611,2024-10-31,343.05,BRANCH_SUPPORT
OV00002952,LN00013613,2024-12-31,475.53,BRANCH_SUPPORT
OV00002953,LN00013621,2025-08-31,475.28,BRANCH_SUPPORT
OV00002954,LN00013624,2025-11-30,334.10,BRANCH_SUPPORT
OV00002955,LN00013634,2024-09-30,379.70,BRANCH_SUPPORT
OV00002956,LN00013643,2025-06-30,452.01,BRANCH_SUPPORT
OV00002957,LN00013645,2025-08-31,329.58,BRANCH_SUPPORT
OV00002958,LN00013651,2026-02-28,994.40,BRANCH_SUPPORT
OV00002959,LN00013652,2026-03-31,538.24,BRANCH_SUPPORT
OV00002960,LN00013659,2024-10-31,574.20,BRANCH_SUPPORT
OV00002961,LN00013662,2025-01-31,723.03,BRANCH_SUPPORT
OV00002962,LN00013666,2025-05-31,403.29,BRANCH_SUPPORT
OV00002963,LN00013667,2025-06-30,299.10,BRANCH_SUPPORT
OV00002964,LN00013672,2025-11-30,557.76,BRANCH_SUPPORT
OV00002965,LN00013674,2026-01-31,280.56,BRANCH_SUPPORT
OV00002966,LN00013676,2026-03-31,281.30,BRANCH_SUPPORT
OV00002967,LN00013689,2025-04-30,511.84,BRANCH_SUPPORT
OV00002968,LN00013699,2026-02-28,557.91,BRANCH_SUPPORT
OV00002969,LN00013702,2026-05-31,519.86,BRANCH_SUPPORT
OV00002970,LN00013711,2025-02-28,720.20,BRANCH_SUPPORT
OV00002971,LN00013713,2025-04-30,315.84,BRANCH_SUPPORT
OV00002972,LN00013714,2025-05-31,202.23,BRANCH_SUPPORT
OV00002973,LN00013725,2026-04-30,616.72,BRANCH_SUPPORT
OV00002974,LN00013732,2024-11-30,764.28,BRANCH_SUPPORT
OV00002975,LN00013733,2024-12-31,781.90,BRANCH_SUPPORT
OV00002976,LN00013736,2025-03-31,920.52,BRANCH_SUPPORT
OV00002977,LN00013753,2024-08-31,362.72,BRANCH_SUPPORT
OV00002978,LN00013754,2024-09-30,160.45,BRANCH_SUPPORT
OV00002979,LN00013763,2025-06-30,797.16,BRANCH_SUPPORT
OV00002980,LN00013766,2025-09-30,201.04,BRANCH_SUPPORT
OV00002981,LN00013773,2026-04-30,532.14,BRANCH_SUPPORT
OV00002982,LN00013776,2026-07-31,356.80,BRANCH_SUPPORT
OV00002983,LN00013777,2024-08-31,323.68,BRANCH_SUPPORT
OV00002984,LN00013789,2025-08-31,208.80,BRANCH_SUPPORT
OV00002985,LN00013792,2025-11-30,276.66,BRANCH_SUPPORT
OV00002986,LN00013793,2025-12-31,857.35,BRANCH_SUPPORT
OV00002987,LN00013801,2024-08-31,156.05,BRANCH_SUPPORT
OV00002988,LN00013805,2024-12-31,63.80,BRANCH_SUPPORT
OV00002989,LN00013807,2025-02-28,475.44,BRANCH_SUPPORT
OV00002990,LN00013819,2026-02-28,1071.28,BRANCH_SUPPORT
OV00002991,LN00013821,2026-04-30,265.02,BRANCH_SUPPORT
OV00002992,LN00013823,2026-06-30,210.60,BRANCH_SUPPORT
OV00002993,LN00013825,2024-08-31,732.64,BRANCH_SUPPORT
OV00002994,LN00013831,2025-02-28,397.32,BRANCH_SUPPORT
OV00002995,LN00013832,2025-03-31,328.02,BRANCH_SUPPORT
OV00002996,LN00013841,2025-12-31,362.82,BRANCH_SUPPORT
OV00002997,LN00013843,2026-02-28,1245.92,BRANCH_SUPPORT
OV00002998,LN00013849,2024-08-31,208.34,BRANCH_SUPPORT
OV00002999,LN00013851,2024-10-31,332.19,BRANCH_SUPPORT
OV00003000,LN00013859,2025-06-30,269.50,BRANCH_SUPPORT
OV00003001,LN00013864,2025-11-30,322.24,BRANCH_SUPPORT
OV00003002,LN00013866,2026-01-31,714.88,BRANCH_SUPPORT
OV00003003,LN00013867,2026-02-28,349.60,BRANCH_SUPPORT
OV00003004,LN00013868,2026-03-31,660.40,BRANCH_SUPPORT
OV00003005,LN00013870,2026-05-31,356.23,BRANCH_SUPPORT
OV00003006,LN00013871,2026-06-30,85.62,BRANCH_SUPPORT
OV00003007,LN00013874,2024-09-30,480.12,BRANCH_SUPPORT
OV00003008,LN00013883,2025-06-30,155.19,BRANCH_SUPPORT
OV00003009,LN00013888,2025-11-30,954.85,BRANCH_SUPPORT
OV00003010,LN00013892,2026-03-31,517.51,BRANCH_SUPPORT
OV00003011,LN00013894,2026-05-31,833.98,BRANCH_SUPPORT
OV00003012,LN00013895,2026-06-30,462.12,BRANCH_SUPPORT
OV00003013,LN00013900,2024-11-30,625.60,BRANCH_SUPPORT
OV00003014,LN00013904,2025-03-31,171.00,BRANCH_SUPPORT
OV00003015,LN00013912,2025-11-30,815.52,BRANCH_SUPPORT
OV00003016,LN00013917,2026-04-30,836.33,BRANCH_SUPPORT
OV00003017,LN00013920,2026-07-31,174.05,BRANCH_SUPPORT
OV00003018,LN00013923,2024-10-31,618.10,BRANCH_SUPPORT
OV00003019,LN00013927,2025-02-28,145.05,BRANCH_SUPPORT
OV00003020,LN00013933,2025-08-31,423.90,BRANCH_SUPPORT
OV00003021,LN00013949,2024-12-31,216.12,BRANCH_SUPPORT
OV00003022,LN00013952,2025-03-31,214.56,BRANCH_SUPPORT
OV00003023,LN00013953,2025-04-30,245.88,BRANCH_SUPPORT
OV00003024,LN00013954,2025-05-31,298.25,BRANCH_SUPPORT
OV00003025,LN00013956,2025-07-31,180.06,BRANCH_SUPPORT
OV00003026,LN00013963,2026-02-28,1087.10,BRANCH_SUPPORT
OV00003027,LN00013971,2024-10-31,851.50,BRANCH_SUPPORT
OV00003028,LN00013981,2025-08-31,841.12,BRANCH_SUPPORT
OV00003029,LN00013985,2025-12-31,664.56,BRANCH_SUPPORT
OV00003030,LN00013991,2026-06-30,330.75,BRANCH_SUPPORT
OV00003031,LN00013993,2024-08-31,507.26,BRANCH_SUPPORT
OV00003032,LN00013994,2024-09-30,374.44,BRANCH_SUPPORT
OV00003033,LN00013999,2025-02-28,639.99,BRANCH_SUPPORT
OV00003034,LN00014006,2025-09-30,624.14,BRANCH_SUPPORT
OV00003035,LN00014013,2026-04-30,776.05,BRANCH_SUPPORT
OV00003036,LN00014015,2026-06-30,423.48,BRANCH_SUPPORT
OV00003037,LN00014017,2024-08-31,515.76,BRANCH_SUPPORT
OV00003038,LN00014025,2025-04-30,198.96,BRANCH_SUPPORT
OV00003039,LN00014026,2025-05-31,352.20,BRANCH_SUPPORT
OV00003040,LN00014028,2025-07-31,178.90,BRANCH_SUPPORT
OV00003041,LN00014029,2025-08-31,279.93,BRANCH_SUPPORT
OV00003042,LN00014033,2025-12-31,385.60,BRANCH_SUPPORT
OV00003043,LN00014035,2026-02-28,1001.98,BRANCH_SUPPORT
OV00003044,LN00014047,2025-02-28,105.10,BRANCH_SUPPORT
OV00003045,LN00014049,2025-04-30,75.54,BRANCH_SUPPORT
OV00003046,LN00014054,2025-09-30,483.75,BRANCH_SUPPORT
OV00003047,LN00014055,2025-10-31,419.79,BRANCH_SUPPORT
OV00003048,LN00014060,2026-03-31,395.00,BRANCH_SUPPORT
OV00003049,LN00014061,2026-04-30,336.80,BRANCH_SUPPORT
OV00003050,LN00014079,2025-10-31,320.16,BRANCH_SUPPORT
OV00003051,LN00014082,2026-01-31,980.10,BRANCH_SUPPORT
OV00003052,LN00014086,2026-05-31,707.80,BRANCH_SUPPORT
OV00003053,LN00014090,2024-09-30,214.40,BRANCH_SUPPORT
OV00003054,LN00014092,2024-11-30,1185.28,BRANCH_SUPPORT
OV00003055,LN00014098,2025-05-31,398.75,BRANCH_SUPPORT
OV00003056,LN00014100,2025-07-31,565.88,BRANCH_SUPPORT
OV00003057,LN00014103,2025-10-31,606.90,BRANCH_SUPPORT
OV00003058,LN00014107,2026-02-28,1084.96,BRANCH_SUPPORT
OV00003059,LN00014108,2026-03-31,1172.48,BRANCH_SUPPORT
OV00003060,LN00014110,2026-05-31,580.06,BRANCH_SUPPORT
OV00003061,LN00014112,2026-07-31,186.90,BRANCH_SUPPORT
OV00003062,LN00014122,2025-05-31,514.44,BRANCH_SUPPORT
OV00003063,LN00014123,2025-06-30,849.94,BRANCH_SUPPORT
OV00003064,LN00014128,2025-11-30,358.70,BRANCH_SUPPORT
OV00003065,LN00014131,2026-02-28,382.20,BRANCH_SUPPORT
OV00003066,LN00014134,2026-05-31,849.44,BRANCH_SUPPORT
OV00003067,LN00014139,2024-10-31,291.95,BRANCH_SUPPORT
OV00003068,LN00014144,2025-03-31,869.66,BRANCH_SUPPORT
OV00003069,LN00014149,2025-08-31,688.32,BRANCH_SUPPORT
OV00003070,LN00014156,2026-03-31,1197.00,BRANCH_SUPPORT
OV00003071,LN00014159,2026-06-30,921.76,BRANCH_SUPPORT
OV00003072,LN00014162,2024-09-30,872.28,BRANCH_SUPPORT
OV00003073,LN00014166,2025-01-31,842.76,BRANCH_SUPPORT
OV00003074,LN00014170,2025-05-31,842.49,BRANCH_SUPPORT
OV00003075,LN00014174,2025-09-30,394.03,BRANCH_SUPPORT
OV00003076,LN00014176,2025-11-30,242.70,BRANCH_SUPPORT
OV00003077,LN00014177,2025-12-31,212.24,BRANCH_SUPPORT
OV00003078,LN00014179,2026-02-28,471.24,BRANCH_SUPPORT
OV00003079,LN00014182,2026-05-31,158.73,BRANCH_SUPPORT
OV00003080,LN00014187,2024-10-31,728.70,BRANCH_SUPPORT
OV00003081,LN00014189,2024-12-31,564.34,BRANCH_SUPPORT
OV00003082,LN00014191,2025-02-28,854.81,BRANCH_SUPPORT
OV00003083,LN00014198,2025-09-30,372.96,BRANCH_SUPPORT
OV00003084,LN00014203,2026-02-28,395.85,BRANCH_SUPPORT
OV00003085,LN00014206,2026-05-31,222.00,BRANCH_SUPPORT
OV00003086,LN00014218,2025-05-31,316.20,BRANCH_SUPPORT
OV00003087,LN00014219,2025-06-30,254.03,BRANCH_SUPPORT
OV00003088,LN00014229,2026-04-30,167.64,BRANCH_SUPPORT
OV00003089,LN00014234,2024-09-30,621.36,BRANCH_SUPPORT
OV00003090,LN00014240,2025-03-31,310.10,BRANCH_SUPPORT
OV00003091,LN00014242,2025-05-31,512.55,BRANCH_SUPPORT
OV00003092,LN00014249,2025-12-31,350.10,BRANCH_SUPPORT
OV00003093,LN00014254,2026-05-31,85.90,BRANCH_SUPPORT
OV00003094,LN00014257,2024-08-31,153.72,BRANCH_SUPPORT
OV00003095,LN00014263,2025-02-28,590.88,BRANCH_SUPPORT
OV00003096,LN00014264,2025-03-31,241.54,BRANCH_SUPPORT
OV00003097,LN00014266,2025-05-31,195.04,BRANCH_SUPPORT
OV00003098,LN00014267,2025-06-30,391.30,BRANCH_SUPPORT
OV00003099,LN00014270,2025-09-30,381.78,BRANCH_SUPPORT
OV00003100,LN00014276,2026-03-31,596.61,BRANCH_SUPPORT
OV00003101,LN00014279,2026-06-30,210.48,BRANCH_SUPPORT
OV00003102,LN00014289,2025-04-30,440.37,BRANCH_SUPPORT
OV00003103,LN00014297,2025-12-31,188.64,BRANCH_SUPPORT
OV00003104,LN00014298,2026-01-31,236.17,BRANCH_SUPPORT
OV00003105,LN00014302,2026-05-31,611.00,BRANCH_SUPPORT
OV00003106,LN00014313,2025-04-30,239.91,BRANCH_SUPPORT
OV00003107,LN00014318,2025-09-30,601.30,BRANCH_SUPPORT
OV00003108,LN00014334,2025-01-31,537.74,BRANCH_SUPPORT
OV00003109,LN00014335,2025-02-28,208.56,BRANCH_SUPPORT
OV00003110,LN00014359,2025-02-28,614.43,BRANCH_SUPPORT
OV00003111,LN00014360,2025-03-31,309.96,BRANCH_SUPPORT
OV00003112,LN00014361,2025-04-30,329.94,BRANCH_SUPPORT
OV00003113,LN00014366,2025-09-30,113.16,BRANCH_SUPPORT
OV00003114,LN00014369,2025-12-31,623.48,BRANCH_SUPPORT
OV00003115,LN00014374,2026-05-31,541.68,BRANCH_SUPPORT
OV00003116,LN00014375,2026-06-30,447.54,BRANCH_SUPPORT
OV00003117,LN00014378,2024-09-30,186.20,BRANCH_SUPPORT
OV00003118,LN00014380,2024-11-30,318.08,BRANCH_SUPPORT
OV00003119,LN00014386,2025-05-31,646.75,BRANCH_SUPPORT
OV00003120,LN00014395,2026-02-28,482.25,BRANCH_SUPPORT
OV00003121,LN00014400,2026-07-31,364.95,BRANCH_SUPPORT
OV00003122,LN00014405,2024-12-31,140.31,BRANCH_SUPPORT
OV00003123,LN00014407,2025-02-28,624.60,BRANCH_SUPPORT
OV00003124,LN00014411,2025-06-30,666.30,BRANCH_SUPPORT
OV00003125,LN00014412,2025-07-31,408.59,BRANCH_SUPPORT
OV00003126,LN00014413,2025-08-31,247.95,BRANCH_SUPPORT
OV00003127,LN00014414,2025-09-30,271.04,BRANCH_SUPPORT
OV00003128,LN00014415,2025-10-31,192.64,BRANCH_SUPPORT
OV00003129,LN00014420,2026-03-31,554.25,BRANCH_SUPPORT
OV00003130,LN00014428,2024-11-30,712.01,BRANCH_SUPPORT
OV00003131,LN00014433,2025-04-30,836.70,BRANCH_SUPPORT
OV00003132,LN00014438,2025-09-30,990.40,BRANCH_SUPPORT
OV00003133,LN00014442,2026-01-31,159.06,BRANCH_SUPPORT
OV00003134,LN00014446,2026-05-31,382.26,BRANCH_SUPPORT
OV00003135,LN00014447,2026-06-30,370.56,BRANCH_SUPPORT
OV00003136,LN00014450,2024-09-30,612.70,BRANCH_SUPPORT
OV00003137,LN00014454,2025-01-31,815.88,BRANCH_SUPPORT
OV00003138,LN00014455,2025-02-28,509.34,BRANCH_SUPPORT
OV00003139,LN00014467,2026-02-28,455.42,BRANCH_SUPPORT
OV00003140,LN00014480,2025-03-31,534.00,BRANCH_SUPPORT
OV00003141,LN00014483,2025-06-30,476.70,BRANCH_SUPPORT
OV00003142,LN00014485,2025-08-31,365.64,BRANCH_SUPPORT
OV00003143,LN00014493,2026-04-30,667.04,BRANCH_SUPPORT
OV00003144,LN00014513,2025-12-31,357.36,BRANCH_SUPPORT
OV00003145,LN00014515,2026-02-28,554.22,BRANCH_SUPPORT
OV00003146,LN00014517,2026-04-30,302.10,BRANCH_SUPPORT
OV00003147,LN00014524,2024-11-30,346.80,BRANCH_SUPPORT
OV00003148,LN00014525,2024-12-31,381.94,BRANCH_SUPPORT
OV00003149,LN00014526,2025-01-31,198.25,BRANCH_SUPPORT
OV00003150,LN00014531,2025-06-30,345.80,BRANCH_SUPPORT
OV00003151,LN00014543,2026-06-30,318.06,BRANCH_SUPPORT
OV00003152,LN00014548,2024-11-30,334.30,BRANCH_SUPPORT
OV00003153,LN00014565,2026-04-30,663.68,BRANCH_SUPPORT
OV00003154,LN00014572,2024-11-30,578.90,BRANCH_SUPPORT
OV00003155,LN00014580,2025-07-31,222.53,BRANCH_SUPPORT
OV00003156,LN00014584,2025-11-30,307.79,BRANCH_SUPPORT
OV00003157,LN00014593,2024-08-31,599.83,BRANCH_SUPPORT
OV00003158,LN00014596,2024-11-30,242.20,BRANCH_SUPPORT
OV00003159,LN00014602,2025-05-31,482.30,BRANCH_SUPPORT
OV00003160,LN00014603,2025-06-30,364.49,BRANCH_SUPPORT
OV00003161,LN00014604,2025-07-31,239.88,BRANCH_SUPPORT
OV00003162,LN00014616,2026-07-31,112.38,BRANCH_SUPPORT
OV00003163,LN00014618,2024-09-30,346.16,BRANCH_SUPPORT
OV00003164,LN00014621,2024-12-31,514.96,BRANCH_SUPPORT
OV00003165,LN00014622,2025-01-31,150.16,BRANCH_SUPPORT
OV00003166,LN00014626,2025-05-31,259.77,BRANCH_SUPPORT
OV00003167,LN00014627,2025-06-30,202.40,BRANCH_SUPPORT
OV00003168,LN00014633,2025-12-31,372.19,BRANCH_SUPPORT
OV00003169,LN00014634,2026-01-31,312.12,BRANCH_SUPPORT
OV00003170,LN00014644,2024-11-30,373.68,BRANCH_SUPPORT
OV00003171,LN00014647,2025-02-28,180.70,BRANCH_SUPPORT
OV00003172,LN00014648,2025-03-31,260.82,BRANCH_SUPPORT
OV00003173,LN00014649,2025-04-30,808.48,BRANCH_SUPPORT
OV00003174,LN00014655,2025-10-31,123.90,BRANCH_SUPPORT
OV00003175,LN00014662,2026-05-31,618.72,BRANCH_SUPPORT
OV00003176,LN00014670,2025-01-31,1122.08,BRANCH_SUPPORT
OV00003177,LN00014674,2025-05-31,840.64,BRANCH_SUPPORT
OV00003178,LN00014678,2025-09-30,240.79,BRANCH_SUPPORT
OV00003179,LN00014681,2025-12-31,168.30,BRANCH_SUPPORT
OV00003180,LN00014683,2026-02-28,499.20,BRANCH_SUPPORT
OV00003181,LN00014693,2024-12-31,507.65,BRANCH_SUPPORT
OV00003182,LN00014703,2025-10-31,791.25,BRANCH_SUPPORT
OV00003183,LN00014705,2025-12-31,182.50,BRANCH_SUPPORT
OV00003184,LN00014708,2026-03-31,65.40,BRANCH_SUPPORT
OV00003185,LN00014713,2024-08-31,453.00,BRANCH_SUPPORT
OV00003186,LN00014725,2025-08-31,225.20,BRANCH_SUPPORT
OV00003187,LN00014728,2025-11-30,550.48,BRANCH_SUPPORT
OV00003188,LN00014729,2025-12-31,793.92,BRANCH_SUPPORT
OV00003189,LN00014733,2026-04-30,226.45,BRANCH_SUPPORT
OV00003190,LN00014735,2026-06-30,377.80,BRANCH_SUPPORT
OV00003191,LN00014747,2025-06-30,799.68,BRANCH_SUPPORT
OV00003192,LN00014750,2025-09-30,1034.55,BRANCH_SUPPORT
OV00003193,LN00014756,2026-03-31,331.66,BRANCH_SUPPORT
OV00003194,LN00014764,2024-11-30,514.85,BRANCH_SUPPORT
OV00003195,LN00014767,2025-02-28,714.08,BRANCH_SUPPORT
OV00003196,LN00014777,2025-12-31,648.16,BRANCH_SUPPORT
OV00003197,LN00014781,2026-04-30,869.10,BRANCH_SUPPORT
OV00003198,LN00014786,2024-09-30,350.87,BRANCH_SUPPORT
OV00003199,LN00014788,2024-11-30,575.55,BRANCH_SUPPORT
OV00003200,LN00014802,2026-01-31,141.92,BRANCH_SUPPORT
OV00003201,LN00014803,2026-02-28,128.64,BRANCH_SUPPORT
OV00003202,LN00014810,2024-09-30,871.91,BRANCH_SUPPORT
OV00003203,LN00014813,2024-12-31,422.52,BRANCH_SUPPORT
OV00003204,LN00014815,2025-02-28,915.18,BRANCH_SUPPORT
OV00003205,LN00014816,2025-03-31,411.60,BRANCH_SUPPORT
OV00003206,LN00014823,2025-10-31,98.08,BRANCH_SUPPORT
OV00003207,LN00014825,2025-12-31,116.91,BRANCH_SUPPORT
OV00003208,LN00014829,2026-04-30,711.26,BRANCH_SUPPORT
OV00003209,LN00014831,2026-06-30,520.47,BRANCH_SUPPORT
OV00003210,LN00014833,2024-08-31,143.73,BRANCH_SUPPORT
OV00003211,LN00014839,2025-02-28,771.84,BRANCH_SUPPORT
OV00003212,LN00014841,2025-04-30,162.40,BRANCH_SUPPORT
OV00003213,LN00014848,2025-11-30,378.96,BRANCH_SUPPORT
OV00003214,LN00014863,2025-02-28,847.80,BRANCH_SUPPORT
OV00003215,LN00014864,2025-03-31,585.44,BRANCH_SUPPORT
OV00003216,LN00014869,2025-08-31,384.24,BRANCH_SUPPORT
OV00003217,LN00014870,2025-09-30,799.95,BRANCH_SUPPORT
OV00003218,LN00014872,2025-11-30,301.62,BRANCH_SUPPORT
OV00003219,LN00014874,2026-01-31,402.22,BRANCH_SUPPORT
OV00003220,LN00014876,2026-03-31,140.70,BRANCH_SUPPORT
OV00003221,LN00014880,2026-07-31,369.42,BRANCH_SUPPORT
OV00003222,LN00014888,2025-03-31,549.40,BRANCH_SUPPORT
OV00003223,LN00014899,2026-02-28,116.10,BRANCH_SUPPORT
OV00003224,LN00014903,2026-06-30,712.60,BRANCH_SUPPORT
OV00003225,LN00014912,2025-03-31,378.78,BRANCH_SUPPORT
OV00003226,LN00014916,2025-07-31,841.95,BRANCH_SUPPORT
OV00003227,LN00014921,2025-12-31,277.08,BRANCH_SUPPORT
OV00003228,LN00014922,2026-01-31,378.27,BRANCH_SUPPORT
OV00003229,LN00014925,2026-04-30,929.18,BRANCH_SUPPORT
OV00003230,LN00014927,2026-06-30,972.44,BRANCH_SUPPORT
OV00003231,LN00014929,2024-08-31,290.07,BRANCH_SUPPORT
OV00003232,LN00014931,2024-10-31,313.29,BRANCH_SUPPORT
OV00003233,LN00014932,2024-11-30,516.72,BRANCH_SUPPORT
OV00003234,LN00014935,2025-02-28,367.56,BRANCH_SUPPORT
OV00003235,LN00014945,2025-12-31,729.52,BRANCH_SUPPORT
OV00003236,LN00014946,2026-01-31,1131.84,BRANCH_SUPPORT
OV00003237,LN00014949,2026-04-30,102.24,BRANCH_SUPPORT
OV00003238,LN00014955,2024-10-31,380.48,BRANCH_SUPPORT
OV00003239,LN00014961,2025-04-30,286.56,BRANCH_SUPPORT
OV00003240,LN00014969,2025-12-31,870.60,BRANCH_SUPPORT
OV00003241,LN00014971,2026-02-28,468.44,BRANCH_SUPPORT
OV00003242,LN00014975,2026-06-30,520.56,BRANCH_SUPPORT
OV00003243,LN00014986,2025-05-31,101.08,BRANCH_SUPPORT
OV00003244,LN00014994,2026-01-31,395.36,BRANCH_SUPPORT
OV00003245,LN00015008,2025-03-31,467.34,BRANCH_SUPPORT
OV00003246,LN00015009,2025-04-30,911.04,BRANCH_SUPPORT
OV00003247,LN00015025,2024-08-31,620.80,BRANCH_SUPPORT
OV00003248,LN00015030,2025-01-31,701.30,BRANCH_SUPPORT
OV00003249,LN00015032,2025-03-31,689.40,BRANCH_SUPPORT
OV00003250,LN00015035,2025-06-30,168.96,BRANCH_SUPPORT
OV00003251,LN00015040,2025-11-30,584.64,BRANCH_SUPPORT
OV00003252,LN00015043,2026-02-28,535.44,BRANCH_SUPPORT
OV00003253,LN00015049,2024-08-31,428.01,BRANCH_SUPPORT
OV00003254,LN00015062,2025-09-30,597.63,BRANCH_SUPPORT
OV00003255,LN00015063,2025-10-31,136.18,BRANCH_SUPPORT
OV00003256,LN00015066,2026-01-31,974.25,BRANCH_SUPPORT
OV00003257,LN00015070,2026-05-31,229.50,BRANCH_SUPPORT
OV00003258,LN00015071,2026-06-30,433.44,BRANCH_SUPPORT
OV00003259,LN00015074,2024-09-30,179.01,BRANCH_SUPPORT
OV00003260,LN00015076,2024-11-30,1128.60,BRANCH_SUPPORT
OV00003261,LN00015085,2025-08-31,205.26,BRANCH_SUPPORT
OV00003262,LN00015104,2025-03-31,292.60,BRANCH_SUPPORT
OV00003263,LN00015118,2026-05-31,748.28,BRANCH_SUPPORT
OV00003264,LN00015121,2024-08-31,526.23,BRANCH_SUPPORT
OV00003265,LN00015122,2024-09-30,1028.16,BRANCH_SUPPORT
OV00003266,LN00015125,2024-12-31,517.20,BRANCH_SUPPORT
OV00003267,LN00015131,2025-06-30,286.56,BRANCH_SUPPORT
OV00003268,LN00015132,2025-07-31,479.29,BRANCH_SUPPORT
OV00003269,LN00015136,2025-11-30,618.30,BRANCH_SUPPORT
OV00003270,LN00015145,2024-08-31,547.60,BRANCH_SUPPORT
OV00003271,LN00015157,2025-08-31,472.24,BRANCH_SUPPORT
OV00003272,LN00015158,2025-09-30,836.52,BRANCH_SUPPORT
OV00003273,LN00015162,2026-01-31,120.20,BRANCH_SUPPORT
OV00003274,LN00015179,2025-06-30,475.75,BRANCH_SUPPORT
OV00003275,LN00015181,2025-08-31,389.28,BRANCH_SUPPORT
OV00003276,LN00015186,2026-01-31,757.95,BRANCH_SUPPORT
OV00003277,LN00015187,2026-02-28,191.64,BRANCH_SUPPORT
OV00003278,LN00015188,2026-03-31,585.27,BRANCH_SUPPORT
OV00003279,LN00015190,2026-05-31,643.68,BRANCH_SUPPORT
OV00003280,LN00015198,2025-01-31,497.84,BRANCH_SUPPORT
OV00003281,LN00015207,2025-10-31,650.40,BRANCH_SUPPORT
OV00003282,LN00015209,2025-12-31,187.04,BRANCH_SUPPORT
OV00003283,LN00015212,2026-03-31,113.61,BRANCH_SUPPORT
OV00003284,LN00015217,2024-08-31,716.50,BRANCH_SUPPORT
OV00003285,LN00015219,2024-10-31,290.29,BRANCH_SUPPORT
OV00003286,LN00015225,2025-04-30,268.97,BRANCH_SUPPORT
OV00003287,LN00015229,2025-08-31,245.19,BRANCH_SUPPORT
OV00003288,LN00015230,2025-09-30,108.75,BRANCH_SUPPORT
OV00003289,LN00015232,2025-11-30,600.08,BRANCH_SUPPORT
OV00003290,LN00015237,2026-04-30,498.33,BRANCH_SUPPORT
OV00003291,LN00015240,2026-07-31,629.60,BRANCH_SUPPORT
OV00003292,LN00015243,2024-10-31,394.10,BRANCH_SUPPORT
OV00003293,LN00015245,2024-12-31,133.38,BRANCH_SUPPORT
OV00003294,LN00015246,2025-01-31,358.38,BRANCH_SUPPORT
OV00003295,LN00015250,2025-05-31,513.28,BRANCH_SUPPORT
OV00003296,LN00015251,2025-06-30,868.89,BRANCH_SUPPORT
OV00003297,LN00015261,2026-04-30,791.42,BRANCH_SUPPORT
OV00003298,LN00015268,2024-11-30,998.53,BRANCH_SUPPORT
OV00003299,LN00015272,2025-03-31,609.95,BRANCH_SUPPORT
OV00003300,LN00015275,2025-06-30,129.50,BRANCH_SUPPORT
OV00003301,LN00015276,2025-07-31,847.66,BRANCH_SUPPORT
OV00003302,LN00015278,2025-09-30,1044.40,BRANCH_SUPPORT
OV00003303,LN00015286,2026-05-31,151.65,BRANCH_SUPPORT
OV00003304,LN00015287,2026-06-30,648.00,BRANCH_SUPPORT
OV00003305,LN00015292,2024-11-30,947.04,BRANCH_SUPPORT
OV00003306,LN00015295,2025-02-28,673.74,BRANCH_SUPPORT
OV00003307,LN00015300,2025-07-31,601.76,BRANCH_SUPPORT
OV00003308,LN00015303,2025-10-31,325.40,BRANCH_SUPPORT
OV00003309,LN00015305,2025-12-31,145.53,BRANCH_SUPPORT
OV00003310,LN00015324,2025-07-31,171.36,BRANCH_SUPPORT
OV00003311,LN00015334,2026-05-31,639.32,BRANCH_SUPPORT
OV00003312,LN00015342,2025-01-31,153.72,BRANCH_SUPPORT
OV00003313,LN00015343,2025-02-28,878.04,BRANCH_SUPPORT
OV00003314,LN00015344,2025-03-31,402.00,BRANCH_SUPPORT
OV00003315,LN00015345,2025-04-30,242.40,BRANCH_SUPPORT
OV00003316,LN00015365,2024-12-31,845.28,BRANCH_SUPPORT
OV00003317,LN00015366,2025-01-31,351.89,BRANCH_SUPPORT
OV00003318,LN00015373,2025-08-31,388.92,BRANCH_SUPPORT
OV00003319,LN00015378,2026-01-31,424.56,BRANCH_SUPPORT
OV00003320,LN00015383,2026-06-30,231.00,BRANCH_SUPPORT
OV00003321,LN00015396,2025-07-31,335.64,BRANCH_SUPPORT
OV00003322,LN00015397,2025-08-31,699.20,BRANCH_SUPPORT
OV00003323,LN00015399,2025-10-31,837.12,BRANCH_SUPPORT
OV00003324,LN00015405,2026-04-30,650.78,BRANCH_SUPPORT
OV00003325,LN00015410,2024-09-30,622.62,BRANCH_SUPPORT
OV00003326,LN00015412,2024-11-30,564.56,BRANCH_SUPPORT
OV00003327,LN00015413,2024-12-31,959.10,BRANCH_SUPPORT
OV00003328,LN00015417,2025-04-30,302.80,BRANCH_SUPPORT
OV00003329,LN00015420,2025-07-31,357.80,BRANCH_SUPPORT
OV00003330,LN00015426,2026-01-31,207.00,BRANCH_SUPPORT
OV00003331,LN00015427,2026-02-28,111.90,BRANCH_SUPPORT
OV00003332,LN00015428,2026-03-31,671.40,BRANCH_SUPPORT
OV00003333,LN00015434,2024-09-30,157.52,BRANCH_SUPPORT
OV00003334,LN00015438,2025-01-31,473.60,BRANCH_SUPPORT
OV00003335,LN00015448,2025-11-30,243.96,BRANCH_SUPPORT
OV00003336,LN00015457,2024-08-31,93.24,BRANCH_SUPPORT
OV00003337,LN00015459,2024-10-31,206.44,BRANCH_SUPPORT
OV00003338,LN00015461,2024-12-31,111.50,BRANCH_SUPPORT
OV00003339,LN00015464,2025-03-31,400.80,BRANCH_SUPPORT
OV00003340,LN00015465,2025-04-30,618.60,BRANCH_SUPPORT
OV00003341,LN00015472,2025-11-30,286.02,BRANCH_SUPPORT
OV00003342,LN00015474,2026-01-31,281.88,BRANCH_SUPPORT
OV00003343,LN00015476,2026-03-31,750.50,BRANCH_SUPPORT
OV00003344,LN00015481,2024-08-31,924.75,BRANCH_SUPPORT
OV00003345,LN00015483,2024-10-31,292.26,BRANCH_SUPPORT
OV00003346,LN00015484,2024-11-30,624.33,BRANCH_SUPPORT
OV00003347,LN00015485,2024-12-31,603.84,BRANCH_SUPPORT
OV00003348,LN00015486,2025-01-31,281.40,BRANCH_SUPPORT
OV00003349,LN00015491,2025-06-30,631.80,BRANCH_SUPPORT
OV00003350,LN00015500,2026-03-31,146.52,BRANCH_SUPPORT
OV00003351,LN00015504,2026-07-31,337.65,BRANCH_SUPPORT
OV00003352,LN00015515,2025-06-30,233.40,BRANCH_SUPPORT
OV00003353,LN00015517,2025-08-31,277.95,BRANCH_SUPPORT
OV00003354,LN00015520,2025-11-30,994.20,BRANCH_SUPPORT
OV00003355,LN00015527,2026-06-30,189.60,BRANCH_SUPPORT
OV00003356,LN00015532,2024-11-30,222.82,BRANCH_SUPPORT
OV00003357,LN00015536,2025-03-31,556.40,BRANCH_SUPPORT
OV00003358,LN00015538,2025-05-31,572.64,BRANCH_SUPPORT
OV00003359,LN00015542,2025-09-30,341.01,BRANCH_SUPPORT
OV00003360,LN00015554,2024-09-30,561.22,BRANCH_SUPPORT
OV00003361,LN00015559,2025-02-28,99.95,BRANCH_SUPPORT
OV00003362,LN00015562,2025-05-31,518.98,BRANCH_SUPPORT
OV00003363,LN00015565,2025-08-31,862.44,BRANCH_SUPPORT
OV00003364,LN00015567,2025-10-31,819.36,BRANCH_SUPPORT
OV00003365,LN00015572,2026-03-31,357.78,BRANCH_SUPPORT
OV00003366,LN00015578,2024-09-30,322.20,BRANCH_SUPPORT
OV00003367,LN00015583,2025-02-28,663.60,BRANCH_SUPPORT
OV00003368,LN00015584,2025-03-31,122.55,BRANCH_SUPPORT
OV00003369,LN00015587,2025-06-30,410.15,BRANCH_SUPPORT
OV00003370,LN00015589,2025-08-31,102.72,BRANCH_SUPPORT
OV00003371,LN00015598,2026-05-31,351.35,BRANCH_SUPPORT
OV00003372,LN00015603,2024-10-31,759.33,BRANCH_SUPPORT
OV00003373,LN00015604,2024-11-30,604.89,BRANCH_SUPPORT
OV00003374,LN00015605,2024-12-31,72.24,BRANCH_SUPPORT
OV00003375,LN00015609,2025-04-30,671.58,BRANCH_SUPPORT
OV00003376,LN00015611,2025-06-30,213.30,BRANCH_SUPPORT
OV00003377,LN00015614,2025-09-30,918.45,BRANCH_SUPPORT
OV00003378,LN00015620,2026-03-31,553.41,BRANCH_SUPPORT
OV00003379,LN00015627,2024-10-31,482.67,BRANCH_SUPPORT
OV00003380,LN00015628,2024-11-30,1205.60,BRANCH_SUPPORT
OV00003381,LN00015632,2025-03-31,314.04,BRANCH_SUPPORT
OV00003382,LN00015636,2025-07-31,863.52,BRANCH_SUPPORT
OV00003383,LN00015641,2025-12-31,619.36,BRANCH_SUPPORT
OV00003384,LN00015642,2026-01-31,268.45,BRANCH_SUPPORT
OV00003385,LN00015654,2025-01-31,675.90,BRANCH_SUPPORT
OV00003386,LN00015662,2025-09-30,1174.05,BRANCH_SUPPORT
OV00003387,LN00015666,2026-01-31,244.60,BRANCH_SUPPORT
OV00003388,LN00015669,2026-04-30,220.62,BRANCH_SUPPORT
OV00003389,LN00015672,2026-07-31,407.25,BRANCH_SUPPORT
OV00003390,LN00015673,2024-08-31,587.21,BRANCH_SUPPORT
OV00003391,LN00015677,2024-12-31,115.60,BRANCH_SUPPORT
OV00003392,LN00015685,2025-08-31,254.34,BRANCH_SUPPORT
OV00003393,LN00015693,2026-04-30,337.50,BRANCH_SUPPORT
OV00003394,LN00015698,2024-09-30,139.77,BRANCH_SUPPORT
OV00003395,LN00015701,2024-12-31,479.85,BRANCH_SUPPORT
OV00003396,LN00015702,2025-01-31,195.26,BRANCH_SUPPORT
OV00003397,LN00015707,2025-06-30,416.70,BRANCH_SUPPORT
OV00003398,LN00015708,2025-07-31,157.69,BRANCH_SUPPORT
OV00003399,LN00015711,2025-10-31,807.95,BRANCH_SUPPORT
OV00003400,LN00015713,2025-12-31,416.34,BRANCH_SUPPORT
OV00003401,LN00015737,2025-12-31,937.30,BRANCH_SUPPORT
OV00003402,LN00015751,2025-02-28,306.20,BRANCH_SUPPORT
OV00003403,LN00015752,2025-03-31,75.66,BRANCH_SUPPORT
OV00003404,LN00015758,2025-09-30,600.30,BRANCH_SUPPORT
OV00003405,LN00015759,2025-10-31,445.83,BRANCH_SUPPORT
OV00003406,LN00015760,2025-11-30,260.40,BRANCH_SUPPORT
OV00003407,LN00015764,2026-03-31,369.81,BRANCH_SUPPORT
OV00003408,LN00015765,2026-04-30,557.76,BRANCH_SUPPORT
OV00003409,LN00015767,2026-06-30,461.34,BRANCH_SUPPORT
OV00003410,LN00015769,2024-08-31,672.24,BRANCH_SUPPORT
OV00003411,LN00015770,2024-09-30,523.28,BRANCH_SUPPORT
OV00003412,LN00015772,2024-11-30,597.28,BRANCH_SUPPORT
OV00003413,LN00015773,2024-12-31,77.95,BRANCH_SUPPORT
OV00003414,LN00015774,2025-01-31,422.82,BRANCH_SUPPORT
OV00003415,LN00015775,2025-02-28,758.89,BRANCH_SUPPORT
OV00003416,LN00015776,2025-03-31,223.10,BRANCH_SUPPORT
OV00003417,LN00015777,2025-04-30,488.60,BRANCH_SUPPORT
OV00003418,LN00015784,2025-11-30,1097.04,BRANCH_SUPPORT
OV00003419,LN00015798,2025-01-31,1239.36,BRANCH_SUPPORT
OV00003420,LN00015801,2025-04-30,261.90,BRANCH_SUPPORT
OV00003421,LN00015802,2025-05-31,773.25,BRANCH_SUPPORT
OV00003422,LN00015809,2025-12-31,305.11,BRANCH_SUPPORT
OV00003423,LN00015813,2026-04-30,267.12,BRANCH_SUPPORT
OV00003424,LN00015817,2024-08-31,361.40,BRANCH_SUPPORT
OV00003425,LN00015823,2025-02-28,433.44,BRANCH_SUPPORT
OV00003426,LN00015825,2025-04-30,102.15,BRANCH_SUPPORT
OV00003427,LN00015829,2025-08-31,445.50,BRANCH_SUPPORT
OV00003428,LN00015833,2025-12-31,207.18,BRANCH_SUPPORT
OV00003429,LN00015836,2026-03-31,609.20,BRANCH_SUPPORT
OV00003430,LN00015837,2026-04-30,115.55,BRANCH_SUPPORT
OV00003431,LN00015842,2024-09-30,1063.58,BRANCH_SUPPORT
OV00003432,LN00015847,2025-02-28,953.88,BRANCH_SUPPORT
OV00003433,LN00015850,2025-05-31,820.38,BRANCH_SUPPORT
OV00003434,LN00015855,2025-10-31,502.26,BRANCH_SUPPORT
OV00003435,LN00015856,2025-11-30,348.00,BRANCH_SUPPORT
OV00003436,LN00015859,2026-02-28,182.00,BRANCH_SUPPORT
OV00003437,LN00015865,2024-08-31,601.81,BRANCH_SUPPORT
OV00003438,LN00015867,2024-10-31,793.76,BRANCH_SUPPORT
OV00003439,LN00015869,2024-12-31,380.03,BRANCH_SUPPORT
OV00003440,LN00015877,2025-08-31,156.06,BRANCH_SUPPORT
OV00003441,LN00015883,2026-02-28,165.96,BRANCH_SUPPORT
OV00003442,LN00015888,2026-07-31,367.73,BRANCH_SUPPORT
OV00003443,LN00015889,2024-08-31,212.94,BRANCH_SUPPORT
OV00003444,LN00015893,2024-12-31,217.32,BRANCH_SUPPORT
OV00003445,LN00015894,2025-01-31,180.57,BRANCH_SUPPORT
OV00003446,LN00015898,2025-05-31,687.28,BRANCH_SUPPORT
OV00003447,LN00015900,2025-07-31,153.85,BRANCH_SUPPORT
OV00003448,LN00015904,2025-11-30,308.97,BRANCH_SUPPORT
OV00003449,LN00015908,2026-03-31,342.75,BRANCH_SUPPORT
OV00003450,LN00015913,2024-08-31,825.36,BRANCH_SUPPORT
OV00003451,LN00015914,2024-09-30,184.87,BRANCH_SUPPORT
OV00003452,LN00015915,2024-10-31,489.02,BRANCH_SUPPORT
OV00003453,LN00015920,2025-03-31,554.25,BRANCH_SUPPORT
OV00003454,LN00015928,2025-11-30,365.43,BRANCH_SUPPORT
OV00003455,LN00015933,2026-04-30,866.88,BRANCH_SUPPORT
OV00003456,LN00015934,2026-05-31,461.82,BRANCH_SUPPORT
OV00003457,LN00015936,2026-07-31,176.58,BRANCH_SUPPORT
OV00003458,LN00015941,2024-12-31,268.62,BRANCH_SUPPORT
OV00003459,LN00015954,2026-01-31,356.15,BRANCH_SUPPORT
OV00003460,LN00015961,2024-08-31,618.20,BRANCH_SUPPORT
OV00003461,LN00015965,2024-12-31,807.96,BRANCH_SUPPORT
OV00003462,LN00015966,2025-01-31,282.30,BRANCH_SUPPORT
OV00003463,LN00015970,2025-05-31,326.97,BRANCH_SUPPORT
OV00003464,LN00015972,2025-07-31,429.93,BRANCH_SUPPORT
OV00003465,LN00015979,2026-02-28,163.46,BRANCH_SUPPORT
OV00003466,LN00015980,2026-03-31,478.17,BRANCH_SUPPORT
OV00003467,LN00015981,2026-04-30,307.16,BRANCH_SUPPORT
OV00003468,LN00015989,2024-12-31,356.96,BRANCH_SUPPORT
OV00003469,LN00015993,2025-04-30,591.12,BRANCH_SUPPORT
OV00003470,LN00015998,2025-09-30,492.47,BRANCH_SUPPORT
OV00003471,LN00016002,2026-01-31,461.61,BRANCH_SUPPORT
OV00003472,LN00016004,2026-03-31,248.78,BRANCH_SUPPORT
OV00003473,LN00016010,2024-09-30,127.61,BRANCH_SUPPORT
OV00003474,LN00016012,2024-11-30,946.95,BRANCH_SUPPORT
OV00003475,LN00016017,2025-04-30,368.83,BRANCH_SUPPORT
OV00003476,LN00016021,2025-08-31,895.70,BRANCH_SUPPORT
OV00003477,LN00016030,2026-05-31,1181.12,BRANCH_SUPPORT
OV00003478,LN00016035,2024-10-31,746.72,BRANCH_SUPPORT
OV00003479,LN00016045,2025-08-31,109.00,BRANCH_SUPPORT
OV00003480,LN00016054,2026-05-31,146.10,BRANCH_SUPPORT
OV00003481,LN00016061,2024-12-31,731.61,BRANCH_SUPPORT
OV00003482,LN00016064,2025-03-31,155.80,BRANCH_SUPPORT
OV00003483,LN00016067,2025-06-30,394.80,BRANCH_SUPPORT
OV00003484,LN00016073,2025-12-31,322.47,BRANCH_SUPPORT
OV00003485,LN00016082,2024-09-30,865.93,BRANCH_SUPPORT
OV00003486,LN00016087,2025-02-28,325.40,BRANCH_SUPPORT
OV00003487,LN00016097,2025-12-31,217.02,BRANCH_SUPPORT
OV00003488,LN00016107,2024-10-31,306.75,BRANCH_SUPPORT
OV00003489,LN00016110,2025-01-31,1093.40,BRANCH_SUPPORT
OV00003490,LN00016111,2025-02-28,706.30,BRANCH_SUPPORT
OV00003491,LN00016112,2025-03-31,225.25,BRANCH_SUPPORT
OV00003492,LN00016113,2025-04-30,372.06,BRANCH_SUPPORT
OV00003493,LN00016116,2025-07-31,347.16,BRANCH_SUPPORT
OV00003494,LN00016117,2025-08-31,473.11,BRANCH_SUPPORT
OV00003495,LN00016118,2025-09-30,105.60,BRANCH_SUPPORT
OV00003496,LN00016121,2025-12-31,483.70,BRANCH_SUPPORT
OV00003497,LN00016129,2024-08-31,316.40,BRANCH_SUPPORT
OV00003498,LN00016131,2024-10-31,217.80,BRANCH_SUPPORT
OV00003499,LN00016134,2025-01-31,109.06,BRANCH_SUPPORT
OV00003500,LN00016135,2025-02-28,450.84,BRANCH_SUPPORT
OV00003501,LN00016137,2025-04-30,157.75,BRANCH_SUPPORT
OV00003502,LN00016143,2025-10-31,843.30,BRANCH_SUPPORT
OV00003503,LN00016145,2025-12-31,292.60,BRANCH_SUPPORT
OV00003504,LN00016149,2026-04-30,1114.20,BRANCH_SUPPORT
OV00003505,LN00016150,2026-05-31,1084.00,BRANCH_SUPPORT
OV00003506,LN00016160,2025-03-31,427.44,BRANCH_SUPPORT
OV00003507,LN00016164,2025-07-31,600.00,BRANCH_SUPPORT
OV00003508,LN00016167,2025-10-31,85.65,BRANCH_SUPPORT
OV00003509,LN00016171,2026-02-28,704.88,BRANCH_SUPPORT
OV00003510,LN00016172,2026-03-31,822.72,BRANCH_SUPPORT
OV00003511,LN00016173,2026-04-30,445.80,BRANCH_SUPPORT
OV00003512,LN00016174,2026-05-31,153.20,BRANCH_SUPPORT
OV00003513,LN00016178,2024-09-30,470.03,BRANCH_SUPPORT
OV00003514,LN00016179,2024-10-31,785.72,BRANCH_SUPPORT
OV00003515,LN00016182,2025-01-31,480.06,BRANCH_SUPPORT
OV00003516,LN00016185,2025-04-30,1198.20,BRANCH_SUPPORT
OV00003517,LN00016186,2025-05-31,520.10,BRANCH_SUPPORT
OV00003518,LN00016197,2026-04-30,313.60,BRANCH_SUPPORT
OV00003519,LN00016199,2026-06-30,274.95,BRANCH_SUPPORT
OV00003520,LN00016202,2024-09-30,85.50,BRANCH_SUPPORT
OV00003521,LN00016206,2025-01-31,226.59,BRANCH_SUPPORT
OV00003522,LN00016210,2025-05-31,457.10,BRANCH_SUPPORT
OV00003523,LN00016215,2025-10-31,480.32,BRANCH_SUPPORT
OV00003524,LN00016218,2026-01-31,263.97,BRANCH_SUPPORT
OV00003525,LN00016225,2024-08-31,735.36,BRANCH_SUPPORT
OV00003526,LN00016229,2024-12-31,290.01,BRANCH_SUPPORT
OV00003527,LN00016230,2025-01-31,147.35,BRANCH_SUPPORT
OV00003528,LN00016232,2025-03-31,454.05,BRANCH_SUPPORT
OV00003529,LN00016234,2025-05-31,1108.64,BRANCH_SUPPORT
OV00003530,LN00016238,2025-09-30,274.14,BRANCH_SUPPORT
OV00003531,LN00016239,2025-10-31,559.68,BRANCH_SUPPORT
OV00003532,LN00016240,2025-11-30,941.98,BRANCH_SUPPORT
OV00003533,LN00016242,2026-01-31,503.60,BRANCH_SUPPORT
OV00003534,LN00016244,2026-03-31,311.52,BRANCH_SUPPORT
OV00003535,LN00016255,2025-02-28,634.50,BRANCH_SUPPORT
OV00003536,LN00016283,2025-06-30,787.20,BRANCH_SUPPORT
OV00003537,LN00016289,2025-12-31,740.25,BRANCH_SUPPORT
OV00003538,LN00016297,2024-08-31,1086.45,BRANCH_SUPPORT
OV00003539,LN00016313,2025-12-31,622.72,BRANCH_SUPPORT
OV00003540,LN00016320,2026-07-31,148.10,BRANCH_SUPPORT
OV00003541,LN00016322,2024-09-30,541.31,BRANCH_SUPPORT
OV00003542,LN00016326,2025-01-31,443.94,BRANCH_SUPPORT
OV00003543,LN00016330,2025-05-31,251.92,BRANCH_SUPPORT
OV00003544,LN00016333,2025-08-31,346.20,BRANCH_SUPPORT
OV00003545,LN00016335,2025-10-31,971.88,BRANCH_SUPPORT
OV00003546,LN00016336,2025-11-30,474.84,BRANCH_SUPPORT
OV00003547,LN00016341,2026-04-30,859.20,BRANCH_SUPPORT
OV00003548,LN00016346,2024-09-30,796.84,BRANCH_SUPPORT
OV00003549,LN00016350,2025-01-31,174.90,BRANCH_SUPPORT
OV00003550,LN00016357,2025-08-31,215.28,BRANCH_SUPPORT
OV00003551,LN00016377,2025-04-30,616.80,BRANCH_SUPPORT
OV00003552,LN00016378,2025-05-31,359.55,BRANCH_SUPPORT
OV00003553,LN00016384,2025-11-30,298.08,BRANCH_SUPPORT
OV00003554,LN00016386,2026-01-31,260.90,BRANCH_SUPPORT
OV00003555,LN00016388,2026-03-31,767.20,BRANCH_SUPPORT
OV00003556,LN00016400,2025-03-31,224.98,BRANCH_SUPPORT
OV00003557,LN00016409,2025-12-31,214.95,BRANCH_SUPPORT
OV00003558,LN00016410,2026-01-31,850.74,BRANCH_SUPPORT
OV00003559,LN00016411,2026-02-28,814.92,BRANCH_SUPPORT
OV00003560,LN00016415,2026-06-30,804.44,BRANCH_SUPPORT
OV00003561,LN00016416,2026-07-31,825.28,BRANCH_SUPPORT
OV00003562,LN00016424,2025-03-31,525.28,BRANCH_SUPPORT
OV00003563,LN00016425,2025-04-30,302.06,BRANCH_SUPPORT
OV00003564,LN00016428,2025-07-31,182.10,BRANCH_SUPPORT
OV00003565,LN00016431,2025-10-31,336.70,BRANCH_SUPPORT
OV00003566,LN00016435,2026-02-28,341.45,BRANCH_SUPPORT
OV00003567,LN00016437,2026-04-30,520.92,BRANCH_SUPPORT
OV00003568,LN00016443,2024-10-31,273.70,BRANCH_SUPPORT
OV00003569,LN00016449,2025-04-30,1079.70,BRANCH_SUPPORT
OV00003570,LN00016451,2025-06-30,214.90,BRANCH_SUPPORT
OV00003571,LN00016453,2025-08-31,268.02,BRANCH_SUPPORT
OV00003572,LN00016455,2025-10-31,535.52,BRANCH_SUPPORT
OV00003573,LN00016457,2025-12-31,308.32,BRANCH_SUPPORT
OV00003574,LN00016458,2026-01-31,422.87,BRANCH_SUPPORT
OV00003575,LN00016461,2026-04-30,409.05,BRANCH_SUPPORT
OV00003576,LN00016462,2026-05-31,1171.05,BRANCH_SUPPORT
OV00003577,LN00016468,2024-11-30,458.22,BRANCH_SUPPORT
OV00003578,LN00016475,2025-06-30,1251.04,BRANCH_SUPPORT
OV00003579,LN00016483,2026-02-28,651.30,BRANCH_SUPPORT
OV00003580,LN00016491,2024-10-31,460.48,BRANCH_SUPPORT
OV00003581,LN00016493,2024-12-31,315.04,BRANCH_SUPPORT
OV00003582,LN00016496,2025-03-31,441.21,BRANCH_SUPPORT
OV00003583,LN00016499,2025-06-30,773.22,BRANCH_SUPPORT
OV00003584,LN00016500,2025-07-31,139.15,BRANCH_SUPPORT
OV00003585,LN00016504,2025-11-30,527.40,BRANCH_SUPPORT
OV00003586,LN00016505,2025-12-31,726.05,BRANCH_SUPPORT
OV00003587,LN00016508,2026-03-31,116.88,BRANCH_SUPPORT
OV00003588,LN00016510,2026-05-31,636.00,BRANCH_SUPPORT
OV00003589,LN00016526,2025-09-30,206.08,BRANCH_SUPPORT
OV00003590,LN00016531,2026-02-28,89.25,BRANCH_SUPPORT
OV00003591,LN00016533,2026-04-30,546.10,BRANCH_SUPPORT
OV00003592,LN00016535,2026-06-30,119.98,BRANCH_SUPPORT
OV00003593,LN00016538,2024-09-30,591.48,BRANCH_SUPPORT
OV00003594,LN00016539,2024-10-31,737.40,BRANCH_SUPPORT
OV00003595,LN00016541,2024-12-31,662.53,BRANCH_SUPPORT
OV00003596,LN00016543,2025-02-28,384.32,BRANCH_SUPPORT
OV00003597,LN00016544,2025-03-31,722.28,BRANCH_SUPPORT
OV00003598,LN00016545,2025-04-30,335.61,BRANCH_SUPPORT
OV00003599,LN00016547,2025-06-30,351.61,BRANCH_SUPPORT
OV00003600,LN00016550,2025-09-30,824.67,BRANCH_SUPPORT
OV00003601,LN00016556,2026-03-31,684.40,BRANCH_SUPPORT
OV00003602,LN00016557,2026-04-30,356.64,BRANCH_SUPPORT
OV00003603,LN00016573,2025-08-31,996.45,BRANCH_SUPPORT
OV00003604,LN00016575,2025-10-31,623.60,BRANCH_SUPPORT
OV00003605,LN00016577,2025-12-31,293.50,BRANCH_SUPPORT
OV00003606,LN00016584,2026-07-31,643.52,BRANCH_SUPPORT
OV00003607,LN00016601,2025-12-31,406.08,BRANCH_SUPPORT
OV00003608,LN00016603,2026-02-28,470.40,BRANCH_SUPPORT
OV00003609,LN00016606,2026-05-31,368.10,BRANCH_SUPPORT
OV00003610,LN00016609,2024-08-31,207.48,BRANCH_SUPPORT
OV00003611,LN00016612,2024-11-30,341.95,BRANCH_SUPPORT
OV00003612,LN00016613,2024-12-31,382.48,BRANCH_SUPPORT
OV00003613,LN00016614,2025-01-31,570.96,BRANCH_SUPPORT
OV00003614,LN00016621,2025-08-31,274.43,BRANCH_SUPPORT
OV00003615,LN00016627,2026-02-28,780.78,BRANCH_SUPPORT
OV00003616,LN00016628,2026-03-31,293.40,BRANCH_SUPPORT
OV00003617,LN00016630,2026-05-31,378.30,BRANCH_SUPPORT
OV00003618,LN00016637,2024-12-31,284.16,BRANCH_SUPPORT
OV00003619,LN00016641,2025-04-30,775.36,BRANCH_SUPPORT
OV00003620,LN00016644,2025-07-31,792.75,BRANCH_SUPPORT
OV00003621,LN00016645,2025-08-31,261.80,BRANCH_SUPPORT
OV00003622,LN00016647,2025-10-31,440.86,BRANCH_SUPPORT
OV00003623,LN00016648,2025-11-30,128.80,BRANCH_SUPPORT
OV00003624,LN00016657,2024-08-31,500.96,BRANCH_SUPPORT
OV00003625,LN00016660,2024-11-30,693.18,BRANCH_SUPPORT
OV00003626,LN00016663,2025-02-28,614.64,BRANCH_SUPPORT
OV00003627,LN00016669,2025-08-31,138.93,BRANCH_SUPPORT
OV00003628,LN00016685,2024-12-31,125.16,BRANCH_SUPPORT
OV00003629,LN00016687,2025-02-28,223.80,BRANCH_SUPPORT
OV00003630,LN00016692,2025-07-31,211.60,BRANCH_SUPPORT
OV00003631,LN00016696,2025-11-30,607.18,BRANCH_SUPPORT
OV00003632,LN00016699,2026-02-28,263.97,BRANCH_SUPPORT
OV00003633,LN00016701,2026-04-30,296.00,BRANCH_SUPPORT
OV00003634,LN00016711,2025-02-28,312.20,BRANCH_SUPPORT
OV00003635,LN00016716,2025-07-31,232.12,BRANCH_SUPPORT
OV00003636,LN00016719,2025-10-31,523.05,BRANCH_SUPPORT
OV00003637,LN00016721,2025-12-31,393.12,BRANCH_SUPPORT
OV00003638,LN00016722,2026-01-31,639.28,BRANCH_SUPPORT
OV00003639,LN00016723,2026-02-28,493.78,BRANCH_SUPPORT
OV00003640,LN00016729,2024-08-31,448.63,BRANCH_SUPPORT
OV00003641,LN00016731,2024-10-31,573.44,BRANCH_SUPPORT
OV00003642,LN00016734,2025-01-31,251.86,BRANCH_SUPPORT
OV00003643,LN00016735,2025-02-28,758.66,BRANCH_SUPPORT
OV00003644,LN00016747,2026-02-28,122.80,BRANCH_SUPPORT
OV00003645,LN00016752,2026-07-31,878.40,BRANCH_SUPPORT
OV00003646,LN00016760,2025-03-31,419.31,BRANCH_SUPPORT
OV00003647,LN00016762,2025-05-31,894.88,BRANCH_SUPPORT
OV00003648,LN00016779,2024-10-31,1122.45,BRANCH_SUPPORT
OV00003649,LN00016781,2024-12-31,642.84,BRANCH_SUPPORT
OV00003650,LN00016782,2025-01-31,196.05,BRANCH_SUPPORT
OV00003651,LN00016783,2025-02-28,583.84,BRANCH_SUPPORT
OV00003652,LN00016784,2025-03-31,470.69,BRANCH_SUPPORT
OV00003653,LN00016788,2025-07-31,383.90,BRANCH_SUPPORT
OV00003654,LN00016790,2025-09-30,492.80,BRANCH_SUPPORT
OV00003655,LN00016793,2025-12-31,507.52,BRANCH_SUPPORT
OV00003656,LN00016800,2026-07-31,454.24,BRANCH_SUPPORT
OV00003657,LN00016801,2024-08-31,336.60,BRANCH_SUPPORT
OV00003658,LN00016805,2024-12-31,280.24,BRANCH_SUPPORT
OV00003659,LN00016815,2025-10-31,213.24,BRANCH_SUPPORT
OV00003660,LN00016817,2025-12-31,332.99,BRANCH_SUPPORT
OV00003661,LN00016827,2024-10-31,453.36,BRANCH_SUPPORT
OV00003662,LN00016828,2024-11-30,517.66,BRANCH_SUPPORT
OV00003663,LN00016834,2025-05-31,544.96,BRANCH_SUPPORT
OV00003664,LN00016855,2025-02-28,470.58,BRANCH_SUPPORT
OV00003665,LN00016860,2025-07-31,491.70,BRANCH_SUPPORT
OV00003666,LN00016862,2025-09-30,553.32,BRANCH_SUPPORT
OV00003667,LN00016865,2025-12-31,600.04,BRANCH_SUPPORT
OV00003668,LN00016869,2026-04-30,707.25,BRANCH_SUPPORT
OV00003669,LN00016873,2024-08-31,239.58,BRANCH_SUPPORT
OV00003670,LN00016878,2025-01-31,163.68,BRANCH_SUPPORT
OV00003671,LN00016883,2025-06-30,997.65,BRANCH_SUPPORT
OV00003672,LN00016884,2025-07-31,422.03,BRANCH_SUPPORT
OV00003673,LN00016896,2026-07-31,340.76,BRANCH_SUPPORT
OV00003674,LN00016908,2025-07-31,381.40,BRANCH_SUPPORT
OV00003675,LN00016912,2025-11-30,282.80,BRANCH_SUPPORT
OV00003676,LN00016920,2026-07-31,670.24,BRANCH_SUPPORT
OV00003677,LN00016923,2024-10-31,801.12,BRANCH_SUPPORT
OV00003678,LN00016927,2025-02-28,1176.60,BRANCH_SUPPORT
OV00003679,LN00016928,2025-03-31,536.76,BRANCH_SUPPORT
OV00003680,LN00016931,2025-06-30,634.00,BRANCH_SUPPORT
OV00003681,LN00016932,2025-07-31,536.67,BRANCH_SUPPORT
OV00003682,LN00016933,2025-08-31,601.15,BRANCH_SUPPORT
OV00003683,LN00016938,2026-01-31,719.40,BRANCH_SUPPORT
OV00003684,LN00016939,2026-02-28,284.02,BRANCH_SUPPORT
OV00003685,LN00016948,2024-11-30,288.90,BRANCH_SUPPORT
OV00003686,LN00016953,2025-04-30,756.12,BRANCH_SUPPORT
OV00003687,LN00016956,2025-07-31,706.32,BRANCH_SUPPORT
OV00003688,LN00016958,2025-09-30,77.76,BRANCH_SUPPORT
OV00003689,LN00016959,2025-10-31,332.48,BRANCH_SUPPORT
OV00003690,LN00016964,2026-03-31,683.46,BRANCH_SUPPORT
OV00003691,LN00016967,2026-06-30,502.25,BRANCH_SUPPORT
OV00003692,LN00016971,2024-10-31,698.28,BRANCH_SUPPORT
OV00003693,LN00016981,2025-08-31,195.39,BRANCH_SUPPORT
OV00003694,LN00016989,2026-04-30,831.04,BRANCH_SUPPORT
OV00003695,LN00016995,2024-10-31,140.00,BRANCH_SUPPORT
OV00003696,LN00016998,2025-01-31,416.16,BRANCH_SUPPORT
OV00003697,LN00017005,2025-08-31,582.88,BRANCH_SUPPORT
OV00003698,LN00017020,2024-11-30,242.76,BRANCH_SUPPORT
OV00003699,LN00017021,2024-12-31,223.90,BRANCH_SUPPORT
OV00003700,LN00017027,2025-06-30,218.79,BRANCH_SUPPORT
OV00003701,LN00017038,2026-05-31,355.44,BRANCH_SUPPORT
OV00003702,LN00017044,2024-11-30,839.58,BRANCH_SUPPORT
OV00003703,LN00017045,2024-12-31,498.42,BRANCH_SUPPORT
OV00003704,LN00017046,2025-01-31,591.80,BRANCH_SUPPORT
OV00003705,LN00017049,2025-04-30,248.93,BRANCH_SUPPORT
OV00003706,LN00017056,2025-11-30,302.33,BRANCH_SUPPORT
OV00003707,LN00017058,2026-01-31,783.48,BRANCH_SUPPORT
OV00003708,LN00017060,2026-03-31,893.44,BRANCH_SUPPORT
OV00003709,LN00017061,2026-04-30,201.24,BRANCH_SUPPORT
OV00003710,LN00017062,2026-05-31,213.15,BRANCH_SUPPORT
OV00003711,LN00017065,2024-08-31,222.56,BRANCH_SUPPORT
OV00003712,LN00017067,2024-10-31,388.57,BRANCH_SUPPORT
OV00003713,LN00017071,2025-02-28,764.32,BRANCH_SUPPORT
OV00003714,LN00017072,2025-03-31,377.02,BRANCH_SUPPORT
OV00003715,LN00017074,2025-05-31,426.01,BRANCH_SUPPORT
OV00003716,LN00017082,2026-01-31,245.75,BRANCH_SUPPORT
OV00003717,LN00017089,2024-08-31,410.16,BRANCH_SUPPORT
OV00003718,LN00017093,2024-12-31,762.96,BRANCH_SUPPORT
OV00003719,LN00017107,2026-02-28,304.26,BRANCH_SUPPORT
OV00003720,LN00017113,2024-08-31,396.37,BRANCH_SUPPORT
OV00003721,LN00017116,2024-11-30,1180.20,BRANCH_SUPPORT
OV00003722,LN00017126,2025-09-30,291.98,BRANCH_SUPPORT
OV00003723,LN00017130,2026-01-31,250.77,BRANCH_SUPPORT
OV00003724,LN00017132,2026-03-31,513.73,BRANCH_SUPPORT
OV00003725,LN00017134,2026-05-31,386.32,BRANCH_SUPPORT
OV00003726,LN00017137,2024-08-31,271.56,BRANCH_SUPPORT
OV00003727,LN00017142,2025-01-31,357.24,BRANCH_SUPPORT
OV00003728,LN00017164,2024-11-30,547.04,BRANCH_SUPPORT
OV00003729,LN00017178,2026-01-31,603.60,BRANCH_SUPPORT
OV00003730,LN00017183,2026-06-30,245.82,BRANCH_SUPPORT
OV00003731,LN00017185,2024-08-31,1053.44,BRANCH_SUPPORT
OV00003732,LN00017190,2025-01-31,1192.32,BRANCH_SUPPORT
OV00003733,LN00017195,2025-06-30,440.18,BRANCH_SUPPORT
OV00003734,LN00017197,2025-08-31,999.75,BRANCH_SUPPORT
OV00003735,LN00017199,2025-10-31,220.09,BRANCH_SUPPORT
OV00003736,LN00017201,2025-12-31,387.36,BRANCH_SUPPORT
OV00003737,LN00017203,2026-02-28,820.05,BRANCH_SUPPORT
OV00003738,LN00017205,2026-04-30,598.44,BRANCH_SUPPORT
OV00003739,LN00017209,2024-08-31,1225.28,BRANCH_SUPPORT
OV00003740,LN00017210,2024-09-30,679.25,BRANCH_SUPPORT
OV00003741,LN00017220,2025-07-31,449.54,BRANCH_SUPPORT
OV00003742,LN00017221,2025-08-31,586.88,BRANCH_SUPPORT
OV00003743,LN00017222,2025-09-30,369.40,BRANCH_SUPPORT
OV00003744,LN00017224,2025-11-30,239.03,BRANCH_SUPPORT
OV00003745,LN00017225,2025-12-31,103.86,BRANCH_SUPPORT
OV00003746,LN00017229,2026-04-30,1142.88,BRANCH_SUPPORT
OV00003747,LN00017246,2025-09-30,236.04,BRANCH_SUPPORT
OV00003748,LN00017247,2025-10-31,486.00,BRANCH_SUPPORT
OV00003749,LN00017248,2025-11-30,649.53,BRANCH_SUPPORT
OV00003750,LN00017251,2026-02-28,271.80,BRANCH_SUPPORT
OV00003751,LN00017256,2026-07-31,406.91,BRANCH_SUPPORT
OV00003752,LN00017257,2024-08-31,368.48,BRANCH_SUPPORT
OV00003753,LN00017259,2024-10-31,776.49,BRANCH_SUPPORT
OV00003754,LN00017260,2024-11-30,289.02,BRANCH_SUPPORT
OV00003755,LN00017265,2025-04-30,361.84,BRANCH_SUPPORT
OV00003756,LN00017269,2025-08-31,395.34,BRANCH_SUPPORT
OV00003757,LN00017272,2025-11-30,325.64,BRANCH_SUPPORT
OV00003758,LN00017273,2025-12-31,189.06,BRANCH_SUPPORT
OV00003759,LN00017283,2024-10-31,478.20,BRANCH_SUPPORT
OV00003760,LN00017284,2024-11-30,1082.48,BRANCH_SUPPORT
OV00003761,LN00017289,2025-04-30,250.14,BRANCH_SUPPORT
OV00003762,LN00017292,2025-07-31,1059.52,BRANCH_SUPPORT
OV00003763,LN00017294,2025-09-30,466.13,BRANCH_SUPPORT
OV00003764,LN00017299,2026-02-28,237.60,BRANCH_SUPPORT
OV00003765,LN00017301,2026-04-30,685.68,BRANCH_SUPPORT
OV00003766,LN00017302,2026-05-31,399.77,BRANCH_SUPPORT
OV00003767,LN00017303,2026-06-30,528.75,BRANCH_SUPPORT
OV00003768,LN00017304,2026-07-31,381.36,BRANCH_SUPPORT
OV00003769,LN00017312,2025-03-31,181.17,BRANCH_SUPPORT
OV00003770,LN00017313,2025-04-30,340.29,BRANCH_SUPPORT
OV00003771,LN00017317,2025-08-31,374.10,BRANCH_SUPPORT
OV00003772,LN00017321,2025-12-31,456.64,BRANCH_SUPPORT
OV00003773,LN00017328,2026-07-31,294.14,BRANCH_SUPPORT
OV00003774,LN00017329,2024-08-31,394.32,BRANCH_SUPPORT
OV00003775,LN00017341,2025-08-31,410.40,BRANCH_SUPPORT
OV00003776,LN00017342,2025-09-30,602.72,BRANCH_SUPPORT
OV00003777,LN00017343,2025-10-31,370.80,BRANCH_SUPPORT
OV00003778,LN00017349,2026-04-30,354.20,BRANCH_SUPPORT
OV00003779,LN00017350,2026-05-31,733.74,BRANCH_SUPPORT
OV00003780,LN00017351,2026-06-30,625.17,BRANCH_SUPPORT
OV00003781,LN00017354,2024-09-30,226.03,BRANCH_SUPPORT
OV00003782,LN00017357,2024-12-31,324.22,BRANCH_SUPPORT
OV00003783,LN00017358,2025-01-31,280.95,BRANCH_SUPPORT
OV00003784,LN00017359,2025-02-28,595.84,BRANCH_SUPPORT
OV00003785,LN00017360,2025-03-31,337.40,BRANCH_SUPPORT
OV00003786,LN00017365,2025-08-31,514.08,BRANCH_SUPPORT
OV00003787,LN00017368,2025-11-30,94.80,BRANCH_SUPPORT
OV00003788,LN00017373,2026-04-30,795.36,BRANCH_SUPPORT
OV00003789,LN00017382,2025-01-31,249.73,BRANCH_SUPPORT
OV00003790,LN00017390,2025-09-30,471.60,BRANCH_SUPPORT
OV00003791,LN00017403,2024-10-31,637.95,BRANCH_SUPPORT
OV00003792,LN00017422,2026-05-31,862.05,BRANCH_SUPPORT
OV00003793,LN00017426,2024-09-30,175.15,BRANCH_SUPPORT
OV00003794,LN00017429,2024-12-31,479.61,BRANCH_SUPPORT
OV00003795,LN00017431,2025-02-28,337.32,BRANCH_SUPPORT
OV00003796,LN00017434,2025-05-31,133.40,BRANCH_SUPPORT
OV00003797,LN00017435,2025-06-30,92.64,BRANCH_SUPPORT
OV00003798,LN00017438,2025-09-30,385.32,BRANCH_SUPPORT
OV00003799,LN00017449,2024-08-31,629.64,BRANCH_SUPPORT
OV00003800,LN00017451,2024-10-31,324.48,BRANCH_SUPPORT
OV00003801,LN00017456,2025-03-31,111.96,BRANCH_SUPPORT
OV00003802,LN00017465,2025-12-31,342.90,BRANCH_SUPPORT
OV00003803,LN00017467,2026-02-28,96.55,BRANCH_SUPPORT
OV00003804,LN00017469,2026-04-30,579.18,BRANCH_SUPPORT
OV00003805,LN00017475,2024-10-31,1027.39,BRANCH_SUPPORT
OV00003806,LN00017478,2025-01-31,479.60,BRANCH_SUPPORT
OV00003807,LN00017479,2025-02-28,338.88,BRANCH_SUPPORT
OV00003808,LN00017482,2025-05-31,341.30,BRANCH_SUPPORT
OV00003809,LN00017483,2025-06-30,766.87,BRANCH_SUPPORT
OV00003810,LN00017489,2025-12-31,144.12,BRANCH_SUPPORT
OV00003811,LN00017492,2026-03-31,404.72,BRANCH_SUPPORT
OV00003812,LN00017494,2026-05-31,622.26,BRANCH_SUPPORT
OV00003813,LN00017496,2026-07-31,287.95,BRANCH_SUPPORT
OV00003814,LN00017505,2025-04-30,695.88,BRANCH_SUPPORT
OV00003815,LN00017510,2025-09-30,276.76,BRANCH_SUPPORT
OV00003816,LN00017513,2025-12-31,155.82,BRANCH_SUPPORT
OV00003817,LN00017519,2026-06-30,90.80,BRANCH_SUPPORT
OV00003818,LN00017523,2024-10-31,100.75,BRANCH_SUPPORT
OV00003819,LN00017526,2025-01-31,143.82,BRANCH_SUPPORT
OV00003820,LN00017530,2025-05-31,338.48,BRANCH_SUPPORT
OV00003821,LN00017532,2025-07-31,289.08,BRANCH_SUPPORT
OV00003822,LN00017541,2026-04-30,340.27,BRANCH_SUPPORT
OV00003823,LN00017544,2026-07-31,727.20,BRANCH_SUPPORT
OV00003824,LN00017545,2024-08-31,248.70,BRANCH_SUPPORT
OV00003825,LN00017553,2025-04-30,918.88,BRANCH_SUPPORT
OV00003826,LN00017559,2025-10-31,512.90,BRANCH_SUPPORT
OV00003827,LN00017577,2025-04-30,371.10,BRANCH_SUPPORT
OV00003828,LN00017581,2025-08-31,450.88,BRANCH_SUPPORT
OV00003829,LN00017584,2025-11-30,647.28,BRANCH_SUPPORT
OV00003830,LN00017592,2026-07-31,336.24,BRANCH_SUPPORT
OV00003831,LN00017598,2025-01-31,1161.76,BRANCH_SUPPORT
OV00003832,LN00017603,2025-06-30,221.60,BRANCH_SUPPORT
OV00003833,LN00017608,2025-11-30,593.80,BRANCH_SUPPORT
OV00003834,LN00017616,2026-07-31,212.66,BRANCH_SUPPORT
OV00003835,LN00017621,2024-12-31,214.60,BRANCH_SUPPORT
OV00003836,LN00017636,2026-03-31,335.60,BRANCH_SUPPORT
OV00003837,LN00017646,2025-01-31,612.15,BRANCH_SUPPORT
OV00003838,LN00017648,2025-03-31,345.60,BRANCH_SUPPORT
OV00003839,LN00017649,2025-04-30,564.20,BRANCH_SUPPORT
OV00003840,LN00017651,2025-06-30,369.44,BRANCH_SUPPORT
OV00003841,LN00017654,2025-09-30,496.80,BRANCH_SUPPORT
OV00003842,LN00017664,2026-07-31,161.92,BRANCH_SUPPORT
OV00003843,LN00017670,2025-01-31,799.76,BRANCH_SUPPORT
OV00003844,LN00017677,2025-08-31,403.36,BRANCH_SUPPORT
OV00003845,LN00017684,2026-03-31,458.77,BRANCH_SUPPORT
OV00003846,LN00017688,2026-07-31,296.82,BRANCH_SUPPORT
OV00003847,LN00017692,2024-11-30,532.40,BRANCH_SUPPORT
OV00003848,LN00017693,2024-12-31,398.02,BRANCH_SUPPORT
OV00003849,LN00017698,2025-05-31,693.24,BRANCH_SUPPORT
OV00003850,LN00017704,2025-11-30,704.80,BRANCH_SUPPORT
OV00003851,LN00017708,2026-03-31,239.85,BRANCH_SUPPORT
OV00003852,LN00017712,2026-07-31,389.60,BRANCH_SUPPORT
OV00003853,LN00017713,2024-08-31,325.28,BRANCH_SUPPORT
OV00003854,LN00017716,2024-11-30,189.70,BRANCH_SUPPORT
OV00003855,LN00017719,2025-02-28,332.15,BRANCH_SUPPORT
OV00003856,LN00017720,2025-03-31,707.28,BRANCH_SUPPORT
OV00003857,LN00017727,2025-10-31,109.90,BRANCH_SUPPORT
OV00003858,LN00017729,2025-12-31,539.01,BRANCH_SUPPORT
OV00003859,LN00017730,2026-01-31,867.13,BRANCH_SUPPORT
OV00003860,LN00017731,2026-02-28,767.36,BRANCH_SUPPORT
OV00003861,LN00017733,2026-04-30,395.68,BRANCH_SUPPORT
OV00003862,LN00017741,2024-12-31,415.61,BRANCH_SUPPORT
OV00003863,LN00017744,2025-03-31,165.65,BRANCH_SUPPORT
OV00003864,LN00017747,2025-06-30,240.36,BRANCH_SUPPORT
OV00003865,LN00017753,2025-12-31,489.24,BRANCH_SUPPORT
OV00003866,LN00017760,2026-07-31,308.61,BRANCH_SUPPORT
OV00003867,LN00017761,2024-08-31,786.94,BRANCH_SUPPORT
OV00003868,LN00017762,2024-09-30,137.00,BRANCH_SUPPORT
OV00003869,LN00017766,2025-01-31,425.16,BRANCH_SUPPORT
OV00003870,LN00017767,2025-02-28,932.26,BRANCH_SUPPORT
OV00003871,LN00017770,2025-05-31,275.04,BRANCH_SUPPORT
OV00003872,LN00017773,2025-08-31,846.00,BRANCH_SUPPORT
OV00003873,LN00017779,2026-02-28,121.44,BRANCH_SUPPORT
OV00003874,LN00017780,2026-03-31,634.00,BRANCH_SUPPORT
OV00003875,LN00017783,2026-06-30,1064.00,BRANCH_SUPPORT
OV00003876,LN00017787,2024-10-31,135.20,BRANCH_SUPPORT
OV00003877,LN00017792,2025-03-31,275.70,BRANCH_SUPPORT
OV00003878,LN00017797,2025-08-31,711.36,BRANCH_SUPPORT
OV00003879,LN00017803,2026-02-28,994.37,BRANCH_SUPPORT
OV00003880,LN00017804,2026-03-31,388.64,BRANCH_SUPPORT
OV00003881,LN00017810,2024-09-30,206.88,BRANCH_SUPPORT
OV00003882,LN00017815,2025-02-28,385.68,BRANCH_SUPPORT
OV00003883,LN00017818,2025-05-31,278.24,BRANCH_SUPPORT
OV00003884,LN00017833,2024-08-31,573.57,BRANCH_SUPPORT
OV00003885,LN00017836,2024-11-30,892.35,BRANCH_SUPPORT
OV00003886,LN00017843,2025-06-30,325.20,BRANCH_SUPPORT
OV00003887,LN00017844,2025-07-31,363.75,BRANCH_SUPPORT
OV00003888,LN00017858,2024-09-30,701.35,BRANCH_SUPPORT
OV00003889,LN00017865,2025-04-30,378.30,BRANCH_SUPPORT
OV00003890,LN00017866,2025-05-31,400.50,BRANCH_SUPPORT
OV00003891,LN00017867,2025-06-30,387.03,BRANCH_SUPPORT
OV00003892,LN00017877,2026-04-30,401.40,BRANCH_SUPPORT
OV00003893,LN00017880,2026-07-31,152.46,BRANCH_SUPPORT
OV00003894,LN00017888,2025-03-31,875.10,BRANCH_SUPPORT
OV00003895,LN00017892,2025-07-31,317.94,BRANCH_SUPPORT
OV00003896,LN00017896,2025-11-30,248.25,BRANCH_SUPPORT
OV00003897,LN00017908,2024-11-30,563.22,BRANCH_SUPPORT
OV00003898,LN00017917,2025-08-31,877.66,BRANCH_SUPPORT
OV00003899,LN00017920,2025-11-30,459.25,BRANCH_SUPPORT
OV00003900,LN00017921,2025-12-31,225.29,BRANCH_SUPPORT
OV00003901,LN00017927,2026-06-30,827.64,BRANCH_SUPPORT
OV00003902,LN00017933,2024-12-31,1023.60,BRANCH_SUPPORT
OV00003903,LN00017934,2025-01-31,783.53,BRANCH_SUPPORT
OV00003904,LN00017935,2025-02-28,738.70,BRANCH_SUPPORT
OV00003905,LN00017948,2026-03-31,290.94,BRANCH_SUPPORT
OV00003906,LN00017952,2026-07-31,801.35,BRANCH_SUPPORT
OV00003907,LN00017954,2024-09-30,130.74,BRANCH_SUPPORT
OV00003908,LN00017958,2025-01-31,92.05,BRANCH_SUPPORT
OV00003909,LN00017965,2025-08-31,364.32,BRANCH_SUPPORT
OV00003910,LN00017968,2025-11-30,833.04,BRANCH_SUPPORT
OV00003911,LN00017971,2026-02-28,107.45,BRANCH_SUPPORT
OV00003912,LN00017980,2024-11-30,556.35,BRANCH_SUPPORT
OV00003913,LN00017981,2024-12-31,417.13,BRANCH_SUPPORT
OV00003914,LN00017984,2025-03-31,510.30,BRANCH_SUPPORT
OV00003915,LN00017986,2025-05-31,174.46,BRANCH_SUPPORT
OV00003916,LN00017992,2025-11-30,993.72,BRANCH_SUPPORT
OV00003917,LN00017995,2026-02-28,1011.08,BRANCH_SUPPORT
OV00003918,LN00017996,2026-03-31,329.58,BRANCH_SUPPORT
OV00003919,LN00017998,2026-05-31,198.64,BRANCH_SUPPORT
OV00003920,LN00017999,2026-06-30,388.31,BRANCH_SUPPORT
OV00003921,LN00018005,2024-12-31,331.45,BRANCH_SUPPORT
OV00003922,LN00018008,2025-03-31,824.72,BRANCH_SUPPORT
OV00003923,LN00018014,2025-09-30,275.35,BRANCH_SUPPORT
OV00003924,LN00018015,2025-10-31,150.70,BRANCH_SUPPORT
OV00003925,LN00018021,2026-04-30,235.29,BRANCH_SUPPORT
OV00003926,LN00018023,2026-06-30,840.16,BRANCH_SUPPORT
OV00003927,LN00018031,2025-02-28,518.00,BRANCH_SUPPORT
OV00003928,LN00018032,2025-03-31,354.51,BRANCH_SUPPORT
OV00003929,LN00018034,2025-05-31,288.60,BRANCH_SUPPORT
OV00003930,LN00018035,2025-06-30,346.68,BRANCH_SUPPORT
OV00003931,LN00018048,2026-07-31,169.68,BRANCH_SUPPORT
OV00003932,LN00018051,2024-10-31,538.80,BRANCH_SUPPORT
OV00003933,LN00018053,2024-12-31,529.30,BRANCH_SUPPORT
OV00003934,LN00018055,2025-02-28,1167.04,BRANCH_SUPPORT
OV00003935,LN00018059,2025-06-30,969.12,BRANCH_SUPPORT
OV00003936,LN00018066,2026-01-31,699.57,BRANCH_SUPPORT
OV00003937,LN00018067,2026-02-28,963.36,BRANCH_SUPPORT
OV00003938,LN00018068,2026-03-31,506.24,BRANCH_SUPPORT
OV00003939,LN00018077,2024-12-31,174.57,BRANCH_SUPPORT
OV00003940,LN00018083,2025-06-30,267.03,BRANCH_SUPPORT
OV00003941,LN00018087,2025-10-31,351.35,BRANCH_SUPPORT
OV00003942,LN00018094,2026-05-31,386.82,BRANCH_SUPPORT
OV00003943,LN00018104,2025-03-31,597.72,BRANCH_SUPPORT
OV00003944,LN00018107,2025-06-30,855.25,BRANCH_SUPPORT
OV00003945,LN00018108,2025-07-31,446.46,BRANCH_SUPPORT
OV00003946,LN00018117,2026-04-30,444.72,BRANCH_SUPPORT
OV00003947,LN00018118,2026-05-31,577.20,BRANCH_SUPPORT
OV00003948,LN00018121,2024-08-31,659.80,BRANCH_SUPPORT
OV00003949,LN00018127,2025-02-28,295.65,BRANCH_SUPPORT
OV00003950,LN00018130,2025-05-31,189.42,BRANCH_SUPPORT
OV00003951,LN00018137,2025-12-31,340.20,BRANCH_SUPPORT
OV00003952,LN00018139,2026-02-28,336.72,BRANCH_SUPPORT
OV00003953,LN00018152,2025-03-31,71.00,BRANCH_SUPPORT
OV00003954,LN00018153,2025-04-30,486.08,BRANCH_SUPPORT
OV00003955,LN00018158,2025-09-30,287.68,BRANCH_SUPPORT
OV00003956,LN00018160,2025-11-30,77.60,BRANCH_SUPPORT
OV00003957,LN00018162,2026-01-31,491.52,BRANCH_SUPPORT
OV00003958,LN00018163,2026-02-28,391.16,BRANCH_SUPPORT
OV00003959,LN00018164,2026-03-31,173.10,BRANCH_SUPPORT
OV00003960,LN00018165,2026-04-30,665.70,BRANCH_SUPPORT
OV00003961,LN00018166,2026-05-31,955.37,BRANCH_SUPPORT
OV00003962,LN00018170,2024-09-30,1122.40,BRANCH_SUPPORT
OV00003963,LN00018174,2025-01-31,864.30,BRANCH_SUPPORT
OV00003964,LN00018179,2025-06-30,945.00,BRANCH_SUPPORT
OV00003965,LN00018183,2025-10-31,1049.16,BRANCH_SUPPORT
OV00003966,LN00018185,2025-12-31,289.90,BRANCH_SUPPORT
OV00003967,LN00018189,2026-04-30,321.80,BRANCH_SUPPORT
OV00003968,LN00018191,2026-06-30,688.61,BRANCH_SUPPORT
OV00003969,LN00018195,2024-10-31,154.35,BRANCH_SUPPORT
OV00003970,LN00018196,2024-11-30,1028.16,BRANCH_SUPPORT
OV00003971,LN00018197,2024-12-31,199.30,BRANCH_SUPPORT
OV00003972,LN00018199,2025-02-28,453.28,BRANCH_SUPPORT
OV00003973,LN00018200,2025-03-31,415.38,BRANCH_SUPPORT
OV00003974,LN00018205,2025-08-31,190.82,BRANCH_SUPPORT
OV00003975,LN00018206,2025-09-30,707.76,BRANCH_SUPPORT
OV00003976,LN00018211,2026-02-28,698.20,BRANCH_SUPPORT
OV00003977,LN00018220,2024-11-30,230.09,BRANCH_SUPPORT
OV00003978,LN00018223,2025-02-28,333.13,BRANCH_SUPPORT
OV00003979,LN00018224,2025-03-31,248.96,BRANCH_SUPPORT
OV00003980,LN00018228,2025-07-31,217.50,BRANCH_SUPPORT
OV00003981,LN00018232,2025-11-30,201.84,BRANCH_SUPPORT
OV00003982,LN00018234,2026-01-31,635.80,BRANCH_SUPPORT
OV00003983,LN00018256,2025-11-30,681.90,BRANCH_SUPPORT
OV00003984,LN00018258,2026-01-31,354.42,BRANCH_SUPPORT
OV00003985,LN00018263,2026-06-30,484.00,BRANCH_SUPPORT
OV00003986,LN00018268,2024-11-30,843.30,BRANCH_SUPPORT
OV00003987,LN00018273,2025-04-30,723.71,BRANCH_SUPPORT
OV00003988,LN00018274,2025-05-31,264.50,BRANCH_SUPPORT
OV00003989,LN00018281,2025-12-31,752.60,BRANCH_SUPPORT
OV00003990,LN00018288,2026-07-31,1159.20,BRANCH_SUPPORT
OV00003991,LN00018289,2024-08-31,354.00,BRANCH_SUPPORT
OV00003992,LN00018297,2025-04-30,882.70,BRANCH_SUPPORT
OV00003993,LN00018313,2024-08-31,172.00,BRANCH_SUPPORT
OV00003994,LN00018321,2025-04-30,388.19,BRANCH_SUPPORT
OV00003995,LN00018325,2025-08-31,166.14,BRANCH_SUPPORT
OV00003996,LN00018327,2025-10-31,546.60,BRANCH_SUPPORT
OV00003997,LN00018334,2026-05-31,288.96,BRANCH_SUPPORT
OV00003998,LN00018335,2026-06-30,72.75,BRANCH_SUPPORT
OV00003999,LN00018340,2024-11-30,1171.68,BRANCH_SUPPORT
OV00004000,LN00018348,2025-07-31,746.40,BRANCH_SUPPORT
OV00004001,LN00018352,2025-11-30,853.44,BRANCH_SUPPORT
OV00004002,LN00018366,2025-01-31,432.39,BRANCH_SUPPORT
OV00004003,LN00018372,2025-07-31,567.45,BRANCH_SUPPORT
OV00004004,LN00018375,2025-10-31,832.20,BRANCH_SUPPORT
OV00004005,LN00018376,2025-11-30,261.52,BRANCH_SUPPORT
OV00004006,LN00018377,2025-12-31,229.74,BRANCH_SUPPORT
OV00004007,LN00018379,2026-02-28,693.84,BRANCH_SUPPORT
OV00004008,LN00018380,2026-03-31,483.50,BRANCH_SUPPORT
OV00004009,LN00018388,2024-11-30,288.18,BRANCH_SUPPORT
OV00004010,LN00018391,2025-02-28,586.18,BRANCH_SUPPORT
OV00004011,LN00018398,2025-09-30,231.36,BRANCH_SUPPORT
OV00004012,LN00018410,2024-09-30,485.52,BRANCH_SUPPORT
OV00004013,LN00018416,2025-03-31,378.80,BRANCH_SUPPORT
OV00004014,LN00018417,2025-04-30,148.00,BRANCH_SUPPORT
OV00004015,LN00018419,2025-06-30,477.81,BRANCH_SUPPORT
OV00004016,LN00018420,2025-07-31,240.89,BRANCH_SUPPORT
OV00004017,LN00018427,2026-02-28,457.38,BRANCH_SUPPORT
OV00004018,LN00018428,2026-03-31,108.43,BRANCH_SUPPORT
OV00004019,LN00018431,2026-06-30,345.66,BRANCH_SUPPORT
OV00004020,LN00018439,2025-02-28,81.42,BRANCH_SUPPORT
OV00004021,LN00018446,2025-09-30,431.82,BRANCH_SUPPORT
OV00004022,LN00018451,2026-02-28,383.20,BRANCH_SUPPORT
OV00004023,LN00018452,2026-03-31,328.40,BRANCH_SUPPORT
OV00004024,LN00018453,2026-04-30,811.20,BRANCH_SUPPORT
OV00004025,LN00018454,2026-05-31,129.29,BRANCH_SUPPORT
OV00004026,LN00018456,2026-07-31,414.48,BRANCH_SUPPORT
OV00004027,LN00018462,2025-01-31,247.83,BRANCH_SUPPORT
OV00004028,LN00018468,2025-07-31,669.90,BRANCH_SUPPORT
OV00004029,LN00018469,2025-08-31,687.72,BRANCH_SUPPORT
OV00004030,LN00018479,2026-06-30,759.33,BRANCH_SUPPORT
OV00004031,LN00018499,2026-02-28,222.88,BRANCH_SUPPORT
OV00004032,LN00018500,2026-03-31,679.28,BRANCH_SUPPORT
OV00004033,LN00018502,2026-05-31,127.40,BRANCH_SUPPORT
OV00004034,LN00018506,2024-09-30,221.41,BRANCH_SUPPORT
OV00004035,LN00018511,2025-02-28,218.20,BRANCH_SUPPORT
OV00004036,LN00018516,2025-07-31,549.12,BRANCH_SUPPORT
OV00004037,LN00018521,2025-12-31,419.16,BRANCH_SUPPORT
OV00004038,LN00018524,2026-03-31,764.68,BRANCH_SUPPORT
OV00004039,LN00018540,2025-07-31,619.92,BRANCH_SUPPORT
OV00004040,LN00018544,2025-11-30,756.21,BRANCH_SUPPORT
OV00004041,LN00018549,2026-04-30,484.82,BRANCH_SUPPORT
OV00004042,LN00018559,2025-02-28,209.09,BRANCH_SUPPORT
OV00004043,LN00018565,2025-08-31,775.04,BRANCH_SUPPORT
OV00004044,LN00018566,2025-09-30,820.16,BRANCH_SUPPORT
OV00004045,LN00018567,2025-10-31,297.20,BRANCH_SUPPORT
OV00004046,LN00018568,2025-11-30,184.80,BRANCH_SUPPORT
OV00004047,LN00018572,2026-03-31,292.70,BRANCH_SUPPORT
OV00004048,LN00018573,2026-04-30,851.11,BRANCH_SUPPORT
OV00004049,LN00018574,2026-05-31,267.08,BRANCH_SUPPORT
OV00004050,LN00018577,2024-08-31,419.16,BRANCH_SUPPORT
OV00004051,LN00018585,2025-04-30,352.77,BRANCH_SUPPORT
OV00004052,LN00018591,2025-10-31,833.70,BRANCH_SUPPORT
OV00004053,LN00018601,2024-08-31,372.45,BRANCH_SUPPORT
OV00004054,LN00018606,2025-01-31,209.40,BRANCH_SUPPORT
OV00004055,LN00018616,2025-11-30,524.10,BRANCH_SUPPORT
OV00004056,LN00018617,2025-12-31,568.30,BRANCH_SUPPORT
OV00004057,LN00018618,2026-01-31,696.60,BRANCH_SUPPORT
OV00004058,LN00018623,2026-06-30,456.89,BRANCH_SUPPORT
OV00004059,LN00018624,2026-07-31,616.50,BRANCH_SUPPORT
OV00004060,LN00018630,2025-01-31,430.57,BRANCH_SUPPORT
OV00004061,LN00018631,2025-02-28,231.66,BRANCH_SUPPORT
OV00004062,LN00018643,2026-02-28,723.94,BRANCH_SUPPORT
OV00004063,LN00018655,2025-02-28,146.30,BRANCH_SUPPORT
OV00004064,LN00018659,2025-06-30,576.24,BRANCH_SUPPORT
OV00004065,LN00018663,2025-10-31,811.05,BRANCH_SUPPORT
OV00004066,LN00018665,2025-12-31,144.06,BRANCH_SUPPORT
OV00004067,LN00018670,2026-05-31,396.76,BRANCH_SUPPORT
OV00004068,LN00018672,2026-07-31,414.54,BRANCH_SUPPORT
OV00004069,LN00018674,2024-09-30,419.68,BRANCH_SUPPORT
OV00004070,LN00018680,2025-03-31,129.20,BRANCH_SUPPORT
OV00004071,LN00018682,2025-05-31,189.60,BRANCH_SUPPORT
OV00004072,LN00018686,2025-09-30,241.71,BRANCH_SUPPORT
OV00004073,LN00018689,2025-12-31,742.14,BRANCH_SUPPORT
OV00004074,LN00018691,2026-02-28,151.06,BRANCH_SUPPORT
OV00004075,LN00018697,2024-08-31,1003.80,BRANCH_SUPPORT
OV00004076,LN00018710,2025-09-30,202.02,BRANCH_SUPPORT
OV00004077,LN00018711,2025-10-31,479.92,BRANCH_SUPPORT
OV00004078,LN00018719,2026-06-30,438.60,BRANCH_SUPPORT
OV00004079,LN00018720,2026-07-31,343.90,BRANCH_SUPPORT
OV00004080,LN00018721,2024-08-31,1227.52,BRANCH_SUPPORT
OV00004081,LN00018724,2024-11-30,445.64,BRANCH_SUPPORT
OV00004082,LN00018725,2024-12-31,1012.05,BRANCH_SUPPORT
OV00004083,LN00018730,2025-05-31,430.57,BRANCH_SUPPORT
OV00004084,LN00018735,2025-10-31,494.48,BRANCH_SUPPORT
OV00004085,LN00018743,2026-06-30,365.55,BRANCH_SUPPORT
OV00004086,LN00018744,2026-07-31,787.50,BRANCH_SUPPORT
OV00004087,LN00018748,2024-11-30,368.72,BRANCH_SUPPORT
OV00004088,LN00018753,2025-04-30,290.85,BRANCH_SUPPORT
OV00004089,LN00018755,2025-06-30,1124.80,BRANCH_SUPPORT
OV00004090,LN00018759,2025-10-31,613.80,BRANCH_SUPPORT
OV00004091,LN00018763,2026-02-28,395.64,BRANCH_SUPPORT
OV00004092,LN00018765,2026-04-30,1050.42,BRANCH_SUPPORT
OV00004093,LN00018766,2026-05-31,334.32,BRANCH_SUPPORT
OV00004094,LN00018772,2024-11-30,1149.92,BRANCH_SUPPORT
OV00004095,LN00018773,2024-12-31,881.14,BRANCH_SUPPORT
OV00004096,LN00018777,2025-04-30,323.15,BRANCH_SUPPORT
OV00004097,LN00018780,2025-07-31,204.93,BRANCH_SUPPORT
OV00004098,LN00018785,2025-12-31,1120.05,BRANCH_SUPPORT
OV00004099,LN00018792,2026-07-31,693.00,BRANCH_SUPPORT
OV00004100,LN00018803,2025-06-30,477.12,BRANCH_SUPPORT
OV00004101,LN00018807,2025-10-31,215.16,BRANCH_SUPPORT
OV00004102,LN00018821,2024-12-31,817.18,BRANCH_SUPPORT
OV00004103,LN00018826,2025-05-31,748.40,BRANCH_SUPPORT
OV00004104,LN00018830,2025-09-30,272.16,BRANCH_SUPPORT
OV00004105,LN00018831,2025-10-31,877.08,BRANCH_SUPPORT
OV00004106,LN00018841,2024-08-31,208.40,BRANCH_SUPPORT
OV00004107,LN00018842,2024-09-30,270.45,BRANCH_SUPPORT
OV00004108,LN00018843,2024-10-31,431.68,BRANCH_SUPPORT
OV00004109,LN00018845,2024-12-31,257.52,BRANCH_SUPPORT
OV00004110,LN00018846,2025-01-31,798.98,BRANCH_SUPPORT
OV00004111,LN00018848,2025-03-31,474.36,BRANCH_SUPPORT
OV00004112,LN00018849,2025-04-30,286.65,BRANCH_SUPPORT
OV00004113,LN00018860,2026-03-31,194.50,BRANCH_SUPPORT
OV00004114,LN00018867,2024-10-31,100.94,BRANCH_SUPPORT
OV00004115,LN00018868,2024-11-30,962.52,BRANCH_SUPPORT
OV00004116,LN00018873,2025-04-30,742.00,BRANCH_SUPPORT
OV00004117,LN00018875,2025-06-30,828.94,BRANCH_SUPPORT
OV00004118,LN00018876,2025-07-31,1033.95,BRANCH_SUPPORT
OV00004119,LN00018884,2026-03-31,503.04,BRANCH_SUPPORT
OV00004120,LN00018888,2026-07-31,130.00,BRANCH_SUPPORT
OV00004121,LN00018889,2024-08-31,449.16,BRANCH_SUPPORT
OV00004122,LN00018900,2025-07-31,1179.30,BRANCH_SUPPORT
OV00004123,LN00018903,2025-10-31,389.28,BRANCH_SUPPORT
OV00004124,LN00018904,2025-11-30,126.45,BRANCH_SUPPORT
OV00004125,LN00018906,2026-01-31,871.20,BRANCH_SUPPORT
OV00004126,LN00018907,2026-02-28,942.08,BRANCH_SUPPORT
OV00004127,LN00018912,2026-07-31,617.84,BRANCH_SUPPORT
OV00004128,LN00018916,2024-11-30,781.90,BRANCH_SUPPORT
OV00004129,LN00018917,2024-12-31,818.16,BRANCH_SUPPORT
OV00004130,LN00018918,2025-01-31,535.36,BRANCH_SUPPORT
OV00004131,LN00018919,2025-02-28,203.61,BRANCH_SUPPORT
OV00004132,LN00018921,2025-04-30,632.96,BRANCH_SUPPORT
OV00004133,LN00018922,2025-05-31,448.50,BRANCH_SUPPORT
OV00004134,LN00018924,2025-07-31,210.08,BRANCH_SUPPORT
OV00004135,LN00018927,2025-10-31,191.10,BRANCH_SUPPORT
OV00004136,LN00018930,2026-01-31,670.80,BRANCH_SUPPORT
OV00004137,LN00018931,2026-02-28,177.95,BRANCH_SUPPORT
OV00004138,LN00018941,2024-12-31,751.90,BRANCH_SUPPORT
OV00004139,LN00018949,2025-08-31,868.08,BRANCH_SUPPORT
OV00004140,LN00018957,2026-04-30,622.86,BRANCH_SUPPORT
OV00004141,LN00018965,2024-12-31,636.00,BRANCH_SUPPORT
OV00004142,LN00018967,2025-02-28,931.97,BRANCH_SUPPORT
OV00004143,LN00018972,2025-07-31,311.36,BRANCH_SUPPORT
OV00004144,LN00018982,2026-05-31,755.95,BRANCH_SUPPORT
OV00004145,LN00018983,2026-06-30,149.38,BRANCH_SUPPORT
OV00004146,LN00018987,2024-10-31,872.16,BRANCH_SUPPORT
OV00004147,LN00018993,2025-04-30,454.16,BRANCH_SUPPORT
OV00004148,LN00018994,2025-05-31,439.53,BRANCH_SUPPORT
OV00004149,LN00018998,2025-09-30,143.64,BRANCH_SUPPORT
OV00004150,LN00018999,2025-10-31,258.95,BRANCH_SUPPORT
OV00004151,LN00019001,2025-12-31,395.12,BRANCH_SUPPORT
OV00004152,LN00019013,2024-12-31,659.40,BRANCH_SUPPORT
OV00004153,LN00019026,2026-01-31,996.19,BRANCH_SUPPORT
OV00004154,LN00019033,2024-08-31,162.72,BRANCH_SUPPORT
OV00004155,LN00019035,2024-10-31,846.12,BRANCH_SUPPORT
OV00004156,LN00019038,2025-01-31,655.60,BRANCH_SUPPORT
OV00004157,LN00019040,2025-03-31,259.50,BRANCH_SUPPORT
OV00004158,LN00019047,2025-10-31,330.93,BRANCH_SUPPORT
OV00004159,LN00019049,2025-12-31,993.44,BRANCH_SUPPORT
OV00004160,LN00019056,2026-07-31,964.95,BRANCH_SUPPORT
OV00004161,LN00019062,2025-01-31,386.88,BRANCH_SUPPORT
OV00004162,LN00019063,2025-02-28,454.74,BRANCH_SUPPORT
OV00004163,LN00019071,2025-10-31,500.50,BRANCH_SUPPORT
OV00004164,LN00019073,2025-12-31,478.00,BRANCH_SUPPORT
OV00004165,LN00019074,2026-01-31,416.70,BRANCH_SUPPORT
OV00004166,LN00019076,2026-03-31,390.96,BRANCH_SUPPORT
OV00004167,LN00019087,2025-02-28,885.75,BRANCH_SUPPORT
OV00004168,LN00019097,2025-12-31,844.47,BRANCH_SUPPORT
OV00004169,LN00019098,2026-01-31,485.88,BRANCH_SUPPORT
OV00004170,LN00019101,2026-04-30,1085.14,BRANCH_SUPPORT
OV00004171,LN00019111,2025-02-28,767.88,BRANCH_SUPPORT
OV00004172,LN00019114,2025-05-31,483.00,BRANCH_SUPPORT
OV00004173,LN00019115,2025-06-30,559.50,BRANCH_SUPPORT
OV00004174,LN00019123,2026-02-28,433.18,BRANCH_SUPPORT
OV00004175,LN00019125,2026-04-30,707.10,BRANCH_SUPPORT
OV00004176,LN00019127,2026-06-30,614.46,BRANCH_SUPPORT
OV00004177,LN00019135,2025-02-28,666.63,BRANCH_SUPPORT
OV00004178,LN00019137,2025-04-30,171.63,BRANCH_SUPPORT
OV00004179,LN00019147,2026-02-28,301.98,BRANCH_SUPPORT
OV00004180,LN00019152,2026-07-31,509.13,BRANCH_SUPPORT
OV00004181,LN00019155,2024-10-31,362.45,BRANCH_SUPPORT
OV00004182,LN00019162,2025-05-31,319.44,BRANCH_SUPPORT
OV00004183,LN00019167,2025-10-31,668.16,BRANCH_SUPPORT
OV00004184,LN00019172,2026-03-31,374.79,BRANCH_SUPPORT
OV00004185,LN00019173,2026-04-30,391.90,BRANCH_SUPPORT
OV00004186,LN00019190,2025-09-30,216.70,BRANCH_SUPPORT
OV00004187,LN00019195,2026-02-28,877.08,BRANCH_SUPPORT
OV00004188,LN00019196,2026-03-31,208.32,BRANCH_SUPPORT
OV00004189,LN00019197,2026-04-30,914.20,BRANCH_SUPPORT
OV00004190,LN00019198,2026-05-31,246.47,BRANCH_SUPPORT
OV00004191,LN00019201,2024-08-31,160.92,BRANCH_SUPPORT
OV00004192,LN00019203,2024-10-31,708.51,BRANCH_SUPPORT
OV00004193,LN00019210,2025-05-31,194.04,BRANCH_SUPPORT
OV00004194,LN00019223,2026-06-30,736.40,BRANCH_SUPPORT
OV00004195,LN00019225,2024-08-31,84.36,BRANCH_SUPPORT
OV00004196,LN00019228,2024-11-30,375.96,BRANCH_SUPPORT
OV00004197,LN00019234,2025-05-31,761.20,BRANCH_SUPPORT
OV00004198,LN00019243,2026-02-28,824.46,BRANCH_SUPPORT
OV00004199,LN00019256,2025-03-31,217.65,BRANCH_SUPPORT
OV00004200,LN00019257,2025-04-30,198.24,BRANCH_SUPPORT
OV00004201,LN00019259,2025-06-30,350.56,BRANCH_SUPPORT
OV00004202,LN00019260,2025-07-31,839.64,BRANCH_SUPPORT
OV00004203,LN00019261,2025-08-31,388.99,BRANCH_SUPPORT
OV00004204,LN00019262,2025-09-30,268.38,BRANCH_SUPPORT
OV00004205,LN00019272,2026-07-31,658.80,BRANCH_SUPPORT
OV00004206,LN00019276,2024-11-30,393.48,BRANCH_SUPPORT
OV00004207,LN00019278,2025-01-31,544.80,BRANCH_SUPPORT
OV00004208,LN00019279,2025-02-28,579.92,BRANCH_SUPPORT
OV00004209,LN00019280,2025-03-31,239.20,BRANCH_SUPPORT
OV00004210,LN00019282,2025-05-31,543.48,BRANCH_SUPPORT
OV00004211,LN00019287,2025-10-31,351.68,BRANCH_SUPPORT
OV00004212,LN00019295,2026-06-30,257.92,BRANCH_SUPPORT
OV00004213,LN00019296,2026-07-31,346.50,BRANCH_SUPPORT
OV00004214,LN00019299,2024-10-31,267.00,BRANCH_SUPPORT
OV00004215,LN00019304,2025-03-31,868.28,BRANCH_SUPPORT
OV00004216,LN00019306,2025-05-31,556.80,BRANCH_SUPPORT
OV00004217,LN00019326,2025-01-31,281.60,BRANCH_SUPPORT
OV00004218,LN00019329,2025-04-30,414.04,BRANCH_SUPPORT
OV00004219,LN00019340,2026-03-31,518.88,BRANCH_SUPPORT
OV00004220,LN00019341,2026-04-30,733.85,BRANCH_SUPPORT
OV00004221,LN00019345,2024-08-31,261.80,BRANCH_SUPPORT
OV00004222,LN00019353,2025-04-30,234.29,BRANCH_SUPPORT
OV00004223,LN00019355,2025-06-30,823.68,BRANCH_SUPPORT
OV00004224,LN00019360,2025-11-30,481.74,BRANCH_SUPPORT
OV00004225,LN00019362,2026-01-31,885.15,BRANCH_SUPPORT
OV00004226,LN00019365,2026-04-30,885.69,BRANCH_SUPPORT
OV00004227,LN00019368,2026-07-31,424.62,BRANCH_SUPPORT
OV00004228,LN00019372,2024-11-30,163.92,BRANCH_SUPPORT
OV00004229,LN00019378,2025-05-31,701.12,BRANCH_SUPPORT
OV00004230,LN00019381,2025-08-31,137.34,BRANCH_SUPPORT
OV00004231,LN00019384,2025-11-30,156.50,BRANCH_SUPPORT
OV00004232,LN00019392,2026-07-31,311.85,BRANCH_SUPPORT
OV00004233,LN00019399,2025-02-28,521.43,BRANCH_SUPPORT
OV00004234,LN00019403,2025-06-30,378.00,BRANCH_SUPPORT
OV00004235,LN00019407,2025-10-31,416.02,BRANCH_SUPPORT
OV00004236,LN00019409,2025-12-31,453.00,BRANCH_SUPPORT
OV00004237,LN00019410,2026-01-31,950.04,BRANCH_SUPPORT
OV00004238,LN00019413,2026-04-30,600.08,BRANCH_SUPPORT
OV00004239,LN00019414,2026-05-31,306.25,BRANCH_SUPPORT
OV00004240,LN00019415,2026-06-30,263.76,BRANCH_SUPPORT
OV00004241,LN00019431,2025-10-31,341.11,BRANCH_SUPPORT
OV00004242,LN00019432,2025-11-30,474.30,BRANCH_SUPPORT
OV00004243,LN00019436,2026-03-31,453.15,BRANCH_SUPPORT
OV00004244,LN00019438,2026-05-31,318.60,BRANCH_SUPPORT
OV00004245,LN00019448,2025-03-31,364.32,BRANCH_SUPPORT
OV00004246,LN00019450,2025-05-31,552.02,BRANCH_SUPPORT
OV00004247,LN00019459,2026-02-28,189.75,BRANCH_SUPPORT
OV00004248,LN00019461,2026-04-30,506.87,BRANCH_SUPPORT
OV00004249,LN00019463,2026-06-30,731.83,BRANCH_SUPPORT
OV00004250,LN00019465,2024-08-31,147.68,BRANCH_SUPPORT
OV00004251,LN00019484,2026-03-31,678.24,BRANCH_SUPPORT
OV00004252,LN00019486,2026-05-31,168.65,BRANCH_SUPPORT
OV00004253,LN00019488,2026-07-31,358.00,BRANCH_SUPPORT
OV00004254,LN00019489,2024-08-31,516.24,BRANCH_SUPPORT
OV00004255,LN00019491,2024-10-31,565.52,BRANCH_SUPPORT
OV00004256,LN00019497,2025-04-30,140.04,BRANCH_SUPPORT
OV00004257,LN00019511,2026-06-30,749.80,BRANCH_SUPPORT
OV00004258,LN00019515,2024-10-31,788.80,BRANCH_SUPPORT
OV00004259,LN00019519,2025-02-28,329.10,BRANCH_SUPPORT
OV00004260,LN00019525,2025-08-31,583.80,BRANCH_SUPPORT
OV00004261,LN00019529,2025-12-31,297.72,BRANCH_SUPPORT
OV00004262,LN00019531,2026-02-28,731.64,BRANCH_SUPPORT
OV00004263,LN00019532,2026-03-31,549.36,BRANCH_SUPPORT
OV00004264,LN00019535,2026-06-30,657.92,BRANCH_SUPPORT
OV00004265,LN00019539,2024-10-31,247.87,BRANCH_SUPPORT
OV00004266,LN00019547,2025-06-30,201.51,BRANCH_SUPPORT
OV00004267,LN00019551,2025-10-31,465.14,BRANCH_SUPPORT
OV00004268,LN00019560,2026-07-31,278.50,BRANCH_SUPPORT
OV00004269,LN00019561,2024-08-31,352.95,BRANCH_SUPPORT
OV00004270,LN00019562,2024-09-30,261.55,BRANCH_SUPPORT
OV00004271,LN00019563,2024-10-31,872.00,BRANCH_SUPPORT
OV00004272,LN00019567,2025-02-28,529.60,BRANCH_SUPPORT
OV00004273,LN00019576,2025-11-30,711.81,BRANCH_SUPPORT
OV00004274,LN00019577,2025-12-31,396.88,BRANCH_SUPPORT
OV00004275,LN00019579,2026-02-28,155.34,BRANCH_SUPPORT
OV00004276,LN00019583,2026-06-30,338.45,BRANCH_SUPPORT
OV00004277,LN00019584,2026-07-31,683.54,BRANCH_SUPPORT
OV00004278,LN00019586,2024-09-30,201.50,BRANCH_SUPPORT
OV00004279,LN00019591,2025-02-28,1195.68,BRANCH_SUPPORT
OV00004280,LN00019593,2025-04-30,490.92,BRANCH_SUPPORT
OV00004281,LN00019594,2025-05-31,142.38,BRANCH_SUPPORT
OV00004282,LN00019596,2025-07-31,184.65,BRANCH_SUPPORT
OV00004283,LN00019599,2025-10-31,367.74,BRANCH_SUPPORT
OV00004284,LN00019602,2026-01-31,218.10,BRANCH_SUPPORT
OV00004285,LN00019608,2026-07-31,495.55,BRANCH_SUPPORT
OV00004286,LN00019610,2024-09-30,365.82,BRANCH_SUPPORT
OV00004287,LN00019612,2024-11-30,111.54,BRANCH_SUPPORT
OV00004288,LN00019623,2025-10-31,665.99,BRANCH_SUPPORT
OV00004289,LN00019624,2025-11-30,1002.75,BRANCH_SUPPORT
OV00004290,LN00019637,2024-12-31,168.88,BRANCH_SUPPORT
OV00004291,LN00019638,2025-01-31,1004.90,BRANCH_SUPPORT
OV00004292,LN00019642,2025-05-31,1018.24,BRANCH_SUPPORT
OV00004293,LN00019645,2025-08-31,679.80,BRANCH_SUPPORT
OV00004294,LN00019647,2025-10-31,770.24,BRANCH_SUPPORT
OV00004295,LN00019654,2026-05-31,383.60,BRANCH_SUPPORT
OV00004296,LN00019657,2024-08-31,935.34,BRANCH_SUPPORT
OV00004297,LN00019661,2024-12-31,350.25,BRANCH_SUPPORT
OV00004298,LN00019664,2025-03-31,187.20,BRANCH_SUPPORT
OV00004299,LN00019666,2025-05-31,88.68,BRANCH_SUPPORT
OV00004300,LN00019678,2026-05-31,343.08,BRANCH_SUPPORT
OV00004301,LN00019684,2024-11-30,76.62,BRANCH_SUPPORT
OV00004302,LN00019685,2024-12-31,823.20,BRANCH_SUPPORT
OV00004303,LN00019690,2025-05-31,446.39,BRANCH_SUPPORT
OV00004304,LN00019691,2025-06-30,546.84,BRANCH_SUPPORT
OV00004305,LN00019694,2025-09-30,332.78,BRANCH_SUPPORT
OV00004306,LN00019699,2026-02-28,677.04,BRANCH_SUPPORT
OV00004307,LN00019701,2026-04-30,328.57,BRANCH_SUPPORT
OV00004308,LN00019702,2026-05-31,156.33,BRANCH_SUPPORT
OV00004309,LN00019715,2025-06-30,402.60,BRANCH_SUPPORT
OV00004310,LN00019717,2025-08-31,637.12,BRANCH_SUPPORT
OV00004311,LN00019719,2025-10-31,702.40,BRANCH_SUPPORT
OV00004312,LN00019737,2025-04-30,1048.05,BRANCH_SUPPORT
OV00004313,LN00019740,2025-07-31,353.08,BRANCH_SUPPORT
OV00004314,LN00019742,2025-09-30,278.10,BRANCH_SUPPORT
OV00004315,LN00019746,2026-01-31,342.10,BRANCH_SUPPORT
OV00004316,LN00019747,2026-02-28,407.75,BRANCH_SUPPORT
OV00004317,LN00019763,2025-06-30,104.96,BRANCH_SUPPORT
OV00004318,LN00019765,2025-08-31,546.70,BRANCH_SUPPORT
OV00004319,LN00019771,2026-02-28,772.08,BRANCH_SUPPORT
OV00004320,LN00019776,2026-07-31,581.58,BRANCH_SUPPORT
OV00004321,LN00019783,2025-02-28,257.11,BRANCH_SUPPORT
OV00004322,LN00019784,2025-03-31,557.12,BRANCH_SUPPORT
OV00004323,LN00019794,2026-01-31,658.88,BRANCH_SUPPORT
OV00004324,LN00019796,2026-03-31,1049.55,BRANCH_SUPPORT
OV00004325,LN00019798,2026-05-31,320.94,BRANCH_SUPPORT
OV00004326,LN00019806,2025-01-31,1112.85,BRANCH_SUPPORT
OV00004327,LN00019808,2025-03-31,319.26,BRANCH_SUPPORT
OV00004328,LN00019812,2025-07-31,175.56,BRANCH_SUPPORT
OV00004329,LN00019814,2025-09-30,373.20,BRANCH_SUPPORT
OV00004330,LN00019816,2025-11-30,493.09,BRANCH_SUPPORT
OV00004331,LN00019818,2026-01-31,180.39,BRANCH_SUPPORT
OV00004332,LN00019819,2026-02-28,309.60,BRANCH_SUPPORT
OV00004333,LN00019822,2026-05-31,376.60,BRANCH_SUPPORT
OV00004334,LN00019823,2026-06-30,342.55,BRANCH_SUPPORT
OV00004335,LN00019826,2024-09-30,115.92,BRANCH_SUPPORT
OV00004336,LN00019827,2024-10-31,409.50,BRANCH_SUPPORT
OV00004337,LN00019831,2025-02-28,753.72,BRANCH_SUPPORT
OV00004338,LN00019834,2025-05-31,673.44,BRANCH_SUPPORT
OV00004339,LN00019837,2025-08-31,619.30,BRANCH_SUPPORT
OV00004340,LN00019838,2025-09-30,632.80,BRANCH_SUPPORT
OV00004341,LN00019843,2026-02-28,229.05,BRANCH_SUPPORT
OV00004342,LN00019846,2026-05-31,397.32,BRANCH_SUPPORT
OV00004343,LN00019856,2025-03-31,642.04,BRANCH_SUPPORT
OV00004344,LN00019865,2025-12-31,381.42,BRANCH_SUPPORT
OV00004345,LN00019869,2026-04-30,907.84,BRANCH_SUPPORT
OV00004346,LN00019870,2026-05-31,1067.25,BRANCH_SUPPORT
OV00004347,LN00019871,2026-06-30,925.73,BRANCH_SUPPORT
OV00004348,LN00019874,2024-09-30,685.68,BRANCH_SUPPORT
OV00004349,LN00019876,2024-11-30,439.32,BRANCH_SUPPORT
OV00004350,LN00019879,2025-02-28,162.47,BRANCH_SUPPORT
OV00004351,LN00019885,2025-08-31,928.80,BRANCH_SUPPORT
OV00004352,LN00019900,2024-11-30,190.89,BRANCH_SUPPORT
OV00004353,LN00019901,2024-12-31,255.00,BRANCH_SUPPORT
OV00004354,LN00019904,2025-03-31,741.02,BRANCH_SUPPORT
OV00004355,LN00019907,2025-06-30,73.80,BRANCH_SUPPORT
OV00004356,LN00019921,2024-08-31,1024.53,BRANCH_SUPPORT
OV00004357,LN00019927,2025-02-28,809.85,BRANCH_SUPPORT
OV00004358,LN00019929,2025-04-30,436.00,BRANCH_SUPPORT
OV00004359,LN00019931,2025-06-30,389.62,BRANCH_SUPPORT
OV00004360,LN00019940,2026-03-31,230.70,BRANCH_SUPPORT
OV00004361,LN00019941,2026-04-30,355.12,BRANCH_SUPPORT
OV00004362,LN00019952,2025-03-31,262.43,BRANCH_SUPPORT
OV00004363,LN00019953,2025-04-30,1070.56,BRANCH_SUPPORT
OV00004364,LN00019963,2026-02-28,434.07,BRANCH_SUPPORT
OV00004365,LN00019965,2026-04-30,128.10,BRANCH_SUPPORT
OV00004366,LN00019968,2026-07-31,535.08,BRANCH_SUPPORT
OV00004367,LN00019972,2024-11-30,419.51,BRANCH_SUPPORT
OV00004368,LN00019974,2025-01-31,993.75,BRANCH_SUPPORT
OV00004369,LN00019988,2026-03-31,411.90,BRANCH_SUPPORT
OV00004370,LN00019993,2024-08-31,453.18,BRANCH_SUPPORT
OV00004371,LN00020002,2025-05-31,385.76,BRANCH_SUPPORT
OV00004372,LN00020005,2025-08-31,374.34,BRANCH_SUPPORT
OV00004373,LN00020013,2026-04-30,897.36,BRANCH_SUPPORT
OV00004374,LN00020016,2026-07-31,187.76,BRANCH_SUPPORT
OV00004375,LN00020019,2024-10-31,499.41,BRANCH_SUPPORT
OV00004376,LN00020027,2025-06-30,754.60,BRANCH_SUPPORT
OV00004377,LN00020030,2025-09-30,143.55,BRANCH_SUPPORT
OV00004378,LN00020031,2025-10-31,356.40,BRANCH_SUPPORT
OV00004379,LN00020034,2026-01-31,328.20,BRANCH_SUPPORT
OV00004380,LN00020037,2026-04-30,1071.70,BRANCH_SUPPORT
OV00004381,LN00020038,2026-05-31,226.62,BRANCH_SUPPORT
OV00004382,LN00020040,2026-07-31,488.56,BRANCH_SUPPORT
OV00004383,LN00020042,2024-09-30,1074.60,BRANCH_SUPPORT
OV00004384,LN00020046,2025-01-31,919.94,BRANCH_SUPPORT
OV00004385,LN00020051,2025-06-30,322.88,BRANCH_SUPPORT
OV00004386,LN00020064,2026-07-31,1045.28,BRANCH_SUPPORT
OV00004387,LN00020069,2024-12-31,695.97,BRANCH_SUPPORT
OV00004388,LN00020072,2025-03-31,264.51,BRANCH_SUPPORT
OV00004389,LN00020081,2025-12-31,258.96,BRANCH_SUPPORT
OV00004390,LN00020082,2026-01-31,868.01,BRANCH_SUPPORT
OV00004391,LN00020084,2026-03-31,398.95,BRANCH_SUPPORT
OV00004392,LN00020098,2025-05-31,380.64,BRANCH_SUPPORT
OV00004393,LN00020107,2026-02-28,225.33,BRANCH_SUPPORT
OV00004394,LN00020108,2026-03-31,928.65,BRANCH_SUPPORT
OV00004395,LN00020109,2026-04-30,376.20,BRANCH_SUPPORT
OV00004396,LN00020110,2026-05-31,586.32,BRANCH_SUPPORT
OV00004397,LN00020112,2026-07-31,788.40,BRANCH_SUPPORT
OV00004398,LN00020117,2024-12-31,720.00,BRANCH_SUPPORT
OV00004399,LN00020119,2025-02-28,569.16,BRANCH_SUPPORT
OV00004400,LN00020120,2025-03-31,413.40,BRANCH_SUPPORT
OV00004401,LN00020124,2025-07-31,491.36,BRANCH_SUPPORT
OV00004402,LN00020126,2025-09-30,655.34,BRANCH_SUPPORT
OV00004403,LN00020133,2026-04-30,176.54,BRANCH_SUPPORT
OV00004404,LN00020134,2026-05-31,222.15,BRANCH_SUPPORT
OV00004405,LN00020135,2026-06-30,121.50,BRANCH_SUPPORT
OV00004406,LN00020155,2026-02-28,205.47,BRANCH_SUPPORT
OV00004407,LN00020157,2026-04-30,767.00,BRANCH_SUPPORT
OV00004408,LN00020159,2026-06-30,316.35,BRANCH_SUPPORT
OV00004409,LN00020166,2025-01-31,223.21,BRANCH_SUPPORT
OV00004410,LN00020169,2025-04-30,325.14,BRANCH_SUPPORT
OV00004411,LN00020171,2025-06-30,723.12,BRANCH_SUPPORT
OV00004412,LN00020172,2025-07-31,234.40,BRANCH_SUPPORT
OV00004413,LN00020177,2025-12-31,909.22,BRANCH_SUPPORT
OV00004414,LN00020181,2026-04-30,554.85,BRANCH_SUPPORT
OV00004415,LN00020183,2026-06-30,307.44,BRANCH_SUPPORT
OV00004416,LN00020194,2025-05-31,458.04,BRANCH_SUPPORT
OV00004417,LN00020199,2025-10-31,352.53,BRANCH_SUPPORT
OV00004418,LN00020200,2025-11-30,630.96,BRANCH_SUPPORT
OV00004419,LN00020201,2025-12-31,396.22,BRANCH_SUPPORT
OV00004420,LN00020202,2026-01-31,683.28,BRANCH_SUPPORT
OV00004421,LN00020204,2026-03-31,186.32,BRANCH_SUPPORT
OV00004422,LN00020233,2024-08-31,345.30,BRANCH_SUPPORT
OV00004423,LN00020238,2025-01-31,201.55,BRANCH_SUPPORT
OV00004424,LN00020239,2025-02-28,627.04,BRANCH_SUPPORT
OV00004425,LN00020241,2025-04-30,595.66,BRANCH_SUPPORT
OV00004426,LN00020243,2025-06-30,586.32,BRANCH_SUPPORT
OV00004427,LN00020247,2025-10-31,594.60,BRANCH_SUPPORT
OV00004428,LN00020249,2025-12-31,1097.55,BRANCH_SUPPORT
OV00004429,LN00020250,2026-01-31,727.65,BRANCH_SUPPORT
OV00004430,LN00020256,2026-07-31,830.55,BRANCH_SUPPORT
OV00004431,LN00020258,2024-09-30,129.66,BRANCH_SUPPORT
OV00004432,LN00020260,2024-11-30,560.00,BRANCH_SUPPORT
OV00004433,LN00020261,2024-12-31,322.20,BRANCH_SUPPORT
OV00004434,LN00020266,2025-05-31,1070.40,BRANCH_SUPPORT
OV00004435,LN00020272,2025-11-30,681.20,BRANCH_SUPPORT
OV00004436,LN00020276,2026-03-31,537.04,BRANCH_SUPPORT
OV00004437,LN00020281,2024-08-31,305.20,BRANCH_SUPPORT
OV00004438,LN00020285,2024-12-31,226.08,BRANCH_SUPPORT
OV00004439,LN00020289,2025-04-30,148.94,BRANCH_SUPPORT
OV00004440,LN00020292,2025-07-31,215.02,BRANCH_SUPPORT
OV00004441,LN00020294,2025-09-30,674.64,BRANCH_SUPPORT
OV00004442,LN00020298,2026-01-31,320.00,BRANCH_SUPPORT
OV00004443,LN00020303,2026-06-30,473.55,BRANCH_SUPPORT
OV00004444,LN00020313,2025-04-30,313.74,BRANCH_SUPPORT
OV00004445,LN00020319,2025-10-31,102.83,BRANCH_SUPPORT
OV00004446,LN00020321,2025-12-31,484.56,BRANCH_SUPPORT
OV00004447,LN00020328,2026-07-31,696.40,BRANCH_SUPPORT
OV00004448,LN00020345,2025-12-31,686.10,BRANCH_SUPPORT
OV00004449,LN00020346,2026-01-31,414.61,BRANCH_SUPPORT
OV00004450,LN00020351,2026-06-30,336.06,BRANCH_SUPPORT
OV00004451,LN00020359,2025-02-28,840.84,BRANCH_SUPPORT
OV00004452,LN00020363,2025-06-30,230.58,BRANCH_SUPPORT
OV00004453,LN00020368,2025-11-30,280.68,BRANCH_SUPPORT
OV00004454,LN00020370,2026-01-31,164.01,BRANCH_SUPPORT
OV00004455,LN00020373,2026-04-30,842.10,BRANCH_SUPPORT
OV00004456,LN00020381,2024-12-31,370.50,BRANCH_SUPPORT
OV00004457,LN00020390,2025-09-30,178.02,BRANCH_SUPPORT
OV00004458,LN00020391,2025-10-31,557.10,BRANCH_SUPPORT
OV00004459,LN00020395,2026-02-28,794.20,BRANCH_SUPPORT
OV00004460,LN00020401,2024-08-31,451.20,BRANCH_SUPPORT
OV00004461,LN00020403,2024-10-31,391.72,BRANCH_SUPPORT
OV00004462,LN00020411,2025-06-30,932.04,BRANCH_SUPPORT
OV00004463,LN00020416,2025-11-30,441.24,BRANCH_SUPPORT
OV00004464,LN00020427,2024-10-31,225.45,BRANCH_SUPPORT
OV00004465,LN00020430,2025-01-31,390.04,BRANCH_SUPPORT
OV00004466,LN00020432,2025-03-31,985.88,BRANCH_SUPPORT
OV00004467,LN00020439,2025-10-31,356.72,BRANCH_SUPPORT
OV00004468,LN00020450,2024-09-30,569.52,BRANCH_SUPPORT
OV00004469,LN00020463,2025-10-31,404.17,BRANCH_SUPPORT
OV00004470,LN00020474,2024-09-30,566.93,BRANCH_SUPPORT
OV00004471,LN00020475,2024-10-31,310.41,BRANCH_SUPPORT
OV00004472,LN00020478,2025-01-31,479.76,BRANCH_SUPPORT
OV00004473,LN00020482,2025-05-31,308.70,BRANCH_SUPPORT
OV00004474,LN00020483,2025-06-30,897.12,BRANCH_SUPPORT
OV00004475,LN00020487,2025-10-31,213.10,BRANCH_SUPPORT
OV00004476,LN00020488,2025-11-30,192.60,BRANCH_SUPPORT
OV00004477,LN00020491,2026-02-28,340.97,BRANCH_SUPPORT
OV00004478,LN00020499,2024-10-31,173.68,BRANCH_SUPPORT
OV00004479,LN00020506,2025-05-31,230.88,BRANCH_SUPPORT
OV00004480,LN00020514,2026-01-31,501.44,BRANCH_SUPPORT
OV00004481,LN00020523,2024-10-31,233.46,BRANCH_SUPPORT
OV00004482,LN00020531,2025-06-30,363.84,BRANCH_SUPPORT
OV00004483,LN00020535,2025-10-31,312.80,BRANCH_SUPPORT
OV00004484,LN00020537,2025-12-31,452.85,BRANCH_SUPPORT
OV00004485,LN00020538,2026-01-31,78.06,BRANCH_SUPPORT
OV00004486,LN00020541,2026-04-30,193.44,BRANCH_SUPPORT
OV00004487,LN00020551,2025-02-28,403.05,BRANCH_SUPPORT
OV00004488,LN00020557,2025-08-31,748.80,BRANCH_SUPPORT
OV00004489,LN00020563,2026-02-28,658.89,BRANCH_SUPPORT
OV00004490,LN00020565,2026-04-30,967.50,BRANCH_SUPPORT
OV00004491,LN00020569,2024-08-31,229.46,BRANCH_SUPPORT
OV00004492,LN00020571,2024-10-31,835.65,BRANCH_SUPPORT
OV00004493,LN00020572,2024-11-30,329.40,BRANCH_SUPPORT
OV00004494,LN00020591,2026-06-30,1069.80,BRANCH_SUPPORT
OV00004495,LN00020597,2024-12-31,607.40,BRANCH_SUPPORT
OV00004496,LN00020600,2025-03-31,628.10,BRANCH_SUPPORT
OV00004497,LN00020606,2025-09-30,444.15,BRANCH_SUPPORT
OV00004498,LN00020612,2026-03-31,166.56,BRANCH_SUPPORT
OV00004499,LN00020614,2026-05-31,323.16,BRANCH_SUPPORT
OV00004500,LN00020616,2026-07-31,554.52,BRANCH_SUPPORT
OV00004501,LN00020621,2024-12-31,345.78,BRANCH_SUPPORT
OV00004502,LN00020624,2025-03-31,337.62,BRANCH_SUPPORT
OV00004503,LN00020627,2025-06-30,448.47,BRANCH_SUPPORT
OV00004504,LN00020628,2025-07-31,718.72,BRANCH_SUPPORT
OV00004505,LN00020629,2025-08-31,336.80,BRANCH_SUPPORT
OV00004506,LN00020636,2026-03-31,826.28,BRANCH_SUPPORT
OV00004507,LN00020643,2024-10-31,304.55,BRANCH_SUPPORT
OV00004508,LN00020645,2024-12-31,1168.16,BRANCH_SUPPORT
OV00004509,LN00020650,2025-05-31,221.85,BRANCH_SUPPORT
OV00004510,LN00020656,2025-11-30,440.66,BRANCH_SUPPORT
OV00004511,LN00020660,2026-03-31,678.81,BRANCH_SUPPORT
OV00004512,LN00020664,2026-07-31,683.55,BRANCH_SUPPORT
OV00004513,LN00020665,2024-08-31,346.40,BRANCH_SUPPORT
OV00004514,LN00020666,2024-09-30,811.65,BRANCH_SUPPORT
OV00004515,LN00020671,2025-02-28,790.10,BRANCH_SUPPORT
OV00004516,LN00020675,2025-06-30,713.10,BRANCH_SUPPORT
OV00004517,LN00020681,2025-12-31,582.30,BRANCH_SUPPORT
OV00004518,LN00020683,2026-02-28,580.92,BRANCH_SUPPORT
OV00004519,LN00020686,2026-05-31,162.00,BRANCH_SUPPORT
OV00004520,LN00020687,2026-06-30,375.48,BRANCH_SUPPORT
OV00004521,LN00020688,2026-07-31,232.20,BRANCH_SUPPORT
OV00004522,LN00020694,2025-01-31,227.04,BRANCH_SUPPORT
OV00004523,LN00020695,2025-02-28,154.85,BRANCH_SUPPORT
OV00004524,LN00020697,2025-04-30,118.65,BRANCH_SUPPORT
OV00004525,LN00020705,2025-12-31,575.40,BRANCH_SUPPORT
OV00004526,LN00020713,2024-08-31,135.44,BRANCH_SUPPORT
OV00004527,LN00020714,2024-09-30,675.36,BRANCH_SUPPORT
OV00004528,LN00020715,2024-10-31,311.15,BRANCH_SUPPORT
OV00004529,LN00020716,2024-11-30,396.40,BRANCH_SUPPORT
OV00004530,LN00020729,2025-12-31,690.17,BRANCH_SUPPORT
OV00004531,LN00020731,2026-02-28,516.46,BRANCH_SUPPORT
OV00004532,LN00020739,2024-10-31,819.00,BRANCH_SUPPORT
OV00004533,LN00020745,2025-04-30,140.28,BRANCH_SUPPORT
OV00004534,LN00020751,2025-10-31,132.77,BRANCH_SUPPORT
OV00004535,LN00020752,2025-11-30,407.28,BRANCH_SUPPORT
OV00004536,LN00020755,2026-02-28,157.92,BRANCH_SUPPORT
OV00004537,LN00020759,2026-06-30,306.95,BRANCH_SUPPORT
OV00004538,LN00020763,2024-10-31,517.59,BRANCH_SUPPORT
OV00004539,LN00020765,2024-12-31,349.56,BRANCH_SUPPORT
OV00004540,LN00020769,2025-04-30,167.12,BRANCH_SUPPORT
OV00004541,LN00020773,2025-08-31,477.72,BRANCH_SUPPORT
OV00004542,LN00020782,2026-05-31,144.24,BRANCH_SUPPORT
OV00004543,LN00020784,2026-07-31,365.28,BRANCH_SUPPORT
OV00004544,LN00020785,2024-08-31,333.76,BRANCH_SUPPORT
OV00004545,LN00020789,2024-12-31,602.64,BRANCH_SUPPORT
OV00004546,LN00020794,2025-05-31,434.20,BRANCH_SUPPORT
OV00004547,LN00020795,2025-06-30,428.68,BRANCH_SUPPORT
OV00004548,LN00020810,2024-09-30,461.51,BRANCH_SUPPORT
OV00004549,LN00020812,2024-11-30,423.54,BRANCH_SUPPORT
OV00004550,LN00020817,2025-04-30,427.65,BRANCH_SUPPORT
OV00004551,LN00020823,2025-10-31,426.00,BRANCH_SUPPORT
OV00004552,LN00020824,2025-11-30,1067.04,BRANCH_SUPPORT
OV00004553,LN00020825,2025-12-31,515.83,BRANCH_SUPPORT
OV00004554,LN00020826,2026-01-31,153.52,BRANCH_SUPPORT
OV00004555,LN00020828,2026-03-31,657.45,BRANCH_SUPPORT
OV00004556,LN00020831,2026-06-30,639.45,BRANCH_SUPPORT
OV00004557,LN00020832,2026-07-31,257.51,BRANCH_SUPPORT
OV00004558,LN00020833,2024-08-31,693.30,BRANCH_SUPPORT
OV00004559,LN00020838,2025-01-31,158.00,BRANCH_SUPPORT
OV00004560,LN00020842,2025-05-31,354.84,BRANCH_SUPPORT
OV00004561,LN00020848,2025-11-30,416.08,BRANCH_SUPPORT
OV00004562,LN00020862,2025-01-31,270.42,BRANCH_SUPPORT
OV00004563,LN00020865,2025-04-30,1140.80,BRANCH_SUPPORT
OV00004564,LN00020866,2025-05-31,351.24,BRANCH_SUPPORT
OV00004565,LN00020867,2025-06-30,406.26,BRANCH_SUPPORT
OV00004566,LN00020869,2025-08-31,390.70,BRANCH_SUPPORT
OV00004567,LN00020871,2025-10-31,450.71,BRANCH_SUPPORT
OV00004568,LN00020890,2025-05-31,524.58,BRANCH_SUPPORT
OV00004569,LN00020902,2026-05-31,549.38,BRANCH_SUPPORT
OV00004570,LN00020905,2024-08-31,79.55,BRANCH_SUPPORT
OV00004571,LN00020906,2024-09-30,444.60,BRANCH_SUPPORT
OV00004572,LN00020907,2024-10-31,713.68,BRANCH_SUPPORT
OV00004573,LN00020909,2024-12-31,699.10,BRANCH_SUPPORT
OV00004574,LN00020912,2025-03-31,645.60,BRANCH_SUPPORT
OV00004575,LN00020940,2025-07-31,354.96,BRANCH_SUPPORT
OV00004576,LN00020945,2025-12-31,483.00,BRANCH_SUPPORT
OV00004577,LN00020948,2026-03-31,587.12,BRANCH_SUPPORT
OV00004578,LN00020953,2024-08-31,513.12,BRANCH_SUPPORT
OV00004579,LN00020954,2024-09-30,349.00,BRANCH_SUPPORT
OV00004580,LN00020956,2024-11-30,254.04,BRANCH_SUPPORT
OV00004581,LN00020959,2025-02-28,500.48,BRANCH_SUPPORT
OV00004582,LN00020963,2025-06-30,650.13,BRANCH_SUPPORT
OV00004583,LN00020970,2026-01-31,326.70,BRANCH_SUPPORT
OV00004584,LN00020981,2024-12-31,177.30,BRANCH_SUPPORT
OV00004585,LN00020987,2025-06-30,126.65,BRANCH_SUPPORT
OV00004586,LN00020990,2025-09-30,297.48,BRANCH_SUPPORT
OV00004587,LN00020991,2025-10-31,91.10,BRANCH_SUPPORT
OV00004588,LN00020992,2025-11-30,619.36,BRANCH_SUPPORT
OV00004589,LN00020997,2026-04-30,951.24,BRANCH_SUPPORT
OV00004590,LN00021000,2026-07-31,376.74,BRANCH_SUPPORT
OV00004591,LN00021001,2024-08-31,388.08,BRANCH_SUPPORT
OV00004592,LN00021009,2025-04-30,382.98,BRANCH_SUPPORT
OV00004593,LN00021010,2025-05-31,260.40,BRANCH_SUPPORT
OV00004594,LN00021020,2026-03-31,145.14,BRANCH_SUPPORT
OV00004595,LN00021024,2026-07-31,591.28,BRANCH_SUPPORT
OV00004596,LN00021029,2024-12-31,375.31,BRANCH_SUPPORT
OV00004597,LN00021038,2025-09-30,581.20,BRANCH_SUPPORT
OV00004598,LN00021044,2026-03-31,136.07,BRANCH_SUPPORT
OV00004599,LN00021048,2026-07-31,944.71,BRANCH_SUPPORT
OV00004600,LN00021050,2024-09-30,124.26,BRANCH_SUPPORT
OV00004601,LN00021066,2026-01-31,695.04,BRANCH_SUPPORT
OV00004602,LN00021070,2026-05-31,124.88,BRANCH_SUPPORT
OV00004603,LN00021074,2024-09-30,724.68,BRANCH_SUPPORT
OV00004604,LN00021075,2024-10-31,707.04,BRANCH_SUPPORT
OV00004605,LN00021096,2026-07-31,386.12,BRANCH_SUPPORT
OV00004606,LN00021097,2024-08-31,587.97,BRANCH_SUPPORT
OV00004607,LN00021099,2024-10-31,633.36,BRANCH_SUPPORT
OV00004608,LN00021101,2024-12-31,492.80,BRANCH_SUPPORT
OV00004609,LN00021105,2025-04-30,1087.80,BRANCH_SUPPORT
OV00004610,LN00021108,2025-07-31,78.12,BRANCH_SUPPORT
OV00004611,LN00021109,2025-08-31,328.72,BRANCH_SUPPORT
OV00004612,LN00021115,2026-02-28,991.25,BRANCH_SUPPORT
OV00004613,LN00021119,2026-06-30,437.94,BRANCH_SUPPORT
OV00004614,LN00021123,2024-10-31,542.96,BRANCH_SUPPORT
OV00004615,LN00021124,2024-11-30,364.65,BRANCH_SUPPORT
OV00004616,LN00021127,2025-02-28,272.25,BRANCH_SUPPORT
OV00004617,LN00021131,2025-06-30,1053.30,BRANCH_SUPPORT
OV00004618,LN00021139,2026-02-28,114.31,BRANCH_SUPPORT
OV00004619,LN00021141,2026-04-30,81.36,BRANCH_SUPPORT
OV00004620,LN00021143,2026-06-30,746.40,BRANCH_SUPPORT
OV00004621,LN00021158,2025-09-30,644.00,BRANCH_SUPPORT
OV00004622,LN00021160,2025-11-30,922.60,BRANCH_SUPPORT
OV00004623,LN00021167,2026-06-30,678.70,BRANCH_SUPPORT
OV00004624,LN00021169,2024-08-31,157.57,BRANCH_SUPPORT
OV00004625,LN00021172,2024-11-30,79.62,BRANCH_SUPPORT
OV00004626,LN00021178,2025-05-31,106.61,BRANCH_SUPPORT
OV00004627,LN00021180,2025-07-31,1072.64,BRANCH_SUPPORT
OV00004628,LN00021188,2026-03-31,851.07,BRANCH_SUPPORT
OV00004629,LN00021192,2026-07-31,382.70,BRANCH_SUPPORT
OV00004630,LN00021199,2025-02-28,577.28,BRANCH_SUPPORT
OV00004631,LN00021209,2025-12-31,791.00,BRANCH_SUPPORT
OV00004632,LN00021217,2024-08-31,292.89,BRANCH_SUPPORT
OV00004633,LN00021219,2024-10-31,279.10,BRANCH_SUPPORT
OV00004634,LN00021220,2024-11-30,156.72,BRANCH_SUPPORT
OV00004635,LN00021225,2025-04-30,267.05,BRANCH_SUPPORT
OV00004636,LN00021226,2025-05-31,841.10,BRANCH_SUPPORT
OV00004637,LN00021230,2025-09-30,156.78,BRANCH_SUPPORT
OV00004638,LN00021237,2026-04-30,271.00,BRANCH_SUPPORT
OV00004639,LN00021238,2026-05-31,740.50,BRANCH_SUPPORT
OV00004640,LN00021239,2026-06-30,382.83,BRANCH_SUPPORT
OV00004641,LN00021242,2024-09-30,569.47,BRANCH_SUPPORT
OV00004642,LN00021249,2025-04-30,519.28,BRANCH_SUPPORT
OV00004643,LN00021254,2025-09-30,298.87,BRANCH_SUPPORT
OV00004644,LN00021255,2025-10-31,146.51,BRANCH_SUPPORT
OV00004645,LN00021262,2026-05-31,181.45,BRANCH_SUPPORT
OV00004646,LN00021269,2024-12-31,490.62,BRANCH_SUPPORT
OV00004647,LN00021274,2025-05-31,375.54,BRANCH_SUPPORT
OV00004648,LN00021279,2025-10-31,506.16,BRANCH_SUPPORT
OV00004649,LN00021286,2026-05-31,331.80,BRANCH_SUPPORT
OV00004650,LN00021289,2024-08-31,84.21,BRANCH_SUPPORT
OV00004651,LN00021294,2025-01-31,231.72,BRANCH_SUPPORT
OV00004652,LN00021295,2025-02-28,105.06,BRANCH_SUPPORT
OV00004653,LN00021297,2025-04-30,240.64,BRANCH_SUPPORT
OV00004654,LN00021300,2025-07-31,173.03,BRANCH_SUPPORT
OV00004655,LN00021303,2025-10-31,460.35,BRANCH_SUPPORT
OV00004656,LN00021307,2026-02-28,492.32,BRANCH_SUPPORT
OV00004657,LN00021310,2026-05-31,360.22,BRANCH_SUPPORT
OV00004658,LN00021311,2026-06-30,383.35,BRANCH_SUPPORT
OV00004659,LN00021323,2025-06-30,302.24,BRANCH_SUPPORT
OV00004660,LN00021325,2025-08-31,537.12,BRANCH_SUPPORT
OV00004661,LN00021332,2026-03-31,355.68,BRANCH_SUPPORT
OV00004662,LN00021333,2026-04-30,514.22,BRANCH_SUPPORT
OV00004663,LN00021340,2024-11-30,71.15,BRANCH_SUPPORT
OV00004664,LN00021342,2025-01-31,715.40,BRANCH_SUPPORT
OV00004665,LN00021357,2026-04-30,115.02,BRANCH_SUPPORT
OV00004666,LN00021361,2024-08-31,588.98,BRANCH_SUPPORT
OV00004667,LN00021362,2024-09-30,149.85,BRANCH_SUPPORT
OV00004668,LN00021369,2025-04-30,166.32,BRANCH_SUPPORT
OV00004669,LN00021371,2025-06-30,1002.24,BRANCH_SUPPORT
OV00004670,LN00021372,2025-07-31,336.80,BRANCH_SUPPORT
OV00004671,LN00021373,2025-08-31,921.06,BRANCH_SUPPORT
OV00004672,LN00021384,2026-07-31,331.20,BRANCH_SUPPORT
OV00004673,LN00021386,2024-09-30,561.00,BRANCH_SUPPORT
OV00004674,LN00021390,2025-01-31,702.30,BRANCH_SUPPORT
OV00004675,LN00021393,2025-04-30,585.60,BRANCH_SUPPORT
OV00004676,LN00021396,2025-07-31,142.00,BRANCH_SUPPORT
OV00004677,LN00021410,2024-09-30,939.90,BRANCH_SUPPORT
OV00004678,LN00021414,2025-01-31,254.80,BRANCH_SUPPORT
OV00004679,LN00021416,2025-03-31,622.96,BRANCH_SUPPORT
OV00004680,LN00021423,2025-10-31,746.07,BRANCH_SUPPORT
OV00004681,LN00021426,2026-01-31,455.42,BRANCH_SUPPORT
OV00004682,LN00021429,2026-04-30,995.80,BRANCH_SUPPORT
OV00004683,LN00021433,2024-08-31,193.20,BRANCH_SUPPORT
OV00004684,LN00021446,2025-09-30,155.36,BRANCH_SUPPORT
OV00004685,LN00021447,2025-10-31,432.15,BRANCH_SUPPORT
OV00004686,LN00021461,2024-12-31,209.80,BRANCH_SUPPORT
OV00004687,LN00021472,2025-11-30,273.91,BRANCH_SUPPORT
OV00004688,LN00021473,2025-12-31,593.67,BRANCH_SUPPORT
OV00004689,LN00021481,2024-08-31,385.80,BRANCH_SUPPORT
OV00004690,LN00021490,2025-05-31,527.38,BRANCH_SUPPORT
OV00004691,LN00021505,2024-08-31,367.71,BRANCH_SUPPORT
OV00004692,LN00021507,2024-10-31,272.76,BRANCH_SUPPORT
OV00004693,LN00021510,2025-01-31,572.91,BRANCH_SUPPORT
OV00004694,LN00021512,2025-03-31,538.56,BRANCH_SUPPORT
OV00004695,LN00021526,2026-05-31,78.95,BRANCH_SUPPORT
OV00004696,LN00021529,2024-08-31,301.70,BRANCH_SUPPORT
OV00004697,LN00021540,2025-07-31,764.16,BRANCH_SUPPORT
OV00004698,LN00021546,2026-01-31,240.12,BRANCH_SUPPORT
OV00004699,LN00021547,2026-02-28,919.80,BRANCH_SUPPORT
OV00004700,LN00021550,2026-05-31,484.00,BRANCH_SUPPORT
OV00004701,LN00021553,2024-08-31,288.54,BRANCH_SUPPORT
OV00004702,LN00021555,2024-10-31,791.10,BRANCH_SUPPORT
OV00004703,LN00021561,2025-04-30,616.65,BRANCH_SUPPORT
OV00004704,LN00021563,2025-06-30,544.08,BRANCH_SUPPORT
OV00004705,LN00021564,2025-07-31,626.92,BRANCH_SUPPORT
OV00004706,LN00021565,2025-08-31,87.48,BRANCH_SUPPORT
OV00004707,LN00021570,2026-01-31,210.63,BRANCH_SUPPORT
OV00004708,LN00021576,2026-07-31,167.76,BRANCH_SUPPORT
OV00004709,LN00021584,2025-03-31,594.96,BRANCH_SUPPORT
OV00004710,LN00021585,2025-04-30,336.42,BRANCH_SUPPORT
OV00004711,LN00021588,2025-07-31,1219.52,BRANCH_SUPPORT
OV00004712,LN00021591,2025-10-31,183.75,BRANCH_SUPPORT
OV00004713,LN00021594,2026-01-31,394.66,BRANCH_SUPPORT
OV00004714,LN00021597,2026-04-30,273.13,BRANCH_SUPPORT
OV00004715,LN00021600,2026-07-31,111.65,BRANCH_SUPPORT
OV00004716,LN00021601,2024-08-31,319.68,BRANCH_SUPPORT
OV00004717,LN00021602,2024-09-30,603.72,BRANCH_SUPPORT
OV00004718,LN00021606,2025-01-31,791.56,BRANCH_SUPPORT
OV00004719,LN00021612,2025-07-31,734.20,BRANCH_SUPPORT
OV00004720,LN00021614,2025-09-30,528.84,BRANCH_SUPPORT
OV00004721,LN00021618,2026-01-31,178.45,BRANCH_SUPPORT
OV00004722,LN00021621,2026-04-30,106.30,BRANCH_SUPPORT
OV00004723,LN00021624,2026-07-31,727.20,BRANCH_SUPPORT
OV00004724,LN00021628,2024-11-30,704.25,BRANCH_SUPPORT
OV00004725,LN00021629,2024-12-31,188.25,BRANCH_SUPPORT
OV00004726,LN00021630,2025-01-31,220.56,BRANCH_SUPPORT
OV00004727,LN00021638,2025-09-30,668.40,BRANCH_SUPPORT
OV00004728,LN00021640,2025-11-30,498.60,BRANCH_SUPPORT
OV00004729,LN00021652,2024-11-30,610.30,BRANCH_SUPPORT
OV00004730,LN00021654,2025-01-31,371.42,BRANCH_SUPPORT
OV00004731,LN00021656,2025-03-31,235.51,BRANCH_SUPPORT
OV00004732,LN00021660,2025-07-31,617.24,BRANCH_SUPPORT
OV00004733,LN00021665,2025-12-31,198.17,BRANCH_SUPPORT
OV00004734,LN00021668,2026-03-31,361.86,BRANCH_SUPPORT
OV00004735,LN00021669,2026-04-30,792.30,BRANCH_SUPPORT
OV00004736,LN00021683,2025-06-30,467.04,BRANCH_SUPPORT
OV00004737,LN00021686,2025-09-30,786.50,BRANCH_SUPPORT
OV00004738,LN00021698,2024-09-30,254.16,BRANCH_SUPPORT
OV00004739,LN00021699,2024-10-31,124.53,BRANCH_SUPPORT
OV00004740,LN00021700,2024-11-30,308.00,BRANCH_SUPPORT
OV00004741,LN00021705,2025-04-30,372.00,BRANCH_SUPPORT
OV00004742,LN00021713,2025-12-31,207.84,BRANCH_SUPPORT
OV00004743,LN00021716,2026-03-31,424.98,BRANCH_SUPPORT
OV00004744,LN00021719,2026-06-30,235.41,BRANCH_SUPPORT
OV00004745,LN00021720,2026-07-31,567.04,BRANCH_SUPPORT
OV00004746,LN00021726,2025-01-31,593.55,BRANCH_SUPPORT
OV00004747,LN00021739,2026-02-28,850.22,BRANCH_SUPPORT
OV00004748,LN00021741,2026-04-30,64.15,BRANCH_SUPPORT
OV00004749,LN00021753,2025-04-30,285.00,BRANCH_SUPPORT
OV00004750,LN00021761,2025-12-31,1003.95,BRANCH_SUPPORT
OV00004751,LN00021770,2024-09-30,933.38,BRANCH_SUPPORT
OV00004752,LN00021775,2025-02-28,492.72,BRANCH_SUPPORT
OV00004753,LN00021778,2025-05-31,839.52,BRANCH_SUPPORT
OV00004754,LN00021779,2025-06-30,453.39,BRANCH_SUPPORT
OV00004755,LN00021787,2026-02-28,584.61,BRANCH_SUPPORT
OV00004756,LN00021790,2026-05-31,319.06,BRANCH_SUPPORT
OV00004757,LN00021792,2026-07-31,228.80,BRANCH_SUPPORT
OV00004758,LN00021794,2024-09-30,334.10,BRANCH_SUPPORT
OV00004759,LN00021795,2024-10-31,198.75,BRANCH_SUPPORT
OV00004760,LN00021797,2024-12-31,553.41,BRANCH_SUPPORT
OV00004761,LN00021798,2025-01-31,1139.84,BRANCH_SUPPORT
OV00004762,LN00021810,2026-01-31,189.28,BRANCH_SUPPORT
OV00004763,LN00021813,2026-04-30,244.30,BRANCH_SUPPORT
OV00004764,LN00021818,2024-09-30,517.65,BRANCH_SUPPORT
OV00004765,LN00021822,2025-01-31,950.32,BRANCH_SUPPORT
OV00004766,LN00021826,2025-05-31,837.85,BRANCH_SUPPORT
OV00004767,LN00021831,2025-10-31,276.00,BRANCH_SUPPORT
OV00004768,LN00021844,2024-11-30,402.08,BRANCH_SUPPORT
OV00004769,LN00021845,2024-12-31,736.54,BRANCH_SUPPORT
OV00004770,LN00021848,2025-03-31,112.80,BRANCH_SUPPORT
OV00004771,LN00021849,2025-04-30,202.20,BRANCH_SUPPORT
OV00004772,LN00021852,2025-07-31,638.43,BRANCH_SUPPORT
OV00004773,LN00021856,2025-11-30,694.56,BRANCH_SUPPORT
OV00004774,LN00021865,2024-08-31,615.30,BRANCH_SUPPORT
OV00004775,LN00021867,2024-10-31,108.72,BRANCH_SUPPORT
OV00004776,LN00021870,2025-01-31,440.04,BRANCH_SUPPORT
OV00004777,LN00021871,2025-02-28,220.44,BRANCH_SUPPORT
OV00004778,LN00021874,2025-05-31,303.92,BRANCH_SUPPORT
OV00004779,LN00021879,2025-10-31,615.30,BRANCH_SUPPORT
OV00004780,LN00021886,2026-05-31,455.70,BRANCH_SUPPORT
OV00004781,LN00021892,2024-11-30,1091.30,BRANCH_SUPPORT
OV00004782,LN00021893,2024-12-31,597.96,BRANCH_SUPPORT
OV00004783,LN00021894,2025-01-31,775.06,BRANCH_SUPPORT
OV00004784,LN00021895,2025-02-28,586.50,BRANCH_SUPPORT
OV00004785,LN00021909,2026-04-30,924.80,BRANCH_SUPPORT
OV00004786,LN00021910,2026-05-31,298.80,BRANCH_SUPPORT
OV00004787,LN00021912,2026-07-31,1032.64,BRANCH_SUPPORT
OV00004788,LN00021922,2025-05-31,871.78,BRANCH_SUPPORT
OV00004789,LN00021926,2025-09-30,469.17,BRANCH_SUPPORT
OV00004790,LN00021934,2026-05-31,145.89,BRANCH_SUPPORT
OV00004791,LN00021949,2025-08-31,372.55,BRANCH_SUPPORT
OV00004792,LN00021953,2025-12-31,239.22,BRANCH_SUPPORT
OV00004793,LN00021955,2026-02-28,735.54,BRANCH_SUPPORT
OV00004794,LN00021958,2026-05-31,273.79,BRANCH_SUPPORT
OV00004795,LN00021961,2024-08-31,289.26,BRANCH_SUPPORT
OV00004796,LN00021968,2025-03-31,425.60,BRANCH_SUPPORT
OV00004797,LN00021969,2025-04-30,138.40,BRANCH_SUPPORT
OV00004798,LN00021970,2025-05-31,292.39,BRANCH_SUPPORT
OV00004799,LN00021982,2026-05-31,603.18,BRANCH_SUPPORT
OV00004800,LN00021988,2024-11-30,251.37,BRANCH_SUPPORT
OV00004801,LN00021991,2025-02-28,342.29,BRANCH_SUPPORT
OV00004802,LN00021992,2025-03-31,429.12,BRANCH_SUPPORT
OV00004803,LN00021996,2025-07-31,478.05,BRANCH_SUPPORT
OV00004804,LN00021998,2025-09-30,557.25,BRANCH_SUPPORT
OV00004805,LN00022003,2026-02-28,322.70,BRANCH_SUPPORT
OV00004806,LN00022014,2025-01-31,601.29,BRANCH_SUPPORT
OV00004807,LN00022022,2025-09-30,693.30,BRANCH_SUPPORT
OV00004808,LN00022044,2025-07-31,467.40,BRANCH_SUPPORT
OV00004809,LN00022048,2025-11-30,350.24,BRANCH_SUPPORT
OV00004810,LN00022058,2024-09-30,480.24,BRANCH_SUPPORT
OV00004811,LN00022062,2025-01-31,576.40,BRANCH_SUPPORT
OV00004812,LN00022066,2025-05-31,394.80,BRANCH_SUPPORT
OV00004813,LN00022067,2025-06-30,546.48,BRANCH_SUPPORT
OV00004814,LN00022068,2025-07-31,880.04,BRANCH_SUPPORT
OV00004815,LN00022076,2026-03-31,315.36,BRANCH_SUPPORT
OV00004816,LN00022080,2026-07-31,652.19,BRANCH_SUPPORT
OV00004817,LN00022081,2024-08-31,500.85,BRANCH_SUPPORT
OV00004818,LN00022083,2024-10-31,870.94,BRANCH_SUPPORT
OV00004819,LN00022092,2025-07-31,309.96,BRANCH_SUPPORT
OV00004820,LN00022101,2026-04-30,480.75,BRANCH_SUPPORT
OV00004821,LN00022113,2025-04-30,382.80,BRANCH_SUPPORT
OV00004822,LN00022114,2025-05-31,370.98,BRANCH_SUPPORT
OV00004823,LN00022115,2025-06-30,262.71,BRANCH_SUPPORT
OV00004824,LN00022122,2026-01-31,427.80,BRANCH_SUPPORT
OV00004825,LN00022123,2026-02-28,545.23,BRANCH_SUPPORT
OV00004826,LN00022129,2024-08-31,145.84,BRANCH_SUPPORT
OV00004827,LN00022138,2025-05-31,636.64,BRANCH_SUPPORT
OV00004828,LN00022142,2025-09-30,504.36,BRANCH_SUPPORT
OV00004829,LN00022149,2026-04-30,492.48,BRANCH_SUPPORT
OV00004830,LN00022152,2026-07-31,899.21,BRANCH_SUPPORT
OV00004831,LN00022158,2025-01-31,499.28,BRANCH_SUPPORT
OV00004832,LN00022163,2025-06-30,675.60,BRANCH_SUPPORT
OV00004833,LN00022165,2025-08-31,280.16,BRANCH_SUPPORT
OV00004834,LN00022168,2025-11-30,473.31,BRANCH_SUPPORT
OV00004835,LN00022170,2026-01-31,159.61,BRANCH_SUPPORT
OV00004836,LN00022175,2026-06-30,144.54,BRANCH_SUPPORT
OV00004837,LN00022190,2025-09-30,290.40,BRANCH_SUPPORT
OV00004838,LN00022191,2025-10-31,821.47,BRANCH_SUPPORT
OV00004839,LN00022194,2026-01-31,352.08,BRANCH_SUPPORT
OV00004840,LN00022198,2026-05-31,300.16,BRANCH_SUPPORT
OV00004841,LN00022202,2024-09-30,616.08,BRANCH_SUPPORT
OV00004842,LN00022205,2024-12-31,115.20,BRANCH_SUPPORT
OV00004843,LN00022209,2025-04-30,338.56,BRANCH_SUPPORT
OV00004844,LN00022213,2025-08-31,217.60,BRANCH_SUPPORT
OV00004845,LN00022214,2025-09-30,210.15,BRANCH_SUPPORT
OV00004846,LN00022218,2026-01-31,186.12,BRANCH_SUPPORT
OV00004847,LN00022219,2026-02-28,576.29,BRANCH_SUPPORT
OV00004848,LN00022225,2024-08-31,1024.66,BRANCH_SUPPORT
OV00004849,LN00022231,2025-02-28,244.40,BRANCH_SUPPORT
OV00004850,LN00022270,2026-05-31,503.68,BRANCH_SUPPORT
OV00004851,LN00022271,2026-06-30,499.66,BRANCH_SUPPORT
OV00004852,LN00022281,2025-04-30,301.42,BRANCH_SUPPORT
OV00004853,LN00022282,2025-05-31,138.30,BRANCH_SUPPORT
OV00004854,LN00022288,2025-11-30,555.60,BRANCH_SUPPORT
OV00004855,LN00022291,2026-02-28,659.23,BRANCH_SUPPORT
OV00004856,LN00022302,2025-01-31,75.20,BRANCH_SUPPORT
OV00004857,LN00022313,2025-12-31,638.72,BRANCH_SUPPORT
OV00004858,LN00022315,2026-02-28,769.47,BRANCH_SUPPORT
OV00004859,LN00022317,2026-04-30,530.01,BRANCH_SUPPORT
OV00004860,LN00022319,2026-06-30,683.52,BRANCH_SUPPORT
OV00004861,LN00022325,2024-12-31,380.52,BRANCH_SUPPORT
OV00004862,LN00022328,2025-03-31,567.42,BRANCH_SUPPORT
OV00004863,LN00022338,2026-01-31,945.60,BRANCH_SUPPORT
OV00004864,LN00022342,2026-05-31,770.84,BRANCH_SUPPORT
OV00004865,LN00022349,2024-12-31,658.57,BRANCH_SUPPORT
OV00004866,LN00022360,2025-11-30,309.70,BRANCH_SUPPORT
OV00004867,LN00022362,2026-01-31,226.46,BRANCH_SUPPORT
OV00004868,LN00022371,2024-10-31,279.29,BRANCH_SUPPORT
OV00004869,LN00022386,2026-01-31,289.30,BRANCH_SUPPORT
OV00004870,LN00022393,2024-08-31,695.86,BRANCH_SUPPORT
OV00004871,LN00022394,2024-09-30,460.90,BRANCH_SUPPORT
OV00004872,LN00022397,2024-12-31,687.18,BRANCH_SUPPORT
OV00004873,LN00022406,2025-09-30,123.28,BRANCH_SUPPORT
OV00004874,LN00022409,2025-12-31,684.63,BRANCH_SUPPORT
OV00004875,LN00022410,2026-01-31,158.67,BRANCH_SUPPORT
OV00004876,LN00022411,2026-02-28,412.56,BRANCH_SUPPORT
OV00004877,LN00022415,2026-06-30,259.36,BRANCH_SUPPORT
OV00004878,LN00022423,2025-02-28,859.76,BRANCH_SUPPORT
OV00004879,LN00022426,2025-05-31,1060.35,BRANCH_SUPPORT
OV00004880,LN00022432,2025-11-30,389.06,BRANCH_SUPPORT
OV00004881,LN00022439,2026-06-30,694.35,BRANCH_SUPPORT
OV00004882,LN00022444,2024-11-30,601.65,BRANCH_SUPPORT
OV00004883,LN00022454,2025-09-30,62.00,BRANCH_SUPPORT
OV00004884,LN00022463,2026-06-30,182.95,BRANCH_SUPPORT
OV00004885,LN00022468,2024-11-30,804.30,BRANCH_SUPPORT
OV00004886,LN00022472,2025-03-31,848.16,BRANCH_SUPPORT
OV00004887,LN00022479,2025-10-31,379.00,BRANCH_SUPPORT
OV00004888,LN00022486,2026-05-31,74.50,BRANCH_SUPPORT
OV00004889,LN00022492,2024-11-30,601.38,BRANCH_SUPPORT
OV00004890,LN00022493,2024-12-31,1099.35,BRANCH_SUPPORT
OV00004891,LN00022495,2025-02-28,430.32,BRANCH_SUPPORT
OV00004892,LN00022497,2025-04-30,401.83,BRANCH_SUPPORT
OV00004893,LN00022499,2025-06-30,217.28,BRANCH_SUPPORT
OV00004894,LN00022501,2025-08-31,184.66,BRANCH_SUPPORT
OV00004895,LN00022510,2026-05-31,687.80,BRANCH_SUPPORT
OV00004896,LN00022512,2026-07-31,196.95,BRANCH_SUPPORT
OV00004897,LN00022515,2024-10-31,279.20,BRANCH_SUPPORT
OV00004898,LN00022525,2025-08-31,898.17,BRANCH_SUPPORT
OV00004899,LN00022528,2025-11-30,243.00,BRANCH_SUPPORT
OV00004900,LN00022538,2024-09-30,465.20,BRANCH_SUPPORT
OV00004901,LN00022539,2024-10-31,309.40,BRANCH_SUPPORT
OV00004902,LN00022546,2025-05-31,157.30,BRANCH_SUPPORT
OV00004903,LN00022556,2026-03-31,107.28,BRANCH_SUPPORT
OV00004904,LN00022558,2026-05-31,109.83,BRANCH_SUPPORT
OV00004905,LN00022561,2024-08-31,176.80,BRANCH_SUPPORT
OV00004906,LN00022576,2025-11-30,896.87,BRANCH_SUPPORT
OV00004907,LN00022579,2026-02-28,520.52,BRANCH_SUPPORT
OV00004908,LN00022582,2026-05-31,813.45,BRANCH_SUPPORT
OV00004909,LN00022585,2024-08-31,352.64,BRANCH_SUPPORT
OV00004910,LN00022586,2024-09-30,193.20,BRANCH_SUPPORT
OV00004911,LN00022590,2025-01-31,1066.35,BRANCH_SUPPORT
OV00004912,LN00022593,2025-04-30,868.32,BRANCH_SUPPORT
OV00004913,LN00022595,2025-06-30,383.04,BRANCH_SUPPORT
OV00004914,LN00022597,2025-08-31,308.28,BRANCH_SUPPORT
OV00004915,LN00022604,2026-03-31,426.08,BRANCH_SUPPORT
OV00004916,LN00022610,2024-09-30,696.85,BRANCH_SUPPORT
OV00004917,LN00022611,2024-10-31,166.90,BRANCH_SUPPORT
OV00004918,LN00022613,2024-12-31,547.80,BRANCH_SUPPORT
OV00004919,LN00022616,2025-03-31,250.56,BRANCH_SUPPORT
OV00004920,LN00022620,2025-07-31,229.08,BRANCH_SUPPORT
OV00004921,LN00022624,2025-11-30,247.66,BRANCH_SUPPORT
OV00004922,LN00022629,2026-04-30,270.27,BRANCH_SUPPORT
OV00004923,LN00022632,2026-07-31,680.80,BRANCH_SUPPORT
OV00004924,LN00022634,2024-09-30,201.25,BRANCH_SUPPORT
OV00004925,LN00022637,2024-12-31,478.94,BRANCH_SUPPORT
OV00004926,LN00022646,2025-09-30,176.05,BRANCH_SUPPORT
OV00004927,LN00022650,2026-01-31,205.76,BRANCH_SUPPORT
OV00004928,LN00022661,2024-12-31,589.68,BRANCH_SUPPORT
OV00004929,LN00022667,2025-06-30,777.70,BRANCH_SUPPORT
OV00004930,LN00022670,2025-09-30,253.75,BRANCH_SUPPORT
OV00004931,LN00022682,2024-09-30,540.67,BRANCH_SUPPORT
OV00004932,LN00022683,2024-10-31,558.60,BRANCH_SUPPORT
OV00004933,LN00022686,2025-01-31,456.50,BRANCH_SUPPORT
OV00004934,LN00022687,2025-02-28,436.45,BRANCH_SUPPORT
OV00004935,LN00022689,2025-04-30,139.60,BRANCH_SUPPORT
OV00004936,LN00022692,2025-07-31,561.24,BRANCH_SUPPORT
OV00004937,LN00022695,2025-10-31,918.97,BRANCH_SUPPORT
OV00004938,LN00022704,2026-07-31,282.96,BRANCH_SUPPORT
OV00004939,LN00022705,2024-08-31,698.18,BRANCH_SUPPORT
OV00004940,LN00022707,2024-10-31,329.90,BRANCH_SUPPORT
OV00004941,LN00022709,2024-12-31,495.90,BRANCH_SUPPORT
OV00004942,LN00022714,2025-05-31,355.68,BRANCH_SUPPORT
OV00004943,LN00022721,2025-12-31,308.56,BRANCH_SUPPORT
OV00004944,LN00022726,2026-05-31,403.62,BRANCH_SUPPORT
OV00004945,LN00022728,2026-07-31,511.80,BRANCH_SUPPORT
OV00004946,LN00022734,2025-01-31,609.75,BRANCH_SUPPORT
OV00004947,LN00022736,2025-03-31,347.13,BRANCH_SUPPORT
OV00004948,LN00022737,2025-04-30,338.40,BRANCH_SUPPORT
OV00004949,LN00022756,2024-11-30,645.32,BRANCH_SUPPORT
OV00004950,LN00022758,2025-01-31,681.45,BRANCH_SUPPORT
OV00004951,LN00022759,2025-02-28,326.07,BRANCH_SUPPORT
OV00004952,LN00022766,2025-09-30,1197.92,BRANCH_SUPPORT
OV00004953,LN00022772,2026-03-31,463.80,BRANCH_SUPPORT
OV00004954,LN00022774,2026-05-31,262.96,BRANCH_SUPPORT
OV00004955,LN00022777,2024-08-31,1092.14,BRANCH_SUPPORT
OV00004956,LN00022786,2025-05-31,241.90,BRANCH_SUPPORT
OV00004957,LN00022798,2026-05-31,1028.96,BRANCH_SUPPORT
OV00004958,LN00022803,2024-10-31,702.50,BRANCH_SUPPORT
OV00004959,LN00022807,2025-02-28,208.96,BRANCH_SUPPORT
OV00004960,LN00022818,2026-01-31,133.02,BRANCH_SUPPORT
OV00004961,LN00022825,2024-08-31,617.10,BRANCH_SUPPORT
OV00004962,LN00022829,2024-12-31,737.22,BRANCH_SUPPORT
OV00004963,LN00022836,2025-07-31,388.56,BRANCH_SUPPORT
OV00004964,LN00022837,2025-08-31,393.51,BRANCH_SUPPORT
OV00004965,LN00022839,2025-10-31,487.20,BRANCH_SUPPORT
OV00004966,LN00022850,2024-09-30,276.00,BRANCH_SUPPORT
OV00004967,LN00022853,2024-12-31,588.87,BRANCH_SUPPORT
OV00004968,LN00022854,2025-01-31,883.35,BRANCH_SUPPORT
OV00004969,LN00022857,2025-04-30,487.17,BRANCH_SUPPORT
OV00004970,LN00022858,2025-05-31,791.90,BRANCH_SUPPORT
OV00004971,LN00022859,2025-06-30,222.45,BRANCH_SUPPORT
OV00004972,LN00022868,2026-03-31,343.60,BRANCH_SUPPORT
OV00004973,LN00022875,2024-10-31,555.36,BRANCH_SUPPORT
OV00004974,LN00022878,2025-01-31,285.32,BRANCH_SUPPORT
OV00004975,LN00022884,2025-07-31,327.84,BRANCH_SUPPORT
OV00004976,LN00022894,2026-05-31,401.38,BRANCH_SUPPORT
OV00004977,LN00022898,2024-09-30,601.70,BRANCH_SUPPORT
OV00004978,LN00022900,2024-11-30,277.56,BRANCH_SUPPORT
OV00004979,LN00022906,2025-05-31,384.24,BRANCH_SUPPORT
OV00004980,LN00022909,2025-08-31,419.72,BRANCH_SUPPORT
OV00004981,LN00022911,2025-10-31,127.68,BRANCH_SUPPORT
OV00004982,LN00022912,2025-11-30,466.10,BRANCH_SUPPORT
OV00004983,LN00022921,2024-08-31,428.10,BRANCH_SUPPORT
OV00004984,LN00022928,2025-03-31,1042.72,BRANCH_SUPPORT
OV00004985,LN00022932,2025-07-31,196.65,BRANCH_SUPPORT
OV00004986,LN00022937,2025-12-31,428.48,BRANCH_SUPPORT
OV00004987,LN00022938,2026-01-31,466.50,BRANCH_SUPPORT
OV00004988,LN00022940,2026-03-31,419.38,BRANCH_SUPPORT
OV00004989,LN00022958,2025-09-30,209.04,BRANCH_SUPPORT
OV00004990,LN00022959,2025-10-31,521.29,BRANCH_SUPPORT
OV00004991,LN00022963,2026-02-28,344.26,BRANCH_SUPPORT
OV00004992,LN00022964,2026-03-31,793.50,BRANCH_SUPPORT
OV00004993,LN00022965,2026-04-30,436.66,BRANCH_SUPPORT
OV00004994,LN00022966,2026-05-31,230.93,BRANCH_SUPPORT
OV00004995,LN00022967,2026-06-30,426.58,BRANCH_SUPPORT
OV00004996,LN00022972,2024-11-30,536.69,BRANCH_SUPPORT
OV00004997,LN00022973,2024-12-31,116.34,BRANCH_SUPPORT
OV00004998,LN00022979,2025-06-30,1103.06,BRANCH_SUPPORT
OV00004999,LN00022983,2025-10-31,622.08,BRANCH_SUPPORT
OV00005000,LN00022992,2026-07-31,841.20,BRANCH_SUPPORT
OV00005001,LN00022996,2024-11-30,334.68,BRANCH_SUPPORT
OV00005002,LN00023009,2025-12-31,493.92,BRANCH_SUPPORT
OV00005003,LN00023010,2026-01-31,997.88,BRANCH_SUPPORT
OV00005004,LN00023013,2026-04-30,517.16,BRANCH_SUPPORT
OV00005005,LN00023015,2026-06-30,147.52,BRANCH_SUPPORT
OV00005006,LN00023026,2025-05-31,372.24,BRANCH_SUPPORT
OV00005007,LN00023028,2025-07-31,282.00,BRANCH_SUPPORT
OV00005008,LN00023032,2025-11-30,423.99,BRANCH_SUPPORT
OV00005009,LN00023035,2026-02-28,445.80,BRANCH_SUPPORT
OV00005010,LN00023036,2026-03-31,634.59,BRANCH_SUPPORT
OV00005011,LN00023037,2026-04-30,485.10,BRANCH_SUPPORT
OV00005012,LN00023039,2026-06-30,560.10,BRANCH_SUPPORT
OV00005013,LN00023048,2025-03-31,217.77,BRANCH_SUPPORT
OV00005014,LN00023053,2025-08-31,581.12,BRANCH_SUPPORT
OV00005015,LN00023055,2025-10-31,1010.08,BRANCH_SUPPORT
OV00005016,LN00023057,2025-12-31,360.71,BRANCH_SUPPORT
OV00005017,LN00023083,2026-02-28,512.40,BRANCH_SUPPORT
OV00005018,LN00023084,2026-03-31,397.76,BRANCH_SUPPORT
OV00005019,LN00023092,2024-11-30,323.36,BRANCH_SUPPORT
OV00005020,LN00023096,2025-03-31,1063.05,BRANCH_SUPPORT
OV00005021,LN00023099,2025-06-30,665.60,BRANCH_SUPPORT
OV00005022,LN00023106,2026-01-31,540.09,BRANCH_SUPPORT
OV00005023,LN00023109,2026-04-30,434.64,BRANCH_SUPPORT
OV00005024,LN00023110,2026-05-31,604.98,BRANCH_SUPPORT
OV00005025,LN00023111,2026-06-30,128.82,BRANCH_SUPPORT
OV00005026,LN00023116,2024-11-30,933.94,BRANCH_SUPPORT
OV00005027,LN00023121,2025-04-30,343.80,BRANCH_SUPPORT
OV00005028,LN00023130,2026-01-31,766.80,BRANCH_SUPPORT
OV00005029,LN00023131,2026-02-28,418.39,BRANCH_SUPPORT
OV00005030,LN00023133,2026-04-30,282.59,BRANCH_SUPPORT
OV00005031,LN00023134,2026-05-31,300.72,BRANCH_SUPPORT
OV00005032,LN00023136,2026-07-31,793.50,BRANCH_SUPPORT
OV00005033,LN00023139,2024-10-31,656.60,BRANCH_SUPPORT
OV00005034,LN00023140,2024-11-30,353.78,BRANCH_SUPPORT
OV00005035,LN00023142,2025-01-31,621.01,BRANCH_SUPPORT
OV00005036,LN00023143,2025-02-28,887.32,BRANCH_SUPPORT
OV00005037,LN00023154,2026-01-31,750.90,BRANCH_SUPPORT
OV00005038,LN00023163,2024-10-31,658.05,BRANCH_SUPPORT
OV00005039,LN00023169,2025-04-30,813.12,BRANCH_SUPPORT
OV00005040,LN00023174,2025-09-30,443.10,BRANCH_SUPPORT
OV00005041,LN00023182,2026-05-31,616.98,BRANCH_SUPPORT
OV00005042,LN00023193,2025-04-30,519.26,BRANCH_SUPPORT
OV00005043,LN00023195,2025-06-30,176.76,BRANCH_SUPPORT
OV00005044,LN00023200,2025-11-30,189.60,BRANCH_SUPPORT
OV00005045,LN00023212,2024-11-30,505.18,BRANCH_SUPPORT
OV00005046,LN00023215,2025-02-28,196.56,BRANCH_SUPPORT
OV00005047,LN00023216,2025-03-31,483.00,BRANCH_SUPPORT
OV00005048,LN00023217,2025-04-30,431.60,BRANCH_SUPPORT
OV00005049,LN00023218,2025-05-31,610.54,BRANCH_SUPPORT
OV00005050,LN00023226,2026-01-31,234.78,BRANCH_SUPPORT
OV00005051,LN00023229,2026-04-30,515.60,BRANCH_SUPPORT
OV00005052,LN00023247,2025-10-31,822.00,BRANCH_SUPPORT
OV00005053,LN00023249,2025-12-31,80.55,BRANCH_SUPPORT
OV00005054,LN00023252,2026-03-31,452.60,BRANCH_SUPPORT
OV00005055,LN00023262,2025-01-31,759.84,BRANCH_SUPPORT
OV00005056,LN00023264,2025-03-31,281.05,BRANCH_SUPPORT
OV00005057,LN00023267,2025-06-30,1056.64,BRANCH_SUPPORT
OV00005058,LN00023271,2025-10-31,531.30,BRANCH_SUPPORT
OV00005059,LN00023280,2026-07-31,303.03,BRANCH_SUPPORT
OV00005060,LN00023281,2024-08-31,473.12,BRANCH_SUPPORT
OV00005061,LN00023282,2024-09-30,165.66,BRANCH_SUPPORT
OV00005062,LN00023283,2024-10-31,250.40,BRANCH_SUPPORT
OV00005063,LN00023284,2024-11-30,172.74,BRANCH_SUPPORT
OV00005064,LN00023287,2025-02-28,512.10,BRANCH_SUPPORT
OV00005065,LN00023292,2025-07-31,930.48,BRANCH_SUPPORT
OV00005066,LN00023294,2025-09-30,592.65,BRANCH_SUPPORT
OV00005067,LN00023296,2025-11-30,235.10,BRANCH_SUPPORT
OV00005068,LN00023298,2026-01-31,806.52,BRANCH_SUPPORT
OV00005069,LN00023306,2024-09-30,353.64,BRANCH_SUPPORT
OV00005070,LN00023321,2025-12-31,478.17,BRANCH_SUPPORT
OV00005071,LN00023323,2026-02-28,326.92,BRANCH_SUPPORT
OV00005072,LN00023326,2026-05-31,440.48,BRANCH_SUPPORT
OV00005073,LN00023330,2024-09-30,313.61,BRANCH_SUPPORT
OV00005074,LN00023331,2024-10-31,724.57,BRANCH_SUPPORT
OV00005075,LN00023334,2025-01-31,1094.08,BRANCH_SUPPORT
OV00005076,LN00023335,2025-02-28,392.60,BRANCH_SUPPORT
OV00005077,LN00023338,2025-05-31,491.05,BRANCH_SUPPORT
OV00005078,LN00023339,2025-06-30,257.28,BRANCH_SUPPORT
OV00005079,LN00023344,2025-11-30,1156.20,BRANCH_SUPPORT
OV00005080,LN00023347,2026-02-28,832.65,BRANCH_SUPPORT
OV00005081,LN00023357,2024-12-31,188.86,BRANCH_SUPPORT
OV00005082,LN00023360,2025-03-31,412.68,BRANCH_SUPPORT
OV00005083,LN00023370,2026-01-31,941.28,BRANCH_SUPPORT
OV00005084,LN00023377,2024-08-31,258.50,BRANCH_SUPPORT
OV00005085,LN00023383,2025-02-28,913.05,BRANCH_SUPPORT
OV00005086,LN00023387,2025-06-30,205.28,BRANCH_SUPPORT
OV00005087,LN00023388,2025-07-31,845.79,BRANCH_SUPPORT
OV00005088,LN00023394,2026-01-31,287.04,BRANCH_SUPPORT
OV00005089,LN00023400,2026-07-31,124.00,BRANCH_SUPPORT
OV00005090,LN00023409,2025-04-30,875.52,BRANCH_SUPPORT
OV00005091,LN00023413,2025-08-31,568.98,BRANCH_SUPPORT
OV00005092,LN00023414,2025-09-30,316.58,BRANCH_SUPPORT
OV00005093,LN00023422,2026-05-31,301.30,BRANCH_SUPPORT
OV00005094,LN00023423,2026-06-30,327.24,BRANCH_SUPPORT
OV00005095,LN00023434,2025-05-31,351.00,BRANCH_SUPPORT
OV00005096,LN00023436,2025-07-31,398.70,BRANCH_SUPPORT
OV00005097,LN00023437,2025-08-31,694.80,BRANCH_SUPPORT
OV00005098,LN00023442,2026-01-31,497.90,BRANCH_SUPPORT
OV00005099,LN00023450,2024-09-30,389.20,BRANCH_SUPPORT
OV00005100,LN00023452,2024-11-30,704.88,BRANCH_SUPPORT
OV00005101,LN00023459,2025-06-30,445.27,BRANCH_SUPPORT
OV00005102,LN00023463,2025-10-31,369.00,BRANCH_SUPPORT
OV00005103,LN00023467,2026-02-28,286.39,BRANCH_SUPPORT
OV00005104,LN00023468,2026-03-31,800.85,BRANCH_SUPPORT
OV00005105,LN00023484,2025-07-31,693.72,BRANCH_SUPPORT
OV00005106,LN00023498,2024-09-30,785.40,BRANCH_SUPPORT
OV00005107,LN00023501,2024-12-31,228.41,BRANCH_SUPPORT
OV00005108,LN00023508,2025-07-31,345.45,BRANCH_SUPPORT
OV00005109,LN00023510,2025-09-30,539.76,BRANCH_SUPPORT
OV00005110,LN00023512,2025-11-30,329.35,BRANCH_SUPPORT
OV00005111,LN00023514,2026-01-31,833.82,BRANCH_SUPPORT
OV00005112,LN00023520,2026-07-31,594.75,BRANCH_SUPPORT
OV00005113,LN00023528,2025-03-31,845.78,BRANCH_SUPPORT
OV00005114,LN00023535,2025-10-31,319.66,BRANCH_SUPPORT
OV00005115,LN00023539,2026-02-28,806.19,BRANCH_SUPPORT
OV00005116,LN00023541,2026-04-30,710.88,BRANCH_SUPPORT
OV00005117,LN00023543,2026-06-30,158.05,BRANCH_SUPPORT
OV00005118,LN00023546,2024-09-30,964.73,BRANCH_SUPPORT
OV00005119,LN00023548,2024-11-30,228.20,BRANCH_SUPPORT
OV00005120,LN00023559,2025-10-31,580.58,BRANCH_SUPPORT
OV00005121,LN00023567,2026-06-30,445.12,BRANCH_SUPPORT
OV00005122,LN00023571,2024-10-31,162.37,BRANCH_SUPPORT
OV00005123,LN00023584,2025-11-30,310.20,BRANCH_SUPPORT
OV00005124,LN00023589,2026-04-30,220.50,BRANCH_SUPPORT
OV00005125,LN00023591,2026-06-30,1150.88,BRANCH_SUPPORT
OV00005126,LN00023592,2026-07-31,532.42,BRANCH_SUPPORT
OV00005127,LN00023605,2025-08-31,311.22,BRANCH_SUPPORT
OV00005128,LN00023620,2024-11-30,263.83,BRANCH_SUPPORT
OV00005129,LN00023623,2025-02-28,355.32,BRANCH_SUPPORT
OV00005130,LN00023625,2025-04-30,762.63,BRANCH_SUPPORT
OV00005131,LN00023627,2025-06-30,948.96,BRANCH_SUPPORT
OV00005132,LN00023635,2026-02-28,1127.10,BRANCH_SUPPORT
OV00005133,LN00023646,2025-01-31,491.54,BRANCH_SUPPORT
OV00005134,LN00023649,2025-04-30,556.32,BRANCH_SUPPORT
OV00005135,LN00023653,2025-08-31,696.48,BRANCH_SUPPORT
OV00005136,LN00023658,2026-01-31,192.60,BRANCH_SUPPORT
OV00005137,LN00023661,2026-04-30,607.74,BRANCH_SUPPORT
OV00005138,LN00023663,2026-06-30,181.14,BRANCH_SUPPORT
OV00005139,LN00023664,2026-07-31,899.92,BRANCH_SUPPORT
OV00005140,LN00023666,2024-09-30,476.00,BRANCH_SUPPORT
OV00005141,LN00023670,2025-01-31,262.85,BRANCH_SUPPORT
OV00005142,LN00023675,2025-06-30,188.72,BRANCH_SUPPORT
OV00005143,LN00023677,2025-08-31,352.69,BRANCH_SUPPORT
OV00005144,LN00023684,2026-03-31,164.60,BRANCH_SUPPORT
OV00005145,LN00023685,2026-04-30,234.85,BRANCH_SUPPORT
OV00005146,LN00023697,2025-04-30,246.70,BRANCH_SUPPORT
OV00005147,LN00023698,2025-05-31,715.00,BRANCH_SUPPORT
OV00005148,LN00023701,2025-08-31,300.80,BRANCH_SUPPORT
OV00005149,LN00023702,2025-09-30,1241.12,BRANCH_SUPPORT
OV00005150,LN00023706,2026-01-31,1105.28,BRANCH_SUPPORT
OV00005151,LN00023710,2026-05-31,350.14,BRANCH_SUPPORT
OV00005152,LN00023718,2025-01-31,708.80,BRANCH_SUPPORT
OV00005153,LN00023719,2025-02-28,592.83,BRANCH_SUPPORT
OV00005154,LN00023730,2026-01-31,715.66,BRANCH_SUPPORT
OV00005155,LN00023733,2026-04-30,289.02,BRANCH_SUPPORT
OV00005156,LN00023735,2026-06-30,356.60,BRANCH_SUPPORT
OV00005157,LN00023736,2026-07-31,412.35,BRANCH_SUPPORT
OV00005158,LN00023742,2025-01-31,1063.36,BRANCH_SUPPORT
OV00005159,LN00023744,2025-03-31,794.43,BRANCH_SUPPORT
OV00005160,LN00023759,2026-06-30,274.43,BRANCH_SUPPORT
OV00005161,LN00023762,2024-09-30,194.28,BRANCH_SUPPORT
OV00005162,LN00023763,2024-10-31,671.04,BRANCH_SUPPORT
OV00005163,LN00023765,2024-12-31,605.55,BRANCH_SUPPORT
OV00005164,LN00023769,2025-04-30,683.37,BRANCH_SUPPORT
OV00005165,LN00023773,2025-08-31,100.98,BRANCH_SUPPORT
OV00005166,LN00023779,2026-02-28,583.70,BRANCH_SUPPORT
OV00005167,LN00023783,2026-06-30,213.60,BRANCH_SUPPORT
OV00005168,LN00023790,2025-01-31,376.55,BRANCH_SUPPORT
OV00005169,LN00023791,2025-02-28,408.98,BRANCH_SUPPORT
OV00005170,LN00023792,2025-03-31,456.82,BRANCH_SUPPORT
OV00005171,LN00023796,2025-07-31,108.54,BRANCH_SUPPORT
OV00005172,LN00023800,2025-11-30,596.48,BRANCH_SUPPORT
OV00005173,LN00023805,2026-04-30,460.50,BRANCH_SUPPORT
OV00005174,LN00023812,2024-11-30,230.36,BRANCH_SUPPORT
OV00005175,LN00023813,2024-12-31,155.64,BRANCH_SUPPORT
OV00005176,LN00023820,2025-07-31,363.30,BRANCH_SUPPORT
OV00005177,LN00023823,2025-10-31,215.82,BRANCH_SUPPORT
OV00005178,LN00023825,2025-12-31,558.16,BRANCH_SUPPORT
OV00005179,LN00023837,2024-12-31,310.74,BRANCH_SUPPORT
OV00005180,LN00023838,2025-01-31,390.50,BRANCH_SUPPORT
OV00005181,LN00023842,2025-05-31,291.15,BRANCH_SUPPORT
OV00005182,LN00023844,2025-07-31,902.20,BRANCH_SUPPORT
OV00005183,LN00023845,2025-08-31,672.45,BRANCH_SUPPORT
OV00005184,LN00023853,2026-04-30,132.42,BRANCH_SUPPORT
OV00005185,LN00023856,2026-07-31,385.30,BRANCH_SUPPORT
OV00005186,LN00023858,2024-09-30,562.80,BRANCH_SUPPORT
OV00005187,LN00023859,2024-10-31,342.32,BRANCH_SUPPORT
OV00005188,LN00023860,2024-11-30,554.12,BRANCH_SUPPORT
OV00005189,LN00023864,2025-03-31,195.65,BRANCH_SUPPORT
OV00005190,LN00023869,2025-08-31,473.04,BRANCH_SUPPORT
OV00005191,LN00023873,2025-12-31,924.16,BRANCH_SUPPORT
OV00005192,LN00023877,2026-04-30,534.73,BRANCH_SUPPORT
OV00005193,LN00023886,2025-01-31,183.00,BRANCH_SUPPORT
OV00005194,LN00023889,2025-04-30,318.00,BRANCH_SUPPORT
OV00005195,LN00023891,2025-06-30,557.97,BRANCH_SUPPORT
OV00005196,LN00023899,2026-02-28,469.04,BRANCH_SUPPORT
OV00005197,LN00023900,2026-03-31,392.00,BRANCH_SUPPORT
OV00005198,LN00023901,2026-04-30,226.32,BRANCH_SUPPORT
OV00005199,LN00023903,2026-06-30,261.10,BRANCH_SUPPORT
OV00005200,LN00023905,2024-08-31,278.04,BRANCH_SUPPORT
OV00005201,LN00023909,2024-12-31,975.26,BRANCH_SUPPORT
OV00005202,LN00023910,2025-01-31,210.21,BRANCH_SUPPORT
OV00005203,LN00023914,2025-05-31,791.89,BRANCH_SUPPORT
OV00005204,LN00023926,2026-05-31,1138.24,BRANCH_SUPPORT
OV00005205,LN00023934,2025-01-31,423.52,BRANCH_SUPPORT
OV00005206,LN00023936,2025-03-31,437.29,BRANCH_SUPPORT
OV00005207,LN00023938,2025-05-31,143.44,BRANCH_SUPPORT
OV00005208,LN00023942,2025-09-30,616.98,BRANCH_SUPPORT
OV00005209,LN00023950,2026-05-31,400.51,BRANCH_SUPPORT
OV00005210,LN00023956,2024-11-30,97.55,BRANCH_SUPPORT
OV00005211,LN00023962,2025-05-31,199.26,BRANCH_SUPPORT
OV00005212,LN00023964,2025-07-31,206.08,BRANCH_SUPPORT
OV00005213,LN00023969,2025-12-31,437.88,BRANCH_SUPPORT
OV00005214,LN00023970,2026-01-31,397.98,BRANCH_SUPPORT
OV00005215,LN00023981,2024-12-31,394.64,BRANCH_SUPPORT
OV00005216,LN00023982,2025-01-31,964.00,BRANCH_SUPPORT
OV00005217,LN00023983,2025-02-28,602.72,BRANCH_SUPPORT
OV00005218,LN00023993,2025-12-31,630.60,BRANCH_SUPPORT
OV00005219,LN00023996,2026-03-31,182.46,BRANCH_SUPPORT
OV00005220,LN00023999,2026-06-30,427.36,BRANCH_SUPPORT
OV00005221,LN00024006,2025-01-31,806.91,BRANCH_SUPPORT
OV00005222,LN00024011,2025-06-30,152.25,BRANCH_SUPPORT
OV00005223,LN00024021,2026-04-30,400.86,BRANCH_SUPPORT
OV00005224,LN00024027,2024-10-31,416.64,BRANCH_SUPPORT
OV00005225,LN00024051,2024-10-31,205.98,BRANCH_SUPPORT
OV00005226,LN00024064,2025-11-30,328.30,BRANCH_SUPPORT
OV00005227,LN00024069,2026-04-30,525.33,BRANCH_SUPPORT
OV00005228,LN00024082,2025-05-31,625.38,BRANCH_SUPPORT
OV00005229,LN00024084,2025-07-31,521.52,BRANCH_SUPPORT
OV00005230,LN00024085,2025-08-31,125.58,BRANCH_SUPPORT
OV00005231,LN00024088,2025-11-30,351.50,BRANCH_SUPPORT
OV00005232,LN00024099,2024-10-31,498.00,BRANCH_SUPPORT
OV00005233,LN00024103,2025-02-28,860.25,BRANCH_SUPPORT
OV00005234,LN00024117,2026-04-30,539.76,BRANCH_SUPPORT
OV00005235,LN00024118,2026-05-31,298.90,BRANCH_SUPPORT
OV00005236,LN00024126,2025-01-31,503.58,BRANCH_SUPPORT
OV00005237,LN00024140,2026-03-31,645.40,BRANCH_SUPPORT
OV00005238,LN00024142,2026-05-31,501.83,BRANCH_SUPPORT
OV00005239,LN00024143,2026-06-30,560.84,BRANCH_SUPPORT
OV00005240,LN00024144,2026-07-31,160.20,BRANCH_SUPPORT
OV00005241,LN00024155,2025-06-30,744.51,BRANCH_SUPPORT
OV00005242,LN00024157,2025-08-31,740.85,BRANCH_SUPPORT
OV00005243,LN00024161,2025-12-31,841.68,BRANCH_SUPPORT
OV00005244,LN00024164,2026-03-31,359.20,BRANCH_SUPPORT
OV00005245,LN00024177,2025-04-30,180.39,BRANCH_SUPPORT
OV00005246,LN00024179,2025-06-30,767.58,BRANCH_SUPPORT
OV00005247,LN00024180,2025-07-31,475.80,BRANCH_SUPPORT
OV00005248,LN00024191,2026-06-30,421.68,BRANCH_SUPPORT
OV00005249,LN00024193,2024-08-31,359.80,BRANCH_SUPPORT
OV00005250,LN00024194,2024-09-30,148.50,BRANCH_SUPPORT
OV00005251,LN00024198,2025-01-31,1232.48,BRANCH_SUPPORT
OV00005252,LN00024205,2025-08-31,293.15,BRANCH_SUPPORT
OV00005253,LN00024206,2025-09-30,239.85,BRANCH_SUPPORT
OV00005254,LN00024215,2026-06-30,135.80,BRANCH_SUPPORT
OV00005255,LN00024225,2025-04-30,196.68,BRANCH_SUPPORT
OV00005256,LN00024228,2025-07-31,582.12,BRANCH_SUPPORT
OV00005257,LN00024230,2025-09-30,304.78,BRANCH_SUPPORT
OV00005258,LN00024238,2026-05-31,361.66,BRANCH_SUPPORT
OV00005259,LN00024239,2026-06-30,102.69,BRANCH_SUPPORT
OV00005260,LN00024242,2024-09-30,487.71,BRANCH_SUPPORT
OV00005261,LN00024243,2024-10-31,474.75,BRANCH_SUPPORT
OV00005262,LN00024245,2024-12-31,390.08,BRANCH_SUPPORT
OV00005263,LN00024248,2025-03-31,563.36,BRANCH_SUPPORT
OV00005264,LN00024250,2025-05-31,648.12,BRANCH_SUPPORT
OV00005265,LN00024257,2025-12-31,195.00,BRANCH_SUPPORT
OV00005266,LN00024260,2026-03-31,554.16,BRANCH_SUPPORT
OV00005267,LN00024261,2026-04-30,218.64,BRANCH_SUPPORT
OV00005268,LN00024264,2026-07-31,554.00,BRANCH_SUPPORT
OV00005269,LN00024273,2025-04-30,445.38,BRANCH_SUPPORT
OV00005270,LN00024275,2025-06-30,517.20,BRANCH_SUPPORT
OV00005271,LN00024284,2026-03-31,370.93,BRANCH_SUPPORT
OV00005272,LN00024286,2026-05-31,265.08,BRANCH_SUPPORT
OV00005273,LN00024287,2026-06-30,336.50,BRANCH_SUPPORT
OV00005274,LN00024288,2026-07-31,311.57,BRANCH_SUPPORT
OV00005275,LN00024300,2025-07-31,366.59,BRANCH_SUPPORT
OV00005276,LN00024311,2026-06-30,720.60,BRANCH_SUPPORT
OV00005277,LN00024312,2026-07-31,665.40,BRANCH_SUPPORT
OV00005278,LN00024325,2025-08-31,624.60,BRANCH_SUPPORT
OV00005279,LN00024333,2026-04-30,337.74,BRANCH_SUPPORT
OV00005280,LN00024334,2026-05-31,425.44,BRANCH_SUPPORT
OV00005281,LN00024337,2024-08-31,1043.04,BRANCH_SUPPORT
OV00005282,LN00024338,2024-09-30,714.60,BRANCH_SUPPORT
OV00005283,LN00024339,2024-10-31,299.15,BRANCH_SUPPORT
OV00005284,LN00024340,2024-11-30,298.62,BRANCH_SUPPORT
OV00005285,LN00024341,2024-12-31,353.05,BRANCH_SUPPORT
OV00005286,LN00024345,2025-04-30,1096.90,BRANCH_SUPPORT
OV00005287,LN00024350,2025-09-30,1169.40,BRANCH_SUPPORT
OV00005288,LN00024352,2025-11-30,497.90,BRANCH_SUPPORT
OV00005289,LN00024353,2025-12-31,481.20,BRANCH_SUPPORT
OV00005290,LN00024357,2026-04-30,490.92,BRANCH_SUPPORT
OV00005291,LN00024364,2024-11-30,173.68,BRANCH_SUPPORT
OV00005292,LN00024366,2025-01-31,522.40,BRANCH_SUPPORT
OV00005293,LN00024372,2025-07-31,272.10,BRANCH_SUPPORT
OV00005294,LN00024379,2026-02-28,663.30,BRANCH_SUPPORT
OV00005295,LN00024384,2026-07-31,267.54,BRANCH_SUPPORT
OV00005296,LN00024387,2024-10-31,877.60,BRANCH_SUPPORT
OV00005297,LN00024391,2025-02-28,513.52,BRANCH_SUPPORT
OV00005298,LN00024394,2025-05-31,449.46,BRANCH_SUPPORT
OV00005299,LN00024396,2025-07-31,459.40,BRANCH_SUPPORT
OV00005300,LN00024397,2025-08-31,331.35,BRANCH_SUPPORT
OV00005301,LN00024402,2026-01-31,578.10,BRANCH_SUPPORT
OV00005302,LN00024404,2026-03-31,485.80,BRANCH_SUPPORT
OV00005303,LN00024410,2024-09-30,129.42,BRANCH_SUPPORT
OV00005304,LN00024412,2024-11-30,748.88,BRANCH_SUPPORT
OV00005305,LN00024419,2025-06-30,1016.40,BRANCH_SUPPORT
OV00005306,LN00024422,2025-09-30,253.08,BRANCH_SUPPORT
OV00005307,LN00024429,2026-04-30,315.24,BRANCH_SUPPORT
OV00005308,LN00024431,2026-06-30,700.05,BRANCH_SUPPORT
OV00005309,LN00024439,2025-02-28,576.00,BRANCH_SUPPORT
OV00005310,LN00024440,2025-03-31,548.73,BRANCH_SUPPORT
OV00005311,LN00024441,2025-04-30,236.16,BRANCH_SUPPORT
OV00005312,LN00024450,2026-01-31,265.95,BRANCH_SUPPORT
OV00005313,LN00024454,2026-05-31,230.25,BRANCH_SUPPORT
OV00005314,LN00024457,2024-08-31,572.00,BRANCH_SUPPORT
OV00005315,LN00024459,2024-10-31,438.20,BRANCH_SUPPORT
OV00005316,LN00024466,2025-05-31,391.02,BRANCH_SUPPORT
OV00005317,LN00024474,2026-01-31,510.00,BRANCH_SUPPORT
OV00005318,LN00024485,2024-12-31,393.44,BRANCH_SUPPORT
OV00005319,LN00024487,2025-02-28,871.80,BRANCH_SUPPORT
OV00005320,LN00024489,2025-04-30,233.24,BRANCH_SUPPORT
OV00005321,LN00024495,2025-10-31,709.44,BRANCH_SUPPORT
OV00005322,LN00024499,2026-02-28,293.44,BRANCH_SUPPORT
OV00005323,LN00024505,2024-08-31,225.30,BRANCH_SUPPORT
OV00005324,LN00024510,2025-01-31,1034.72,BRANCH_SUPPORT
OV00005325,LN00024514,2025-05-31,170.00,BRANCH_SUPPORT
OV00005326,LN00024517,2025-08-31,822.80,BRANCH_SUPPORT
OV00005327,LN00024528,2026-07-31,951.36,BRANCH_SUPPORT
OV00005328,LN00024531,2024-10-31,341.04,BRANCH_SUPPORT
OV00005329,LN00024535,2025-02-28,140.14,BRANCH_SUPPORT
OV00005330,LN00024536,2025-03-31,455.40,BRANCH_SUPPORT
OV00005331,LN00024538,2025-05-31,400.68,BRANCH_SUPPORT
OV00005332,LN00024542,2025-09-30,426.58,BRANCH_SUPPORT
OV00005333,LN00024561,2025-04-30,418.33,BRANCH_SUPPORT
OV00005334,LN00024562,2025-05-31,819.70,BRANCH_SUPPORT
OV00005335,LN00024564,2025-07-31,135.75,BRANCH_SUPPORT
OV00005336,LN00024566,2025-09-30,882.98,BRANCH_SUPPORT
OV00005337,LN00024571,2026-02-28,301.98,BRANCH_SUPPORT
OV00005338,LN00024575,2026-06-30,672.21,BRANCH_SUPPORT
OV00005339,LN00024576,2026-07-31,423.64,BRANCH_SUPPORT
OV00005340,LN00024579,2024-10-31,471.17,BRANCH_SUPPORT
OV00005341,LN00024583,2025-02-28,831.74,BRANCH_SUPPORT
OV00005342,LN00024588,2025-07-31,537.68,BRANCH_SUPPORT
OV00005343,LN00024594,2026-01-31,930.44,BRANCH_SUPPORT
OV00005344,LN00024599,2026-06-30,511.56,BRANCH_SUPPORT
OV00005345,LN00024618,2026-01-31,362.67,BRANCH_SUPPORT
OV00005346,LN00024619,2026-02-28,995.04,BRANCH_SUPPORT
OV00005347,LN00024624,2026-07-31,715.26,BRANCH_SUPPORT
OV00005348,LN00024631,2025-02-28,486.96,BRANCH_SUPPORT
OV00005349,LN00024632,2025-03-31,802.62,BRANCH_SUPPORT
OV00005350,LN00024637,2025-08-31,1088.64,BRANCH_SUPPORT
OV00005351,LN00024642,2026-01-31,779.87,BRANCH_SUPPORT
OV00005352,LN00024645,2026-04-30,865.76,BRANCH_SUPPORT
OV00005353,LN00024646,2026-05-31,708.12,BRANCH_SUPPORT
OV00005354,LN00024648,2026-07-31,922.88,BRANCH_SUPPORT
OV00005355,LN00024660,2025-07-31,535.78,BRANCH_SUPPORT
OV00005356,LN00024678,2025-01-31,768.12,BRANCH_SUPPORT
OV00005357,LN00024684,2025-07-31,133.45,BRANCH_SUPPORT
OV00005358,LN00024685,2025-08-31,281.19,BRANCH_SUPPORT
OV00005359,LN00024691,2026-02-28,225.18,BRANCH_SUPPORT
OV00005360,LN00024694,2026-05-31,165.23,BRANCH_SUPPORT
OV00005361,LN00024698,2024-09-30,975.80,BRANCH_SUPPORT
OV00005362,LN00024699,2024-10-31,295.80,BRANCH_SUPPORT
OV00005363,LN00024703,2025-02-28,994.50,BRANCH_SUPPORT
OV00005364,LN00024708,2025-07-31,171.64,BRANCH_SUPPORT
OV00005365,LN00024710,2025-09-30,814.10,BRANCH_SUPPORT
OV00005366,LN00024713,2025-12-31,480.10,BRANCH_SUPPORT
OV00005367,LN00024719,2026-06-30,1095.22,BRANCH_SUPPORT
OV00005368,LN00024722,2024-09-30,662.90,BRANCH_SUPPORT
OV00005369,LN00024725,2024-12-31,341.64,BRANCH_SUPPORT
OV00005370,LN00024727,2025-02-28,509.64,BRANCH_SUPPORT
OV00005371,LN00024730,2025-05-31,171.50,BRANCH_SUPPORT
OV00005372,LN00024736,2025-11-30,226.73,BRANCH_SUPPORT
OV00005373,LN00024745,2024-08-31,199.03,BRANCH_SUPPORT
OV00005374,LN00024747,2024-10-31,255.90,BRANCH_SUPPORT
OV00005375,LN00024758,2025-09-30,195.58,BRANCH_SUPPORT
OV00005376,LN00024780,2025-07-31,245.30,BRANCH_SUPPORT
OV00005377,LN00024783,2025-10-31,181.35,BRANCH_SUPPORT
OV00005378,LN00024798,2025-01-31,846.78,BRANCH_SUPPORT
OV00005379,LN00024803,2025-06-30,445.51,BRANCH_SUPPORT
OV00005380,LN00024807,2025-10-31,351.82,BRANCH_SUPPORT
OV00005381,LN00024812,2026-03-31,302.40,BRANCH_SUPPORT
OV00005382,LN00024818,2024-09-30,295.92,BRANCH_SUPPORT
OV00005383,LN00024823,2025-02-28,667.71,BRANCH_SUPPORT
OV00005384,LN00024831,2025-10-31,621.45,BRANCH_SUPPORT
OV00005385,LN00024838,2026-05-31,214.56,BRANCH_SUPPORT
OV00005386,LN00024839,2026-06-30,363.84,BRANCH_SUPPORT
OV00005387,LN00024840,2026-07-31,389.51,BRANCH_SUPPORT
OV00005388,LN00024843,2024-10-31,302.40,BRANCH_SUPPORT
OV00005389,LN00024845,2024-12-31,469.14,BRANCH_SUPPORT
OV00005390,LN00024851,2025-06-30,667.80,BRANCH_SUPPORT
OV00005391,LN00024863,2026-06-30,119.98,BRANCH_SUPPORT
OV00005392,LN00024864,2026-07-31,133.50,BRANCH_SUPPORT
OV00005393,LN00024877,2025-08-31,548.30,BRANCH_SUPPORT
OV00005394,LN00024878,2025-09-30,348.57,BRANCH_SUPPORT
OV00005395,LN00024881,2025-12-31,1019.59,BRANCH_SUPPORT
OV00005396,LN00024898,2025-05-31,260.55,BRANCH_SUPPORT
OV00005397,LN00024899,2025-06-30,385.10,BRANCH_SUPPORT
OV00005398,LN00024903,2025-10-31,133.56,BRANCH_SUPPORT
OV00005399,LN00024904,2025-11-30,226.08,BRANCH_SUPPORT
OV00005400,LN00024910,2026-05-31,276.57,BRANCH_SUPPORT
OV00005401,LN00024920,2025-03-31,447.28,BRANCH_SUPPORT
OV00005402,LN00024931,2026-02-28,617.40,BRANCH_SUPPORT
OV00005403,LN00024932,2026-03-31,339.90,BRANCH_SUPPORT
OV00005404,LN00024934,2026-05-31,184.32,BRANCH_SUPPORT
OV00005405,LN00024936,2026-07-31,566.94,BRANCH_SUPPORT
OV00005406,LN00024953,2025-12-31,584.56,BRANCH_SUPPORT
OV00005407,LN00024954,2026-01-31,236.00,BRANCH_SUPPORT
OV00005408,LN00024963,2024-10-31,315.98,BRANCH_SUPPORT
OV00005409,LN00024970,2025-05-31,800.00,BRANCH_SUPPORT
OV00005410,LN00024977,2025-12-31,805.92,BRANCH_SUPPORT
OV00005411,LN00024979,2026-02-28,1110.75,BRANCH_SUPPORT
OV00005412,LN00024982,2026-05-31,385.44,BRANCH_SUPPORT
OV00005413,LN00024994,2025-05-31,409.53,BRANCH_SUPPORT
OV00005414,LN00024996,2025-07-31,312.78,BRANCH_SUPPORT
OV00005415,LN00024997,2025-08-31,376.20,BRANCH_SUPPORT
